id_registro,consumo_kwh,uso_horario_pico,cantidad_equipos,tipo_inmueble,horas_alto_consumo,cantidad_personas,area_m2,equipos_alto_consumo,horas_aire_acondicionado,consumo_mes_anterior_kwh,dias_facturados,consumo_por_persona,consumo_por_m2,variacion_mensual,proporcion_equipos_alto_consumo,categoria,nivel_datos,rec_reducir_horario_pico,rec_revisar_equipos_alto_consumo,rec_optimizar_aire_acondicionado,rec_reducir_consumo_por_persona,rec_monitorear_incremento_mensual,rec_mejorar_eficiencia_inmueble,rec_mantener_habitos
1,897.1,True,19,Comercio,11.2,4.0,125.0,6.0,9.6,972.2,30.0,224.275,7.1768,-0.0772,0.3158,Ineficiente,avanzado,1,0,1,1,1,1,0
2,460.3,True,17,Apartamento,4.4,7.0,100.6,2.0,0.0,646.8,28.0,65.7571,4.5755,-0.2883,0.1176,Eficiente,avanzado,0,0,0,0,0,0,1
3,528.1,False,10,Comercio,3.3,3.0,196.3,2.0,4.7,487.4,31.0,176.0333,2.6903,0.0835,0.2,Eficiente,avanzado,0,0,0,0,0,0,1
4,358.6,True,9,Apartamento,4.6,,,,,,,,,,,Eficiente,basico,1,0,0,0,0,0,0
5,403.5,False,8,Casa,6.0,,,,,,,,,,,Moderado,basico,0,0,0,1,0,0,0
6,856.9,False,16,Oficina,6.3,5.0,182.6,,,,,171.38,4.6928,,,Ineficiente,parcial,0,1,1,0,1,0,0
7,852.5,False,30,Comercio,7.5,,,,,,,,,,,Eficiente,basico,0,0,0,0,0,0,1
8,690.8,True,16,Comercio,6.0,6.0,163.3,,0.0,647.0,28.0,115.1333,4.2303,0.0677,,Moderado,parcial,1,0,0,1,0,0,0
9,487.5,False,10,Casa,5.7,,,,,,,,,,,Moderado,basico,1,1,1,0,0,0,0
10,201.2,True,3,Apartamento,1.9,1.0,,1.0,0.0,,,201.2,,,0.3333,Ineficiente,parcial,1,1,0,1,1,0,0
11,722.5,True,17,Casa,7.5,5.0,158.5,5.0,10.1,719.6,29.0,144.5,4.5584,0.004,0.2941,Ineficiente,avanzado,1,1,1,0,0,1,0
12,880.7,True,21,Oficina,7.1,,,,,,,,,,,Moderado,basico,1,1,0,0,0,0,0
13,219.9,False,7,Apartamento,3.4,1.0,57.4,1.0,0.0,238.6,30.0,219.9,3.831,-0.0784,0.1429,Eficiente,avanzado,0,0,0,0,0,0,1
14,519.7,True,13,Comercio,4.5,,,,,,,,,,,Ineficiente,basico,0,0,0,1,0,0,0
15,449.1,False,14,Apartamento,6.9,4.0,80.2,4.0,0.0,360.0,31.0,112.275,5.5998,0.2475,0.2857,Moderado,avanzado,0,0,0,0,1,0,0
16,463.3,False,11,Casa,5.8,,,,,,,,,,,Ineficiente,basico,0,0,0,1,0,0,0
17,228.2,True,6,Apartamento,5.1,1.0,77.2,1.0,0.0,225.7,28.0,228.2,2.956,0.0111,0.1667,Moderado,avanzado,1,0,0,1,0,0,0
18,555.0,False,10,Casa,6.4,3.0,138.7,4.0,5.6,499.2,30.0,185.0,4.0014,0.1118,0.4,Ineficiente,avanzado,0,0,0,0,0,0,1
19,685.7,False,13,Comercio,6.6,,,5.0,5.3,647.7,,,,0.0587,0.3846,Ineficiente,parcial,0,1,1,1,0,0,0
20,360.5,False,11,Apartamento,2.8,4.0,53.0,3.0,0.0,,30.0,90.125,6.8019,,0.2727,Eficiente,parcial,0,0,0,0,1,0,0
21,990.1,False,20,Comercio,9.0,,,,,,30.0,,,,,Ineficiente,parcial,0,1,1,0,0,0,0
22,494.3,True,8,Casa,6.0,,79.0,0.0,,413.6,29.0,,6.257,0.1951,0.0,Moderado,parcial,1,0,1,0,0,0,0
23,657.1,True,18,Oficina,5.2,,,,,,,,,,,Eficiente,basico,1,0,1,0,0,0,0
24,689.1,True,18,Oficina,9.2,5.0,179.9,3.0,0.0,476.3,29.0,137.82,3.8305,0.4468,0.1667,Moderado,avanzado,1,0,0,0,0,0,0
25,424.0,True,8,Comercio,3.4,,,,,,,,,,,Ineficiente,basico,1,0,0,1,0,1,0
26,542.2,True,9,Casa,7.1,2.0,186.7,3.0,12.3,464.7,28.0,271.1,2.9041,0.1668,0.3333,Ineficiente,avanzado,1,0,1,1,1,1,0
27,268.3,True,9,Apartamento,3.6,,,,,,,,,,,Eficiente,basico,0,0,0,0,0,0,1
28,535.4,True,11,Casa,8.1,3.0,101.8,2.0,10.8,528.5,31.0,178.4667,5.2593,0.0131,0.1818,Ineficiente,avanzado,1,1,1,0,0,0,0
29,304.5,True,4,Casa,4.4,2.0,115.6,1.0,6.8,281.5,30.0,152.25,2.6341,0.0817,0.25,Moderado,avanzado,1,1,1,0,1,0,0
30,225.0,False,9,Apartamento,2.3,2.0,157.0,2.0,0.0,225.4,28.0,112.5,1.4331,-0.0018,0.2222,Eficiente,avanzado,0,0,0,0,0,0,1
31,1151.4,False,37,Comercio,13.0,,,,,,,,,,,Moderado,basico,1,1,1,0,0,1,0
32,603.7,False,16,Oficina,11.5,,,,,,,,,,,Ineficiente,basico,0,1,1,1,1,0,0
33,651.9,True,18,Casa,10.7,8.0,162.4,0.0,6.5,677.4,30.0,81.4875,4.0142,-0.0376,0.0,Eficiente,avanzado,1,0,1,0,0,0,0
34,280.1,True,7,Casa,3.9,5.0,138.3,0.0,0.0,236.3,29.0,56.02,2.0253,0.1854,0.0,Eficiente,avanzado,0,0,1,0,1,0,0
35,355.7,True,6,Apartamento,2.8,,,,,,,,,,,Eficiente,basico,0,0,1,0,0,0,1
36,203.6,True,6,Casa,1.9,,,,,,,,,,,Moderado,basico,0,0,1,1,1,0,0
37,488.1,True,8,Casa,8.6,6.0,146.6,2.0,10.1,435.8,30.0,81.35,3.3295,0.12,0.25,Moderado,avanzado,1,1,1,1,0,0,0
38,469.2,True,6,Apartamento,6.0,3.0,,,,,30.0,156.4,,,,Ineficiente,parcial,1,0,1,1,1,0,0
39,497.9,True,10,Casa,7.9,2.0,177.8,2.0,11.7,382.5,30.0,248.95,2.8003,0.3017,0.2,Ineficiente,avanzado,1,1,1,0,1,0,0
40,250.4,True,7,Apartamento,4.7,,,0.0,2.0,,29.0,,,,0.0,Eficiente,parcial,1,0,1,1,0,1,0
41,464.1,False,15,Apartamento,3.7,5.0,52.0,3.0,0.0,394.0,28.0,92.82,8.925,0.1779,0.2,Moderado,avanzado,0,0,0,0,1,1,0
42,629.2,False,12,Comercio,5.6,4.0,101.8,2.0,7.5,601.5,30.0,157.3,6.1807,0.0461,0.1667,Moderado,avanzado,0,1,1,0,0,0,0
43,288.3,True,7,Apartamento,5.6,,,,,,,,,,,Ineficiente,basico,0,0,0,1,0,0,0
44,441.1,False,10,Casa,7.2,4.0,157.5,3.0,1.8,327.7,29.0,110.275,2.8006,0.346,0.3,Moderado,avanzado,0,1,0,0,1,0,0
45,885.0,False,22,Comercio,11.9,6.0,106.1,7.0,6.7,886.9,29.0,147.5,8.3412,-0.0021,0.3182,Ineficiente,avanzado,1,1,1,1,1,1,0
46,591.5,False,14,Comercio,6.1,,,,,,,,,,,Eficiente,basico,0,0,0,0,1,1,0
47,492.5,False,14,Casa,4.6,5.0,147.0,2.0,4.8,443.3,31.0,98.5,3.3503,0.111,0.1429,Eficiente,avanzado,0,1,0,0,0,0,1
48,360.4,True,9,Casa,5.2,2.0,140.2,2.0,0.0,344.9,30.0,180.2,2.5706,0.0449,0.2222,Moderado,avanzado,1,0,0,0,0,0,0
49,397.0,False,8,Apartamento,6.5,4.0,73.0,3.0,3.4,371.6,29.0,99.25,5.4384,0.0684,0.375,Moderado,avanzado,0,1,1,0,1,0,0
50,403.0,False,12,Casa,7.9,,,,,,,,,,,Moderado,basico,1,1,1,1,0,0,0
51,520.6,False,14,Casa,6.8,,,,,,,,,,,Eficiente,basico,0,0,0,1,0,1,0
52,665.0,True,17,Casa,7.5,5.0,214.4,4.0,6.3,595.8,30.0,133.0,3.1017,0.1161,0.2353,Moderado,avanzado,1,0,1,1,0,0,0
53,575.1,True,18,Comercio,9.1,4.0,89.7,2.0,3.1,531.6,29.0,143.775,6.4114,0.0818,0.1111,Moderado,avanzado,1,1,1,1,0,0,0
54,186.2,True,5,Apartamento,3.9,1.0,40.9,1.0,4.8,167.7,30.0,186.2,4.5526,0.1103,0.2,Moderado,avanzado,0,1,0,0,0,0,0
55,427.5,True,9,Apartamento,8.3,3.0,60.2,1.0,8.9,340.7,28.0,142.5,7.1013,0.2548,0.1111,Ineficiente,avanzado,1,0,0,0,1,0,0
56,615.0,False,9,Comercio,8.7,2.0,199.3,3.0,12.1,497.6,29.0,307.5,3.0858,0.2359,0.3333,Ineficiente,avanzado,0,1,1,1,1,0,0
57,327.4,False,12,Apartamento,5.8,,67.7,,,,,,4.836,,,Moderado,parcial,0,0,0,0,0,0,1
58,265.3,False,2,Apartamento,2.7,1.0,,0.0,9.5,196.9,31.0,265.3,,0.3474,0.0,Moderado,parcial,0,0,1,0,0,0,0
59,248.5,False,8,Casa,1.5,,118.5,,0.0,,29.0,,2.097,,,Eficiente,parcial,0,1,0,0,0,0,1
60,485.7,False,11,Casa,4.9,,,,,,,,,,,Eficiente,basico,1,1,0,0,0,0,0
61,351.5,True,5,Apartamento,6.9,1.0,58.1,1.0,9.2,316.4,28.0,351.5,6.0499,0.1109,0.2,Ineficiente,avanzado,1,0,1,1,0,0,0
62,451.0,True,14,Apartamento,5.7,,106.4,,9.6,,,,4.2387,,,Eficiente,parcial,0,0,1,0,1,0,0
63,485.9,True,13,Apartamento,3.4,,,,,,,,,,,Moderado,basico,1,1,0,0,1,0,0
64,873.2,False,17,Comercio,11.1,5.0,130.0,8.0,6.8,1408.4,28.0,174.64,6.7169,-0.38,0.4706,Ineficiente,avanzado,0,1,1,1,0,1,0
65,199.2,False,7,Apartamento,0.2,,,,,,,,,,,Eficiente,basico,0,0,0,0,0,0,1
66,424.8,True,10,Apartamento,5.8,3.0,84.4,3.0,0.0,556.9,29.0,141.6,5.0332,-0.2372,0.3,Moderado,avanzado,1,1,0,0,0,0,0
67,449.8,False,12,Apartamento,7.5,4.0,90.4,3.0,11.5,408.7,31.0,112.45,4.9757,0.1006,0.25,Moderado,avanzado,1,0,1,1,0,0,0
68,528.1,True,6,Casa,4.7,,188.9,,5.6,,29.0,,2.7957,,,Moderado,parcial,1,0,0,0,0,0,0
69,293.6,False,5,Casa,2.4,,,,,,,,,,,Eficiente,basico,0,0,0,0,0,0,1
70,418.7,True,7,Apartamento,7.2,3.0,,,0.0,,,139.5667,,,,Ineficiente,parcial,1,0,0,0,0,1,0
71,590.9,True,17,Casa,4.4,6.0,162.8,2.0,4.8,568.7,28.0,98.4833,3.6296,0.039,0.1176,Eficiente,avanzado,1,0,1,0,0,0,0
72,592.9,True,15,Casa,9.3,,,,,,,,,,,Ineficiente,basico,1,1,1,1,1,0,0
73,1106.9,False,30,Comercio,10.7,11.0,162.5,8.0,5.9,919.9,28.0,100.6273,6.8117,0.2033,0.2667,Moderado,avanzado,0,1,1,0,1,0,0
74,360.2,True,9,Casa,3.5,5.0,88.7,2.0,0.0,300.4,28.0,72.04,4.0609,0.1991,0.2222,Eficiente,avanzado,1,0,0,0,0,0,1
75,420.3,True,13,Casa,5.8,,,,,,,,,,,Eficiente,basico,1,0,0,0,0,0,0
76,416.8,False,16,Casa,3.9,4.0,181.9,2.0,0.0,330.9,29.0,104.2,2.2914,0.2596,0.125,Eficiente,avanzado,0,0,0,0,0,0,1
77,443.5,True,6,Casa,6.0,4.0,134.7,3.0,4.4,439.6,30.0,110.875,3.2925,0.0089,0.5,Ineficiente,avanzado,1,1,0,1,1,0,0
78,457.3,True,10,Apartamento,7.6,5.0,25.0,2.0,5.7,396.9,30.0,91.46,18.292,0.1522,0.2,Ineficiente,avanzado,1,0,1,0,0,1,0
79,349.4,False,9,Apartamento,5.3,,,,,,,,,,,Moderado,basico,0,1,0,0,0,0,0
80,611.9,True,17,Comercio,5.5,4.0,201.0,2.0,0.0,658.9,31.0,152.975,3.0443,-0.0713,0.1176,Eficiente,avanzado,0,1,0,0,0,0,1
81,526.1,False,10,Apartamento,8.1,,,,,,,,,,,Ineficiente,basico,0,1,0,1,0,0,0
82,745.4,True,15,Casa,12.2,6.0,167.9,4.0,9.8,509.6,28.0,124.2333,4.4395,0.4627,0.2667,Ineficiente,avanzado,1,1,1,0,1,0,0
83,505.8,False,10,Comercio,3.1,1.0,90.2,6.0,0.0,586.7,31.0,505.8,5.6075,-0.1379,0.6,Ineficiente,avanzado,0,1,0,1,0,0,0
84,349.0,True,5,Casa,3.6,4.0,151.0,0.0,7.0,329.3,28.0,87.25,2.3113,0.0598,0.0,Eficiente,avanzado,0,0,0,0,1,0,0
85,330.2,False,17,Casa,2.0,2.0,153.1,1.0,0.0,248.1,28.0,165.1,2.1568,0.3309,0.0588,Eficiente,avanzado,0,0,1,1,1,0,0
86,604.4,True,12,Casa,10.1,,,,,622.1,,,,-0.0285,,Moderado,parcial,1,1,0,0,0,0,0
87,255.3,False,7,Apartamento,3.4,,,,,,,,,,,Eficiente,basico,0,1,0,0,1,0,0
88,315.4,False,9,Apartamento,3.5,,,,0.0,,,,,,,Eficiente,parcial,0,0,0,0,1,0,1
89,304.5,True,2,Casa,4.9,1.0,198.3,0.0,4.2,236.6,30.0,304.5,1.5356,0.287,0.0,Moderado,avanzado,1,0,0,0,0,0,0
90,389.6,True,9,Apartamento,7.7,,,,,,,,,,,Ineficiente,basico,1,1,1,1,1,1,0
91,132.0,False,5,Casa,2.4,,137.2,,,127.7,29.0,,0.9621,0.0337,,Eficiente,parcial,0,0,0,1,0,0,1
92,510.5,True,12,Apartamento,9.9,3.0,34.6,2.0,9.7,691.4,28.0,170.1667,14.7543,-0.2616,0.1667,Ineficiente,avanzado,0,0,1,1,0,1,0
93,716.0,True,15,Apartamento,8.3,,,,,,,,,,,Ineficiente,basico,1,0,0,0,0,1,0
94,554.2,False,15,Casa,4.1,5.0,102.3,4.0,3.9,525.0,29.0,110.84,5.4174,0.0556,0.2667,Moderado,avanzado,0,1,0,0,0,0,0
95,496.3,False,10,Casa,7.9,5.0,132.2,1.0,9.6,516.1,30.0,99.26,3.7542,-0.0384,0.1,Eficiente,avanzado,0,1,1,0,0,0,0
96,375.5,False,9,Apartamento,3.2,,,,,,,,,,,Eficiente,basico,0,0,0,0,0,0,1
97,480.8,True,10,Casa,3.3,5.0,,2.0,,,,96.16,,,0.2,Moderado,parcial,0,0,1,0,0,0,0
98,367.4,False,14,Casa,0.0,,,,,,,,,,,Eficiente,basico,0,0,0,0,0,0,1
99,254.8,False,5,Casa,0.0,,,0.0,0.0,,28.0,,,,0.0,Eficiente,parcial,0,0,0,0,0,0,1
100,876.8,True,19,Oficina,7.0,,93.2,6.0,,,,,9.4077,,0.3158,Ineficiente,parcial,0,1,0,1,0,1,0
101,846.6,False,22,Oficina,8.3,7.0,195.7,,3.1,,31.0,120.9429,4.326,,,Moderado,parcial,0,1,0,0,1,0,0
102,308.4,True,7,Apartamento,5.5,,,,,,,,,,,Ineficiente,basico,0,0,0,0,0,0,1
103,311.3,False,10,Casa,0.3,,,,,,,,,,,Eficiente,basico,1,0,1,0,0,0,0
104,957.3,True,20,Oficina,8.4,8.0,209.7,5.0,5.0,1230.8,30.0,119.6625,4.5651,-0.2222,0.25,Moderado,avanzado,1,0,1,0,0,0,0
105,798.6,True,18,Comercio,6.6,7.0,211.5,,0.6,,,114.0857,3.7759,,,Moderado,parcial,1,0,0,0,1,0,0
106,333.9,True,10,Apartamento,5.8,,,,,,,,,,,Eficiente,basico,1,0,1,0,0,0,0
107,322.3,True,7,Apartamento,6.3,1.0,,,1.7,344.4,30.0,322.3,,-0.0642,,Ineficiente,parcial,1,0,1,1,0,0,0
108,472.5,True,12,Casa,9.3,2.0,,,4.0,375.7,29.0,236.25,,0.2577,,Ineficiente,parcial,1,1,1,1,0,0,0
109,355.8,False,10,Casa,6.5,,,,,,,,,,,Eficiente,basico,1,0,0,0,0,1,0
110,1073.0,False,28,Oficina,8.0,10.0,156.7,10.0,2.7,992.7,30.0,107.3,6.8475,0.0809,0.3571,Moderado,avanzado,0,1,0,0,0,0,0
111,305.4,True,7,Apartamento,5.2,1.0,,1.0,3.5,,31.0,305.4,,,0.1429,Ineficiente,parcial,1,0,0,1,0,0,0
112,521.5,True,10,Casa,5.3,6.0,151.6,1.0,5.1,545.3,30.0,86.9167,3.44,-0.0436,0.1,Eficiente,avanzado,1,0,0,0,0,0,1
113,434.4,True,11,Casa,6.2,3.0,,,4.0,,29.0,144.8,,,,Moderado,parcial,1,0,1,0,0,0,0
114,340.1,True,12,Apartamento,5.2,3.0,61.4,2.0,0.0,381.2,31.0,113.3667,5.5391,-0.1078,0.1667,Moderado,avanzado,1,0,0,0,0,0,0
115,412.1,True,12,Casa,8.1,5.0,132.1,2.0,0.0,344.6,29.0,82.42,3.1196,0.1959,0.1667,Eficiente,avanzado,1,0,0,0,0,0,1
116,894.3,False,22,Comercio,7.3,,,,,,,,,,,Moderado,basico,1,1,1,0,0,1,0
117,516.7,False,6,Comercio,4.9,2.0,140.5,3.0,6.8,562.4,30.0,258.35,3.6776,-0.0813,0.5,Ineficiente,avanzado,0,1,1,1,0,0,0
118,477.2,True,16,Apartamento,6.3,5.0,101.1,,0.0,533.2,30.0,95.44,4.7201,-0.105,,Eficiente,parcial,1,0,0,0,0,0,1
119,405.2,True,11,Apartamento,4.0,4.0,101.5,1.0,5.8,274.6,31.0,101.3,3.9921,0.4756,0.0909,Moderado,avanzado,0,0,0,0,1,0,0
120,322.0,False,5,Apartamento,5.2,1.0,,,,,,322.0,,,,Ineficiente,parcial,0,1,0,1,1,1,0
121,315.3,True,14,Apartamento,4.9,1.0,101.0,1.0,,280.7,,315.3,3.1218,0.1233,0.0714,Ineficiente,parcial,0,1,0,1,0,0,0
122,342.1,False,5,Apartamento,3.4,1.0,101.4,2.0,9.0,309.0,29.0,342.1,3.3738,0.1071,0.4,Ineficiente,avanzado,0,1,1,1,1,0,0
123,200.4,True,4,Casa,1.5,2.0,108.0,,2.0,,30.0,100.2,1.8556,,,Eficiente,parcial,1,0,0,0,1,0,0
124,475.3,True,8,Casa,9.1,3.0,149.3,1.0,6.7,,,158.4333,3.1835,,0.125,Moderado,parcial,1,0,1,0,1,1,0
125,519.1,True,9,Casa,5.7,3.0,180.6,2.0,7.3,582.7,31.0,173.0333,2.8743,-0.1091,0.2222,Moderado,avanzado,1,0,0,0,0,0,0
126,185.5,False,5,Apartamento,3.5,2.0,44.9,0.0,0.0,152.5,29.0,92.75,4.1314,0.2164,0.0,Eficiente,avanzado,0,0,0,0,0,1,1
127,353.5,True,10,Casa,5.2,4.0,76.8,1.0,0.0,259.3,31.0,88.375,4.6029,0.3633,0.1,Moderado,avanzado,1,0,0,1,1,1,0
128,365.3,False,3,Casa,6.2,,74.5,0.0,10.6,377.3,29.0,,4.9034,-0.0318,0.0,Ineficiente,parcial,1,0,1,1,0,1,0
129,219.8,False,6,Casa,0.0,,,,,,,,,,,Eficiente,basico,0,1,0,1,0,1,0
130,273.7,True,4,Apartamento,6.3,4.0,52.8,2.0,0.0,237.4,30.0,68.425,5.1837,0.1529,0.5,Ineficiente,avanzado,0,1,0,0,0,0,0
131,432.5,False,11,Casa,6.8,4.0,112.9,1.0,3.7,407.9,28.0,108.125,3.8308,0.0603,0.0909,Eficiente,avanzado,0,1,0,0,0,0,1
132,1082.7,True,25,Oficina,9.6,7.0,217.6,10.0,2.9,958.5,28.0,154.6714,4.9756,0.1296,0.4,Ineficiente,avanzado,1,1,1,0,1,0,0
133,288.5,False,9,Apartamento,4.8,2.0,67.5,2.0,0.0,285.5,29.0,144.25,4.2741,0.0105,0.2222,Eficiente,avanzado,0,0,0,0,0,0,1
134,318.5,False,8,Casa,3.7,,71.3,,,,,,4.467,,,Ineficiente,parcial,1,1,1,1,0,0,0
135,516.7,True,11,Apartamento,5.0,,,,,,,,,,,Moderado,basico,1,1,0,0,1,0,0
136,544.5,False,19,Casa,4.1,,,,,,,,,,,Eficiente,basico,1,0,1,0,0,0,0
137,1297.8,True,25,Oficina,13.4,12.0,107.5,12.0,4.9,1139.7,30.0,108.15,12.0726,0.1387,0.48,Ineficiente,avanzado,1,0,1,1,0,1,0
138,509.5,True,10,Apartamento,7.5,2.0,63.9,3.0,12.0,497.1,29.0,254.75,7.9734,0.0249,0.3,Ineficiente,avanzado,1,1,1,1,0,1,0
139,1061.3,False,30,Comercio,10.1,10.0,,10.0,,,,106.13,,,0.3333,Moderado,parcial,0,1,1,0,0,0,0
140,488.2,True,10,Casa,5.1,4.0,75.8,1.0,9.9,444.5,29.0,122.05,6.4406,0.0983,0.1,Moderado,avanzado,0,0,1,0,1,0,0
141,396.5,True,10,Apartamento,7.3,2.0,38.0,2.0,3.4,353.9,28.0,198.25,10.4342,0.1204,0.2,Ineficiente,avanzado,1,0,0,1,0,1,0
142,404.0,True,10,Apartamento,6.3,3.0,,,,,,134.6667,,,,Moderado,parcial,1,0,1,0,1,0,0
143,955.9,False,30,Oficina,8.9,8.0,115.5,5.0,2.4,987.9,29.0,119.4875,8.2762,-0.0324,0.1667,Moderado,avanzado,1,1,0,0,0,0,0
144,465.1,False,16,Apartamento,4.7,6.0,115.3,2.0,4.4,433.1,31.0,77.5167,4.0338,0.0739,0.125,Eficiente,avanzado,0,0,0,0,0,0,1
145,362.5,True,10,Apartamento,2.9,,,,,,,,,,,Moderado,basico,1,1,0,0,0,0,0
146,520.2,True,14,Casa,5.1,3.0,130.8,2.0,4.2,517.6,31.0,173.4,3.9771,0.005,0.1429,Moderado,avanzado,0,0,1,0,0,0,0
147,183.0,True,6,Casa,3.2,1.0,168.0,0.0,0.0,187.3,30.0,183.0,1.0893,-0.023,0.0,Eficiente,avanzado,0,0,0,0,0,0,1
148,578.3,True,16,Apartamento,6.9,6.0,37.9,5.0,0.0,843.4,31.0,96.3833,15.2586,-0.3143,0.3125,Ineficiente,avanzado,1,0,0,0,0,1,0
149,248.2,False,8,Apartamento,6.5,1.0,86.1,0.0,6.4,297.8,31.0,248.2,2.8827,-0.1666,0.0,Eficiente,avanzado,0,0,1,0,0,0,1
150,672.6,True,14,Casa,10.7,5.0,119.6,5.0,5.7,650.4,29.0,134.52,5.6237,0.0341,0.3571,Ineficiente,avanzado,0,1,1,1,0,0,0
151,518.6,True,10,Comercio,7.3,1.0,228.7,4.0,,,,518.6,2.2676,,0.4,Ineficiente,parcial,1,1,0,1,0,1,0
152,857.5,False,17,Oficina,10.6,6.0,114.0,6.0,4.2,787.7,29.0,142.9167,7.5219,0.0886,0.3529,Ineficiente,avanzado,0,1,1,1,0,0,0
153,430.8,True,13,Casa,4.8,5.0,142.4,2.0,0.5,342.6,29.0,86.16,3.0253,0.2574,0.1538,Eficiente,avanzado,1,0,0,0,0,0,0
154,394.6,True,9,Apartamento,6.8,2.0,69.4,2.0,3.3,,30.0,197.3,5.6859,,0.2222,Ineficiente,parcial,1,0,1,1,0,0,0
155,688.3,False,30,Casa,8.8,8.0,152.3,3.0,3.5,827.4,30.0,86.0375,4.5194,-0.1681,0.1,Eficiente,avanzado,0,0,1,0,0,0,1
156,562.5,False,14,Apartamento,7.5,4.0,72.0,5.0,5.8,443.9,30.0,140.625,7.8125,0.2672,0.3571,Ineficiente,avanzado,0,1,1,0,0,1,0
157,565.4,True,16,Casa,5.1,,,,,,,,,,,Eficiente,basico,0,1,0,0,0,0,0
158,348.1,True,10,Apartamento,5.2,2.0,120.1,2.0,0.0,360.8,28.0,174.05,2.8984,-0.0352,0.2,Moderado,avanzado,1,0,0,0,0,0,0
159,563.1,False,22,Apartamento,5.7,6.0,71.1,1.0,5.2,753.0,29.0,93.85,7.9198,-0.2522,0.0455,Eficiente,avanzado,1,0,0,0,0,1,0
160,655.8,False,17,Comercio,3.4,8.0,190.0,3.0,0.0,464.9,29.0,81.975,3.4516,0.4106,0.1765,Eficiente,avanzado,0,0,1,0,0,0,1
161,718.8,False,17,Casa,7.8,6.0,231.0,5.0,4.5,724.8,29.0,119.8,3.1117,-0.0083,0.2941,Eficiente,avanzado,0,1,0,0,0,0,1
162,854.1,True,21,Oficina,6.5,8.0,163.7,5.0,6.2,764.1,29.0,106.7625,5.2175,0.1178,0.2381,Moderado,avanzado,1,0,1,0,0,0,0
163,235.7,False,9,Casa,5.2,2.0,32.8,1.0,,268.0,,117.85,7.186,-0.1205,0.1111,Eficiente,parcial,0,0,0,0,0,0,1
164,328.7,True,5,Casa,3.6,4.0,107.0,0.0,0.0,373.3,,82.175,3.072,-0.1195,0.0,Eficiente,parcial,1,1,0,0,0,0,0
165,269.1,True,5,Apartamento,2.6,2.0,49.1,3.0,0.0,214.5,31.0,134.55,5.4807,0.2545,0.6,Ineficiente,avanzado,1,1,0,0,1,0,0
166,622.6,False,14,Casa,5.5,7.0,173.7,3.0,6.1,651.5,28.0,88.9429,3.5843,-0.0444,0.2143,Eficiente,avanzado,0,1,1,0,0,0,0
167,844.8,True,18,Comercio,8.7,,,,,,,,,,,Moderado,basico,0,0,0,0,0,1,0
168,837.9,True,14,Comercio,10.5,4.0,230.9,7.0,4.7,789.1,31.0,209.475,3.6288,0.0618,0.5,Ineficiente,avanzado,1,1,1,1,0,0,0
169,501.6,False,9,Casa,7.3,5.0,160.7,2.0,6.7,484.3,28.0,100.32,3.1213,0.0357,0.2222,Eficiente,avanzado,0,0,0,0,0,0,1
170,963.9,False,21,Oficina,8.1,,,,,,,,,,,Ineficiente,basico,0,1,0,0,1,0,0
171,313.7,False,11,Casa,3.3,2.0,83.6,1.0,0.0,310.5,29.0,156.85,3.7524,0.0103,0.0909,Eficiente,avanzado,1,0,0,0,0,1,0
172,425.9,True,16,Apartamento,9.8,,,,,,,,,,,Ineficiente,basico,1,0,1,1,0,0,0
173,464.1,False,11,Casa,1.9,6.0,192.4,2.0,3.4,503.6,31.0,77.35,2.4122,-0.0784,0.1818,Eficiente,avanzado,0,0,1,0,0,0,0
174,650.6,True,22,Oficina,5.4,,,,,,,,,,,Moderado,basico,1,1,0,1,0,0,0
175,723.3,False,19,Casa,10.5,7.0,,4.0,9.6,785.6,,103.3286,,-0.0793,0.2105,Moderado,parcial,0,0,1,0,0,0,0
176,433.9,True,10,Casa,6.4,3.0,149.9,2.0,7.8,464.5,28.0,144.6333,2.8946,-0.0659,0.2,Moderado,avanzado,0,0,1,0,0,0,0
177,355.7,False,7,Apartamento,5.4,1.0,80.4,0.0,8.5,266.3,30.0,355.7,4.4241,0.3357,0.0,Ineficiente,avanzado,0,0,1,1,1,0,0
178,811.0,False,17,Oficina,9.5,7.0,214.0,4.0,6.5,861.6,31.0,115.8571,3.7897,-0.0587,0.2353,Moderado,avanzado,0,0,0,1,0,0,0
179,1641.7,True,43,Oficina,13.7,17.0,180.0,16.0,4.3,1699.8,31.0,96.5706,9.1206,-0.0342,0.3721,Ineficiente,avanzado,1,1,0,1,0,0,0
180,841.5,True,16,Comercio,11.0,6.0,190.2,5.0,7.1,716.7,29.0,140.25,4.4243,0.1741,0.3125,Ineficiente,avanzado,1,0,1,0,1,0,0
181,1249.5,True,32,Oficina,13.6,,,,,1070.0,31.0,,,0.1678,,Ineficiente,parcial,1,1,1,0,0,0,0
182,1381.8,False,34,Oficina,10.3,,,,,,,,,,,Moderado,basico,0,0,1,0,1,1,0
183,419.3,True,14,Apartamento,6.7,,,,,,,,,,,Moderado,basico,0,0,1,0,1,0,0
184,441.6,True,10,Casa,6.8,,120.1,,,673.6,30.0,,3.6769,-0.3444,,Moderado,parcial,1,1,0,0,0,0,0
185,760.8,False,15,Comercio,8.2,6.0,226.4,6.0,4.9,683.8,28.0,126.8,3.3604,0.1126,0.4,Moderado,avanzado,0,0,0,0,1,1,0
186,263.6,True,5,Apartamento,2.4,2.0,60.2,2.0,0.0,226.7,31.0,131.8,4.3787,0.1628,0.4,Moderado,avanzado,0,0,0,0,1,0,0
187,563.5,True,16,Casa,9.0,7.0,132.0,1.0,8.8,470.6,31.0,80.5,4.2689,0.1974,0.0625,Moderado,avanzado,1,1,1,0,1,0,0
188,318.3,False,7,Casa,3.4,3.0,86.4,0.0,4.0,235.4,28.0,106.1,3.684,0.3522,0.0,Eficiente,avanzado,0,0,0,0,1,1,0
189,340.7,False,11,Comercio,1.6,1.0,210.4,0.0,0.0,308.8,30.0,340.7,1.6193,0.1033,0.0,Moderado,avanzado,1,0,0,1,0,1,0
190,449.8,False,10,Casa,4.2,,,,,,,,,,,Eficiente,basico,0,0,0,0,1,1,0
191,1059.8,False,28,Oficina,9.5,14.0,100.1,7.0,0.0,1001.5,29.0,75.7,10.5874,0.0582,0.25,Moderado,avanzado,0,0,0,0,0,1,0
192,404.9,True,10,Casa,5.3,3.0,128.5,2.0,5.7,421.8,28.0,134.9667,3.151,-0.0401,0.2,Moderado,avanzado,1,1,0,0,0,0,0
193,339.6,True,11,Casa,5.2,4.0,114.8,1.0,4.4,244.5,31.0,84.9,2.9582,0.389,0.0909,Moderado,avanzado,1,1,0,0,0,0,0
194,996.9,False,26,Comercio,9.5,,231.7,,,,,,4.3025,,,Ineficiente,parcial,0,1,0,1,1,0,0
195,344.8,False,8,Casa,0.9,3.0,194.5,3.0,0.0,366.3,29.0,114.9333,1.7728,-0.0587,0.375,Eficiente,avanzado,0,0,0,0,1,0,1
196,340.5,True,8,Casa,4.1,,,,,,,,,,,Eficiente,basico,1,0,0,0,0,0,1
197,225.3,True,8,Apartamento,3.9,1.0,25.0,1.0,,211.3,,225.3,9.012,0.0663,0.125,Ineficiente,parcial,1,0,0,1,0,0,0
198,699.4,False,20,Comercio,7.2,,,,,,,,,,,Moderado,basico,0,1,0,1,1,0,0
199,736.1,False,15,Casa,8.8,5.0,136.9,,7.3,707.0,31.0,147.22,5.3769,0.0412,,Ineficiente,parcial,0,1,1,0,0,0,0
200,605.7,False,20,Casa,6.0,,,,,,,,,,,Moderado,basico,0,1,0,0,0,0,0
201,675.7,True,15,Comercio,9.0,5.0,224.8,3.0,5.1,867.5,31.0,135.14,3.0058,-0.2211,0.2,Moderado,avanzado,1,1,0,0,1,0,0
202,602.8,True,10,Oficina,5.0,6.0,127.5,2.0,2.8,592.5,29.0,100.4667,4.7278,0.0174,0.2,Moderado,avanzado,1,1,1,0,1,0,0
203,429.3,True,10,Apartamento,6.3,1.0,,3.0,,398.5,28.0,429.3,,0.0773,0.3,Ineficiente,parcial,1,1,1,1,0,0,0
204,798.7,False,21,Casa,6.6,,,,,,,,,,,Moderado,basico,0,1,1,1,0,0,0
205,328.8,False,11,Casa,2.0,,,,,,,,,,,Eficiente,basico,0,0,0,0,1,0,1
206,603.6,True,15,Casa,9.0,6.0,171.9,2.0,7.1,627.7,30.0,100.6,3.5113,-0.0384,0.1333,Moderado,avanzado,1,0,1,0,1,0,0
207,449.0,True,9,Casa,4.0,4.0,203.6,4.0,0.0,443.1,28.0,112.25,2.2053,0.0133,0.4444,Moderado,avanzado,1,0,0,0,0,0,0
208,338.7,False,9,Apartamento,2.1,4.0,87.7,3.0,0.0,259.6,30.0,84.675,3.862,0.3047,0.3333,Eficiente,avanzado,0,1,0,0,1,0,0
209,276.8,True,7,Casa,3.9,,,,,,,,,,,Eficiente,basico,1,0,0,0,0,0,0
210,188.2,True,4,Apartamento,4.8,,,,,,,,,,,Moderado,basico,1,1,0,1,0,0,0
211,206.8,True,6,Apartamento,3.4,2.0,54.7,0.0,0.0,231.6,28.0,103.4,3.7806,-0.1071,0.0,Eficiente,avanzado,1,0,0,0,0,1,0
212,299.8,True,4,Apartamento,2.9,1.0,,,11.7,259.6,,299.8,,0.1549,,Ineficiente,parcial,0,0,1,0,0,0,0
213,555.2,False,14,Casa,5.1,2.0,143.9,5.0,8.9,485.6,29.0,277.6,3.8582,0.1433,0.3571,Ineficiente,avanzado,0,1,1,0,0,0,0
214,780.7,True,17,Comercio,10.9,,150.8,,,,,,5.1771,,,Moderado,parcial,0,0,1,0,0,0,0
215,367.7,True,8,Apartamento,6.2,,,1.0,,,,,,,0.125,Moderado,parcial,1,0,0,0,0,1,0
216,216.3,True,5,Apartamento,1.1,1.0,93.0,1.0,0.3,238.1,30.0,216.3,2.3258,-0.0916,0.2,Moderado,avanzado,1,0,0,1,0,0,0
217,608.0,True,13,Casa,7.0,,,,,,,,,,,Moderado,basico,1,0,1,0,0,0,0
218,422.1,False,11,Casa,8.0,3.0,131.0,1.0,6.6,485.0,30.0,140.7,3.2221,-0.1297,0.0909,Eficiente,avanzado,0,0,1,0,0,0,1
219,833.0,False,25,Oficina,7.7,,,,,,,,,,,Ineficiente,basico,0,1,0,0,1,1,0
220,685.5,True,15,Casa,6.8,,,2.0,,,,,,,0.1333,Moderado,parcial,1,1,1,1,0,0,0
221,494.8,False,11,Casa,2.7,,,,,,,,,,,Eficiente,basico,0,0,1,0,0,1,0
222,622.5,True,13,Apartamento,6.3,,,,,,,,,,,Ineficiente,basico,1,1,0,1,0,1,0
223,551.1,False,17,Apartamento,7.7,3.0,71.6,6.0,0.0,448.9,30.0,183.7,7.6969,0.2277,0.3529,Ineficiente,avanzado,0,1,0,1,1,1,0
224,681.0,False,15,Oficina,10.4,6.0,25.0,5.0,5.5,574.3,28.0,113.5,27.24,0.1858,0.3333,Ineficiente,avanzado,1,1,1,0,0,1,0
225,512.8,True,13,Casa,8.2,6.0,,0.0,,492.1,30.0,85.4667,,0.0421,0.0,Eficiente,parcial,1,0,0,0,0,0,1
226,585.9,False,15,Oficina,6.3,,,,,,,,,,,Moderado,basico,0,0,0,0,0,0,1
227,575.7,True,15,Casa,7.3,,,,,,,,,,,Moderado,basico,1,0,1,0,1,0,0
228,416.9,True,12,Apartamento,4.3,,,,,,,,,,,Moderado,basico,1,1,1,1,0,0,0
229,354.6,False,11,Apartamento,4.0,4.0,37.5,1.0,4.2,388.5,28.0,88.65,9.456,-0.0873,0.0909,Eficiente,avanzado,1,0,1,0,0,0,0
230,526.6,False,10,Casa,2.3,5.0,147.4,3.0,5.7,464.0,28.0,105.32,3.5726,0.1349,0.3,Eficiente,avanzado,1,0,0,1,0,1,0
231,446.9,True,13,Casa,7.4,4.0,113.7,3.0,0.0,432.4,28.0,111.725,3.9305,0.0335,0.2308,Moderado,avanzado,1,0,0,1,0,0,0
232,379.4,True,9,Casa,5.7,2.0,105.6,1.0,4.0,478.1,31.0,189.7,3.5928,-0.2064,0.1111,Moderado,avanzado,1,0,0,0,0,0,0
233,669.3,False,14,Oficina,6.3,5.0,98.0,6.0,2.7,696.4,31.0,133.86,6.8296,-0.0389,0.4286,Ineficiente,avanzado,0,1,0,1,0,1,0
234,485.2,True,12,Apartamento,3.4,2.0,85.7,3.0,0.0,390.0,28.0,242.6,5.6616,0.2441,0.25,Ineficiente,avanzado,1,0,0,0,1,1,0
235,985.6,False,23,Oficina,9.1,10.0,165.7,9.0,0.0,936.3,29.0,98.56,5.9481,0.0527,0.3913,Moderado,avanzado,0,1,0,0,0,0,0
236,1352.7,False,36,Comercio,12.2,12.0,58.0,13.0,1.7,1804.8,30.0,112.725,23.3224,-0.2505,0.3611,Ineficiente,avanzado,0,0,0,0,1,1,0
237,321.1,True,8,Apartamento,5.3,,,,,,,,,,,Moderado,basico,1,1,1,1,0,0,0
238,718.1,False,19,Comercio,6.9,7.0,91.5,5.0,3.0,746.9,29.0,102.5857,7.8481,-0.0386,0.2632,Moderado,avanzado,0,1,1,0,0,0,0
239,450.9,True,12,Casa,8.4,2.0,151.3,1.0,7.6,509.0,30.0,225.45,2.9802,-0.1141,0.0833,Moderado,avanzado,1,0,1,1,1,0,0
240,344.0,False,10,Casa,0.0,,,1.0,0.0,,28.0,,,,0.1,Eficiente,parcial,0,0,0,0,0,0,1
241,916.3,False,30,Comercio,9.6,8.0,136.5,7.0,1.1,1297.2,31.0,114.5375,6.7128,-0.2936,0.2333,Moderado,avanzado,0,1,0,0,0,0,0
242,618.7,True,14,Comercio,8.0,,85.7,4.0,0.0,599.6,31.0,,7.2194,0.0319,0.2857,Ineficiente,parcial,0,0,0,0,1,1,0
243,315.3,False,7,Casa,3.5,,,,,,,,,,,Eficiente,basico,0,0,0,1,0,0,1
244,461.5,True,15,Apartamento,6.4,,,,,,,,,,,Moderado,basico,0,0,1,0,0,0,0
245,294.2,False,6,Apartamento,4.9,2.0,50.4,1.0,0.0,218.9,28.0,147.1,5.8373,0.344,0.1667,Moderado,avanzado,0,1,0,0,1,0,0
246,772.0,False,16,Comercio,5.3,6.0,184.5,6.0,5.0,899.8,29.0,128.6667,4.1843,-0.142,0.375,Moderado,avanzado,0,0,1,0,1,0,0
247,222.1,True,8,Apartamento,2.2,2.0,88.7,1.0,0.0,200.1,29.0,111.05,2.5039,0.1099,0.125,Eficiente,avanzado,1,1,0,0,0,0,0
248,668.3,True,19,Casa,7.7,4.0,248.7,2.0,5.2,590.0,28.0,167.075,2.6872,0.1327,0.1053,Moderado,avanzado,1,1,1,0,0,0,0
249,498.0,True,12,Casa,6.7,5.0,174.0,2.0,0.0,602.6,30.0,99.6,2.8621,-0.1736,0.1667,Eficiente,avanzado,1,0,0,1,0,0,0
250,275.6,True,5,Apartamento,4.9,1.0,106.2,0.0,,272.0,31.0,275.6,2.5951,0.0132,0.0,Moderado,parcial,1,0,1,1,0,0,0
251,345.3,False,14,Apartamento,6.5,,,,,,,,,,,Moderado,basico,1,0,0,0,0,1,0
252,763.5,False,21,Comercio,11.0,,,,,,,,,,,Ineficiente,basico,0,1,0,0,0,1,0
253,268.2,False,11,Apartamento,2.7,,,,,,,,,,,Eficiente,basico,0,0,0,0,0,0,1
254,451.5,False,13,Casa,5.5,4.0,210.0,1.0,2.7,728.2,28.0,112.875,2.15,-0.38,0.0769,Eficiente,avanzado,0,0,1,0,0,1,0
255,468.6,True,8,Casa,7.2,4.0,238.9,0.0,9.5,429.7,28.0,117.15,1.9615,0.0905,0.0,Eficiente,avanzado,1,0,1,0,0,1,0
256,683.1,True,14,Comercio,9.4,,,,,,,,,,,Ineficiente,basico,1,1,0,1,0,0,0
257,598.8,True,19,Comercio,5.7,7.0,128.7,2.0,0.0,614.9,29.0,85.5429,4.6527,-0.0262,0.1053,Eficiente,avanzado,1,0,0,0,0,0,1
258,504.4,False,9,Casa,3.8,5.0,157.8,3.0,3.2,435.2,31.0,100.88,3.1965,0.159,0.3333,Moderado,avanzado,1,0,1,0,0,0,0
259,822.2,False,17,Casa,9.2,,,,,,,,,,,Ineficiente,basico,0,1,1,0,0,0,0
260,397.2,True,9,Apartamento,7.8,3.0,73.9,2.0,5.5,372.9,30.0,132.4,5.3748,0.0652,0.2222,Moderado,avanzado,1,1,1,0,1,0,0
261,543.2,False,10,Casa,3.5,5.0,161.7,3.0,10.0,450.2,30.0,108.64,3.3593,0.2066,0.3,Moderado,avanzado,0,0,0,0,0,0,1
262,650.1,True,12,Comercio,7.9,,,,,,,,,,,Moderado,basico,1,0,1,0,0,0,0
263,280.6,True,8,Casa,3.6,1.0,189.8,0.0,5.5,248.5,31.0,280.6,1.4784,0.1292,0.0,Moderado,avanzado,1,0,1,0,1,0,0
264,396.5,False,8,Casa,6.0,,213.5,1.0,,404.7,30.0,,1.8571,-0.0203,0.125,Ineficiente,parcial,0,0,1,1,0,0,0
265,1308.7,False,29,Oficina,10.4,,,,,,,,,,,Ineficiente,basico,1,1,0,1,1,1,0
266,739.4,False,19,Casa,9.0,6.0,180.1,5.0,6.9,834.5,30.0,123.2333,4.1055,-0.114,0.2632,Moderado,avanzado,1,1,1,0,0,0,0
267,863.0,True,20,Casa,11.9,,,,,,,,,,,Ineficiente,basico,1,1,1,0,1,1,0
268,406.9,False,13,Casa,1.0,2.0,205.4,2.0,6.4,656.3,29.0,203.45,1.981,-0.38,0.1538,Eficiente,avanzado,0,0,1,0,0,0,1
269,328.1,False,9,Casa,1.7,4.0,192.0,1.0,0.0,380.8,29.0,82.025,1.7089,-0.1384,0.1111,Eficiente,avanzado,1,1,0,0,0,0,0
270,685.4,True,18,Casa,8.7,6.0,160.4,2.0,10.5,484.6,31.0,114.2333,4.2731,0.4144,0.1111,Ineficiente,avanzado,1,0,0,0,1,1,0
271,388.8,True,9,Casa,4.4,,,,,,,,,,,Ineficiente,basico,0,1,1,1,1,0,0
272,434.7,True,15,Casa,2.7,5.0,114.7,1.0,0.0,486.9,30.0,86.94,3.7899,-0.1072,0.0667,Eficiente,avanzado,1,0,0,0,0,0,1
273,447.9,True,8,Casa,7.2,,,,,,,,,,,Moderado,basico,1,0,1,0,0,1,0
274,267.2,True,5,Apartamento,1.9,2.0,,,0.0,,,133.6,,,,Moderado,parcial,1,1,0,0,0,0,0
275,457.1,True,7,Apartamento,8.3,4.0,87.7,2.0,7.4,444.6,30.0,114.275,5.2121,0.0281,0.2857,Ineficiente,avanzado,1,1,1,0,0,0,0
276,463.0,False,13,Casa,3.3,5.0,,2.0,0.0,467.7,30.0,92.6,,-0.01,0.1538,Eficiente,parcial,1,0,0,0,0,0,1
277,372.6,True,7,Casa,3.8,3.0,202.7,1.0,1.9,299.4,30.0,124.2,1.8382,0.2445,0.1429,Eficiente,avanzado,1,0,1,0,1,0,0
278,171.3,False,5,Apartamento,4.3,,57.7,,,,,,2.9688,,,Moderado,parcial,0,0,0,0,1,0,0
279,800.7,True,18,Comercio,5.4,7.0,194.5,,0.0,,30.0,114.3857,4.1167,,,Moderado,parcial,1,1,0,0,0,1,0
280,991.6,False,25,Comercio,6.9,9.0,193.7,6.0,5.6,920.3,,110.1778,5.1193,0.0775,0.24,Moderado,parcial,0,0,1,0,0,0,0
281,286.4,True,9,Casa,5.0,1.0,131.0,0.0,4.8,286.4,29.0,286.4,2.1863,0.0,0.0,Moderado,avanzado,1,0,0,1,0,0,0
282,383.1,True,8,Casa,7.3,,,,,,,,,,,Ineficiente,basico,1,1,1,1,0,0,0
283,481.2,False,13,Casa,4.3,,,,,,,,,,,Eficiente,basico,0,0,1,0,0,0,1
284,319.6,True,11,Casa,2.8,,,,,,,,,,,Eficiente,basico,0,0,0,0,0,0,1
285,444.3,True,6,Apartamento,6.6,3.0,,,,343.9,,148.1,,0.2919,,Ineficiente,parcial,1,0,1,0,1,0,0
286,599.7,True,12,Casa,5.5,,120.3,3.0,,637.7,30.0,,4.985,-0.0596,0.25,Eficiente,parcial,1,1,0,0,0,0,0
287,664.1,False,18,Casa,6.3,,,,2.3,,,,,,,Moderado,parcial,0,0,0,1,0,0,0
288,359.5,False,3,Casa,3.7,2.0,131.4,1.0,7.1,452.2,29.0,179.75,2.7359,-0.205,0.3333,Moderado,avanzado,1,1,1,0,1,0,0
289,279.9,True,4,Apartamento,5.2,,,,0.0,,,,,,,Ineficiente,parcial,1,0,0,1,1,1,0
290,597.7,True,16,Casa,7.3,,,,,,,,,,,Moderado,basico,1,1,1,0,1,0,0
291,797.2,False,21,Comercio,8.1,,,,,,,,,,,Moderado,basico,0,1,0,1,0,1,0
292,526.2,True,13,Casa,7.4,4.0,137.1,1.0,7.3,492.4,31.0,131.55,3.8381,0.0686,0.0769,Moderado,avanzado,1,0,0,0,1,0,0
293,1016.4,False,27,Oficina,10.0,,,,,,,,,,,Moderado,basico,0,1,0,0,0,0,0
294,287.2,True,9,Casa,4.2,,,,,,,,,,,Moderado,basico,1,1,0,1,0,0,0
295,875.0,False,21,Comercio,8.3,7.0,101.6,6.0,4.0,1063.4,28.0,125.0,8.6122,-0.1772,0.2857,Moderado,avanzado,0,1,0,0,1,1,0
296,936.6,True,20,Oficina,10.8,8.0,241.3,6.0,3.5,905.7,29.0,117.075,3.8815,0.0341,0.3,Moderado,avanzado,1,0,0,0,0,0,0
297,999.5,True,27,Oficina,11.3,7.0,28.7,10.0,,1033.5,29.0,142.7857,34.8258,-0.0329,0.3704,Ineficiente,parcial,1,1,1,1,0,1,0
298,751.8,True,18,Comercio,7.1,3.0,165.6,5.0,9.2,596.7,30.0,250.6,4.5399,0.2599,0.2778,Ineficiente,avanzado,0,0,1,0,0,0,0
299,780.2,False,20,Comercio,8.7,6.0,117.3,5.0,4.9,711.3,30.0,130.0333,6.6513,0.0969,0.25,Moderado,avanzado,1,0,0,1,0,1,0
300,402.1,True,9,Apartamento,5.4,3.0,116.0,1.0,9.4,358.7,29.0,134.0333,3.4664,0.121,0.1111,Moderado,avanzado,1,0,1,1,0,1,0
301,1324.8,True,30,Comercio,13.3,13.0,178.4,11.0,2.2,1144.8,28.0,101.9077,7.426,0.1572,0.3667,Ineficiente,avanzado,0,1,0,0,1,0,0
302,500.2,False,8,Casa,1.8,4.0,242.3,4.0,1.7,439.1,31.0,125.05,2.0644,0.1391,0.5,Moderado,avanzado,0,1,0,0,0,0,0
303,587.2,True,17,Apartamento,6.3,,,,2.4,,28.0,,,,,Moderado,parcial,0,0,1,0,0,0,0
304,521.1,True,12,Apartamento,7.6,,,,,,,,,,,Ineficiente,basico,1,1,1,0,0,1,0
305,578.4,True,12,Comercio,5.9,4.0,59.0,5.0,0.0,434.3,30.0,144.6,9.8034,0.3318,0.4167,Ineficiente,avanzado,1,1,0,1,1,1,0
306,306.6,True,5,Apartamento,4.5,2.0,104.6,1.0,0.0,260.2,29.0,153.3,2.9312,0.1783,0.2,Moderado,avanzado,1,0,0,0,0,0,0
307,441.1,False,11,Casa,6.6,5.0,99.9,1.0,8.6,434.0,29.0,88.22,4.4154,0.0164,0.0909,Eficiente,avanzado,0,0,1,1,1,0,0
308,179.5,True,7,Apartamento,3.8,,,,,,,,,,,Eficiente,basico,1,0,0,1,0,0,0
309,517.5,True,9,Casa,6.2,4.0,186.6,3.0,5.9,622.7,30.0,129.375,2.7733,-0.1689,0.3333,Moderado,avanzado,1,1,1,0,0,0,0
310,646.8,True,14,Casa,7.7,,,,,,,,,,,Moderado,basico,1,0,1,1,0,0,0
311,355.8,True,12,Apartamento,4.4,4.0,63.4,,0.0,389.8,,88.95,5.612,-0.0872,,Eficiente,parcial,1,0,0,0,0,1,0
312,464.4,True,11,Casa,8.0,,115.9,1.0,7.8,542.7,28.0,,4.0069,-0.1443,0.0909,Moderado,parcial,0,0,0,0,0,1,0
313,465.8,False,7,Casa,4.8,,,,,,,,,,,Ineficiente,basico,0,1,0,1,0,1,0
314,617.4,True,15,Casa,6.8,6.0,48.7,3.0,6.7,498.1,29.0,102.9,12.6776,0.2395,0.2,Ineficiente,avanzado,0,0,1,0,1,1,0
315,673.3,True,15,Casa,10.5,,,,,,,,,,,Moderado,basico,1,0,0,0,0,0,0
316,647.2,False,17,Casa,8.8,9.0,171.7,1.0,7.6,507.7,31.0,71.9111,3.7694,0.2748,0.0588,Eficiente,avanzado,0,0,1,0,1,0,0
317,581.9,True,15,Casa,7.3,5.0,150.0,3.0,5.0,605.8,29.0,116.38,3.8793,-0.0395,0.2,Moderado,avanzado,1,0,0,0,0,1,0
318,377.1,False,9,Apartamento,2.8,2.0,82.5,1.0,7.1,355.7,29.0,188.55,4.5709,0.0602,0.1111,Moderado,avanzado,1,0,1,0,0,0,0
319,362.8,False,14,Casa,3.4,4.0,105.3,2.0,0.0,482.6,29.0,90.7,3.4454,-0.2482,0.1429,Eficiente,avanzado,0,0,1,1,0,0,0
320,947.7,False,24,Oficina,9.1,,,,,,,,,,,Moderado,basico,1,0,0,1,0,0,0
321,1295.0,False,32,Oficina,13.3,9.0,59.4,12.0,7.7,1673.6,30.0,143.8889,21.8013,-0.2262,0.375,Ineficiente,avanzado,0,1,1,1,1,1,0
322,418.8,True,9,Apartamento,8.3,3.0,66.8,0.0,7.0,517.9,31.0,139.6,6.2695,-0.1913,0.0,Moderado,avanzado,1,0,1,0,0,0,0
323,408.2,True,5,Casa,7.8,,,,,,,,,,,Moderado,basico,1,1,1,0,1,0,0
324,317.7,True,9,Apartamento,5.4,2.0,78.0,2.0,0.0,398.0,30.0,158.85,4.0731,-0.2018,0.2222,Moderado,avanzado,0,0,0,0,0,0,1
325,799.5,True,22,Comercio,3.5,7.0,164.9,5.0,0.0,777.4,29.0,114.2143,4.8484,0.0284,0.2273,Moderado,avanzado,1,0,0,0,0,1,0
326,445.1,True,7,Apartamento,4.8,,,3.0,9.1,509.5,,,,-0.1264,0.4286,Ineficiente,parcial,1,0,0,1,1,1,0
327,1247.3,False,30,Comercio,10.1,,,,,,,,,,,Ineficiente,basico,0,1,1,0,1,0,0
328,378.9,False,5,Apartamento,5.2,4.0,48.8,1.0,3.0,327.0,29.0,94.725,7.7643,0.1587,0.2,Moderado,avanzado,0,0,0,0,1,0,0
329,167.1,False,5,Apartamento,0.5,1.0,74.5,1.0,0.0,,,167.1,2.243,,0.2,Eficiente,parcial,0,1,0,0,0,0,1
330,542.3,True,9,Casa,4.2,4.0,153.1,3.0,9.5,451.3,28.0,135.575,3.5421,0.2016,0.3333,Ineficiente,avanzado,0,1,1,0,0,0,0
331,570.3,True,15,Apartamento,10.1,2.0,70.0,5.0,0.0,612.8,28.0,285.15,8.1471,-0.0694,0.3333,Ineficiente,avanzado,1,1,0,1,0,1,0
332,393.1,True,9,Casa,4.1,,,,,,,,,,,Eficiente,basico,1,0,0,0,0,0,1
333,276.7,False,4,Apartamento,3.3,1.0,,0.0,,,,276.7,,,0.0,Moderado,parcial,0,0,0,0,0,0,1
334,894.3,False,16,Comercio,8.1,8.0,55.8,8.0,2.9,727.1,29.0,111.7875,16.0269,0.23,0.5,Ineficiente,avanzado,0,0,0,1,0,1,0
335,342.8,False,13,Casa,4.5,,,,,,,,,,,Eficiente,basico,1,0,0,1,0,0,0
336,731.2,True,21,Apartamento,7.3,3.0,,,,,,243.7333,,,,Ineficiente,parcial,0,1,1,1,0,0,0
337,371.7,True,12,Casa,2.7,5.0,109.4,1.0,0.0,331.9,29.0,74.34,3.3976,0.1199,0.0833,Eficiente,avanzado,1,1,0,0,0,0,0
338,222.3,False,5,Apartamento,6.0,1.0,64.8,1.0,5.2,174.1,28.0,222.3,3.4306,0.2769,0.2,Moderado,avanzado,0,0,1,0,1,0,0
339,343.5,True,9,Casa,2.3,,,,,,,,,,,Eficiente,basico,0,0,0,0,0,0,1
340,801.4,True,23,Oficina,8.8,,,,,894.0,30.0,,,-0.1036,,Ineficiente,parcial,1,1,1,1,0,0,0
341,597.6,True,17,Casa,10.4,7.0,33.6,2.0,,,28.0,85.3714,17.7857,,0.1176,Ineficiente,parcial,1,1,1,0,0,1,0
342,926.2,False,24,Oficina,11.3,,224.5,,4.3,943.2,29.0,,4.1256,-0.018,,Moderado,parcial,0,1,0,1,0,0,0
343,1100.2,True,28,Comercio,13.3,8.0,240.0,8.0,9.2,1008.8,29.0,137.525,4.5842,0.0906,0.2857,Ineficiente,avanzado,1,1,1,1,0,0,0
344,399.7,True,9,Apartamento,6.3,1.0,106.7,,7.4,559.8,,399.7,3.746,-0.286,,Ineficiente,parcial,1,1,1,1,0,0,0
345,713.4,True,15,Comercio,8.9,4.0,,,,,31.0,178.35,,,,Ineficiente,parcial,0,0,1,0,0,0,0
346,891.1,True,24,Comercio,7.2,,,,,,,,,,,Moderado,basico,1,1,0,0,0,1,0
347,675.5,True,15,Oficina,7.4,8.0,84.1,,,813.3,,84.4375,8.0321,-0.1694,,Moderado,parcial,1,0,0,0,0,1,0
348,452.8,True,8,Casa,7.4,,,,,,,,,,,Moderado,basico,1,0,0,0,0,0,0
349,240.1,True,13,Apartamento,3.0,1.0,69.6,1.0,0.0,349.6,30.0,240.1,3.4497,-0.3132,0.0769,Moderado,avanzado,1,0,0,1,0,0,0
350,356.8,True,7,Casa,9.8,2.0,89.7,0.0,4.5,368.1,31.0,178.4,3.9777,-0.0307,0.0,Moderado,avanzado,1,0,0,1,0,1,0
351,325.7,True,8,Apartamento,5.9,3.0,90.1,2.0,0.0,,28.0,108.5667,3.6149,,0.25,Moderado,parcial,0,1,0,0,0,0,0
352,321.2,True,11,Casa,4.2,,,,,,,,,,,Moderado,basico,0,0,0,0,1,0,0
353,287.9,True,10,Apartamento,7.7,,119.3,,,279.8,28.0,,2.4132,0.0289,,Moderado,parcial,1,0,0,0,0,0,0
354,344.5,False,9,Apartamento,4.6,2.0,80.1,0.0,8.2,301.0,30.0,172.25,4.3009,0.1445,0.0,Eficiente,avanzado,0,0,1,0,0,0,1
355,397.9,True,13,Apartamento,5.8,4.0,25.0,3.0,0.0,336.4,31.0,99.475,15.916,0.1828,0.2308,Ineficiente,avanzado,0,1,1,0,1,1,0
356,194.8,True,6,Apartamento,2.6,1.0,34.5,0.0,0.0,138.2,28.0,194.8,5.6464,0.4096,0.0,Moderado,avanzado,1,0,0,1,1,1,0
357,1026.1,True,27,Comercio,13.1,,,,,,,,,,,Ineficiente,basico,1,1,0,1,1,1,0
358,815.6,True,24,Comercio,10.8,9.0,142.7,4.0,0.0,908.5,30.0,90.6222,5.7155,-0.1023,0.1667,Moderado,avanzado,1,0,0,0,1,0,0
359,352.6,True,4,Apartamento,3.4,,,,,,,,,,,Eficiente,basico,0,1,0,0,0,1,0
360,451.3,False,13,Apartamento,5.2,5.0,78.2,1.0,5.1,414.6,29.0,90.26,5.7711,0.0885,0.0769,Eficiente,avanzado,0,1,1,0,1,0,0
361,621.0,True,15,Oficina,5.0,,213.0,,,545.0,,,2.9155,0.1394,,Moderado,parcial,1,1,0,0,0,0,0
362,364.7,True,9,Casa,4.9,,,,,,,,,,,Moderado,basico,0,0,0,0,0,1,0
363,477.0,True,16,Casa,7.8,3.0,190.8,3.0,0.9,506.5,29.0,159.0,2.5,-0.0582,0.1875,Moderado,avanzado,0,0,0,0,0,1,0
364,320.1,False,5,Casa,4.5,,,,,,,,,,,Eficiente,basico,0,0,1,0,0,0,1
365,380.3,True,10,Apartamento,6.0,,,,,,,,,,,Moderado,basico,1,1,0,0,0,0,0
366,443.3,True,12,Casa,4.7,,152.4,1.0,0.0,487.5,,,2.9088,-0.0907,0.0833,Eficiente,parcial,1,1,0,0,0,0,0
367,638.0,True,16,Comercio,7.6,,,,,,,,,,,Moderado,basico,1,1,1,0,1,0,0
368,460.3,True,7,Apartamento,5.7,3.0,,1.0,11.4,,,153.4333,,,0.1429,Ineficiente,parcial,1,1,1,0,0,1,0
369,655.1,True,16,Casa,9.4,4.0,159.4,7.0,0.0,498.7,30.0,163.775,4.1098,0.3136,0.4375,Ineficiente,avanzado,1,1,0,0,1,0,0
370,924.5,False,24,Oficina,8.4,10.0,156.8,7.0,0.0,1120.7,31.0,92.45,5.896,-0.1751,0.2917,Moderado,avanzado,1,1,0,0,0,0,0
371,1027.8,True,25,Comercio,11.0,,,,,,,,,,,Ineficiente,basico,1,1,1,0,1,0,0
372,388.0,False,10,Casa,1.9,3.0,155.3,,0.0,409.5,29.0,129.3333,2.4984,-0.0525,,Eficiente,parcial,0,0,0,0,0,0,1
373,522.4,True,7,Casa,8.1,,,,,,,,,,,Ineficiente,basico,1,0,1,0,0,0,0
374,686.0,True,18,Casa,6.8,10.0,197.7,1.0,8.9,597.8,31.0,68.6,3.4699,0.1475,0.0556,Eficiente,avanzado,0,0,1,0,0,0,0
375,529.4,False,16,Casa,4.4,5.0,135.3,3.0,0.0,540.5,30.0,105.88,3.9128,-0.0205,0.1875,Eficiente,avanzado,0,0,0,0,0,0,1
376,490.5,True,11,Casa,4.5,,,,,,,,,,,Eficiente,basico,0,0,0,0,0,0,1
377,885.8,False,23,Oficina,7.9,,,,,,,,,,,Moderado,basico,0,0,0,0,0,0,1
378,413.7,True,7,Apartamento,4.7,3.0,103.2,3.0,0.0,384.8,30.0,137.9,4.0087,0.0751,0.4286,Moderado,avanzado,0,0,0,0,0,0,1
379,443.8,True,11,Casa,4.7,6.0,139.4,1.0,1.3,449.7,29.0,73.9667,3.1836,-0.0131,0.0909,Eficiente,avanzado,1,0,0,0,0,0,1
380,550.3,True,11,Apartamento,7.1,,,,,,,,,,,Ineficiente,basico,1,0,1,0,1,0,0
381,453.4,False,11,Apartamento,7.2,,,,,,,,,,,Eficiente,basico,0,0,1,0,0,0,1
382,792.8,False,24,Oficina,9.0,8.0,62.3,6.0,0.0,889.1,28.0,99.1,12.7255,-0.1083,0.25,Ineficiente,avanzado,0,1,0,1,0,0,0
383,718.5,True,11,Comercio,9.2,,,,,,,,,,,Ineficiente,basico,1,0,1,0,0,0,0
384,248.6,False,4,Apartamento,4.3,,,,,,,,,,,Eficiente,basico,0,0,0,0,0,0,1
385,445.3,False,12,Casa,4.4,,,,,,,,,,,Eficiente,basico,0,0,0,1,0,0,1
386,806.5,False,15,Oficina,7.2,,,,,,,,,,,Moderado,basico,0,0,1,0,0,0,0
387,159.9,True,3,Apartamento,3.1,,,,,,,,,,,Eficiente,basico,1,0,0,0,0,0,0
388,731.9,False,25,Oficina,4.3,10.0,110.7,3.0,4.3,665.9,31.0,73.19,6.6116,0.0991,0.12,Eficiente,avanzado,0,0,1,0,0,1,0
389,519.0,False,15,Casa,6.5,5.0,,,,,,103.8,,,,Eficiente,parcial,0,1,0,0,0,0,1
390,787.2,True,13,Comercio,6.1,8.0,,5.0,0.0,768.6,30.0,98.4,,0.0242,0.3846,Moderado,parcial,1,0,0,0,0,1,0
391,419.5,True,11,Apartamento,5.0,4.0,73.7,1.0,0.0,319.2,31.0,104.875,5.692,0.3142,0.0909,Moderado,avanzado,0,1,0,0,1,0,0
392,694.5,True,12,Casa,6.0,,,,,,,,,,,Moderado,basico,1,1,1,0,0,0,0
393,470.9,True,7,Apartamento,6.5,,,4.0,,383.2,,,,0.2289,0.5714,Ineficiente,parcial,1,1,1,1,0,1,0
394,362.9,True,9,Apartamento,9.2,,,,,,,,,,,Moderado,basico,1,0,0,0,0,0,0
395,380.1,False,14,Casa,1.0,4.0,36.5,2.0,3.8,401.1,29.0,95.025,10.4137,-0.0524,0.1429,Moderado,avanzado,0,1,1,1,1,1,0
396,306.7,True,5,Apartamento,6.3,2.0,72.8,0.0,5.9,330.6,31.0,153.35,4.2129,-0.0723,0.0,Eficiente,avanzado,1,1,1,0,0,0,0
397,1198.5,False,30,Comercio,14.5,9.0,204.1,11.0,2.5,1432.8,28.0,133.1667,5.8721,-0.1635,0.3667,Ineficiente,avanzado,0,1,0,0,0,1,0
398,228.4,False,10,Casa,0.0,3.0,123.3,1.0,0.0,223.8,31.0,76.1333,1.8524,0.0206,0.1,Eficiente,avanzado,0,0,0,0,0,0,1
399,349.1,False,13,Apartamento,4.0,,,1.0,,,,,,,0.0769,Eficiente,parcial,0,0,0,0,0,0,1
400,380.5,False,10,Apartamento,4.9,5.0,72.6,,,381.4,29.0,76.1,5.241,-0.0024,,Eficiente,parcial,0,0,0,0,1,1,0
401,598.5,True,15,Casa,6.4,,,5.0,0.0,560.6,30.0,,,0.0676,0.3333,Moderado,parcial,1,1,0,0,0,0,0
402,1262.5,False,36,Oficina,11.2,,,,,,,,,,,Moderado,basico,0,0,0,0,0,0,1
403,909.2,True,20,Comercio,10.0,,,,,,,,,,,Ineficiente,basico,1,1,0,0,1,0,0
404,483.2,True,15,Casa,3.0,4.0,,2.0,5.4,402.2,30.0,120.8,,0.2014,0.1333,Moderado,parcial,1,1,1,0,0,1,0
405,1137.5,False,28,Oficina,11.9,11.0,65.4,10.0,4.0,1545.4,31.0,103.4091,17.393,-0.2639,0.3571,Ineficiente,avanzado,0,0,1,0,0,1,0
406,1164.9,False,30,Comercio,12.2,,192.4,,,,28.0,,6.0546,,,Ineficiente,parcial,0,1,1,1,1,0,0
407,397.8,False,9,Casa,5.8,4.0,184.0,3.0,0.0,342.8,31.0,99.45,2.162,0.1604,0.3333,Eficiente,avanzado,0,0,0,0,1,0,1
408,987.4,True,21,Comercio,12.1,,62.0,6.0,12.6,1004.8,30.0,,15.9258,-0.0173,0.2857,Ineficiente,parcial,1,1,1,0,0,1,0
409,403.7,False,8,Casa,4.8,5.0,126.2,,0.0,,,80.74,3.1989,,,Eficiente,parcial,0,0,1,0,0,0,1
410,668.0,True,9,Oficina,6.8,,258.9,4.0,5.0,509.0,,,2.5801,0.3124,0.4444,Ineficiente,parcial,1,1,1,1,1,0,0
411,323.5,False,8,Apartamento,1.6,3.0,71.6,1.0,7.3,372.9,30.0,107.8333,4.5182,-0.1325,0.125,Eficiente,avanzado,0,0,1,0,0,0,0
412,341.2,True,8,Apartamento,5.2,2.0,138.6,1.0,7.7,345.3,30.0,170.6,2.4618,-0.0119,0.125,Moderado,avanzado,0,0,1,0,0,0,0
413,418.3,True,15,Casa,5.5,,,,,,,,,,,Moderado,basico,1,0,0,0,0,0,0
414,1491.0,True,39,Oficina,15.2,14.0,113.9,14.0,4.9,1139.2,,106.5,13.0904,0.3088,0.359,Ineficiente,parcial,1,1,1,0,1,1,0
415,387.8,False,16,Casa,2.7,,105.5,,0.0,,31.0,,3.6758,,,Eficiente,parcial,0,0,0,0,1,1,0
416,389.5,True,7,Casa,4.8,,,,6.9,353.4,30.0,,,0.1022,,Ineficiente,parcial,1,0,1,1,0,1,0
417,610.7,True,15,Casa,8.9,6.0,64.0,4.0,5.1,558.6,29.0,101.7833,9.5422,0.0933,0.2667,Ineficiente,avanzado,1,1,1,0,1,0,0
418,587.6,False,14,Comercio,6.3,2.0,151.3,4.0,3.3,532.4,29.0,293.8,3.8837,0.1037,0.2857,Ineficiente,avanzado,1,0,0,0,0,0,0
419,163.2,True,2,Casa,2.0,2.0,141.1,0.0,2.3,154.0,31.0,81.6,1.1566,0.0597,0.0,Eficiente,avanzado,0,0,0,0,0,0,1
420,997.2,True,23,Oficina,10.8,12.0,110.6,8.0,0.6,941.7,31.0,83.1,9.0163,0.0589,0.3478,Ineficiente,avanzado,1,1,0,0,0,1,0
421,307.5,True,8,Apartamento,5.8,,,,,,,,,,,Ineficiente,basico,1,1,0,1,0,0,0
422,420.3,True,10,Casa,2.5,,195.7,,0.0,401.1,31.0,,2.1477,0.0479,,Eficiente,parcial,1,1,0,0,1,0,0
423,271.4,True,5,Casa,3.7,1.0,175.8,0.0,0.0,265.6,29.0,271.4,1.5438,0.0218,0.0,Eficiente,avanzado,1,0,0,1,0,0,0
424,518.9,False,12,Casa,5.7,4.0,124.1,,,413.6,30.0,129.725,4.1813,0.2546,,Moderado,parcial,0,1,0,0,0,0,0
425,188.5,True,7,Apartamento,2.3,,,,,,,,,,,Eficiente,basico,1,0,0,0,1,0,0
426,702.5,True,15,Comercio,7.7,,63.5,,,,,,11.063,,,Ineficiente,parcial,1,1,0,0,0,1,0
427,520.0,True,12,Casa,4.5,,,,,,,,,,,Moderado,basico,1,0,0,0,1,1,0
428,646.5,False,20,Comercio,5.0,,,,1.9,,31.0,,,,,Eficiente,parcial,0,1,0,1,0,1,0
429,338.4,False,9,Casa,4.2,4.0,119.3,0.0,,,31.0,84.6,2.8365,,0.0,Eficiente,parcial,0,0,0,0,0,0,1
430,811.3,True,21,Comercio,11.2,6.0,167.0,5.0,3.4,764.1,30.0,135.2167,4.8581,0.0618,0.2381,Moderado,avanzado,1,1,0,0,0,0,0
431,846.3,False,28,Oficina,10.3,10.0,138.8,5.0,7.2,830.9,31.0,84.63,6.0973,0.0185,0.1786,Moderado,avanzado,0,1,1,0,0,1,0
432,1131.5,False,27,Comercio,10.0,,,,,,,,,,,Ineficiente,basico,1,1,1,0,1,0,0
433,376.2,True,10,Apartamento,7.4,,118.3,,,325.3,,,3.1801,0.1565,,Ineficiente,parcial,0,1,0,0,1,0,0
434,1027.5,True,22,Comercio,9.9,,,,,,,,,,,Ineficiente,basico,1,1,0,0,0,0,0
435,627.4,False,11,Casa,8.4,3.0,,5.0,7.4,737.1,29.0,209.1333,,-0.1488,0.4545,Ineficiente,parcial,0,1,0,0,0,0,0
436,712.1,False,22,Casa,7.6,,,,,,,,,,,Moderado,basico,0,1,1,1,1,1,0
437,528.5,True,15,Casa,4.7,7.0,31.8,4.0,0.0,546.9,30.0,75.5,16.6195,-0.0336,0.2667,Ineficiente,avanzado,1,1,0,1,0,1,0
438,397.1,False,14,Apartamento,4.3,4.0,126.1,2.0,0.0,385.8,31.0,99.275,3.1491,0.0293,0.1429,Eficiente,avanzado,0,1,0,0,0,0,1
439,891.7,False,27,Comercio,7.2,,,,,,,,,,,Eficiente,basico,0,0,0,0,0,1,1
440,254.5,True,5,Apartamento,1.8,1.0,96.3,,5.4,371.9,,254.5,2.6428,-0.3157,,Moderado,parcial,0,0,1,1,0,1,0
441,774.6,False,22,Comercio,6.8,,,,,,,,,,,Eficiente,basico,1,0,0,0,0,0,1
442,559.0,False,13,Casa,9.7,2.0,122.1,6.0,0.0,794.7,29.0,279.5,4.5782,-0.2966,0.4615,Ineficiente,avanzado,0,1,0,1,0,1,0
443,347.9,True,7,Apartamento,4.5,2.0,71.8,2.0,4.2,338.6,29.0,173.95,4.8454,0.0275,0.2857,Ineficiente,avanzado,1,0,0,1,0,0,0
444,474.7,True,12,Casa,2.4,3.0,145.1,3.0,6.6,647.8,28.0,158.2333,3.2715,-0.2672,0.25,Moderado,avanzado,1,0,1,1,0,0,0
445,414.7,True,10,Casa,4.4,2.0,138.8,0.0,4.0,335.0,30.0,207.35,2.9878,0.2379,0.0,Moderado,avanzado,1,0,1,0,0,0,0
446,612.6,False,21,Apartamento,9.6,,,,,,,,,,,Moderado,basico,0,0,0,0,0,1,0
447,702.2,True,16,Oficina,5.7,,100.2,,,745.3,,,7.008,-0.0578,,Moderado,parcial,1,0,1,0,0,0,0
448,367.4,False,9,Apartamento,6.2,3.0,76.0,3.0,1.1,267.6,31.0,122.4667,4.8342,0.3729,0.3333,Moderado,avanzado,0,1,0,0,1,0,0
449,271.6,True,5,Casa,3.1,,,,,,,,,,,Ineficiente,basico,1,0,0,1,0,0,0
450,602.6,True,12,Apartamento,8.1,,,,,,,,,,,Ineficiente,basico,1,1,1,1,1,1,0
451,389.6,True,9,Casa,5.0,4.0,128.5,0.0,4.5,448.5,28.0,97.4,3.0319,-0.1313,0.0,Eficiente,avanzado,1,0,0,0,0,1,0
452,1072.3,False,30,Oficina,9.3,,,,,,,,,,,Moderado,basico,0,0,1,1,0,0,0
453,188.2,True,5,Apartamento,2.2,,,,,,,,,,,Eficiente,basico,0,0,0,1,0,0,1
454,460.5,False,7,Casa,5.8,4.0,115.0,4.0,0.0,500.0,28.0,115.125,4.0043,-0.079,0.5714,Moderado,avanzado,0,1,0,0,1,0,0
455,561.6,False,10,Casa,7.0,5.0,136.5,3.0,3.4,605.3,31.0,112.32,4.1143,-0.0722,0.3,Moderado,avanzado,0,0,0,0,1,0,0
456,516.9,True,13,Casa,7.1,5.0,56.6,1.0,5.9,505.0,31.0,103.38,9.1325,0.0236,0.0769,Moderado,avanzado,1,0,0,0,0,1,0
457,1093.9,False,25,Oficina,8.6,11.0,161.1,7.0,9.1,1161.6,30.0,99.4455,6.7902,-0.0583,0.28,Moderado,avanzado,0,1,1,0,0,0,0
458,321.7,False,6,Apartamento,4.7,,56.2,,8.4,,,,5.7242,,,Ineficiente,parcial,0,1,1,0,0,0,0
459,693.9,True,14,Comercio,6.8,6.0,145.9,5.0,1.1,624.8,28.0,115.65,4.756,0.1106,0.3571,Moderado,avanzado,1,0,0,0,1,0,0
460,354.4,True,10,Apartamento,5.8,1.0,,,,,,354.4,,,,Ineficiente,parcial,1,0,0,1,0,1,0
461,324.6,True,5,Apartamento,5.7,1.0,90.4,2.0,7.4,339.3,31.0,324.6,3.5907,-0.0433,0.4,Ineficiente,avanzado,1,1,1,0,1,0,0
462,529.9,True,14,Casa,4.8,6.0,73.9,2.0,0.0,402.0,28.0,88.3167,7.1705,0.3182,0.1429,Moderado,avanzado,1,1,0,0,1,1,0
463,1177.1,True,35,Oficina,11.0,,,,,,,,,,,Moderado,basico,1,0,1,0,1,0,0
464,843.3,True,20,Casa,8.7,8.0,,,,,,105.4125,,,,Moderado,parcial,1,0,0,0,0,0,0
465,538.2,True,12,Apartamento,9.4,3.0,108.4,6.0,0.0,536.4,28.0,179.4,4.9649,0.0034,0.5,Ineficiente,avanzado,1,1,0,0,0,1,0
466,349.0,True,7,Apartamento,8.8,2.0,,1.0,,513.6,31.0,174.5,,-0.3205,0.1429,Moderado,parcial,1,0,0,1,0,0,0
467,272.3,False,4,Apartamento,3.1,3.0,116.5,,,,29.0,90.7667,2.3373,,,Eficiente,parcial,0,0,0,0,0,0,1
468,760.3,True,18,Oficina,8.0,,,,,,,,,,,Ineficiente,basico,0,1,0,0,0,1,0
469,410.4,True,12,Casa,4.9,3.0,151.9,2.0,3.8,318.4,30.0,136.8,2.7018,0.2889,0.1667,Moderado,avanzado,1,0,0,0,0,0,0
470,364.5,True,4,Apartamento,4.0,,,,,,,,,,,Ineficiente,basico,0,0,0,1,0,1,0
471,671.2,True,15,Casa,7.4,4.0,189.7,5.0,1.1,678.5,28.0,167.8,3.5382,-0.0108,0.3333,Moderado,avanzado,1,0,0,0,0,0,0
472,393.3,True,6,Apartamento,6.9,,,,,,,,,,,Moderado,basico,1,1,1,1,0,1,0
473,377.6,False,8,Casa,3.6,3.0,176.1,2.0,2.8,356.3,29.0,125.8667,2.1442,0.0598,0.25,Eficiente,avanzado,0,0,0,0,0,0,1
474,302.1,False,11,Casa,2.5,4.0,117.2,1.0,1.2,358.2,31.0,75.525,2.5776,-0.1566,0.0909,Eficiente,avanzado,0,0,0,0,0,0,1
475,694.9,True,22,Casa,8.9,6.0,157.9,,5.8,818.1,30.0,115.8167,4.4009,-0.1506,,Moderado,parcial,1,0,1,0,1,0,0
476,648.3,True,21,Casa,9.8,,,,,,,,,,,Ineficiente,basico,0,1,1,0,1,0,0
477,278.0,True,8,Apartamento,6.0,,,,,,,,,,,Eficiente,basico,1,0,1,0,0,0,0
478,354.1,True,6,Apartamento,6.2,2.0,75.8,1.0,7.3,281.2,29.0,177.05,4.6715,0.2592,0.1667,Ineficiente,avanzado,1,0,1,0,0,1,0
479,246.4,True,5,Apartamento,4.8,1.0,30.0,2.0,2.5,221.2,28.0,246.4,8.2133,0.1139,0.4,Ineficiente,avanzado,0,1,0,0,0,1,0
480,167.6,False,5,Casa,1.4,,,1.0,0.0,,,,,,0.2,Eficiente,parcial,0,1,0,0,0,0,1
481,305.4,True,8,Casa,3.6,4.0,230.4,0.0,0.0,279.3,31.0,76.35,1.3255,0.0934,0.0,Eficiente,avanzado,1,0,0,0,0,1,0
482,504.1,False,11,Casa,3.8,,,2.0,3.6,,,,,,0.1818,Eficiente,parcial,0,0,0,1,1,0,0
483,374.3,True,13,Apartamento,4.2,2.0,81.8,2.0,0.0,351.3,28.0,187.15,4.5758,0.0655,0.1538,Moderado,avanzado,1,0,0,0,0,0,0
484,313.7,False,8,Casa,2.2,4.0,134.6,2.0,0.0,283.1,31.0,78.425,2.3306,0.1081,0.25,Eficiente,avanzado,0,0,0,0,0,0,1
485,466.1,True,11,Casa,5.4,5.0,117.8,1.0,3.9,352.7,31.0,93.22,3.9567,0.3215,0.0909,Moderado,avanzado,1,1,0,0,1,1,0
486,389.1,True,8,Casa,6.4,3.0,136.5,0.0,7.5,321.9,29.0,129.7,2.8505,0.2088,0.0,Eficiente,avanzado,1,0,1,0,0,0,0
487,192.1,False,4,Apartamento,2.4,,68.2,1.0,0.0,254.3,,,2.8167,-0.2446,0.25,Eficiente,parcial,0,1,0,0,0,0,0
488,439.3,True,12,Casa,5.2,6.0,39.1,2.0,0.0,561.0,30.0,73.2167,11.2353,-0.2169,0.1667,Moderado,avanzado,0,1,0,0,0,1,0
489,319.7,True,8,Apartamento,4.6,3.0,96.9,0.0,0.0,293.4,31.0,106.5667,3.2993,0.0896,0.0,Eficiente,avanzado,0,0,0,1,0,0,1
490,332.9,False,11,Apartamento,2.8,2.0,116.7,3.0,2.3,370.7,31.0,166.45,2.8526,-0.102,0.2727,Eficiente,avanzado,0,1,0,0,0,1,0
491,378.3,True,6,Apartamento,2.2,,,,,,,,,,,Ineficiente,basico,0,1,1,0,1,1,0
492,314.4,False,7,Apartamento,2.4,1.0,68.1,3.0,5.9,290.2,28.0,314.4,4.6167,0.0834,0.4286,Ineficiente,avanzado,0,1,0,0,0,0,0
493,415.6,False,15,Apartamento,7.1,2.0,,3.0,,,31.0,207.8,,,0.2,Moderado,parcial,0,0,1,1,1,0,0
494,432.9,True,8,Casa,8.6,,,,,,,,,,,Moderado,basico,1,0,1,1,0,0,0
495,890.9,True,14,Comercio,8.9,,,,,,,,,,,Ineficiente,basico,1,1,1,1,0,1,0
496,216.5,False,8,Apartamento,3.5,1.0,181.8,0.0,0.0,256.4,31.0,216.5,1.1909,-0.1556,0.0,Eficiente,avanzado,0,0,0,1,0,0,1
497,223.1,True,3,Apartamento,1.0,,,,,,,,,,,Moderado,basico,1,0,0,0,0,0,0
498,306.6,False,11,Apartamento,1.8,,,,,,,,,,,Eficiente,basico,0,1,0,1,0,0,0
499,317.7,False,4,Casa,2.6,2.0,172.0,2.0,0.0,286.5,30.0,158.85,1.8471,0.1089,0.5,Moderado,avanzado,0,1,0,1,0,0,0
500,213.6,False,5,Apartamento,5.0,1.0,,,0.0,,,213.6,,,,Eficiente,parcial,0,1,0,1,0,1,0
501,332.5,False,6,Apartamento,5.1,,,,,,,,,,,Ineficiente,basico,0,1,1,0,0,0,0
502,813.3,True,28,Oficina,6.2,10.0,61.7,4.0,0.0,690.7,28.0,81.33,13.1815,0.1775,0.1429,Ineficiente,avanzado,1,1,0,0,0,1,0
503,896.7,True,29,Oficina,8.2,11.0,173.5,4.0,0.0,854.0,30.0,81.5182,5.1683,0.05,0.1379,Eficiente,avanzado,1,1,0,0,0,1,0
504,426.2,False,10,Apartamento,3.0,,,,,,,,,,,Moderado,basico,1,1,0,0,1,0,0
505,821.2,False,22,Apartamento,11.1,6.0,70.9,10.0,8.4,857.1,31.0,136.8667,11.5825,-0.0419,0.4545,Ineficiente,avanzado,1,1,1,1,0,1,0
506,649.2,True,15,Comercio,5.7,,,,,,,,,,,Moderado,basico,1,0,1,0,1,0,0
507,481.6,True,7,Casa,7.5,3.0,195.7,1.0,6.8,548.6,28.0,160.5333,2.4609,-0.1221,0.1429,Moderado,avanzado,1,0,1,0,0,0,0
508,1137.5,False,22,Comercio,10.1,,,,,,,,,,,Ineficiente,basico,1,1,1,0,1,0,0
509,364.9,False,7,Apartamento,4.1,3.0,71.3,2.0,11.4,381.2,29.0,121.6333,5.1178,-0.0428,0.2857,Moderado,avanzado,1,0,1,0,0,0,0
510,541.3,False,17,Casa,8.0,5.0,47.2,3.0,0.0,639.8,29.0,108.26,11.4682,-0.154,0.1765,Moderado,avanzado,0,0,0,1,0,1,0
511,551.4,False,9,Casa,4.1,4.0,127.7,3.0,11.9,,30.0,137.85,4.3179,,0.3333,Moderado,parcial,0,1,1,0,0,1,0
512,1033.4,True,30,Comercio,13.1,,,,,,,,,,,Ineficiente,basico,1,0,0,0,1,1,0
513,275.8,False,10,Casa,2.7,3.0,36.0,1.0,4.2,267.9,31.0,91.9333,7.6611,0.0295,0.1,Eficiente,avanzado,0,0,1,0,0,1,0
514,385.9,True,10,Casa,3.3,,,,,,,,,,,Moderado,basico,0,0,0,0,1,0,0
515,443.2,True,8,Casa,7.7,3.0,184.2,1.0,8.4,506.3,,147.7333,2.4061,-0.1246,0.125,Moderado,parcial,0,0,1,0,0,0,0
516,792.1,True,24,Casa,9.7,,,,,,,,,,,Ineficiente,basico,1,1,0,0,1,1,0
517,528.7,True,15,Casa,5.3,7.0,124.2,2.0,,,,75.5286,4.2568,,0.1333,Eficiente,parcial,1,0,0,0,1,0,0
518,644.4,True,15,Comercio,6.4,4.0,163.9,4.0,3.2,587.3,28.0,161.1,3.9317,0.0972,0.2667,Moderado,avanzado,1,0,0,0,0,0,0
519,373.5,True,4,Casa,1.6,3.0,,1.0,2.8,,28.0,124.5,,,0.25,Moderado,parcial,1,0,0,0,0,0,0
520,756.0,True,18,Comercio,5.8,4.0,79.5,7.0,0.0,733.6,29.0,189.0,9.5094,0.0305,0.3889,Ineficiente,avanzado,1,1,0,1,0,0,0
521,719.2,False,19,Comercio,7.1,,,,,,,,,,,Eficiente,basico,0,0,1,0,0,0,1
522,515.1,False,13,Casa,5.0,5.0,78.3,3.0,8.5,430.5,30.0,103.02,6.5785,0.1965,0.2308,Moderado,avanzado,0,1,1,1,1,0,0
523,444.9,False,10,Casa,6.8,2.0,53.1,,2.0,611.4,30.0,222.45,8.3785,-0.2723,,Ineficiente,parcial,0,0,0,1,0,0,0
524,229.7,True,6,Apartamento,3.0,2.0,,2.0,,,28.0,114.85,,,0.3333,Ineficiente,parcial,0,0,0,0,1,0,0
525,355.3,False,5,Casa,2.5,,,,,,,,,,,Eficiente,basico,0,0,1,0,0,0,1
526,435.0,False,11,Casa,4.7,4.0,123.8,3.0,3.9,453.6,30.0,108.75,3.5137,-0.041,0.2727,Eficiente,avanzado,0,0,1,1,0,0,0
527,884.6,False,23,Oficina,7.2,9.0,108.0,8.0,0.0,981.3,31.0,98.2889,8.1907,-0.0985,0.3478,Moderado,avanzado,1,0,0,0,0,0,0
528,314.8,True,6,Oficina,3.2,3.0,170.3,1.0,0.0,361.6,28.0,104.9333,1.8485,-0.1294,0.1667,Eficiente,avanzado,0,0,0,0,0,0,1
529,882.7,False,22,Comercio,6.7,6.0,185.6,9.0,0.0,716.5,31.0,147.1167,4.7559,0.232,0.4091,Ineficiente,avanzado,0,1,0,0,1,0,0
530,325.9,True,5,Casa,5.9,,,,,,,,,,,Ineficiente,basico,1,0,1,1,0,1,0
531,545.0,False,13,Apartamento,7.1,2.0,90.4,,10.2,452.3,,272.5,6.0288,0.205,,Ineficiente,parcial,0,0,1,0,0,1,0
532,335.2,False,5,Apartamento,4.3,3.0,106.3,1.0,0.0,286.1,28.0,111.7333,3.1533,0.1716,0.2,Eficiente,avanzado,0,1,1,0,0,1,0
533,465.8,True,11,Casa,8.4,5.0,,,,360.0,30.0,93.16,,0.2939,,Eficiente,parcial,1,0,0,0,0,0,1
534,430.6,True,11,Apartamento,5.8,,,,,,,,,,,Ineficiente,basico,1,0,1,0,0,1,0
535,431.3,True,8,Casa,5.9,,,,,,,,,,,Moderado,basico,0,0,0,0,0,1,0
536,509.1,False,10,Casa,8.8,4.0,105.2,3.0,2.9,462.0,29.0,127.275,4.8394,0.1019,0.3,Moderado,avanzado,0,1,1,0,0,1,0
537,205.8,False,9,Apartamento,0.2,,,,,,,,,,,Eficiente,basico,0,0,0,0,1,0,0
538,431.7,True,7,Casa,8.1,5.0,148.9,0.0,7.8,478.6,31.0,86.34,2.8993,-0.098,0.0,Eficiente,avanzado,1,0,1,0,0,0,0
539,414.5,True,9,Casa,5.7,4.0,137.0,,0.0,472.4,28.0,103.625,3.0255,-0.1226,,Eficiente,parcial,0,0,0,0,0,0,1
540,545.7,False,13,Comercio,2.5,,,,,,,,,,,Eficiente,basico,0,0,0,0,0,0,1
541,605.4,False,18,Oficina,4.0,9.0,149.3,2.0,0.0,583.3,,67.2667,4.0549,0.0379,0.1111,Eficiente,parcial,1,0,0,0,0,0,1
542,476.9,True,13,Apartamento,9.2,,,,,,,,,,,Moderado,basico,1,0,0,0,0,0,0
543,825.2,False,18,Comercio,9.3,6.0,215.1,5.0,11.0,987.2,31.0,137.5333,3.8364,-0.1641,0.2778,Moderado,avanzado,0,1,1,0,0,0,0
544,974.5,True,23,Oficina,9.4,,141.4,,9.4,,31.0,,6.8918,,,Ineficiente,parcial,1,0,1,1,0,0,0
545,294.0,False,5,Casa,1.0,3.0,98.7,2.0,0.0,261.6,29.0,98.0,2.9787,0.1239,0.4,Eficiente,avanzado,0,0,0,0,0,0,1
546,534.7,True,18,Apartamento,4.2,6.0,60.5,4.0,0.0,434.6,31.0,89.1167,8.838,0.2303,0.2222,Moderado,avanzado,0,1,1,1,1,0,0
547,317.5,False,8,Casa,4.0,,,,,,,,,,,Eficiente,basico,0,0,0,0,0,1,1
548,456.8,False,8,Casa,7.0,,,,,,,,,,,Moderado,basico,0,1,1,0,0,0,0
549,1022.1,False,20,Comercio,10.7,9.0,314.0,6.0,13.1,820.7,29.0,113.5667,3.2551,0.2454,0.3,Ineficiente,avanzado,0,1,1,0,0,1,0
550,232.7,False,5,Apartamento,3.5,1.0,77.2,0.0,7.2,188.5,31.0,232.7,3.0142,0.2345,0.0,Moderado,avanzado,0,0,0,0,0,0,1
551,330.2,False,14,Apartamento,5.3,2.0,,,,,,165.1,,,,Moderado,parcial,0,1,0,0,0,1,0
552,472.6,False,11,Casa,5.1,2.0,142.6,1.0,9.6,433.3,30.0,236.3,3.3142,0.0907,0.0909,Moderado,avanzado,0,0,0,0,0,0,1
553,831.1,True,23,Casa,10.3,,,,,,,,,,,Ineficiente,basico,0,1,1,0,0,1,0
554,801.1,False,23,Oficina,5.0,,,,,,,,,,,Moderado,basico,0,1,0,0,0,1,0
555,436.3,True,11,Casa,3.0,7.0,71.5,,0.0,566.5,30.0,62.3286,6.1021,-0.2298,,Eficiente,parcial,0,0,1,0,0,0,1
556,283.2,False,8,Casa,3.0,1.0,125.0,1.0,5.9,278.6,31.0,283.2,2.2656,0.0165,0.125,Moderado,avanzado,0,1,1,1,0,0,0
557,402.4,True,9,Casa,4.1,3.0,45.8,1.0,9.7,375.4,28.0,134.1333,8.786,0.0719,0.1111,Ineficiente,avanzado,0,0,1,1,0,1,0
558,449.2,True,7,Apartamento,8.8,1.0,63.6,2.0,7.1,724.5,29.0,449.2,7.0629,-0.38,0.2857,Ineficiente,avanzado,1,1,1,1,0,0,0
559,399.1,True,9,Apartamento,5.4,3.0,58.1,3.0,3.8,366.8,30.0,133.0333,6.8692,0.0881,0.3333,Ineficiente,avanzado,1,1,1,0,0,1,0
560,598.2,True,17,Apartamento,7.6,7.0,65.9,3.0,5.1,494.8,31.0,85.4571,9.0774,0.209,0.1765,Ineficiente,avanzado,0,0,0,0,0,0,1
561,569.8,True,18,Casa,8.3,7.0,102.9,3.0,0.0,448.6,29.0,81.4,5.5374,0.2702,0.1667,Moderado,avanzado,0,0,0,1,1,0,0
562,505.6,False,12,Casa,4.2,,,4.0,,467.3,,,,0.082,0.3333,Moderado,parcial,0,1,0,0,0,1,0
563,914.1,False,25,Comercio,6.6,6.0,220.1,9.0,1.6,966.8,29.0,152.35,4.1531,-0.0545,0.36,Moderado,avanzado,1,1,0,0,1,0,0
564,235.6,True,6,Apartamento,3.2,2.0,86.7,0.0,,188.8,28.0,117.8,2.7174,0.2479,0.0,Eficiente,parcial,0,0,1,0,0,0,1
565,244.4,False,8,Apartamento,2.9,1.0,109.2,1.0,4.0,200.4,31.0,244.4,2.2381,0.2196,0.125,Moderado,avanzado,0,0,0,0,1,1,0
566,355.4,True,4,Apartamento,6.3,1.0,66.0,2.0,8.6,316.2,29.0,355.4,5.3848,0.124,0.5,Ineficiente,avanzado,1,0,1,1,1,1,0
567,748.0,False,16,Comercio,5.1,6.0,185.1,,2.8,654.7,31.0,124.6667,4.0411,0.1425,,Moderado,parcial,0,1,0,1,0,0,0
568,289.5,True,7,Casa,4.1,,,,,,,,,,,Eficiente,basico,0,0,0,1,1,0,0
569,521.9,False,13,Casa,5.1,,,,,,,,,,,Eficiente,basico,0,0,0,0,1,0,0
570,496.5,True,20,Apartamento,7.5,,60.5,2.0,5.4,800.8,29.0,,8.2066,-0.38,0.1,Moderado,parcial,0,0,1,0,0,0,0
571,515.7,True,11,Casa,8.1,6.0,168.1,2.0,0.8,,30.0,85.95,3.0678,,0.1818,Eficiente,parcial,1,0,0,0,0,0,0
572,808.8,False,18,Comercio,6.0,12.0,111.8,3.0,0.0,809.9,30.0,67.4,7.2343,-0.0014,0.1667,Eficiente,avanzado,0,0,0,0,0,0,1
573,219.7,False,3,Apartamento,2.0,3.0,64.3,0.0,0.0,211.3,29.0,73.2333,3.4168,0.0398,0.0,Eficiente,avanzado,0,0,0,0,1,0,1
574,595.9,False,13,Comercio,7.5,,,,,,30.0,,,,,Eficiente,parcial,0,1,1,0,0,0,0
575,849.6,True,17,Comercio,8.9,6.0,193.1,7.0,0.0,803.6,31.0,141.6,4.3998,0.0572,0.4118,Ineficiente,avanzado,1,0,0,1,0,1,0
576,241.6,False,6,Apartamento,0.0,1.0,51.9,0.0,6.2,225.3,29.0,241.6,4.6551,0.0723,0.0,Eficiente,avanzado,0,1,1,0,0,0,0
577,739.3,False,19,Oficina,8.5,,,,,,,,,,,Moderado,basico,0,1,0,0,0,1,0
578,256.7,True,10,Apartamento,2.9,2.0,62.5,1.0,0.0,225.2,31.0,128.35,4.1072,0.1399,0.1,Eficiente,avanzado,0,0,1,0,1,0,0
579,698.1,False,19,Comercio,6.7,,,3.0,4.7,,,,,,0.1579,Eficiente,parcial,1,1,1,0,0,0,0
580,193.6,False,7,Casa,0.7,,,,,,,,,,,Eficiente,basico,0,0,0,0,0,0,1
581,192.8,True,4,Apartamento,4.6,,,0.0,3.9,,29.0,,,,0.0,Eficiente,parcial,0,0,0,1,0,0,0
582,168.3,True,3,Apartamento,2.1,,,,,,,,,,,Eficiente,basico,1,0,0,0,0,0,1
583,668.8,True,16,Casa,8.1,6.0,162.6,3.0,7.5,609.3,29.0,111.4667,4.1132,0.0977,0.1875,Moderado,avanzado,1,0,1,0,0,0,0
584,468.5,True,15,Casa,8.5,,,,,,,,,,,Ineficiente,basico,0,0,1,0,1,1,0
585,1243.4,False,30,Oficina,8.8,,,12.0,,,,,,,0.4,Moderado,parcial,0,1,0,0,0,0,0
586,403.4,True,13,Apartamento,5.6,2.0,80.9,2.0,7.6,448.7,29.0,201.7,4.9864,-0.101,0.1538,Ineficiente,avanzado,1,0,1,0,1,0,0
587,466.1,False,12,Casa,2.5,,,,2.9,,,,,,,Eficiente,parcial,0,0,0,0,0,0,1
588,513.6,False,9,Casa,8.6,6.0,126.1,2.0,11.5,482.9,28.0,85.6,4.073,0.0636,0.2222,Moderado,avanzado,1,0,1,0,0,0,0
589,292.8,False,8,Casa,3.5,,,,,,,,,,,Moderado,basico,0,0,0,1,0,0,0
590,417.9,True,10,Casa,6.0,1.0,96.8,1.0,8.0,358.0,29.0,417.9,4.3171,0.1673,0.1,Ineficiente,avanzado,1,0,1,1,0,0,0
591,1249.3,True,36,Oficina,11.4,,,,,,,,,,,Ineficiente,basico,1,1,1,0,0,0,0
592,271.8,True,8,Apartamento,4.1,,,,2.4,,,,,,,Ineficiente,parcial,1,1,0,1,1,1,0
593,516.5,False,9,Casa,2.6,4.0,107.9,2.0,11.8,532.0,31.0,129.125,4.7868,-0.0291,0.2222,Moderado,avanzado,0,0,1,0,0,0,0
594,261.0,False,9,Apartamento,3.6,5.0,82.4,0.0,0.0,376.0,31.0,52.2,3.1675,-0.3059,0.0,Eficiente,avanzado,0,0,0,1,0,0,0
595,404.9,False,8,Casa,2.4,4.0,96.9,4.0,0.0,370.7,30.0,101.225,4.1785,0.0923,0.5,Moderado,avanzado,0,1,0,0,1,0,0
596,628.4,True,11,Casa,7.0,,,,,,,,,,,Moderado,basico,1,1,0,1,0,0,0
597,362.1,True,11,Apartamento,5.4,,,1.0,0.0,,,,,,0.0909,Eficiente,parcial,1,0,0,1,0,0,0
598,457.4,False,11,Apartamento,8.6,,,,,,,,,,,Eficiente,basico,0,0,1,0,0,0,0
599,936.6,False,17,Oficina,7.0,10.0,173.4,8.0,9.9,1182.3,28.0,93.66,5.4014,-0.2078,0.4706,Ineficiente,avanzado,0,1,1,0,1,0,0
600,430.1,False,7,Apartamento,4.4,5.0,66.0,5.0,0.0,401.1,29.0,86.02,6.5167,0.0723,0.7143,Ineficiente,avanzado,1,1,0,0,0,0,0
601,201.4,True,5,Apartamento,3.1,,,,,,,,,,,Moderado,basico,1,0,0,1,0,1,0
602,811.9,False,16,Comercio,4.0,7.0,144.8,,6.1,,31.0,115.9857,5.607,,,Moderado,parcial,0,1,1,0,0,0,0
603,807.7,True,13,Oficina,13.0,,,,,,,,,,,Ineficiente,basico,1,1,1,0,0,1,0
604,282.3,False,4,Apartamento,1.7,,,,,,,,,,,Ineficiente,basico,0,1,1,1,0,1,0
605,1252.7,False,36,Oficina,12.1,12.0,94.2,11.0,,,28.0,104.3917,13.2983,,0.3056,Ineficiente,parcial,0,0,1,0,0,1,0
606,754.1,True,21,Comercio,10.0,4.0,88.7,5.0,9.0,825.5,28.0,188.525,8.5017,-0.0865,0.2381,Ineficiente,avanzado,1,0,1,1,0,0,0
607,656.8,True,13,Comercio,7.9,,,,,,,,,,,Ineficiente,basico,1,1,0,0,0,1,0
608,442.3,True,7,Casa,11.9,,,,,,,,,,,Ineficiente,basico,1,1,1,1,1,0,0
609,405.1,True,12,Apartamento,5.4,4.0,90.3,1.0,0.0,385.1,30.0,101.275,4.4862,0.0519,0.0833,Eficiente,avanzado,1,0,0,0,0,1,0
610,470.0,True,8,Apartamento,5.8,3.0,101.2,2.0,7.1,486.3,31.0,156.6667,4.6443,-0.0335,0.25,Moderado,avanzado,1,0,1,0,0,0,0
611,217.6,False,4,Apartamento,2.9,1.0,90.2,1.0,0.0,184.5,30.0,217.6,2.4124,0.1794,0.25,Moderado,avanzado,0,1,1,0,0,0,0
612,531.0,True,20,Apartamento,7.6,4.0,104.0,4.0,0.0,541.5,29.0,132.75,5.1058,-0.0194,0.2,Moderado,avanzado,0,1,0,0,0,0,0
613,1173.0,False,26,Oficina,12.6,11.0,,10.0,6.8,958.1,28.0,106.6364,,0.2243,0.3846,Ineficiente,parcial,1,1,1,0,1,1,0
614,1309.9,False,32,Oficina,13.4,,,,,,,,,,,Ineficiente,basico,0,1,0,0,1,0,0
615,526.3,True,15,Casa,7.9,5.0,83.3,2.0,8.8,547.6,28.0,105.26,6.3181,-0.0389,0.1333,Moderado,avanzado,0,0,1,0,0,0,0
616,414.6,False,14,Apartamento,7.0,1.0,76.4,3.0,5.7,373.8,29.0,414.6,5.4267,0.1091,0.2143,Ineficiente,avanzado,0,1,1,1,1,0,0
617,1222.9,False,32,Comercio,14.0,9.0,101.5,10.0,5.4,1540.7,31.0,135.8778,12.0483,-0.2063,0.3125,Ineficiente,avanzado,1,1,1,1,1,1,0
618,532.0,True,16,Casa,6.9,6.0,187.2,2.0,3.9,433.0,30.0,88.6667,2.8419,0.2286,0.125,Eficiente,avanzado,1,0,1,1,1,0,0
619,776.9,True,20,Casa,10.0,,,4.0,4.0,,,,,,0.2,Moderado,parcial,0,0,1,0,0,0,0
620,503.8,False,11,Casa,5.2,,184.8,2.0,,482.3,31.0,,2.7262,0.0446,0.1818,Eficiente,parcial,0,0,1,0,0,0,1
621,852.3,False,19,Comercio,8.9,,,,,,,,,,,Ineficiente,basico,0,1,0,0,0,1,0
622,229.1,True,5,Apartamento,1.8,1.0,63.5,1.0,0.0,198.7,29.0,229.1,3.6079,0.153,0.2,Moderado,avanzado,1,1,0,0,1,0,0
623,926.1,True,20,Oficina,8.4,10.0,59.4,7.0,6.4,878.3,29.0,92.61,15.5909,0.0544,0.35,Ineficiente,avanzado,1,1,1,0,0,1,0
624,419.4,True,10,Apartamento,7.9,3.0,86.7,,,476.2,,139.8,4.8374,-0.1193,,Moderado,parcial,1,0,1,0,0,0,0
625,1111.3,False,30,Oficina,9.6,,,,,,,,,,,Moderado,basico,0,0,0,0,0,1,0
626,593.3,True,16,Casa,6.8,6.0,166.7,3.0,2.6,461.8,29.0,98.8833,3.5591,0.2848,0.1875,Moderado,avanzado,1,0,0,0,0,0,0
627,784.1,False,17,Comercio,8.6,,,,,,,,,,,Moderado,basico,1,0,0,1,0,0,0
628,359.9,True,11,Casa,6.5,,,,,,,,,,,Moderado,basico,1,1,1,0,0,0,0
629,193.1,True,7,Apartamento,4.0,3.0,38.2,1.0,0.0,222.9,31.0,64.3667,5.055,-0.1337,0.1429,Eficiente,avanzado,0,0,0,0,0,0,1
630,507.2,True,10,Comercio,5.5,,,,,,,,,,,Ineficiente,basico,1,0,0,1,1,1,0
631,1261.6,True,25,Oficina,13.8,12.0,167.4,11.0,7.8,1513.5,29.0,105.1333,7.5364,-0.1664,0.44,Ineficiente,avanzado,1,1,1,1,0,0,0
632,1238.8,True,28,Comercio,13.4,,,,,,,,,,,Ineficiente,basico,1,1,1,0,0,1,0
633,379.2,False,12,Casa,5.4,,,,,,,,,,,Ineficiente,basico,0,1,0,1,0,1,0
634,498.2,False,15,Casa,9.6,5.0,92.3,4.0,3.2,406.6,29.0,99.64,5.3976,0.2253,0.2667,Moderado,avanzado,0,1,1,1,0,0,0
635,571.4,True,12,Casa,6.4,,,,,,,,,,,Ineficiente,basico,1,0,1,0,0,0,0
636,422.2,False,10,Casa,5.4,,,,,,,,,,,Eficiente,basico,0,0,1,0,0,0,1
637,350.2,True,8,Apartamento,4.3,4.0,81.0,2.0,0.0,301.2,28.0,87.55,4.3235,0.1627,0.25,Moderado,avanzado,1,1,0,0,0,1,0
638,337.7,True,8,Apartamento,4.1,2.0,61.0,3.0,0.0,272.0,30.0,168.85,5.5361,0.2415,0.375,Ineficiente,avanzado,1,1,0,0,1,0,0
639,618.0,False,17,Comercio,5.0,4.0,41.9,4.0,0.0,554.9,29.0,154.5,14.7494,0.1137,0.2353,Ineficiente,avanzado,0,1,1,1,0,1,0
640,906.6,True,27,Comercio,9.6,,,,,,,,,,,Moderado,basico,1,0,0,1,0,1,0
641,498.5,True,11,Apartamento,5.9,3.0,,,,,,166.1667,,,,Ineficiente,parcial,1,0,1,1,0,1,0
642,778.0,False,19,Comercio,6.2,7.0,106.8,6.0,3.6,656.6,29.0,111.1429,7.2846,0.1849,0.3158,Moderado,avanzado,0,0,0,0,0,0,1
643,224.2,False,8,Casa,0.0,,,1.0,,242.3,,,,-0.0747,0.125,Eficiente,parcial,0,0,0,1,0,0,0
644,278.4,True,3,Casa,6.0,,,,,,,,,,,Moderado,basico,0,0,1,1,1,1,0
645,601.4,False,18,Apartamento,8.7,4.0,79.1,4.0,10.6,527.2,31.0,150.35,7.603,0.1407,0.2222,Ineficiente,avanzado,0,1,1,1,0,0,0
646,698.5,True,17,Comercio,8.8,,,,,627.6,,,,0.113,,Ineficiente,parcial,0,0,0,0,0,0,1
647,135.3,False,5,Casa,0.6,,,0.0,,110.2,29.0,,,0.2278,0.0,Eficiente,parcial,0,0,0,1,0,0,1
648,414.1,True,9,Apartamento,7.0,2.0,76.8,2.0,7.3,406.2,30.0,207.05,5.3919,0.0194,0.2222,Ineficiente,avanzado,0,0,1,0,0,0,0
649,248.7,True,9,Apartamento,4.5,,,,,,,,,,,Eficiente,basico,0,0,0,0,0,0,1
650,481.9,True,13,Casa,6.7,,201.6,,3.6,,29.0,,2.3904,,,Moderado,parcial,0,0,0,1,0,0,0
651,380.3,False,12,Casa,4.1,2.0,134.4,1.0,5.7,347.4,31.0,190.15,2.8296,0.0947,0.0833,Eficiente,avanzado,0,1,1,0,0,1,0
652,1097.3,True,24,Oficina,9.6,11.0,115.2,9.0,4.5,907.9,30.0,99.7545,9.5252,0.2086,0.375,Ineficiente,avanzado,1,1,0,0,0,0,0
653,267.0,False,6,Apartamento,4.2,2.0,43.5,0.0,5.7,297.8,30.0,133.5,6.1379,-0.1034,0.0,Eficiente,avanzado,0,0,0,1,0,0,1
654,446.9,False,9,Casa,4.9,4.0,162.1,1.0,10.0,403.0,30.0,111.725,2.7569,0.1089,0.1111,Eficiente,avanzado,0,0,1,0,0,1,0
655,972.8,False,16,Comercio,8.2,10.0,109.0,6.0,,1077.1,28.0,97.28,8.9248,-0.0968,0.375,Ineficiente,parcial,1,1,1,1,0,1,0
656,290.6,True,2,Casa,2.9,1.0,,0.0,7.4,291.6,29.0,290.6,,-0.0034,0.0,Moderado,parcial,1,0,1,1,0,0,0
657,580.2,False,15,Comercio,5.2,,,,,,,,,,,Moderado,basico,0,0,0,1,0,1,0
658,707.5,True,21,Casa,10.5,,,1.0,8.4,716.2,,,,-0.0121,0.0476,Moderado,parcial,0,0,1,0,0,0,0
659,306.7,True,9,Apartamento,5.5,5.0,38.0,0.0,0.0,254.5,30.0,61.34,8.0711,0.2051,0.0,Eficiente,avanzado,1,0,1,0,0,1,0
660,379.0,True,12,Casa,5.7,2.0,162.5,2.0,0.0,358.1,29.0,189.5,2.3323,0.0584,0.1667,Moderado,avanzado,0,1,0,1,0,0,0
661,659.5,False,11,Casa,6.8,5.0,223.1,4.0,7.0,456.4,31.0,131.9,2.9561,0.445,0.3636,Ineficiente,avanzado,0,1,1,0,0,1,0
662,1019.1,False,37,Oficina,8.0,10.0,82.0,8.0,0.0,978.6,30.0,101.91,12.428,0.0414,0.2162,Ineficiente,avanzado,0,1,0,0,1,1,0
663,522.0,True,12,Casa,9.6,,,,,,,,,,,Eficiente,basico,1,0,1,0,0,0,0
664,623.9,False,18,Casa,9.4,,,,,,,,,,,Ineficiente,basico,1,1,0,0,0,1,0
665,818.6,True,23,Casa,7.8,10.0,73.9,,3.5,,28.0,81.86,11.0771,,,Ineficiente,parcial,1,1,0,0,0,0,0
666,453.7,False,15,Apartamento,4.4,,,,,,,,,,,Eficiente,basico,1,1,0,0,1,1,0
667,676.6,True,10,Comercio,8.4,3.0,228.0,3.0,10.7,658.6,30.0,225.5333,2.9675,0.0273,0.3,Ineficiente,avanzado,1,0,1,0,0,0,0
668,577.4,False,14,Oficina,5.5,4.0,141.8,3.0,0.0,591.6,,144.35,4.0719,-0.024,0.2143,Eficiente,parcial,0,1,1,0,1,0,0
669,315.8,False,11,Casa,2.7,3.0,153.9,1.0,1.2,293.9,28.0,105.2667,2.052,0.0745,0.0909,Eficiente,avanzado,0,0,0,0,0,1,1
670,478.4,True,12,Casa,7.1,4.0,,1.0,,444.9,29.0,119.6,,0.0753,0.0833,Eficiente,parcial,0,0,1,0,0,1,0
671,351.2,True,5,Casa,6.2,1.0,186.2,0.0,8.5,273.5,31.0,351.2,1.8861,0.2841,0.0,Ineficiente,avanzado,1,1,1,1,1,0,0
672,251.2,False,7,Apartamento,2.0,2.0,63.1,,3.2,,31.0,125.6,3.981,,,Eficiente,parcial,0,0,0,0,0,0,1
673,985.6,False,25,Oficina,8.2,10.0,103.6,7.0,2.9,838.1,31.0,98.56,9.5135,0.176,0.28,Ineficiente,avanzado,0,1,0,0,0,1,0
674,516.5,True,13,Apartamento,9.6,,103.3,,,,,,5.0,,,Ineficiente,parcial,0,1,1,0,1,0,0
675,446.2,True,10,Apartamento,8.1,,88.9,,4.8,,29.0,,5.0191,,,Ineficiente,parcial,1,0,0,1,0,1,0
676,382.8,True,9,Casa,5.8,6.0,159.7,0.0,2.6,316.2,28.0,63.8,2.397,0.2106,0.0,Eficiente,avanzado,1,0,0,0,1,0,0
677,1104.6,True,28,Oficina,12.9,,,,,,,,,,,Ineficiente,basico,1,1,1,1,0,1,0
678,331.2,False,7,Apartamento,4.0,,,,,,,,,,,Eficiente,basico,0,0,1,1,1,1,0
679,514.9,False,18,Casa,5.1,,,,,,,,,,,Eficiente,basico,0,0,1,0,0,0,1
680,606.6,False,10,Casa,7.5,3.0,145.4,4.0,12.8,528.3,29.0,202.2,4.1719,0.1482,0.4,Ineficiente,avanzado,0,1,1,1,0,1,0
681,555.3,True,12,Casa,6.1,,,,,,,,,,,Moderado,basico,1,0,1,0,0,0,0
682,511.2,False,9,Casa,5.9,2.0,140.0,3.0,11.0,585.1,31.0,255.6,3.6514,-0.1263,0.3333,Ineficiente,avanzado,0,0,1,0,0,0,0
683,411.4,False,11,Casa,4.7,4.0,167.8,2.0,3.3,315.2,30.0,102.85,2.4517,0.3052,0.1818,Eficiente,avanzado,0,0,1,0,1,0,0
684,224.7,False,6,Apartamento,5.7,2.0,53.5,2.0,0.8,234.3,31.0,112.35,4.2,-0.041,0.3333,Eficiente,avanzado,0,1,0,0,0,0,1
685,559.2,True,13,Apartamento,10.7,5.0,,,,,,111.84,,,,Moderado,parcial,1,0,1,0,0,0,0
686,479.3,False,11,Casa,8.4,4.0,135.9,3.0,4.3,452.0,29.0,119.825,3.5269,0.0604,0.2727,Moderado,avanzado,0,1,0,0,0,0,0
687,416.4,True,9,Apartamento,4.3,,,,,,,,,,,Ineficiente,basico,1,1,0,1,1,0,0
688,683.3,False,21,Oficina,8.7,7.0,81.6,2.0,3.5,614.4,31.0,97.6143,8.3738,0.1121,0.0952,Moderado,avanzado,0,1,0,1,0,0,0
689,793.0,False,15,Comercio,8.7,,,,,,,,,,,Ineficiente,basico,0,0,1,1,0,0,0
690,222.4,False,2,Apartamento,2.7,1.0,76.3,0.0,9.8,265.7,28.0,222.4,2.9148,-0.163,0.0,Eficiente,avanzado,0,0,0,1,0,1,0
691,518.6,True,13,Casa,7.7,,,,,478.4,,,,0.084,,Ineficiente,parcial,1,0,1,0,0,1,0
692,932.1,True,17,Oficina,6.6,10.0,90.1,7.0,3.6,933.3,31.0,93.21,10.3452,-0.0013,0.4118,Ineficiente,avanzado,1,1,1,0,0,0,0
693,343.5,False,11,Casa,3.4,,,1.0,,,,,,,0.0909,Eficiente,parcial,0,1,0,0,0,1,0
694,378.6,True,7,Casa,6.2,1.0,177.5,1.0,3.1,402.1,31.0,378.6,2.133,-0.0584,0.1429,Ineficiente,avanzado,1,0,0,1,0,0,0
695,961.9,True,33,Oficina,8.5,,,,,,,,,,,Moderado,basico,1,1,0,0,1,0,0
696,430.2,True,13,Apartamento,4.5,,,,,,,,,,,Moderado,basico,1,0,1,0,0,0,0
697,685.9,False,21,Comercio,6.1,6.0,,3.0,2.8,850.2,,114.3167,,-0.1932,0.1429,Eficiente,parcial,0,1,0,0,0,0,1
698,570.3,True,11,Apartamento,9.8,,,,,,,,,,,Ineficiente,basico,1,1,0,0,0,1,0
699,274.7,True,2,Apartamento,0.7,1.0,,,,,30.0,274.7,,,,Moderado,parcial,0,1,0,0,0,0,0
700,479.1,False,14,Casa,7.1,3.0,132.7,1.0,10.0,486.2,30.0,159.7,3.6104,-0.0146,0.0714,Eficiente,avanzado,0,0,1,1,0,0,0
701,311.9,False,7,Casa,4.1,1.0,146.2,3.0,0.0,404.8,28.0,311.9,2.1334,-0.2295,0.4286,Ineficiente,avanzado,0,1,0,1,0,0,0
702,382.4,True,7,Casa,5.5,,,,,,,,,,,Moderado,basico,1,0,0,0,0,1,0
703,402.9,False,14,Casa,2.0,3.0,213.5,2.0,6.0,413.0,31.0,134.3,1.8871,-0.0245,0.1429,Eficiente,avanzado,0,1,0,0,0,0,1
704,352.8,False,6,Comercio,2.6,1.0,265.3,2.0,4.2,331.9,,352.8,1.3298,0.063,0.3333,Ineficiente,parcial,1,0,0,1,0,0,0
705,296.5,True,7,Casa,3.6,,,,,,,,,,,Moderado,basico,1,0,0,0,0,1,0
706,383.3,False,6,Apartamento,2.8,3.0,91.9,2.0,11.2,390.2,29.0,127.7667,4.1708,-0.0177,0.3333,Moderado,avanzado,0,1,1,0,0,0,0
707,856.0,True,21,Comercio,12.6,6.0,72.8,5.0,6.0,687.1,31.0,142.6667,11.7582,0.2458,0.2381,Ineficiente,avanzado,1,0,1,0,0,1,0
708,799.9,True,18,Comercio,9.1,6.0,,,,,,133.3167,,,,Ineficiente,parcial,1,1,0,1,1,0,0
709,496.5,True,12,Apartamento,8.5,3.0,,2.0,,,,165.5,,,0.1667,Ineficiente,parcial,1,0,1,0,0,1,0
710,684.0,True,19,Apartamento,9.3,,,,,,,,,,,Ineficiente,basico,1,0,0,0,0,0,0
711,931.9,False,25,Oficina,6.5,,,,,,30.0,,,,,Moderado,parcial,0,0,0,0,0,0,1
712,270.3,True,7,Apartamento,2.3,2.0,105.8,0.0,5.8,251.2,31.0,135.15,2.5548,0.076,0.0,Eficiente,avanzado,1,0,0,0,0,0,1
713,691.4,True,10,Comercio,7.3,,,,,,,,,,,Moderado,basico,1,1,0,1,1,0,0
714,911.4,False,22,Oficina,8.3,,,,,,,,,,,Ineficiente,basico,1,0,1,0,1,1,0
715,773.8,False,18,Comercio,7.9,6.0,236.8,4.0,6.6,895.3,31.0,128.9667,3.2677,-0.1357,0.2222,Eficiente,avanzado,0,0,0,1,0,0,0
716,495.9,False,16,Casa,3.4,,,,,,,,,,,Eficiente,basico,0,0,0,0,0,1,1
717,161.9,False,4,Apartamento,0.4,,,,,,,,,,,Eficiente,basico,0,0,0,0,0,0,1
718,350.6,False,12,Casa,4.9,4.0,151.1,2.0,4.8,394.1,29.0,87.65,2.3203,-0.1104,0.1667,Eficiente,avanzado,1,1,0,0,0,0,0
719,761.4,True,19,Apartamento,8.0,6.0,49.7,6.0,8.6,749.7,31.0,126.9,15.3199,0.0156,0.3158,Ineficiente,avanzado,1,1,1,0,0,1,0
720,528.4,False,13,Oficina,1.4,,,,,,,,,,,Eficiente,basico,0,0,0,0,1,1,0
721,292.7,False,6,Apartamento,3.4,,,,,,,,,,,Ineficiente,basico,0,0,0,1,1,1,0
722,203.2,False,5,Apartamento,6.6,,,,,,,,,,,Eficiente,basico,0,1,0,0,1,0,0
723,534.8,True,12,Casa,7.7,4.0,39.2,5.0,0.0,517.4,29.0,133.7,13.6429,0.0336,0.4167,Ineficiente,avanzado,1,1,0,0,0,1,0
724,553.0,False,17,Oficina,3.8,7.0,166.7,2.0,4.8,622.1,29.0,79.0,3.3173,-0.1111,0.1176,Eficiente,avanzado,0,0,0,0,0,0,1
725,658.6,False,15,Casa,5.6,8.0,177.2,5.0,4.9,569.0,29.0,82.325,3.7167,0.1575,0.3333,Moderado,avanzado,0,1,0,1,0,0,0
726,344.8,True,4,Casa,4.4,2.0,,,,288.4,31.0,172.4,,0.1956,,Moderado,parcial,1,0,0,0,0,0,0
727,363.9,False,10,Casa,4.1,3.0,114.0,3.0,0.0,398.7,31.0,121.3,3.1921,-0.0873,0.3,Eficiente,avanzado,0,0,1,1,0,0,0
728,497.2,True,13,Casa,4.4,5.0,77.8,3.0,0.0,433.6,29.0,99.44,6.3907,0.1467,0.2308,Moderado,avanzado,1,0,1,0,0,0,0
729,257.8,True,7,Apartamento,6.2,1.0,43.6,1.0,0.0,317.5,30.0,257.8,5.9128,-0.188,0.1429,Ineficiente,avanzado,1,0,0,1,1,0,0
730,357.2,True,12,Apartamento,4.3,3.0,81.7,2.0,0.0,297.7,31.0,119.0667,4.3721,0.1999,0.1667,Moderado,avanzado,0,1,0,0,0,0,0
731,310.2,True,9,Casa,6.5,,,,,,,,,,,Eficiente,basico,1,0,1,0,0,0,0
732,304.3,True,9,Casa,7.0,2.0,124.6,0.0,0.0,252.0,31.0,152.15,2.4422,0.2075,0.0,Eficiente,avanzado,1,0,0,0,1,0,0
733,607.4,True,14,Casa,6.5,4.0,199.2,5.0,0.0,506.6,30.0,151.85,3.0492,0.199,0.3571,Moderado,avanzado,1,1,0,1,0,0,0
734,597.0,True,13,Casa,10.8,,,,,,,,,,,Ineficiente,basico,1,0,1,0,1,1,0
735,497.9,True,13,Casa,6.9,,,1.0,4.8,,28.0,,,,0.0769,Eficiente,parcial,1,1,0,0,1,0,0
736,532.3,False,20,Apartamento,4.8,,,,,,,,,,,Eficiente,basico,0,0,0,0,1,0,1
737,485.4,True,11,Casa,5.7,6.0,121.9,,5.9,528.1,,80.9,3.982,-0.0809,,Eficiente,parcial,0,0,0,0,0,0,1
738,444.4,True,11,Casa,5.9,2.0,137.8,1.0,9.5,486.0,28.0,222.2,3.225,-0.0856,0.0909,Moderado,avanzado,1,0,1,0,0,0,0
739,383.5,False,6,Casa,2.0,,,,,,,,,,,Ineficiente,basico,0,1,1,0,0,1,0
740,570.4,True,9,Casa,1.7,,,,,,,,,,,Ineficiente,basico,1,1,1,1,0,0,0
741,430.9,True,13,Casa,4.0,,,,,,,,,,,Ineficiente,basico,1,0,0,0,1,0,0
742,552.2,False,13,Casa,2.3,5.0,126.5,4.0,4.7,443.1,30.0,110.44,4.3652,0.2462,0.3077,Moderado,avanzado,0,0,0,0,1,0,0
743,716.1,False,20,Comercio,4.6,7.0,168.4,4.0,1.2,784.3,31.0,102.3,4.2524,-0.087,0.2,Eficiente,avanzado,0,0,1,0,0,0,1
744,591.9,False,15,Casa,8.1,4.0,93.1,4.0,4.1,686.0,31.0,147.975,6.3577,-0.1372,0.2667,Moderado,avanzado,0,0,0,0,0,0,1
745,380.2,False,10,Apartamento,4.7,5.0,86.2,0.0,11.6,355.7,31.0,76.04,4.4107,0.0689,0.0,Eficiente,avanzado,0,1,1,0,0,0,0
746,273.5,True,4,Apartamento,7.8,2.0,,,7.9,,29.0,136.75,,,,Eficiente,parcial,1,0,0,0,0,0,1
747,448.2,False,10,Casa,4.2,4.0,154.0,2.0,6.8,574.2,28.0,112.05,2.9104,-0.2194,0.2,Eficiente,avanzado,0,0,0,1,0,0,1
748,175.7,False,10,Apartamento,4.4,2.0,120.7,0.0,,167.5,29.0,87.85,1.4557,0.049,0.0,Eficiente,parcial,0,0,1,1,0,1,0
749,1112.3,True,33,Comercio,12.2,11.0,138.1,6.0,8.8,981.3,31.0,101.1182,8.0543,0.1335,0.1818,Ineficiente,avanzado,1,1,1,0,0,1,0
750,751.2,True,19,Comercio,8.5,,,4.0,,,,,,,0.2105,Ineficiente,parcial,1,0,0,1,1,0,0
751,467.9,True,7,Casa,7.6,4.0,155.0,1.0,4.6,418.4,28.0,116.975,3.0187,0.1183,0.1429,Moderado,avanzado,1,0,0,0,1,0,0
752,408.9,True,7,Casa,10.1,,,,,,,,,,,Ineficiente,basico,1,0,1,1,1,0,0
753,352.1,True,6,Casa,3.7,2.0,182.6,1.0,1.8,304.9,30.0,176.05,1.9283,0.1548,0.1667,Moderado,avanzado,1,0,0,0,1,1,0
754,297.0,True,9,Apartamento,3.0,2.0,84.9,1.0,1.8,260.3,28.0,148.5,3.4982,0.141,0.1111,Moderado,avanzado,1,0,0,0,0,0,0
755,316.3,True,5,Apartamento,5.7,,,0.0,,,,,,,0.0,Moderado,parcial,1,0,1,1,0,0,0
756,396.5,False,7,Casa,4.9,,,,7.0,,,,,,,Eficiente,parcial,0,0,1,1,0,0,0
757,359.4,True,9,Casa,7.1,1.0,114.0,1.0,7.4,323.5,31.0,359.4,3.1526,0.111,0.1111,Ineficiente,avanzado,1,0,1,1,1,1,0
758,700.8,True,15,Oficina,7.9,6.0,129.5,5.0,2.9,706.4,30.0,116.8,5.4116,-0.0079,0.3333,Moderado,avanzado,1,1,0,0,0,0,0
759,399.5,True,11,Casa,4.2,4.0,124.6,1.0,3.7,441.8,30.0,99.875,3.2063,-0.0957,0.0909,Eficiente,avanzado,1,0,0,1,0,0,0
760,318.2,True,4,Apartamento,8.8,2.0,95.6,0.0,9.2,282.2,30.0,159.1,3.3285,0.1276,0.0,Moderado,avanzado,1,0,1,1,0,0,0
761,329.6,True,6,Apartamento,2.5,4.0,103.9,1.0,0.0,372.2,30.0,82.4,3.1723,-0.1145,0.1667,Eficiente,avanzado,0,0,0,0,0,0,1
762,249.5,False,8,Casa,2.2,3.0,128.3,0.0,0.0,196.2,30.0,83.1667,1.9447,0.2717,0.0,Eficiente,avanzado,0,0,0,0,1,0,1
763,526.2,True,11,Casa,7.5,,,,,,,,,,,Eficiente,basico,1,1,0,0,0,0,0
764,354.4,False,11,Casa,2.4,4.0,49.0,3.0,0.0,571.6,28.0,88.6,7.2327,-0.38,0.2727,Eficiente,avanzado,0,0,0,0,0,1,0
765,723.9,False,22,Oficina,6.4,7.0,110.9,4.0,0.0,606.0,28.0,103.4143,6.5275,0.1946,0.1818,Moderado,avanzado,0,0,0,0,1,0,0
766,265.3,True,2,Casa,5.7,,,,,,,,,,,Moderado,basico,1,0,1,0,0,0,0
767,380.0,False,11,Casa,4.9,,,,,,,,,,,Eficiente,basico,1,0,1,1,0,1,0
768,345.9,True,12,Casa,5.9,2.0,130.5,1.0,0.6,329.4,29.0,172.95,2.6506,0.0501,0.0833,Eficiente,avanzado,0,0,0,0,0,0,1
769,434.6,True,14,Casa,4.9,6.0,96.8,1.0,0.0,439.6,31.0,72.4333,4.4897,-0.0114,0.0714,Eficiente,avanzado,1,0,1,0,0,1,0
770,466.5,True,15,Apartamento,6.4,4.0,81.7,2.0,0.0,343.2,30.0,116.625,5.7099,0.3593,0.1333,Moderado,avanzado,1,1,0,0,1,0,0
771,446.9,True,10,Casa,5.0,,,,,,,,,,,Moderado,basico,1,1,0,1,0,0,0
772,196.1,True,2,Apartamento,0.3,,,,,,,,,,,Moderado,basico,1,0,0,0,0,1,0
773,440.0,True,10,Apartamento,4.6,4.0,104.6,1.0,,462.7,,110.0,4.2065,-0.0491,0.1,Eficiente,parcial,0,0,0,0,0,0,1
774,874.9,False,20,Comercio,8.0,9.0,227.7,4.0,8.6,725.6,29.0,97.2111,3.8423,0.2058,0.2,Moderado,avanzado,0,1,1,0,0,0,0
775,351.8,True,5,Casa,5.7,,,,,,,,,,,Moderado,basico,0,0,0,0,1,0,0
776,712.6,False,19,Comercio,9.5,6.0,186.9,3.0,8.1,591.0,28.0,118.7667,3.8127,0.2058,0.1579,Moderado,avanzado,0,1,1,0,1,0,0
777,301.5,False,7,Apartamento,6.5,,,,,,,,,,,Eficiente,basico,1,0,0,0,0,1,0
778,270.2,True,4,Casa,2.4,1.0,67.6,1.0,5.7,243.1,28.0,270.2,3.997,0.1115,0.25,Ineficiente,avanzado,1,1,1,1,1,1,0
779,559.3,False,8,Comercio,2.4,4.0,299.2,3.0,2.2,682.1,31.0,139.825,1.8693,-0.18,0.375,Eficiente,avanzado,0,0,0,1,0,0,1
780,732.3,False,20,Comercio,5.9,7.0,211.5,2.0,5.9,745.2,28.0,104.6143,3.4624,-0.0173,0.1,Eficiente,avanzado,0,1,0,1,0,0,0
781,558.0,False,14,Casa,6.5,7.0,174.5,2.0,7.5,621.1,30.0,79.7143,3.1977,-0.1016,0.1429,Eficiente,avanzado,0,0,1,0,0,0,1
782,865.0,False,18,Oficina,7.4,10.0,131.3,,6.5,,,86.5,6.588,,,Ineficiente,parcial,0,1,0,0,1,0,0
783,361.8,False,4,Apartamento,5.3,,,,,,,,,,,Ineficiente,basico,0,1,1,1,0,0,0
784,395.2,True,12,Apartamento,6.9,,,,,,,,,,,Ineficiente,basico,1,1,1,0,1,1,0
785,902.2,True,21,Oficina,9.9,,,,,,,,,,,Moderado,basico,1,0,0,0,0,0,0
786,327.5,False,5,Casa,1.0,2.0,166.1,1.0,5.0,277.8,29.0,163.75,1.9717,0.1789,0.2,Eficiente,avanzado,0,0,1,1,0,0,0
787,931.3,False,27,Comercio,9.0,,,,,,28.0,,,,,Moderado,parcial,0,1,0,1,0,0,0
788,441.8,True,8,Casa,7.1,,,,,,,,,,,Ineficiente,basico,0,1,1,1,1,0,0
789,888.2,False,21,Comercio,8.3,6.0,183.8,6.0,3.9,938.8,30.0,148.0333,4.8324,-0.0539,0.2857,Moderado,avanzado,0,0,0,0,0,1,0
790,383.5,False,18,Apartamento,4.2,5.0,,,,,,76.7,,,,Eficiente,parcial,0,0,1,0,0,0,1
791,296.2,True,4,Casa,6.4,2.0,104.8,1.0,0.0,220.1,28.0,148.1,2.8263,0.3458,0.25,Moderado,avanzado,0,0,0,0,1,1,0
792,301.7,False,10,Casa,3.3,,,,,,29.0,,,,,Eficiente,parcial,0,0,0,0,0,0,1
793,578.6,True,10,Casa,5.8,4.0,216.2,3.0,10.3,521.6,28.0,144.65,2.6762,0.1093,0.3,Ineficiente,avanzado,0,0,0,0,1,0,0
794,645.6,True,17,Casa,6.2,6.0,142.4,3.0,7.0,603.3,31.0,107.6,4.5337,0.0701,0.1765,Moderado,avanzado,1,0,1,0,0,0,0
795,434.8,True,10,Casa,5.4,1.0,158.4,3.0,3.9,567.5,30.0,434.8,2.7449,-0.2338,0.3,Ineficiente,avanzado,0,0,0,1,0,1,0
796,577.9,True,23,Casa,5.3,,,,,,,,,,,Eficiente,basico,1,1,0,0,0,0,0
797,675.0,False,19,Casa,9.8,7.0,86.9,4.0,4.0,602.3,31.0,96.4286,7.7675,0.1207,0.2105,Moderado,avanzado,1,1,1,0,0,1,0
798,613.8,True,16,Casa,9.7,5.0,129.4,4.0,1.7,606.7,29.0,122.76,4.7434,0.0117,0.25,Moderado,avanzado,1,0,0,0,0,0,0
799,221.5,True,4,Apartamento,2.9,3.0,74.1,,2.6,240.7,,73.8333,2.9892,-0.0798,,Eficiente,parcial,1,0,0,0,1,0,0
800,515.7,True,18,Apartamento,8.4,2.0,27.0,3.0,3.9,455.1,29.0,257.85,19.1,0.1332,0.1667,Ineficiente,avanzado,1,0,0,1,0,1,0
801,302.1,True,2,Apartamento,5.2,1.0,96.9,1.0,10.9,333.6,31.0,302.1,3.1176,-0.0944,0.5,Ineficiente,avanzado,1,1,1,1,0,0,0
802,465.7,False,12,Casa,5.2,5.0,95.9,2.0,7.2,450.4,31.0,93.14,4.8561,0.034,0.1667,Eficiente,avanzado,0,1,1,0,0,0,0
803,663.9,False,21,Oficina,4.8,8.0,177.6,3.0,0.0,719.1,28.0,82.9875,3.7382,-0.0768,0.1429,Eficiente,avanzado,0,1,1,0,0,0,0
804,314.4,True,8,Apartamento,6.5,,,,,,,,,,,Eficiente,basico,1,0,1,0,1,1,0
805,412.0,False,11,Casa,4.9,2.0,220.8,1.0,8.0,419.4,28.0,206.0,1.8659,-0.0176,0.0909,Eficiente,avanzado,0,0,1,0,0,0,0
806,433.6,False,11,Casa,3.9,6.0,,1.0,5.1,364.0,,72.2667,,0.1912,0.0909,Eficiente,parcial,0,0,0,0,0,0,1
807,183.3,False,2,Apartamento,1.4,1.0,124.1,0.0,2.7,190.4,31.0,183.3,1.477,-0.0373,0.0,Eficiente,avanzado,0,0,1,0,1,0,0
808,486.7,True,16,Casa,8.4,,,,,,29.0,,,,,Eficiente,parcial,1,0,0,0,0,0,1
809,220.6,True,10,Apartamento,3.2,,,,,,,,,,,Eficiente,basico,0,0,0,1,1,0,0
810,634.9,False,20,Oficina,5.1,5.0,220.2,4.0,0.0,531.7,30.0,126.98,2.8833,0.1941,0.2,Eficiente,avanzado,0,0,0,0,0,0,1
811,374.1,False,7,Casa,4.2,3.0,96.5,2.0,9.8,414.1,30.0,124.7,3.8767,-0.0966,0.2857,Moderado,avanzado,0,0,1,1,0,1,0
812,397.7,False,7,Casa,5.2,,,,,,29.0,,,,,Eficiente,parcial,0,0,0,0,0,0,1
813,878.5,True,18,Oficina,12.2,,,,,,,,,,,Ineficiente,basico,1,0,1,1,0,0,0
814,401.2,False,5,Apartamento,3.0,,,,,,,,,,,Moderado,basico,0,1,1,0,1,0,0
815,588.5,True,13,Casa,9.6,4.0,136.8,3.0,5.5,624.0,28.0,147.125,4.3019,-0.0569,0.2308,Moderado,avanzado,1,0,0,0,0,1,0
816,671.6,True,17,Oficina,8.6,7.0,140.5,3.0,0.0,539.3,31.0,95.9429,4.7801,0.2453,0.1765,Moderado,avanzado,1,1,0,1,1,0,0
817,727.8,True,13,Oficina,5.0,8.0,185.6,5.0,0.0,711.6,28.0,90.975,3.9213,0.0228,0.3846,Moderado,avanzado,1,0,0,0,0,0,0
818,274.9,False,7,Apartamento,3.5,,82.2,2.0,,,,,3.3443,,0.2857,Eficiente,parcial,0,0,0,0,0,0,1
819,258.9,True,6,Apartamento,2.6,2.0,101.2,1.0,,,31.0,129.45,2.5583,,0.1667,Eficiente,parcial,0,0,0,0,0,0,1
820,636.5,False,15,Casa,5.9,5.0,151.5,5.0,3.8,623.7,28.0,127.3,4.2013,0.0205,0.3333,Moderado,avanzado,0,1,0,0,0,0,0
821,640.8,True,18,Casa,6.6,,162.3,4.0,8.4,504.4,30.0,,3.9482,0.2704,0.2222,Ineficiente,parcial,0,0,1,0,1,1,0
822,373.2,False,7,Apartamento,3.3,4.0,105.2,2.0,4.2,408.1,28.0,93.3,3.5475,-0.0855,0.2857,Eficiente,avanzado,0,1,1,0,0,0,0
823,350.6,True,9,Casa,4.4,3.0,122.0,2.0,0.0,320.9,30.0,116.8667,2.8738,0.0926,0.2222,Eficiente,avanzado,0,0,0,0,0,0,1
824,423.2,False,14,Apartamento,3.6,5.0,104.6,,4.2,497.8,30.0,84.64,4.0459,-0.1499,,Eficiente,parcial,0,0,0,0,0,0,1
825,787.2,True,21,Comercio,8.8,,,,,,,,,,,Moderado,basico,1,0,0,1,0,0,0
826,570.6,True,11,Casa,9.3,,,,,,,,,,,Ineficiente,basico,0,0,1,0,0,1,0
827,259.4,False,7,Apartamento,4.0,1.0,70.1,2.0,,,,259.4,3.7004,,0.2857,Moderado,parcial,1,0,0,0,0,1,0
828,393.7,False,13,Casa,2.0,6.0,104.6,2.0,0.0,407.1,29.0,65.6167,3.7639,-0.0329,0.1538,Eficiente,avanzado,1,0,0,1,0,0,0
829,805.4,True,12,Comercio,10.7,6.0,188.3,4.0,11.2,911.8,28.0,134.2333,4.2772,-0.1167,0.3333,Ineficiente,avanzado,1,1,1,0,0,0,0
830,607.2,False,15,Casa,7.3,5.0,123.0,4.0,7.9,620.0,30.0,121.44,4.9366,-0.0206,0.2667,Moderado,avanzado,0,0,1,1,0,1,0
831,335.5,True,13,Apartamento,5.1,2.0,81.1,1.0,6.2,335.0,29.0,167.75,4.1369,0.0015,0.0769,Moderado,avanzado,0,0,1,0,1,0,0
832,371.6,True,6,Apartamento,5.4,,,,,,,,,,,Ineficiente,basico,0,0,1,0,0,0,0
833,566.3,True,13,Casa,7.8,7.0,197.4,2.0,0.3,498.9,29.0,80.9,2.8688,0.1351,0.1538,Eficiente,avanzado,1,0,0,0,0,0,0
834,286.6,True,12,Apartamento,5.0,4.0,85.0,1.0,0.0,375.2,28.0,71.65,3.3718,-0.2361,0.0833,Eficiente,avanzado,0,0,0,0,0,0,1
835,337.7,False,11,Apartamento,3.5,3.0,104.1,1.0,4.7,366.0,30.0,112.5667,3.244,-0.0773,0.0909,Eficiente,avanzado,0,1,0,0,0,0,0
836,343.8,True,5,Apartamento,5.2,1.0,73.7,0.0,8.9,289.8,31.0,343.8,4.6649,0.1863,0.0,Ineficiente,avanzado,1,0,1,1,1,0,0
837,831.0,False,17,Comercio,6.3,,,,12.3,840.4,31.0,,,-0.0112,,Ineficiente,parcial,0,1,1,1,0,1,0
838,1066.2,True,23,Oficina,9.5,,,,,,,,,,,Ineficiente,basico,1,1,1,0,1,0,0
839,530.4,True,14,Casa,7.2,5.0,126.8,3.0,0.0,609.5,30.0,106.08,4.183,-0.1298,0.2143,Moderado,avanzado,1,0,0,0,0,0,0
840,522.6,False,13,Apartamento,5.6,4.0,97.1,4.0,4.4,503.4,29.0,130.65,5.3821,0.0381,0.3077,Moderado,avanzado,0,1,0,0,0,0,0
841,497.2,True,7,Casa,5.8,,,,,,,,,,,Ineficiente,basico,0,1,1,1,0,0,0
842,854.4,False,24,Comercio,7.9,7.0,238.5,7.0,0.0,968.3,31.0,122.0571,3.5824,-0.1176,0.2917,Eficiente,avanzado,0,1,0,0,0,1,0
843,464.6,False,15,Apartamento,6.1,6.0,122.0,3.0,0.0,382.0,28.0,77.4333,3.8082,0.2162,0.2,Eficiente,avanzado,0,0,0,0,0,0,1
844,581.4,False,11,Casa,9.6,,,,,,,,,,,Moderado,basico,0,0,0,0,0,0,1
845,482.7,False,12,Casa,1.0,,,,,,,,,,,Eficiente,basico,0,0,1,0,1,0,0
846,1000.6,False,35,Oficina,9.3,13.0,66.5,6.0,0.0,902.4,29.0,76.9692,15.0466,0.1088,0.1714,Ineficiente,avanzado,1,1,0,0,1,1,0
847,476.3,False,12,Casa,3.7,,212.7,1.0,3.1,607.9,,,2.2393,-0.2165,0.0833,Eficiente,parcial,0,0,0,0,0,1,1
848,826.0,True,20,Apartamento,11.8,,77.2,,,,,,10.6995,,,Ineficiente,parcial,1,1,1,1,1,1,0
849,680.4,True,14,Casa,8.4,4.0,125.2,6.0,6.2,663.3,31.0,170.1,5.4345,0.0258,0.4286,Ineficiente,avanzado,0,0,1,1,0,0,0
850,1105.8,True,32,Oficina,11.4,10.0,144.6,11.0,0.0,1060.5,29.0,110.58,7.6473,0.0427,0.3438,Ineficiente,avanzado,1,1,0,0,0,1,0
851,470.9,True,13,Casa,5.1,,,,,,,,,,,Eficiente,basico,1,1,1,1,1,1,0
852,444.2,True,16,Casa,8.9,,,,,,,,,,,Moderado,basico,1,0,0,1,0,0,0
853,995.2,False,21,Comercio,7.3,8.0,122.1,10.0,8.0,1109.3,30.0,124.4,8.1507,-0.1029,0.4762,Ineficiente,avanzado,0,1,1,1,1,0,0
854,1259.3,False,26,Oficina,11.1,,,,,,,,,,,Ineficiente,basico,0,1,1,0,0,0,0
855,457.4,True,14,Casa,7.0,6.0,,1.0,,684.6,,76.2333,,-0.3319,0.0714,Eficiente,parcial,1,0,0,0,1,1,0
856,443.1,True,11,Apartamento,9.2,,,,5.4,,,,,,,Moderado,parcial,1,0,0,0,0,1,0
857,347.2,True,9,Apartamento,2.8,5.0,61.2,1.0,1.9,245.6,29.0,69.44,5.6732,0.4137,0.1111,Moderado,avanzado,0,1,1,0,1,0,0
858,570.7,False,8,Comercio,4.6,,117.4,,,,,,4.8612,,,Ineficiente,parcial,0,1,0,0,1,1,0
859,350.1,False,6,Casa,5.0,3.0,,1.0,,277.6,30.0,116.7,,0.2612,0.1667,Eficiente,parcial,0,0,0,0,1,0,1
860,383.4,True,10,Apartamento,5.7,5.0,,0.0,9.5,,28.0,76.68,,,0.0,Moderado,parcial,1,0,1,0,0,0,0
861,733.7,False,18,Comercio,4.9,6.0,263.9,4.0,8.7,616.0,30.0,122.2833,2.7802,0.1911,0.2222,Moderado,avanzado,0,1,0,0,0,0,0
862,329.0,False,10,Apartamento,5.2,,74.3,2.0,0.2,353.5,29.0,,4.428,-0.0693,0.2,Eficiente,parcial,0,0,0,0,0,0,1
863,873.0,False,19,Comercio,8.3,8.0,188.2,5.0,8.6,1027.0,30.0,109.125,4.6387,-0.15,0.2632,Moderado,avanzado,0,0,1,1,0,0,0
864,303.4,False,11,Apartamento,4.2,1.0,98.7,1.0,9.8,282.7,30.0,303.4,3.074,0.0732,0.0909,Moderado,avanzado,0,0,1,1,0,0,0
865,556.8,True,16,Casa,5.9,4.0,220.0,4.0,4.2,511.1,28.0,139.2,2.5309,0.0894,0.25,Moderado,avanzado,1,0,0,0,1,0,0
866,1144.9,True,37,Oficina,13.0,12.0,188.7,8.0,2.3,1049.6,29.0,95.4083,6.0673,0.0908,0.2162,Moderado,avanzado,1,0,0,0,0,0,0
867,943.8,False,24,Comercio,8.1,,,,,,,,,,,Ineficiente,basico,0,1,1,0,1,1,0
868,1067.9,True,26,Comercio,12.8,,,9.0,,,,,,,0.3462,Ineficiente,parcial,1,1,1,1,1,1,0
869,637.0,False,17,Casa,11.7,5.0,149.2,3.0,6.7,514.7,28.0,127.4,4.2694,0.2376,0.1765,Moderado,avanzado,0,0,1,0,0,0,0
870,245.3,True,6,Casa,1.9,,,,,,,,,,,Moderado,basico,1,0,0,1,1,0,0
871,899.1,False,27,Comercio,10.9,7.0,173.8,5.0,1.3,877.7,31.0,128.4429,5.1732,0.0244,0.1852,Moderado,avanzado,0,1,0,0,0,0,0
872,503.9,False,12,Casa,7.6,4.0,137.7,0.0,10.1,645.7,29.0,125.975,3.6594,-0.2196,0.0,Eficiente,avanzado,1,0,1,0,0,0,0
873,897.7,False,25,Oficina,8.2,8.0,155.2,9.0,,,28.0,112.2125,5.7841,,0.36,Moderado,parcial,0,1,1,0,0,0,0
874,436.1,True,5,Casa,5.8,3.0,56.5,2.0,9.7,371.5,29.0,145.3667,7.7186,0.1739,0.4,Ineficiente,avanzado,1,1,1,0,0,1,0
875,283.0,True,10,Apartamento,4.2,,,,,,,,,,,Eficiente,basico,1,1,0,0,0,1,0
876,1191.5,False,25,Oficina,12.4,,,,,,,,,,,Ineficiente,basico,0,1,1,1,1,1,0
877,365.5,False,8,Casa,3.8,,,3.0,0.0,294.2,30.0,,,0.2424,0.375,Ineficiente,parcial,1,0,0,1,0,0,0
878,450.4,True,9,Casa,5.6,2.0,182.2,2.0,6.3,389.3,28.0,225.2,2.472,0.1569,0.2222,Ineficiente,avanzado,1,1,1,0,0,0,0
879,231.3,True,7,Apartamento,3.0,2.0,105.8,1.0,0.0,210.7,31.0,115.65,2.1862,0.0978,0.1429,Eficiente,avanzado,0,0,0,1,0,0,1
880,449.4,False,9,Apartamento,3.1,5.0,65.9,3.0,2.0,457.6,30.0,89.88,6.8194,-0.0179,0.3333,Moderado,avanzado,0,0,0,0,0,0,1
881,346.6,False,12,Casa,5.0,,,,,,,,,,,Eficiente,basico,0,0,0,0,1,0,1
882,467.5,False,13,Apartamento,3.3,5.0,79.0,4.0,0.0,456.9,29.0,93.5,5.9177,0.0232,0.3077,Eficiente,avanzado,0,0,0,0,1,0,1
883,864.8,False,27,Oficina,7.7,,,,,,,,,,,Ineficiente,basico,1,0,1,0,0,1,0
884,226.7,False,7,Apartamento,4.1,1.0,73.5,1.0,0.0,186.5,28.0,226.7,3.0844,0.2155,0.1429,Moderado,avanzado,1,0,0,0,0,0,0
885,477.1,True,13,Casa,6.0,5.0,91.7,1.0,6.9,640.3,29.0,95.42,5.2028,-0.2549,0.0769,Eficiente,avanzado,1,1,0,0,0,0,0
886,408.9,True,9,Casa,5.0,5.0,140.6,1.0,7.9,433.7,30.0,81.78,2.9083,-0.0572,0.1111,Eficiente,avanzado,1,0,1,0,0,0,0
887,533.5,True,11,Casa,6.4,,163.7,2.0,8.5,,31.0,,3.259,,0.1818,Moderado,parcial,1,0,1,0,0,0,0
888,555.7,True,14,Casa,10.4,,,,,,,,,,,Moderado,basico,1,0,1,0,0,0,0
889,596.4,False,17,Casa,4.4,,,3.0,4.0,,,,,,0.1765,Eficiente,parcial,0,1,0,0,0,1,0
890,236.0,False,10,Apartamento,5.3,1.0,83.6,1.0,0.0,223.1,31.0,236.0,2.823,0.0578,0.1,Eficiente,avanzado,0,0,0,0,0,0,1
891,340.4,True,5,Casa,3.2,1.0,237.6,1.0,2.0,348.1,28.0,340.4,1.4327,-0.0221,0.2,Ineficiente,avanzado,1,0,1,1,0,0,0
892,771.0,False,19,Oficina,8.9,6.0,40.7,6.0,7.1,695.4,30.0,128.5,18.9435,0.1087,0.3158,Ineficiente,avanzado,0,0,0,1,0,1,0
893,1031.6,True,24,Casa,9.5,11.0,144.8,7.0,4.9,965.0,31.0,93.7818,7.1243,0.069,0.2917,Ineficiente,avanzado,1,0,1,0,0,0,0
894,471.5,True,9,Casa,7.2,,,,,,,,,,,Moderado,basico,0,1,0,0,1,0,0
895,953.1,False,27,Comercio,7.2,9.0,138.6,6.0,6.5,845.3,29.0,105.9,6.8766,0.1275,0.2222,Moderado,avanzado,1,0,1,0,0,0,0
896,1559.2,False,44,Oficina,13.1,,140.0,,,,,,11.1371,,,Ineficiente,parcial,1,1,1,0,0,1,0
897,424.0,True,13,Casa,4.5,5.0,120.5,1.0,1.7,577.4,28.0,84.8,3.5187,-0.2657,0.0769,Eficiente,avanzado,1,0,0,0,0,0,1
898,550.7,True,19,Casa,7.1,5.0,160.3,2.0,0.0,470.4,30.0,110.14,3.4354,0.1707,0.1053,Eficiente,avanzado,1,0,0,0,0,0,0
899,756.5,True,14,Casa,8.7,6.0,124.8,2.0,13.2,710.9,28.0,126.0833,6.0617,0.0641,0.1429,Ineficiente,avanzado,1,0,1,0,0,0,0
900,333.9,False,10,Apartamento,1.4,,,,,,,,,,,Ineficiente,basico,0,1,0,1,0,1,0
901,255.8,True,10,Apartamento,3.6,,,,,409.3,,,,-0.375,,Moderado,parcial,1,0,0,0,0,1,0
902,593.7,False,12,Casa,8.8,,,,,,,,,,,Moderado,basico,0,1,0,0,0,0,0
903,509.3,True,16,Casa,6.1,6.0,109.5,2.0,0.0,496.7,28.0,84.8833,4.6511,0.0254,0.125,Eficiente,avanzado,1,0,0,0,0,0,1
904,694.7,False,17,Apartamento,3.9,7.0,,5.0,,,,99.2429,,,0.2941,Moderado,parcial,0,0,1,0,0,1,0
905,1201.0,True,26,Oficina,12.1,16.0,203.4,9.0,3.0,985.1,29.0,75.0625,5.9046,0.2192,0.3462,Ineficiente,avanzado,1,1,1,0,1,0,0
906,472.2,False,14,Apartamento,4.5,,,,,,,,,,,Eficiente,basico,0,0,0,0,0,0,1
907,320.0,True,11,Apartamento,6.4,1.0,110.6,1.0,4.6,445.5,31.0,320.0,2.8933,-0.2817,0.0909,Ineficiente,avanzado,1,0,0,1,0,0,0
908,710.0,True,16,Casa,9.4,7.0,150.7,4.0,7.6,785.6,28.0,101.4286,4.7113,-0.0962,0.25,Moderado,avanzado,1,1,1,0,0,0,0
909,512.3,False,11,Casa,3.0,,,,,,,,,,,Eficiente,basico,0,1,0,0,0,0,1
910,610.9,True,15,Casa,9.0,6.0,194.2,,10.7,526.8,28.0,101.8167,3.1457,0.1596,,Moderado,parcial,1,0,1,0,0,0,0
911,875.5,False,15,Comercio,9.5,6.0,143.7,9.0,3.7,806.6,29.0,145.9167,6.0926,0.0854,0.6,Ineficiente,avanzado,0,1,0,0,0,0,0
912,719.2,False,18,Comercio,7.4,,,,,,,,,,,Moderado,basico,0,1,0,0,0,0,0
913,945.4,False,21,Oficina,10.7,11.0,42.0,5.0,8.8,769.2,30.0,85.9455,22.5095,0.2291,0.2381,Ineficiente,avanzado,0,0,1,0,0,1,0
914,932.2,True,25,Oficina,7.7,,,,,,,,,,,Ineficiente,basico,1,0,0,0,0,1,0
915,1001.5,False,29,Oficina,12.1,9.0,169.0,9.0,6.6,701.1,28.0,111.2778,5.926,0.4285,0.3103,Ineficiente,avanzado,0,1,1,0,1,1,0
916,1066.4,False,28,Oficina,8.7,,,,,,,,,,,Moderado,basico,0,1,0,0,0,1,0
917,436.7,False,11,Casa,1.0,4.0,118.7,3.0,2.8,520.0,29.0,109.175,3.679,-0.1602,0.2727,Eficiente,avanzado,0,0,1,0,0,0,1
918,405.8,True,8,Casa,2.9,4.0,,2.0,2.0,413.2,28.0,101.45,,-0.0179,0.25,Eficiente,parcial,1,0,0,0,0,0,1
919,716.0,True,14,Casa,5.4,5.0,120.1,5.0,7.7,800.1,29.0,143.2,5.9617,-0.1051,0.3571,Ineficiente,avanzado,1,1,1,0,0,0,0
920,491.6,True,11,Apartamento,9.5,3.0,82.6,2.0,8.7,519.8,28.0,163.8667,5.9516,-0.0543,0.1818,Ineficiente,avanzado,1,0,1,0,0,1,0
921,239.8,True,3,Casa,2.9,,,,,,,,,,,Moderado,basico,1,0,0,0,0,0,0
922,904.8,True,15,Comercio,9.9,,,,,,,,,,,Ineficiente,basico,1,1,1,0,0,0,0
923,531.8,True,21,Apartamento,6.4,,,,,,,,,,,Moderado,basico,1,0,0,0,0,0,0
924,353.1,False,9,Apartamento,7.7,2.0,83.9,2.0,6.6,354.0,28.0,176.55,4.2086,-0.0025,0.2222,Moderado,avanzado,1,0,0,0,0,0,0
925,327.5,True,10,Casa,4.7,1.0,,,,382.3,,327.5,,-0.1433,,Ineficiente,parcial,0,1,1,1,0,0,0
926,327.5,True,5,Casa,5.2,2.0,76.9,0.0,5.9,267.7,31.0,163.75,4.2588,0.2234,0.0,Moderado,avanzado,1,0,1,0,0,0,0
927,344.7,True,6,Casa,3.5,,,,,,,,,,,Eficiente,basico,1,0,0,0,1,1,0
928,855.7,False,23,Comercio,9.5,6.0,259.5,7.0,2.5,722.8,30.0,142.6167,3.2975,0.1839,0.3043,Moderado,avanzado,0,1,0,1,0,0,0
929,405.7,False,8,Apartamento,4.5,3.0,62.6,3.0,5.3,382.8,31.0,135.2333,6.4808,0.0598,0.375,Moderado,avanzado,0,0,0,0,0,0,1
930,396.5,True,4,Apartamento,5.6,3.0,97.4,,,408.3,,132.1667,4.0708,-0.0289,,Moderado,parcial,1,0,1,0,0,0,0
931,581.5,False,19,Casa,2.9,,,,,,,,,,,Eficiente,basico,0,1,0,0,0,0,0
932,351.7,True,8,Casa,5.8,,,,,,,,,,,Ineficiente,basico,0,1,0,1,1,0,0
933,363.2,True,12,Casa,5.1,,,1.0,,,31.0,,,,0.0833,Eficiente,parcial,1,1,0,0,0,0,0
934,590.0,False,20,Comercio,2.9,5.0,147.2,3.0,0.0,577.2,31.0,118.0,4.0082,0.0222,0.15,Eficiente,avanzado,0,0,0,0,0,0,1
935,845.6,True,19,Comercio,5.8,5.0,143.9,,,,29.0,169.12,5.8763,,,Ineficiente,parcial,1,0,1,0,1,0,0
936,313.3,False,6,Casa,5.4,,,,,,,,,,,Moderado,basico,0,0,1,1,0,0,0
937,692.3,True,20,Oficina,8.8,6.0,237.5,5.0,0.4,698.1,30.0,115.3833,2.9149,-0.0083,0.25,Moderado,avanzado,1,0,0,0,0,0,0
938,467.0,True,11,Casa,5.7,5.0,145.0,1.0,0.0,572.1,28.0,93.4,3.2207,-0.1837,0.0909,Eficiente,avanzado,1,0,0,0,0,0,1
939,717.7,True,20,Oficina,10.2,7.0,125.2,4.0,0.0,,30.0,102.5286,5.7324,,0.2,Moderado,parcial,0,1,0,0,0,1,0
940,320.1,True,7,Casa,5.8,3.0,79.2,0.0,2.6,269.9,31.0,106.7,4.0417,0.186,0.0,Eficiente,avanzado,1,0,0,0,1,1,0
941,594.2,True,14,Casa,9.9,5.0,76.3,1.0,10.4,594.6,30.0,118.84,7.7877,-0.0007,0.0714,Moderado,avanzado,0,1,1,0,0,0,0
942,944.9,False,23,Comercio,5.8,8.0,254.9,7.0,0.0,1078.8,30.0,118.1125,3.7069,-0.1241,0.3043,Eficiente,avanzado,0,1,0,0,0,0,0
943,365.5,True,10,Casa,4.9,,,,,,,,,,,Eficiente,basico,1,0,0,0,0,0,1
944,379.7,False,9,Casa,8.0,,,,,,,,,,,Eficiente,basico,0,0,0,0,0,0,1
945,438.1,True,11,Apartamento,7.5,3.0,81.7,3.0,3.5,448.2,29.0,146.0333,5.3623,-0.0225,0.2727,Moderado,avanzado,1,0,0,0,0,1,0
946,383.5,True,8,Casa,1.6,2.0,25.7,2.0,9.1,441.6,31.0,191.75,14.9222,-0.1316,0.25,Ineficiente,avanzado,1,1,1,0,0,1,0
947,357.8,True,5,Apartamento,5.1,,,,,,,,,,,Ineficiente,basico,0,0,1,1,0,0,0
948,609.1,False,18,Comercio,5.3,5.0,82.0,5.0,0.9,593.0,,121.82,7.428,0.0272,0.2778,Moderado,parcial,0,0,0,0,0,0,1
949,570.5,False,12,Comercio,3.8,4.0,123.7,4.0,2.7,564.2,28.0,142.625,4.612,0.0112,0.3333,Moderado,avanzado,0,0,0,0,0,0,1
950,431.9,False,10,Casa,6.1,4.0,145.9,1.0,3.7,447.1,31.0,107.975,2.9602,-0.034,0.1,Eficiente,avanzado,1,0,0,0,0,0,1
951,357.9,False,8,Apartamento,3.6,,,0.0,,,30.0,,,,0.0,Ineficiente,parcial,0,0,1,1,1,0,0
952,500.0,True,12,Casa,6.8,2.0,107.1,2.0,4.1,477.6,31.0,250.0,4.6685,0.0469,0.1667,Ineficiente,avanzado,1,1,0,1,1,0,0
953,494.5,False,9,Casa,4.7,3.0,115.6,,,440.4,,164.8333,4.2777,0.1228,,Moderado,parcial,0,1,1,0,0,1,0
954,547.0,True,12,Casa,6.5,,,,,,,,,,,Eficiente,basico,0,0,0,0,0,1,1
955,1187.7,True,27,Oficina,11.5,17.0,106.3,6.0,4.4,1161.5,29.0,69.8647,11.1731,0.0226,0.2222,Ineficiente,avanzado,1,1,0,0,0,1,0
956,662.7,True,18,Oficina,7.3,,,,,,,,,,,Eficiente,basico,0,0,0,0,0,1,1
957,550.9,True,11,Comercio,5.8,2.0,192.8,1.0,7.3,572.9,31.0,275.45,2.8574,-0.0384,0.0909,Moderado,avanzado,0,1,1,0,1,0,0
958,408.4,True,8,Apartamento,7.2,2.0,25.0,3.0,7.3,294.5,28.0,204.2,16.336,0.3868,0.375,Ineficiente,avanzado,0,0,1,0,1,1,0
959,149.1,False,4,Apartamento,5.3,2.0,93.3,0.0,0.0,150.2,28.0,74.55,1.5981,-0.0073,0.0,Eficiente,avanzado,0,0,1,0,0,0,1
960,339.8,True,3,Apartamento,6.8,,,,,,,,,,,Ineficiente,basico,1,1,0,1,0,0,0
961,568.3,True,13,Apartamento,6.2,6.0,84.2,5.0,0.0,497.8,31.0,94.7167,6.7494,0.1416,0.3846,Ineficiente,avanzado,1,1,0,0,0,1,0
962,274.9,False,6,Apartamento,1.6,,,,,,,,,,,Moderado,basico,1,0,0,0,0,0,0
963,370.2,False,6,Casa,1.8,3.0,60.0,1.0,10.1,348.8,28.0,123.4,6.17,0.0614,0.1667,Moderado,avanzado,0,0,1,0,0,1,0
964,226.0,False,7,Casa,0.0,,,,,,,,,,,Eficiente,basico,0,0,0,0,0,0,1
965,875.9,False,17,Oficina,5.4,8.0,141.6,5.0,10.5,1032.8,31.0,109.4875,6.1857,-0.1519,0.2941,Moderado,avanzado,0,0,1,0,0,0,0
966,208.2,True,6,Apartamento,0.9,,,,,,,,,,,Moderado,basico,1,0,1,0,1,1,0
967,986.7,False,24,Oficina,9.8,10.0,134.8,6.0,6.7,908.8,31.0,98.67,7.3197,0.0857,0.25,Moderado,avanzado,1,0,1,0,0,0,0
968,509.0,True,15,Casa,8.4,,,,,,,,,,,Moderado,basico,1,0,1,0,0,0,0
969,254.0,False,10,Apartamento,3.3,1.0,87.5,1.0,4.1,224.5,31.0,254.0,2.9029,0.1314,0.1,Moderado,avanzado,0,0,0,1,0,0,0
970,262.2,False,7,Casa,3.4,2.0,138.3,0.0,4.2,353.0,28.0,131.1,1.8959,-0.2572,0.0,Eficiente,avanzado,0,0,0,1,0,0,1
971,433.0,False,10,Casa,5.7,,,,,,,,,,,Eficiente,basico,0,0,1,1,0,0,0
972,459.7,False,10,Casa,5.7,,,,,,,,,,,Eficiente,basico,0,0,1,0,0,0,1
973,385.7,False,10,Casa,5.5,3.0,114.6,3.0,3.3,488.7,29.0,128.5667,3.3656,-0.2108,0.3,Eficiente,avanzado,0,1,1,0,0,0,0
974,1186.9,True,32,Oficina,14.0,12.0,156.0,8.0,5.3,1161.8,28.0,98.9083,7.6083,0.0216,0.25,Ineficiente,avanzado,1,0,1,1,0,1,0
975,497.8,False,11,Casa,6.9,,,,,,,,,,,Moderado,basico,0,0,1,1,0,0,0
976,178.9,False,6,Apartamento,1.7,1.0,,,,,,178.9,,,,Eficiente,parcial,0,0,1,0,0,0,1
977,677.7,False,19,Apartamento,7.7,9.0,60.3,4.0,5.7,765.2,31.0,75.3,11.2388,-0.1143,0.2105,Moderado,avanzado,0,1,1,0,1,1,0
978,356.8,False,10,Casa,6.7,2.0,158.4,1.0,1.0,359.0,28.0,178.4,2.2525,-0.0061,0.1,Eficiente,avanzado,0,0,0,1,0,0,0
979,110.1,True,2,Apartamento,2.5,,,,,,,,,,,Eficiente,basico,0,1,0,0,1,0,0
980,332.7,True,5,Casa,7.1,,86.5,1.0,9.3,343.2,,,3.8462,-0.0306,0.2,Moderado,parcial,1,0,1,1,0,0,0
981,1169.6,True,28,Oficina,15.2,,,,,,,,,,,Ineficiente,basico,0,0,1,0,1,0,0
982,606.1,True,13,Comercio,6.4,,,,,,,,,,,Moderado,basico,1,0,1,0,0,0,0
983,821.8,False,19,Comercio,6.0,7.0,67.6,8.0,3.6,739.7,29.0,117.4,12.1568,0.111,0.4211,Ineficiente,avanzado,0,1,1,0,0,1,0
984,258.9,False,9,Apartamento,4.0,1.0,76.2,1.0,4.1,281.3,29.0,258.9,3.3976,-0.0796,0.1111,Moderado,avanzado,0,0,0,1,0,0,0
985,337.7,True,7,Casa,4.4,1.0,143.7,2.0,3.6,302.6,29.0,337.7,2.35,0.116,0.2857,Ineficiente,avanzado,0,0,0,0,1,0,0
986,918.5,True,25,Oficina,8.9,,,,,,,,,,,Ineficiente,basico,0,1,1,0,0,1,0
987,284.6,True,7,Casa,2.5,,,,,,,,,,,Ineficiente,basico,1,1,0,1,0,1,0
988,401.2,True,8,Casa,4.4,1.0,,,5.6,354.9,29.0,401.2,,0.1305,,Ineficiente,parcial,1,0,1,1,1,0,0
989,632.8,False,14,Casa,5.2,7.0,79.8,5.0,0.0,516.2,30.0,90.4,7.9298,0.2259,0.3571,Moderado,avanzado,0,0,1,0,1,1,0
990,832.4,True,16,Comercio,7.9,6.0,100.3,6.0,5.1,690.5,29.0,138.7333,8.2991,0.2055,0.375,Ineficiente,avanzado,1,0,0,0,1,1,0
991,227.5,False,9,Apartamento,5.8,,,,,,,,,,,Moderado,basico,0,0,0,0,0,0,1
992,531.4,True,16,Comercio,5.6,,,,,,,,,,,Moderado,basico,1,1,0,0,0,1,0
993,936.9,True,26,Comercio,9.4,,,,,,,,,,,Ineficiente,basico,0,1,1,1,1,0,0
994,354.1,True,11,Casa,6.4,1.0,181.8,,0.0,345.8,,354.1,1.9477,0.024,,Ineficiente,parcial,1,1,0,1,1,0,0
995,1124.6,True,33,Oficina,15.8,10.0,153.7,8.0,0.0,1282.0,,112.46,7.3169,-0.1228,0.2424,Ineficiente,parcial,1,1,0,0,0,0,0
996,357.5,True,9,Apartamento,4.1,2.0,97.1,1.0,0.0,367.1,30.0,178.75,3.6818,-0.0262,0.1111,Eficiente,avanzado,0,0,1,1,0,0,0
997,286.7,True,6,Apartamento,6.7,,,,,,,,,,,Ineficiente,basico,1,0,1,0,0,0,0
998,384.8,True,6,Casa,3.3,,,,,,,,,,,Eficiente,basico,1,0,0,0,0,0,1
999,694.2,True,18,Oficina,6.3,5.0,151.5,5.0,4.5,709.8,31.0,138.84,4.5822,-0.022,0.2778,Moderado,avanzado,0,1,1,0,0,0,0
1000,503.3,False,11,Casa,3.8,5.0,154.0,3.0,4.2,508.6,31.0,100.66,3.2682,-0.0104,0.2727,Eficiente,avanzado,0,0,1,1,0,0,0
1001,495.1,True,14,Casa,5.5,,,,,,,,,,,Eficiente,basico,1,0,0,0,0,0,0
1002,289.5,False,6,Apartamento,6.6,3.0,66.0,,4.8,,,96.5,4.3864,,,Eficiente,parcial,0,0,1,0,1,0,0
1003,305.6,False,4,Casa,4.5,3.0,118.6,1.0,3.4,251.0,28.0,101.8667,2.5767,0.2175,0.25,Eficiente,avanzado,0,0,0,1,0,0,0
1004,400.7,False,9,Casa,5.5,,,,,,,,,,,Eficiente,basico,0,0,1,0,0,0,1
1005,484.0,True,8,Apartamento,6.4,2.0,129.9,2.0,11.1,376.6,29.0,242.0,3.7259,0.2852,0.25,Ineficiente,avanzado,1,0,1,0,0,0,0
1006,561.5,True,14,Casa,5.1,8.0,148.2,3.0,0.0,505.9,31.0,70.1875,3.7888,0.1099,0.2143,Eficiente,avanzado,1,0,0,0,0,0,1
1007,1146.2,True,32,Oficina,10.8,12.0,146.9,9.0,4.2,882.6,29.0,95.5167,7.8026,0.2987,0.2812,Ineficiente,avanzado,1,1,1,0,0,0,0
1008,530.0,True,14,Casa,7.8,,,,,,,,,,,Ineficiente,basico,1,1,0,1,0,0,0
1009,274.7,True,9,Apartamento,5.8,2.0,48.4,0.0,0.0,242.8,29.0,137.35,5.6756,0.1314,0.0,Eficiente,avanzado,1,0,0,0,0,0,0
1010,496.2,False,11,Apartamento,7.7,2.0,72.9,3.0,8.7,615.7,28.0,248.1,6.8066,-0.1941,0.2727,Ineficiente,avanzado,0,1,1,1,0,1,0
1011,185.3,False,6,Apartamento,0.4,2.0,105.1,1.0,0.0,170.6,28.0,92.65,1.7631,0.0862,0.1667,Eficiente,avanzado,0,0,0,0,0,0,1
1012,375.2,False,11,Apartamento,3.6,,,,,,,,,,,Moderado,basico,0,0,1,0,0,1,0
1013,501.3,True,12,Apartamento,10.5,,,,,,,,,,,Ineficiente,basico,1,0,1,0,1,0,0
1014,476.7,False,16,Oficina,6.3,3.0,109.3,3.0,0.0,410.4,31.0,158.9,4.3614,0.1615,0.1875,Moderado,avanzado,0,0,0,0,0,0,1
1015,534.7,True,14,Casa,8.9,4.0,,,,,31.0,133.675,,,,Ineficiente,parcial,0,1,0,0,0,1,0
1016,712.2,True,21,Casa,8.6,,,7.0,0.0,,,,,,0.3333,Ineficiente,parcial,1,1,0,0,1,1,0
1017,289.0,False,14,Apartamento,5.4,,,,,,,,,,,Eficiente,basico,0,1,0,0,0,0,1
1018,889.9,False,20,Comercio,7.0,,,,,,,,,,,Moderado,basico,0,1,0,0,0,0,0
1019,601.9,True,15,Casa,8.0,,,,,,,,,,,Moderado,basico,1,1,0,1,0,0,0
1020,368.7,True,7,Apartamento,4.4,,,,,,,,,,,Moderado,basico,1,0,1,1,0,0,0
1021,1240.0,True,34,Oficina,13.3,11.0,155.8,12.0,2.2,1109.5,29.0,112.7273,7.9589,0.1176,0.3529,Ineficiente,avanzado,1,1,1,0,1,0,0
1022,589.2,True,17,Comercio,6.7,8.0,85.0,3.0,0.0,610.1,29.0,73.65,6.9318,-0.0343,0.1765,Moderado,avanzado,1,0,0,0,0,0,0
1023,865.1,True,22,Oficina,6.2,,,,,,,,,,,Ineficiente,basico,1,1,1,1,0,0,0
1024,277.7,True,6,Apartamento,1.9,3.0,,,,,29.0,92.5667,,,,Eficiente,parcial,1,0,0,0,0,0,1
1025,554.6,True,13,Apartamento,8.6,,,,,,,,,,,Moderado,basico,1,1,0,0,0,0,0
1026,349.6,True,7,Casa,5.2,4.0,98.6,1.0,0.0,320.0,31.0,87.4,3.5456,0.0925,0.1429,Eficiente,avanzado,1,0,0,0,0,0,1
1027,957.7,False,19,Oficina,8.8,,,,,,,,,,,Ineficiente,basico,1,1,0,0,0,0,0
1028,331.1,False,11,Casa,2.7,,,,,,,,,,,Eficiente,basico,0,0,1,0,0,0,1
1029,559.2,True,8,Apartamento,6.1,3.0,92.6,2.0,10.2,,29.0,186.4,6.0389,,0.25,Ineficiente,parcial,1,1,1,1,0,1,0
1030,369.1,False,11,Casa,5.7,4.0,25.0,2.0,0.0,396.2,30.0,92.275,14.764,-0.0684,0.1818,Ineficiente,avanzado,0,1,0,0,0,1,0
1031,392.1,True,10,Apartamento,4.1,3.0,99.0,2.0,6.5,337.0,31.0,130.7,3.9606,0.1635,0.2,Moderado,avanzado,0,0,1,0,0,0,0
1032,380.2,True,6,Apartamento,3.3,3.0,73.0,0.0,4.3,393.6,28.0,126.7333,5.2082,-0.034,0.0,Eficiente,avanzado,0,0,1,1,0,0,0
1033,150.2,True,4,Apartamento,1.1,1.0,50.6,1.0,0.0,116.0,31.0,150.2,2.9684,0.2948,0.25,Moderado,avanzado,1,0,0,0,1,0,0
1034,1088.2,True,31,Oficina,11.5,,127.3,,1.4,,,,8.5483,,,Moderado,parcial,1,1,0,0,0,0,0
1035,308.4,False,8,Casa,1.8,5.0,103.9,1.0,0.0,267.0,29.0,61.68,2.9682,0.1551,0.125,Eficiente,avanzado,0,0,0,0,0,0,1
1036,316.8,True,7,Apartamento,8.4,,,,,,,,,,,Ineficiente,basico,0,0,0,1,1,0,0
1037,694.9,True,18,Casa,8.8,5.0,,5.0,4.6,,31.0,138.98,,,0.2778,Ineficiente,parcial,0,0,0,1,0,0,0
1038,414.5,True,11,Casa,5.7,,,,,,28.0,,,,,Eficiente,parcial,1,0,1,0,0,1,0
1039,222.3,True,10,Apartamento,5.5,1.0,64.6,1.0,0.0,233.0,28.0,222.3,3.4412,-0.0459,0.1,Moderado,avanzado,1,0,0,0,0,0,0
1040,546.0,True,9,Casa,8.9,2.0,118.6,3.0,4.9,575.2,31.0,273.0,4.6037,-0.0508,0.3333,Ineficiente,avanzado,1,1,0,1,1,0,0
1041,463.1,True,13,Casa,7.3,,,,,,,,,,,Ineficiente,basico,1,1,0,1,0,0,0
1042,368.7,True,7,Apartamento,7.2,2.0,79.3,0.0,6.5,285.4,29.0,184.35,4.6494,0.2919,0.0,Moderado,avanzado,1,0,1,0,1,1,0
1043,329.1,True,6,Apartamento,3.3,,,,,,,,,,,Ineficiente,basico,1,0,0,1,1,1,0
1044,128.3,True,4,Apartamento,2.4,1.0,94.1,0.0,1.4,,,128.3,1.3634,,0.0,Eficiente,parcial,1,0,0,0,0,0,1
1045,427.7,True,9,Casa,3.6,1.0,197.3,2.0,5.8,355.8,30.0,427.7,2.1678,0.2021,0.2222,Ineficiente,avanzado,1,0,0,1,0,0,0
1046,524.7,True,9,Casa,7.4,,,,,,,,,,,Moderado,basico,0,1,1,0,0,0,0
1047,458.8,True,16,Casa,5.7,4.0,98.7,1.0,3.4,483.0,28.0,114.7,4.6484,-0.0501,0.0625,Eficiente,avanzado,1,0,0,0,0,0,1
1048,866.1,False,18,Comercio,7.8,,,6.0,6.7,,31.0,,,,0.3333,Ineficiente,parcial,0,1,0,1,1,1,0
1049,774.5,False,18,Comercio,7.2,,,,,,,,,,,Moderado,basico,0,0,0,0,1,1,0
1050,565.0,False,13,Casa,5.4,6.0,139.3,3.0,0.0,619.9,31.0,94.1667,4.056,-0.0886,0.2308,Eficiente,avanzado,0,1,0,0,0,0,1
1051,785.4,False,23,Apartamento,8.4,,,,,734.1,,,,0.0699,,Moderado,parcial,0,1,1,0,0,1,0
1052,398.6,True,8,Casa,5.5,2.0,103.1,1.0,2.7,332.0,28.0,199.3,3.8661,0.2006,0.125,Moderado,avanzado,1,0,0,0,0,0,0
1053,464.7,True,10,Casa,3.9,5.0,107.7,1.0,6.0,410.5,29.0,92.94,4.3148,0.132,0.1,Eficiente,avanzado,0,0,1,0,0,1,0
1054,363.6,True,7,Casa,6.9,2.0,177.9,0.0,4.8,382.7,29.0,181.8,2.0438,-0.0499,0.0,Eficiente,avanzado,1,0,0,0,0,1,0
1055,207.5,False,9,Casa,0.0,,,,,,,,,,,Eficiente,basico,0,0,0,0,0,1,1
1056,413.6,False,13,Apartamento,2.5,,,,,,,,,,,Eficiente,basico,0,1,0,0,0,0,1
1057,1034.7,True,31,Oficina,12.2,11.0,137.9,7.0,2.5,854.7,28.0,94.0636,7.5033,0.2106,0.2258,Ineficiente,avanzado,1,1,1,0,0,1,0
1058,402.4,False,6,Casa,4.4,,,,,,,,,,,Ineficiente,basico,0,0,0,1,0,0,0
1059,241.3,True,3,Apartamento,4.2,3.0,87.2,0.0,0.0,278.9,31.0,80.4333,2.7672,-0.1348,0.0,Eficiente,avanzado,1,0,0,0,0,1,0
1060,333.7,False,7,Apartamento,2.0,,,,,,,,,,,Moderado,basico,0,1,0,1,0,1,0
1061,846.9,True,22,Oficina,3.3,12.0,136.5,,,845.2,,70.575,6.2044,0.002,,Moderado,parcial,1,0,0,0,0,1,0
1062,209.7,False,4,Apartamento,4.6,2.0,75.3,1.0,0.0,215.4,28.0,104.85,2.7849,-0.0265,0.25,Eficiente,avanzado,0,0,0,0,0,0,1
1063,398.0,False,15,Casa,5.5,,,,,,,,,,,Eficiente,basico,0,0,1,0,0,0,1
1064,403.3,False,4,Apartamento,6.2,1.0,97.2,2.0,11.6,374.1,31.0,403.3,4.1492,0.0781,0.5,Ineficiente,avanzado,0,1,1,0,1,0,0
1065,558.7,True,15,Casa,4.6,,,,,,,,,,,Eficiente,basico,1,0,0,0,1,1,0
1066,685.0,False,18,Oficina,5.7,,,,,,,,,,,Moderado,basico,0,0,0,0,0,1,0
1067,437.8,False,5,Casa,3.0,2.0,145.8,3.0,11.7,402.5,29.0,218.9,3.0027,0.0877,0.6,Ineficiente,avanzado,1,1,1,1,1,0,0
1068,229.0,False,3,Apartamento,1.2,,,,,,,,,,,Eficiente,basico,0,0,0,1,0,0,1
1069,380.9,False,13,Casa,6.5,,,,,,,,,,,Eficiente,basico,0,0,0,0,0,0,1
1070,691.2,True,20,Casa,4.7,,,,,,,,,,,Eficiente,basico,1,0,1,1,0,0,0
1071,1105.3,False,32,Comercio,12.6,12.0,270.3,6.0,0.0,1144.5,29.0,92.1083,4.0892,-0.0343,0.1875,Eficiente,avanzado,0,0,0,0,1,0,1
1072,406.0,False,9,Apartamento,2.3,,,,,,,,,,,Eficiente,basico,0,0,1,0,0,0,1
1073,334.7,False,6,Apartamento,1.5,,,,,,,,,,,Eficiente,basico,0,0,0,0,0,0,1
1074,793.0,True,20,Oficina,9.6,,,,,,,,,,,Ineficiente,basico,1,1,1,1,0,0,0
1075,710.6,True,16,Comercio,9.7,8.0,241.4,2.0,0.0,601.6,31.0,88.825,2.9437,0.1812,0.125,Eficiente,avanzado,1,0,0,1,1,0,0
1076,439.3,True,9,Casa,5.9,,,,,,,,,,,Moderado,basico,1,0,0,0,0,1,0
1077,306.6,False,6,Apartamento,3.6,2.0,,,0.0,,,153.3,,,,Eficiente,parcial,0,1,0,0,0,0,1
1078,267.9,True,3,Apartamento,1.9,2.0,111.2,1.0,1.9,260.1,28.0,133.95,2.4092,0.03,0.3333,Moderado,avanzado,1,1,0,0,0,0,0
1079,253.8,True,8,Apartamento,3.0,3.0,62.7,0.0,0.0,261.1,28.0,84.6,4.0478,-0.028,0.0,Eficiente,avanzado,1,0,0,0,0,1,0
1080,403.6,False,7,Casa,3.2,,,,,,,,,,,Eficiente,basico,0,1,0,0,0,0,0
1081,244.5,False,3,Casa,0.0,2.0,126.3,1.0,0.0,266.5,28.0,122.25,1.9359,-0.0826,0.3333,Eficiente,avanzado,0,0,0,0,0,1,1
1082,853.4,False,18,Oficina,7.2,7.0,,,,771.1,,121.9143,,0.1067,,Ineficiente,parcial,0,1,1,0,1,1,0
1083,912.5,True,16,Oficina,7.9,9.0,81.3,7.0,4.0,855.6,30.0,101.3889,11.2239,0.0665,0.4375,Ineficiente,avanzado,1,1,1,0,1,0,0
1084,809.1,True,21,Comercio,8.5,,,,,,,,,,,Eficiente,basico,1,0,0,0,0,1,0
1085,938.0,True,18,Oficina,9.0,8.0,199.8,8.0,1.9,784.8,28.0,117.25,4.6947,0.1952,0.4444,Ineficiente,avanzado,1,1,0,0,1,1,0
1086,916.2,True,27,Comercio,12.0,,135.4,6.0,6.4,820.8,,,6.7666,0.1162,0.2222,Ineficiente,parcial,1,0,1,0,0,1,0
1087,536.9,False,22,Comercio,4.2,3.0,198.8,2.0,0.0,504.2,30.0,178.9667,2.7007,0.0649,0.0909,Eficiente,avanzado,0,0,0,0,0,1,1
1088,957.8,False,23,Comercio,11.6,9.0,172.8,6.0,9.4,977.3,29.0,106.4222,5.5428,-0.02,0.2609,Moderado,avanzado,0,0,1,0,0,0,0
1089,397.3,True,12,Apartamento,6.2,,69.5,1.0,,489.4,,,5.7165,-0.1882,0.0833,Eficiente,parcial,1,0,0,0,0,0,1
1090,282.9,True,9,Apartamento,4.3,1.0,101.2,2.0,,254.8,31.0,282.9,2.7955,0.1103,0.2222,Ineficiente,parcial,1,1,1,1,0,0,0
1091,494.7,False,11,Casa,5.1,3.0,108.7,5.0,4.2,340.0,31.0,164.9,4.5511,0.455,0.4545,Ineficiente,avanzado,0,1,1,0,1,0,0
1092,531.8,False,13,Apartamento,3.7,5.0,25.4,3.0,0.0,857.7,31.0,106.36,20.937,-0.38,0.2308,Ineficiente,avanzado,0,1,1,0,1,1,0
1093,323.1,False,8,Casa,2.8,1.0,145.9,2.0,4.9,274.4,,323.1,2.2145,0.1775,0.25,Ineficiente,parcial,1,1,1,1,1,1,0
1094,468.9,True,11,Casa,5.2,6.0,,1.0,5.6,534.0,,78.15,,-0.1219,0.0909,Eficiente,parcial,1,0,1,1,0,0,0
1095,307.9,False,9,Apartamento,3.3,,,,,,,,,,,Moderado,basico,0,1,1,0,1,0,0
1096,315.1,False,9,Casa,3.5,,,,,,,,,,,Eficiente,basico,0,0,1,0,0,0,1
1097,569.1,True,16,Casa,8.9,,,,,,,,,,,Ineficiente,basico,1,1,0,0,1,0,0
1098,813.9,True,19,Comercio,8.9,6.0,142.5,5.0,3.7,653.8,30.0,135.65,5.7116,0.2449,0.2632,Ineficiente,avanzado,1,1,1,0,1,1,0
1099,830.5,False,15,Comercio,4.9,,,,,,,,,,,Moderado,basico,0,1,0,0,0,0,0
1100,493.0,True,10,Casa,5.9,4.0,175.5,1.0,6.6,435.4,30.0,123.25,2.8091,0.1323,0.1,Moderado,avanzado,1,0,1,0,0,0,0
1101,703.4,True,16,Casa,10.5,,,,,,,,,,,Ineficiente,basico,1,0,0,1,0,0,0
1102,643.4,True,17,Casa,12.4,4.0,,3.0,11.6,660.2,,160.85,,-0.0254,0.1765,Ineficiente,parcial,1,1,1,0,0,0,0
1103,615.9,False,18,Comercio,4.9,,,,0.0,,28.0,,,,,Eficiente,parcial,0,0,0,1,0,0,1
1104,734.1,False,16,Comercio,7.4,6.0,158.3,5.0,7.5,659.1,29.0,122.35,4.6374,0.1138,0.3125,Moderado,avanzado,0,1,1,1,0,0,0
1105,296.9,True,8,Casa,4.5,2.0,123.7,2.0,0.0,235.2,28.0,148.45,2.4002,0.2623,0.25,Moderado,avanzado,0,0,0,0,0,0,1
1106,959.9,False,21,Comercio,9.0,,,,,,,,,,,Moderado,basico,0,1,0,1,0,1,0
1107,484.1,True,15,Casa,4.6,,,2.0,,428.2,31.0,,,0.1305,0.1333,Eficiente,parcial,1,0,0,0,0,0,1
1108,564.2,True,14,Casa,7.6,8.0,162.0,1.0,2.8,564.5,29.0,70.525,3.4827,-0.0005,0.0714,Eficiente,avanzado,1,0,0,1,0,0,0
1109,603.3,False,16,Oficina,7.4,6.0,130.7,4.0,6.9,534.3,29.0,100.55,4.6159,0.1291,0.25,Moderado,avanzado,1,0,1,1,1,0,0
1110,507.5,False,16,Casa,8.6,,,,,,,,,,,Eficiente,basico,0,0,0,0,0,0,1
1111,308.1,True,9,Casa,4.8,,,,,,,,,,,Eficiente,basico,1,1,0,0,0,0,0
1112,521.0,True,8,Apartamento,8.9,3.0,84.2,2.0,12.7,448.2,29.0,173.6667,6.1876,0.1624,0.25,Ineficiente,avanzado,0,0,1,1,1,1,0
1113,310.4,True,8,Apartamento,5.2,1.0,70.1,1.0,7.4,379.7,31.0,310.4,4.428,-0.1825,0.125,Ineficiente,avanzado,1,0,1,1,0,0,0
1114,1333.4,False,31,Oficina,13.1,,,,,,,,,,,Ineficiente,basico,1,1,0,0,0,1,0
1115,730.3,True,18,Oficina,9.9,7.0,93.4,3.0,9.7,632.2,30.0,104.3286,7.8191,0.1552,0.1667,Ineficiente,avanzado,0,0,1,0,1,0,0
1116,325.5,False,8,Casa,6.1,,,,,,,,,,,Eficiente,basico,0,1,0,1,0,0,0
1117,190.2,False,6,Casa,1.9,2.0,109.4,1.0,0.0,258.3,31.0,95.1,1.7386,-0.2636,0.1667,Eficiente,avanzado,0,1,0,1,1,0,0
1118,811.8,True,23,Comercio,8.8,,,,,781.8,,,,0.0384,,Ineficiente,parcial,1,1,0,0,1,0,0
1119,639.8,True,20,Casa,7.6,,,,,,,,,,,Eficiente,basico,1,0,0,0,0,0,1
1120,932.2,False,21,Oficina,5.5,7.0,226.0,,,1105.8,30.0,133.1714,4.1248,-0.157,,Moderado,parcial,0,1,0,0,0,1,0
1121,379.1,True,12,Apartamento,7.9,5.0,,,,,,75.82,,,,Eficiente,parcial,1,0,0,0,0,0,1
1122,474.6,False,6,Casa,4.3,3.0,130.6,3.0,4.9,443.3,30.0,158.2,3.634,0.0706,0.5,Ineficiente,avanzado,0,1,0,0,0,1,0
1123,639.8,False,17,Comercio,7.7,,,,,,,,,,,Moderado,basico,0,1,1,0,0,0,0
1124,381.4,True,10,Casa,4.6,,,,,,,,,,,Moderado,basico,0,1,0,0,0,0,0
1125,569.4,False,14,Apartamento,5.5,7.0,87.3,2.0,5.9,542.0,29.0,81.3429,6.5223,0.0506,0.1429,Eficiente,avanzado,0,1,0,0,0,0,1
1126,323.3,False,6,Apartamento,3.3,,,,,294.5,,,,0.0978,,Eficiente,parcial,0,0,0,0,0,1,0
1127,304.7,True,10,Apartamento,5.9,1.0,84.3,1.0,1.9,263.8,30.0,304.7,3.6145,0.155,0.1,Ineficiente,avanzado,0,0,0,1,1,0,0
1128,363.2,True,14,Apartamento,4.0,2.0,43.7,2.0,0.0,287.4,28.0,181.6,8.3112,0.2637,0.1429,Ineficiente,avanzado,1,0,0,0,0,1,0
1129,227.3,True,8,Apartamento,6.7,1.0,87.4,0.0,6.0,217.5,30.0,227.3,2.6007,0.0451,0.0,Moderado,avanzado,1,0,0,0,0,0,0
1130,845.3,True,23,Oficina,10.5,,,,,,,,,,,Ineficiente,basico,0,1,1,1,0,0,0
1131,664.7,False,15,Oficina,5.7,5.0,163.9,4.0,4.1,786.7,29.0,132.94,4.0555,-0.1551,0.2667,Moderado,avanzado,0,0,1,0,0,1,0
1132,255.0,False,11,Apartamento,3.1,,,,,,,,,,,Eficiente,basico,0,0,0,0,0,0,1
1133,420.4,True,8,Casa,6.7,,159.8,,,,,,2.6308,,,Moderado,parcial,1,0,0,1,0,0,0
1134,582.2,False,15,Apartamento,5.5,,,,,,,,,,,Ineficiente,basico,1,1,1,0,0,1,0
1135,1407.5,False,39,Oficina,11.7,16.0,90.0,14.0,2.3,1043.5,29.0,87.9688,15.6389,0.3488,0.359,Ineficiente,avanzado,0,1,0,0,1,0,0
1136,391.0,True,7,Casa,6.4,2.0,122.8,2.0,,,,195.5,3.184,,0.2857,Moderado,parcial,1,0,0,0,0,0,0
1137,655.4,True,12,Apartamento,8.8,,,,,,,,,,,Ineficiente,basico,0,0,1,1,1,1,0
1138,282.7,False,9,Apartamento,3.9,4.0,25.0,1.0,0.0,,,70.675,11.308,,0.1111,Moderado,parcial,0,0,0,0,0,0,1
1139,470.3,True,10,Casa,4.9,4.0,142.0,1.0,2.9,537.4,30.0,117.575,3.312,-0.1249,0.1,Eficiente,avanzado,1,1,0,0,0,0,0
1140,417.9,False,13,Apartamento,6.6,5.0,,2.0,6.7,341.8,,83.58,,0.2226,0.1538,Moderado,parcial,0,1,1,0,0,1,0
1141,338.8,True,6,Casa,4.2,2.0,192.8,1.0,6.3,378.4,29.0,169.4,1.7573,-0.1047,0.1667,Moderado,avanzado,0,0,0,0,0,0,1
1142,845.1,False,20,Comercio,9.8,,,,,,,,,,,Ineficiente,basico,0,0,1,0,0,1,0
1143,645.9,False,16,Comercio,4.0,,,,,,,,,,,Eficiente,basico,0,1,0,0,0,1,0
1144,689.1,True,14,Comercio,8.9,,,,,821.4,,,,-0.1611,,Moderado,parcial,1,1,1,1,0,0,0
1145,424.1,False,11,Casa,5.5,4.0,145.3,1.0,2.1,409.1,29.0,106.025,2.9188,0.0367,0.0909,Eficiente,avanzado,0,0,0,0,0,0,1
1146,471.8,False,10,Casa,2.8,,,,,,,,,,,Eficiente,basico,0,0,0,0,0,1,1
1147,767.0,False,19,Comercio,6.3,6.0,127.9,5.0,3.5,691.2,31.0,127.8333,5.9969,0.1097,0.2632,Moderado,avanzado,0,1,1,0,0,1,0
1148,920.9,True,25,Comercio,11.0,7.0,142.6,6.0,4.2,927.5,29.0,131.5571,6.4579,-0.0071,0.24,Ineficiente,avanzado,1,1,0,1,0,0,0
1149,361.1,True,9,Apartamento,3.2,2.0,66.9,2.0,0.0,310.0,,180.55,5.3976,0.1648,0.2222,Moderado,parcial,1,1,0,0,0,0,0
1150,606.4,True,12,Oficina,6.1,,,,,,,,,,,Ineficiente,basico,1,0,0,0,0,0,0
1151,466.0,False,9,Casa,6.7,,,,,,,,,,,Moderado,basico,1,0,1,0,0,1,0
1152,1020.3,False,24,Comercio,9.5,,228.8,,,,28.0,,4.4594,,,Moderado,parcial,1,1,1,0,0,0,0
1153,416.0,True,9,Casa,6.0,,,,,,,,,,,Moderado,basico,1,0,1,0,0,0,0
1154,369.8,True,11,Casa,2.9,3.0,116.8,0.0,3.1,347.1,,123.2667,3.1661,0.0654,0.0,Eficiente,parcial,1,0,0,0,0,0,1
1155,425.9,True,13,Apartamento,6.8,6.0,106.2,3.0,0.0,468.7,29.0,70.9833,4.0104,-0.0913,0.2308,Eficiente,avanzado,1,1,0,0,0,0,0
1156,754.0,True,16,Casa,10.8,8.0,129.4,4.0,6.2,619.1,29.0,94.25,5.8269,0.2179,0.25,Ineficiente,avanzado,1,1,1,0,0,1,0
1157,364.7,True,5,Casa,5.7,,,,,,,,,,,Moderado,basico,1,1,1,0,0,0,0
1158,341.0,False,8,Casa,6.1,3.0,119.0,0.0,6.4,264.7,31.0,113.6667,2.8655,0.2883,0.0,Eficiente,avanzado,0,0,1,1,1,0,0
1159,202.4,True,4,Apartamento,2.1,1.0,,0.0,0.0,166.8,29.0,202.4,,0.2134,0.0,Eficiente,parcial,1,0,0,0,0,0,1
1160,895.8,False,23,Comercio,11.9,5.0,120.3,8.0,0.0,857.9,28.0,179.16,7.4464,0.0442,0.3478,Ineficiente,avanzado,0,1,0,0,0,1,0
1161,404.9,False,11,Casa,5.0,,,,,,,,,,,Eficiente,basico,0,1,1,0,0,1,0
1162,341.0,True,4,Apartamento,4.3,1.0,65.5,2.0,8.7,324.7,30.0,341.0,5.2061,0.0502,0.5,Ineficiente,avanzado,0,0,0,0,0,1,0
1163,545.9,False,15,Comercio,2.9,4.0,98.5,,,507.0,,136.475,5.5421,0.0767,,Eficiente,parcial,0,0,1,0,0,0,1
1164,462.3,True,11,Casa,7.9,,,,,,,,,,,Moderado,basico,1,0,0,1,0,0,0
1165,670.6,True,18,Casa,10.3,7.0,105.9,4.0,5.2,652.1,30.0,95.8,6.3324,0.0284,0.2222,Moderado,avanzado,1,0,0,0,0,0,0
1166,677.3,True,15,Comercio,3.7,,,,,,,,,,,Moderado,basico,1,1,0,0,0,0,0
1167,757.1,True,18,Comercio,8.5,4.0,161.6,5.0,0.0,661.5,28.0,189.275,4.685,0.1445,0.2778,Ineficiente,avanzado,1,0,0,1,0,0,0
1168,178.0,False,6,Apartamento,2.2,,,,,,,,,,,Moderado,basico,0,0,0,0,0,0,1
1169,752.4,True,13,Comercio,9.3,,,,,,,,,,,Ineficiente,basico,1,0,0,0,1,1,0
1170,942.8,False,20,Casa,7.7,8.0,169.1,,7.8,930.2,29.0,117.85,5.5754,0.0135,,Moderado,parcial,0,0,1,0,0,1,0
1171,467.4,True,11,Casa,7.5,,,,,,,,,,,Moderado,basico,0,0,0,0,1,0,0
1172,387.1,True,5,Apartamento,9.1,1.0,77.5,1.0,9.0,355.5,31.0,387.1,4.9948,0.0889,0.2,Ineficiente,avanzado,1,1,1,1,0,1,0
1173,563.1,True,12,Casa,6.6,6.0,161.7,2.0,9.7,432.0,31.0,93.85,3.4824,0.3035,0.1667,Moderado,avanzado,1,0,1,0,1,0,0
1174,762.8,False,22,Comercio,6.5,,,7.0,1.7,,,,,,0.3182,Moderado,parcial,0,0,0,1,0,0,0
1175,381.5,False,5,Apartamento,8.0,2.0,123.1,2.0,8.6,288.4,31.0,190.75,3.0991,0.3228,0.4,Ineficiente,avanzado,0,1,1,1,0,0,0
1176,749.5,True,17,Comercio,9.0,,,,,,,,,,,Ineficiente,basico,0,1,1,0,0,0,0
1177,205.8,False,8,Apartamento,2.3,1.0,106.5,0.0,0.0,188.0,29.0,205.8,1.9324,0.0947,0.0,Eficiente,avanzado,0,0,0,0,1,0,1
1178,505.9,True,17,Casa,5.9,5.0,78.9,4.0,0.0,451.9,31.0,101.18,6.4119,0.1195,0.2353,Moderado,avanzado,1,0,0,0,0,0,0
1179,432.6,False,13,Casa,6.4,,,,,,,,,,,Eficiente,basico,0,0,0,0,0,0,1
1180,411.9,True,6,Casa,4.4,,,,,,,,,,,Eficiente,basico,1,0,0,0,1,0,0
1181,654.7,True,15,Comercio,7.4,5.0,138.2,5.0,2.8,582.9,29.0,130.94,4.7373,0.1232,0.3333,Ineficiente,avanzado,1,1,1,0,0,1,0
1182,485.7,False,12,Casa,4.3,,,,0.0,,,,,,,Moderado,parcial,0,1,0,0,0,0,0
1183,296.8,False,7,Casa,3.7,,,,,,,,,,,Eficiente,basico,0,0,0,0,0,0,1
1184,555.3,False,15,Casa,6.9,3.0,188.1,2.0,,594.2,29.0,185.1,2.9522,-0.0655,0.1333,Moderado,parcial,0,0,1,0,0,0,0
1185,574.3,True,25,Casa,9.7,,,,,,,,,,,Moderado,basico,1,0,0,0,0,1,0
1186,741.8,False,16,Comercio,5.5,4.0,162.4,6.0,5.8,,31.0,185.45,4.5677,,0.375,Ineficiente,parcial,0,0,0,0,0,0,1
1187,337.7,False,14,Casa,4.1,,,1.0,,343.7,,,,-0.0175,0.0714,Eficiente,parcial,0,0,0,0,0,1,1
1188,852.7,False,24,Oficina,9.8,,,,,,,,,,,Eficiente,basico,0,1,0,0,0,0,0
1189,351.7,False,10,Casa,5.4,,,,,,,,,,,Eficiente,basico,0,0,1,0,0,0,0
1190,470.4,True,12,Apartamento,8.5,3.0,59.2,3.0,7.4,389.8,29.0,156.8,7.9459,0.2068,0.25,Ineficiente,avanzado,1,1,1,0,0,0,0
1191,389.8,False,16,Apartamento,3.8,,,,,,,,,,,Eficiente,basico,0,0,0,0,0,0,1
1192,623.9,True,13,Casa,6.4,,,,,565.9,,,,0.1025,,Moderado,parcial,1,1,1,0,0,0,0
1193,963.1,True,27,Comercio,12.0,8.0,127.2,5.0,6.8,970.0,30.0,120.3875,7.5715,-0.0071,0.1852,Ineficiente,avanzado,1,1,1,0,0,1,0
1194,1352.2,True,39,Oficina,13.3,15.0,181.7,12.0,0.0,1392.3,31.0,90.1467,7.4419,-0.0288,0.3077,Ineficiente,avanzado,1,1,0,0,0,1,0
1195,1008.7,False,28,Comercio,11.2,,188.5,,10.0,792.0,30.0,,5.3512,0.2736,,Ineficiente,parcial,0,1,1,0,1,1,0
1196,554.6,True,17,Casa,8.4,6.0,159.1,,,459.5,30.0,92.4333,3.4859,0.207,,Eficiente,parcial,0,0,0,0,0,0,1
1197,455.5,False,9,Casa,2.1,,136.2,3.0,,,29.0,,3.3443,,0.3333,Moderado,parcial,0,0,0,0,0,0,1
1198,250.3,False,8,Apartamento,3.1,2.0,63.1,0.0,2.0,265.7,30.0,125.15,3.9667,-0.058,0.0,Eficiente,avanzado,0,0,0,0,0,0,1
1199,347.4,False,11,Casa,3.8,,,,,,,,,,,Eficiente,basico,0,0,0,0,0,1,1
1200,673.3,False,15,Apartamento,8.9,,,,,,,,,,,Ineficiente,basico,0,1,1,1,0,1,0
1201,321.9,False,12,Apartamento,5.7,4.0,116.1,1.0,0.0,402.8,,80.475,2.7726,-0.2008,0.0833,Eficiente,parcial,0,0,1,0,0,0,0
1202,230.5,False,4,Apartamento,2.6,1.0,,,,,,230.5,,,,Eficiente,parcial,0,0,0,0,0,0,1
1203,550.5,False,18,Comercio,7.6,7.0,101.9,1.0,6.3,584.5,31.0,78.6429,5.4024,-0.0582,0.0556,Eficiente,avanzado,0,1,0,0,0,0,0
1204,352.9,True,10,Apartamento,7.2,1.0,50.7,2.0,2.7,346.6,28.0,352.9,6.9606,0.0182,0.2,Ineficiente,avanzado,1,0,0,1,0,0,0
1205,494.5,True,13,Casa,5.8,5.0,169.9,2.0,0.0,499.1,28.0,98.9,2.9105,-0.0092,0.1538,Eficiente,avanzado,0,0,0,0,0,1,1
1206,263.7,False,8,Casa,3.8,1.0,133.2,2.0,0.0,262.2,31.0,263.7,1.9797,0.0057,0.25,Moderado,avanzado,0,1,0,1,0,0,0
1207,385.7,True,8,Apartamento,5.9,,,,10.4,,30.0,,,,,Moderado,parcial,1,0,1,0,0,0,0
1208,584.3,True,12,Apartamento,7.3,4.0,65.8,7.0,6.4,581.4,31.0,146.075,8.8799,0.005,0.5833,Ineficiente,avanzado,1,1,1,0,0,0,0
1209,550.9,False,16,Casa,6.7,9.0,161.0,1.0,5.2,573.5,28.0,61.2111,3.4217,-0.0394,0.0625,Eficiente,avanzado,0,0,1,0,0,0,1
1210,449.6,True,14,Casa,7.1,,,,,,,,,,,Moderado,basico,1,0,1,0,0,0,0
1211,430.7,False,10,Comercio,4.1,6.0,69.2,,,403.5,28.0,71.7833,6.224,0.0674,,Eficiente,parcial,1,1,0,0,0,0,0
1212,1110.3,True,22,Comercio,13.5,6.0,222.2,8.0,9.1,1000.1,29.0,185.05,4.9968,0.1102,0.3636,Ineficiente,avanzado,1,1,1,0,0,1,0
1213,320.9,True,10,Apartamento,4.4,,,,,,,,,,,Ineficiente,basico,1,0,0,1,1,1,0
1214,351.0,True,9,Casa,5.2,2.0,122.0,0.0,7.1,335.1,29.0,175.5,2.877,0.0474,0.0,Eficiente,avanzado,1,0,0,0,0,1,0
1215,398.1,False,5,Casa,0.2,,,,,,,,,,,Eficiente,basico,0,0,0,0,1,1,0
1216,594.0,True,24,Apartamento,9.4,,43.3,3.0,3.5,537.8,,,13.7182,0.1045,0.125,Ineficiente,parcial,1,0,1,0,0,0,0
1217,367.0,True,8,Casa,3.0,5.0,153.1,2.0,0.0,455.6,29.0,73.4,2.3971,-0.1945,0.25,Eficiente,avanzado,1,0,0,0,0,0,1
1218,322.6,False,11,Apartamento,4.1,2.0,63.7,2.0,0.0,,30.0,161.3,5.0644,,0.1818,Moderado,parcial,0,0,0,0,1,0,0
1219,374.9,True,6,Apartamento,3.6,3.0,74.3,0.0,12.1,303.0,28.0,124.9667,5.0458,0.2373,0.0,Moderado,avanzado,1,0,1,0,0,0,0
1220,552.5,True,11,Casa,7.8,,,,,,,,,,,Ineficiente,basico,1,1,0,0,0,0,0
1221,402.9,False,11,Casa,3.8,5.0,162.0,1.0,0.0,342.1,30.0,80.58,2.487,0.1777,0.0909,Eficiente,avanzado,0,1,0,0,1,1,0
1222,446.1,True,11,Casa,5.9,,,0.0,,,29.0,,,,0.0,Eficiente,parcial,0,1,1,0,1,0,0
1223,896.4,True,25,Oficina,9.1,7.0,140.1,,,,,128.0571,6.3983,,,Moderado,parcial,1,1,0,0,1,0,0
1224,284.2,True,5,Apartamento,3.2,1.0,25.0,2.0,0.0,259.1,31.0,284.2,11.368,0.0969,0.4,Ineficiente,avanzado,1,1,0,1,0,1,0
1225,291.5,True,5,Casa,6.7,1.0,100.5,1.0,2.1,293.6,28.0,291.5,2.9005,-0.0072,0.2,Ineficiente,avanzado,1,0,0,1,0,0,0
1226,1182.4,True,24,Oficina,9.4,,,,,,,,,,,Ineficiente,basico,1,1,0,1,1,0,0
1227,262.5,True,7,Apartamento,7.4,,,,,,,,,,,Eficiente,basico,1,0,1,0,0,1,0
1228,155.2,False,5,Apartamento,1.8,,,,,,,,,,,Eficiente,basico,0,0,0,0,0,0,1
1229,1307.5,False,40,Oficina,15.1,,,,,,,,,,,Ineficiente,basico,0,1,0,0,0,1,0
1230,454.2,True,10,Casa,7.0,,,,,,,,,,,Ineficiente,basico,1,1,1,1,1,0,0
1231,502.3,False,12,Casa,7.7,4.0,104.7,0.0,13.9,461.8,30.0,125.575,4.7975,0.0877,0.0,Eficiente,avanzado,0,0,1,0,0,1,0
1232,275.8,True,10,Apartamento,3.1,2.0,99.0,2.0,,236.4,29.0,137.9,2.7859,0.1667,0.2,Moderado,parcial,0,0,0,0,0,0,1
1233,327.8,True,2,Casa,2.0,1.0,,,,287.9,,327.8,,0.1386,,Ineficiente,parcial,1,1,1,0,0,0,0
1234,424.8,True,14,Apartamento,8.5,4.0,54.6,1.0,4.1,435.1,29.0,106.2,7.7802,-0.0237,0.0714,Moderado,avanzado,1,0,0,0,0,0,0
1235,617.9,True,18,Casa,10.0,4.0,104.4,2.0,4.6,630.1,30.0,154.475,5.9186,-0.0194,0.1111,Moderado,avanzado,1,1,0,0,0,1,0
1236,365.2,False,8,Casa,2.0,2.0,210.7,1.0,1.6,369.4,31.0,182.6,1.7333,-0.0114,0.125,Eficiente,avanzado,0,0,0,0,0,0,1
1237,769.8,True,18,Casa,12.1,7.0,88.1,3.0,10.4,608.4,29.0,109.9714,8.7378,0.2653,0.1667,Ineficiente,avanzado,1,1,1,0,0,0,0
1238,186.5,False,7,Apartamento,0.0,2.0,63.4,1.0,2.0,193.4,29.0,93.25,2.9416,-0.0357,0.1429,Eficiente,avanzado,0,0,0,1,1,0,0
1239,423.6,False,9,Casa,4.7,3.0,217.6,3.0,3.9,451.6,29.0,141.2,1.9467,-0.062,0.3333,Eficiente,avanzado,0,0,0,1,0,0,0
1240,443.9,False,9,Casa,4.3,5.0,111.1,0.0,11.6,453.9,28.0,88.78,3.9955,-0.022,0.0,Eficiente,avanzado,0,0,1,0,0,0,1
1241,900.6,True,22,Comercio,8.8,,248.9,7.0,0.0,848.7,29.0,,3.6183,0.0612,0.3182,Moderado,parcial,0,1,0,0,0,0,0
1242,602.6,True,11,Casa,10.3,4.0,92.1,3.0,11.6,525.1,31.0,150.65,6.5429,0.1476,0.2727,Ineficiente,avanzado,1,0,1,0,1,0,0
1243,288.4,True,9,Casa,1.6,2.0,140.8,1.0,0.0,194.3,31.0,144.2,2.0483,0.4843,0.1111,Moderado,avanzado,0,0,0,0,1,0,0
1244,388.1,True,4,Casa,5.5,2.0,180.6,1.0,6.6,445.3,29.0,194.05,2.1489,-0.1285,0.25,Moderado,avanzado,1,1,0,0,0,0,0
1245,507.3,True,13,Casa,3.3,4.0,115.4,3.0,0.0,578.0,29.0,126.825,4.396,-0.1223,0.2308,Moderado,avanzado,0,1,0,0,0,0,0
1246,452.3,True,12,Casa,3.6,4.0,139.2,1.0,0.0,346.6,30.0,113.075,3.2493,0.305,0.0833,Eficiente,avanzado,0,0,0,1,0,1,0
1247,399.9,True,5,Apartamento,5.6,3.0,95.9,1.0,,,30.0,133.3,4.17,,0.2,Moderado,parcial,1,1,1,0,0,0,0
1248,305.3,True,11,Casa,5.2,4.0,,0.0,3.3,,,76.325,,,0.0,Eficiente,parcial,0,0,0,0,0,0,1
1249,1272.6,False,35,Oficina,13.0,14.0,252.5,12.0,4.6,1392.4,29.0,90.9,5.04,-0.086,0.3429,Moderado,avanzado,0,1,0,0,0,0,0
1250,701.9,True,16,Oficina,5.2,7.0,194.8,2.0,6.4,679.6,29.0,100.2714,3.6032,0.0328,0.125,Eficiente,avanzado,1,0,1,1,0,0,0
1251,544.8,True,14,Casa,8.1,5.0,120.0,2.0,1.7,528.1,29.0,108.96,4.54,0.0316,0.1429,Moderado,avanzado,1,0,0,0,0,1,0
1252,374.5,True,10,Casa,3.3,,,,,,,,,,,Eficiente,basico,1,0,0,0,0,0,1
1253,397.1,False,5,Casa,5.9,,,,,,,,,,,Ineficiente,basico,1,1,1,1,0,0,0
1254,646.1,True,16,Apartamento,8.0,6.0,,3.0,7.8,,31.0,107.6833,,,0.1875,Ineficiente,parcial,1,0,1,0,1,1,0
1255,518.6,True,9,Casa,8.0,5.0,115.2,2.0,7.0,528.1,29.0,103.72,4.5017,-0.018,0.2222,Moderado,avanzado,1,0,1,0,0,0,0
1256,1033.5,True,21,Comercio,12.7,,,,,,,,,,,Ineficiente,basico,1,1,0,0,0,0,0
1257,793.1,True,15,Comercio,9.0,,,,,,,,,,,Ineficiente,basico,1,0,1,0,0,1,0
1258,1083.6,True,24,Comercio,13.4,,,8.0,1.8,,28.0,,,,0.3333,Ineficiente,parcial,1,1,0,1,1,1,0
1259,164.4,True,3,Apartamento,4.2,1.0,80.0,0.0,0.0,194.6,31.0,164.4,2.055,-0.1552,0.0,Eficiente,avanzado,0,0,0,1,0,0,1
1260,892.0,False,23,Oficina,10.0,6.0,111.2,9.0,4.4,906.8,31.0,148.6667,8.0216,-0.0163,0.3913,Ineficiente,avanzado,0,1,0,0,0,1,0
1261,483.1,True,16,Casa,6.1,,,,9.3,369.6,31.0,,,0.3071,,Ineficiente,parcial,1,0,1,1,1,0,0
1262,496.2,True,9,Casa,6.6,3.0,137.9,2.0,11.6,408.6,30.0,165.4,3.5983,0.2144,0.2222,Ineficiente,avanzado,1,0,1,0,1,1,0
1263,551.2,True,11,Casa,8.3,3.0,163.9,5.0,5.9,525.7,31.0,183.7333,3.363,0.0485,0.4545,Ineficiente,avanzado,1,1,1,0,0,1,0
1264,1077.7,False,22,Oficina,10.0,,,,,,,,,,,Ineficiente,basico,0,1,1,1,0,0,0
1265,507.5,False,18,Apartamento,6.1,5.0,49.7,3.0,0.0,521.6,28.0,101.5,10.2113,-0.027,0.1667,Moderado,avanzado,0,1,0,0,0,1,0
1266,863.3,True,20,Comercio,9.2,,,,,,,,,,,Moderado,basico,1,0,0,0,0,0,0
1267,307.2,True,8,Casa,2.1,,,,,,,,,,,Eficiente,basico,1,0,1,0,0,0,0
1268,719.4,True,12,Oficina,6.9,6.0,127.6,4.0,7.2,856.5,28.0,119.9,5.6379,-0.1601,0.3333,Ineficiente,avanzado,1,1,1,1,0,0,0
1269,336.9,True,4,Apartamento,8.0,2.0,100.1,1.0,9.5,287.6,30.0,168.45,3.3656,0.1714,0.25,Ineficiente,avanzado,1,0,1,0,0,0,0
1270,238.7,True,4,Apartamento,2.8,,,,,,,,,,,Moderado,basico,1,0,0,0,0,0,0
1271,504.7,False,10,Oficina,2.7,,,,,,,,,,,Eficiente,basico,0,0,1,0,0,0,0
1272,589.1,False,16,Casa,5.0,6.0,162.9,4.0,4.7,621.7,30.0,98.1833,3.6163,-0.0524,0.25,Eficiente,avanzado,0,1,1,0,0,0,0
1273,584.0,True,12,Casa,8.1,7.0,76.6,1.0,8.0,482.3,29.0,83.4286,7.624,0.2109,0.0833,Moderado,avanzado,1,1,1,0,1,0,0
1274,112.2,True,4,Apartamento,3.2,,,,,,,,,,,Eficiente,basico,1,0,0,0,0,0,0
1275,301.3,False,11,Casa,1.1,,109.3,1.0,0.0,,31.0,,2.7566,,0.0909,Eficiente,parcial,0,0,0,0,0,0,1
1276,532.8,True,10,Casa,5.7,,,,,,,,,,,Moderado,basico,1,0,1,0,0,0,0
1277,276.8,True,4,Casa,5.9,,,,,,,,,,,Ineficiente,basico,1,0,1,1,0,0,0
1278,370.4,True,10,Casa,3.8,4.0,87.7,2.0,0.0,340.5,28.0,92.6,4.2235,0.0878,0.2,Eficiente,avanzado,1,0,0,0,0,0,1
1279,720.8,True,15,Comercio,8.3,3.0,201.5,6.0,0.0,844.1,30.0,240.2667,3.5772,-0.1461,0.4,Ineficiente,avanzado,1,1,0,1,0,0,0
1280,548.4,False,11,Apartamento,7.2,6.0,102.0,,12.7,,,91.4,5.3765,,,Moderado,parcial,0,1,1,0,0,0,0
1281,493.4,True,8,Casa,5.5,,130.7,2.0,2.1,601.1,29.0,,3.7751,-0.1792,0.25,Moderado,parcial,1,0,0,0,0,0,0
1282,654.4,True,19,Casa,6.8,,,,,,,,,,,Moderado,basico,1,0,0,0,1,0,0
1283,322.4,True,5,Apartamento,3.0,,,,,,,,,,,Ineficiente,basico,1,1,0,1,1,0,0
1284,177.8,False,7,Apartamento,4.6,,,,,,,,,,,Eficiente,basico,0,0,0,0,0,0,1
1285,963.2,True,25,Oficina,10.7,8.0,121.9,,0.0,,31.0,120.4,7.9016,,,Ineficiente,parcial,1,0,0,0,0,1,0
1286,627.1,False,14,Oficina,6.6,,,,,,,,,,,Moderado,basico,0,1,1,0,0,0,0
1287,472.8,True,16,Casa,7.3,,,,,,,,,,,Eficiente,basico,1,0,0,0,0,0,1
1288,429.4,True,10,Casa,5.9,,121.2,1.0,,315.8,,,3.5429,0.3597,0.1,Eficiente,parcial,1,0,0,1,1,0,0
1289,404.3,False,11,Apartamento,3.2,,,,,,,,,,,Moderado,basico,1,1,1,0,0,0,0
1290,359.2,False,8,Apartamento,5.4,4.0,30.8,3.0,0.0,339.7,30.0,89.8,11.6623,0.0574,0.375,Ineficiente,avanzado,0,0,0,1,0,1,0
1291,321.0,False,6,Apartamento,3.5,2.0,116.5,2.0,4.6,273.3,30.0,160.5,2.7554,0.1745,0.3333,Moderado,avanzado,0,1,1,0,0,0,0
1292,271.9,True,10,Apartamento,3.9,,,,,,,,,,,Moderado,basico,1,0,0,0,0,1,0
1293,263.9,False,8,Apartamento,5.7,,,1.0,,,,,,,0.125,Eficiente,parcial,0,0,0,1,0,0,1
1294,478.7,True,6,Casa,6.9,2.0,136.6,3.0,4.6,423.4,31.0,239.35,3.5044,0.1306,0.5,Ineficiente,avanzado,1,1,0,1,0,0,0
1295,580.6,False,15,Casa,5.1,6.0,,3.0,,644.8,30.0,96.7667,,-0.0996,0.2,Eficiente,parcial,0,0,0,0,0,0,1
1296,489.4,True,7,Casa,6.2,4.0,134.7,4.0,0.0,447.6,28.0,122.35,3.6333,0.0934,0.5714,Ineficiente,avanzado,1,1,0,1,0,0,0
1297,203.1,True,2,Casa,2.3,,,,,,,,,,,Eficiente,basico,1,0,0,0,0,0,1
1298,636.0,True,18,Casa,8.5,4.0,162.4,3.0,7.9,582.9,28.0,159.0,3.9163,0.0911,0.1667,Moderado,avanzado,0,0,1,0,1,0,0
1299,262.5,True,7,Apartamento,4.7,,,,,,,,,,,Moderado,basico,0,0,0,1,0,0,0
1300,465.0,True,8,Casa,3.4,4.0,148.8,3.0,5.2,,30.0,116.25,3.125,,0.375,Moderado,parcial,0,0,1,0,0,0,0
1301,332.0,False,9,Casa,2.8,,,1.0,,284.9,,,,0.1653,0.1111,Eficiente,parcial,1,0,0,0,0,0,0
1302,434.4,True,13,Apartamento,5.4,4.0,67.8,2.0,1.9,335.1,30.0,108.6,6.4071,0.2963,0.1538,Moderado,avanzado,1,0,0,1,1,0,0
1303,816.8,False,15,Comercio,8.8,,140.2,,11.2,,28.0,,5.826,,,Ineficiente,parcial,0,1,1,1,0,1,0
1304,359.8,True,12,Casa,3.7,,128.1,,,355.6,,,2.8087,0.0118,,Eficiente,parcial,1,0,0,1,0,0,0
1305,683.8,False,16,Comercio,4.1,4.0,196.1,4.0,6.0,649.7,28.0,170.95,3.487,0.0525,0.25,Moderado,avanzado,0,0,0,0,1,0,0
1306,573.5,True,11,Oficina,6.6,,,,,,,,,,,Ineficiente,basico,1,0,0,1,1,0,0
1307,254.4,True,5,Apartamento,5.4,2.0,100.4,0.0,0.0,317.5,28.0,127.2,2.5339,-0.1987,0.0,Eficiente,avanzado,1,0,0,1,0,0,0
1308,518.5,True,15,Apartamento,8.1,,,,,,,,,,,Moderado,basico,1,1,1,0,0,0,0
1309,421.4,False,15,Casa,8.5,4.0,148.0,1.0,0.0,390.1,29.0,105.35,2.8473,0.0802,0.0667,Eficiente,avanzado,0,0,0,1,0,1,0
1310,1244.4,True,28,Oficina,11.6,12.0,177.8,12.0,0.0,890.4,29.0,103.7,6.9989,0.3976,0.4286,Ineficiente,avanzado,1,1,1,1,1,0,0
1311,545.9,True,11,Casa,5.9,,,,,,,,,,,Moderado,basico,1,0,0,0,1,0,0
1312,760.8,False,13,Oficina,6.1,,,,,,,,,,,Ineficiente,basico,1,0,1,0,1,1,0
1313,454.4,False,10,Apartamento,8.2,,,,,,,,,,,Ineficiente,basico,0,0,0,1,0,0,0
1314,531.9,False,16,Casa,4.6,6.0,199.9,4.0,1.6,539.5,29.0,88.65,2.6608,-0.0141,0.25,Eficiente,avanzado,0,1,0,1,0,0,0
1315,428.3,True,18,Casa,8.1,,,,,,,,,,,Moderado,basico,1,0,1,0,0,0,0
1316,391.9,True,13,Apartamento,3.4,,123.7,,,,28.0,,3.1681,,,Moderado,parcial,1,0,1,0,0,0,0
1317,237.4,True,9,Apartamento,6.4,,,,,,,,,,,Eficiente,basico,1,0,0,0,0,0,1
1318,473.6,True,10,Casa,7.5,2.0,120.8,2.0,5.2,509.0,30.0,236.8,3.9205,-0.0695,0.2,Ineficiente,avanzado,0,1,1,0,0,1,0
1319,1021.1,True,17,Comercio,9.8,8.0,148.9,8.0,7.3,854.7,31.0,127.6375,6.8576,0.1947,0.4706,Ineficiente,avanzado,1,1,1,0,0,0,0
1320,914.3,False,22,Comercio,8.5,7.0,197.9,,8.7,1110.3,30.0,130.6143,4.62,-0.1765,,Moderado,parcial,0,0,1,0,0,0,0
1321,481.8,False,15,Apartamento,5.0,,,2.0,0.0,,,,,,0.1333,Eficiente,parcial,0,1,1,1,0,1,0
1322,423.5,True,9,Apartamento,10.5,3.0,143.1,1.0,11.3,440.9,29.0,141.1667,2.9595,-0.0395,0.1111,Moderado,avanzado,1,0,1,0,0,0,0
1323,351.4,True,7,Casa,4.2,3.0,168.1,1.0,3.7,323.6,28.0,117.1333,2.0904,0.0859,0.1429,Eficiente,avanzado,1,0,1,0,0,0,0
1324,1114.0,False,20,Comercio,10.6,9.0,167.9,8.0,10.8,1153.9,28.0,123.7778,6.6349,-0.0346,0.4,Ineficiente,avanzado,0,1,1,0,0,0,0
1325,394.1,False,18,Casa,3.2,3.0,75.8,3.0,,332.4,31.0,131.3667,5.1992,0.1856,0.1667,Eficiente,parcial,0,1,0,0,1,1,0
1326,964.9,False,19,Comercio,11.2,,,,,,,,,,,Ineficiente,basico,0,1,1,0,0,0,0
1327,224.7,False,4,Casa,4.8,1.0,85.2,0.0,3.9,194.8,28.0,224.7,2.6373,0.1535,0.0,Eficiente,avanzado,0,0,1,1,1,0,0
1328,408.9,False,11,Apartamento,3.2,6.0,96.2,1.0,5.7,381.3,29.0,68.15,4.2505,0.0724,0.0909,Eficiente,avanzado,0,0,1,0,0,0,0
1329,289.6,True,7,Casa,3.7,,,,,,,,,,,Moderado,basico,1,0,0,0,1,1,0
1330,362.9,True,8,Casa,6.2,,,,,,,,,,,Eficiente,basico,1,0,0,0,0,0,1
1331,492.5,False,10,Comercio,5.4,3.0,138.7,4.0,2.6,390.7,29.0,164.1667,3.5508,0.2606,0.4,Ineficiente,avanzado,1,1,1,1,0,0,0
1332,158.1,False,4,Apartamento,0.0,1.0,37.4,1.0,0.0,166.7,31.0,158.1,4.2273,-0.0516,0.25,Eficiente,avanzado,0,0,0,0,0,0,1
1333,509.7,True,20,Apartamento,10.7,4.0,77.6,2.0,9.2,458.4,28.0,127.425,6.5683,0.1119,0.1,Ineficiente,avanzado,1,1,1,0,0,0,0
1334,1059.9,True,30,Oficina,10.5,,145.8,9.0,,,30.0,,7.2695,,0.3,Ineficiente,parcial,1,0,0,0,1,1,0
1335,626.7,True,14,Oficina,4.7,5.0,141.9,4.0,0.0,533.0,,125.34,4.4165,0.1758,0.2857,Moderado,parcial,1,1,1,1,0,0,0
1336,1034.9,True,21,Comercio,12.9,,,,,,,,,,,Ineficiente,basico,0,1,1,1,1,0,0
1337,471.6,False,14,Casa,9.6,2.0,151.0,1.0,7.8,461.3,31.0,235.8,3.1232,0.0223,0.0714,Moderado,avanzado,0,0,0,0,1,0,0
1338,516.0,True,17,Apartamento,7.3,,,,,,,,,,,Moderado,basico,1,1,1,0,0,0,0
1339,556.5,True,15,Comercio,6.0,2.0,149.6,3.0,0.0,631.0,28.0,278.25,3.7199,-0.1181,0.2,Ineficiente,avanzado,1,1,0,1,0,0,0
1340,561.3,True,8,Casa,2.7,,,,,,,,,,,Eficiente,basico,1,1,0,0,0,1,0
1341,232.0,True,8,Casa,1.7,1.0,80.0,0.0,0.0,176.3,28.0,232.0,2.9,0.3159,0.0,Moderado,avanzado,1,0,0,0,1,1,0
1342,684.8,True,18,Comercio,4.7,5.0,181.0,7.0,0.0,640.4,,136.96,3.7834,0.0693,0.3889,Moderado,parcial,0,1,0,0,0,0,0
1343,457.5,True,9,Apartamento,4.5,3.0,59.8,5.0,0.0,409.5,31.0,152.5,7.6505,0.1172,0.5556,Ineficiente,avanzado,0,1,0,0,1,1,0
1344,513.3,True,14,Apartamento,6.1,,,,,,,,,,,Ineficiente,basico,1,0,1,1,1,0,0
1345,974.0,False,27,Oficina,8.4,7.0,148.6,9.0,2.9,1028.8,31.0,139.1429,6.5545,-0.0533,0.3333,Moderado,avanzado,0,1,0,1,1,0,0
1346,534.9,True,16,Apartamento,8.2,3.0,93.9,3.0,9.8,373.7,30.0,178.3,5.6965,0.4314,0.1875,Ineficiente,avanzado,1,0,1,0,0,1,0
1347,547.5,False,11,Apartamento,6.0,,,,,,,,,,,Moderado,basico,0,1,1,1,0,1,0
1348,592.3,False,11,Casa,4.5,6.0,210.9,3.0,9.7,524.3,30.0,98.7167,2.8084,0.1297,0.2727,Moderado,avanzado,1,0,0,0,0,1,0
1349,400.2,True,9,Casa,5.1,5.0,69.5,3.0,0.0,502.2,28.0,80.04,5.7583,-0.2031,0.3333,Moderado,avanzado,1,0,1,1,0,0,0
1350,435.2,True,13,Casa,7.3,,,,,,,,,,,Ineficiente,basico,0,0,0,1,1,0,0
1351,885.2,True,19,Comercio,10.2,,,,,,,,,,,Ineficiente,basico,1,0,0,1,1,1,0
1352,558.0,True,18,Comercio,6.8,6.0,37.9,1.0,0.0,,28.0,93.0,14.723,,0.0556,Ineficiente,parcial,1,0,0,0,0,1,0
1353,410.2,True,12,Casa,8.4,,,,,,,,,,,Moderado,basico,1,0,0,1,0,0,0
1354,400.5,True,7,Casa,2.3,4.0,184.2,1.0,3.1,291.9,30.0,100.125,2.1743,0.372,0.1429,Eficiente,avanzado,1,0,0,1,0,0,0
1355,567.8,False,12,Comercio,0.0,,,,,,,,,,,Eficiente,basico,0,0,0,0,0,0,1
1356,369.0,True,9,Casa,6.5,3.0,125.8,1.0,5.0,277.2,31.0,123.0,2.9332,0.3312,0.1111,Moderado,avanzado,0,0,1,0,1,0,0
1357,452.1,True,9,Apartamento,8.5,4.0,96.6,3.0,2.7,409.8,31.0,113.025,4.6801,0.1032,0.3333,Moderado,avanzado,1,0,0,0,0,0,0
1358,270.1,False,10,Apartamento,2.0,1.0,80.8,2.0,4.1,249.6,30.0,270.1,3.3428,0.0821,0.2,Moderado,avanzado,0,0,1,0,0,0,0
1359,379.3,True,12,Apartamento,5.0,,,,,,,,,,,Moderado,basico,1,0,0,0,0,0,0
1360,673.4,True,13,Casa,6.8,,,,,,,,,,,Moderado,basico,1,1,1,0,0,0,0
1361,360.1,False,8,Apartamento,6.2,,,,,,,,,,,Moderado,basico,0,0,0,0,0,0,1
1362,522.6,True,14,Casa,8.0,,,3.0,,,28.0,,,,0.2143,Ineficiente,parcial,1,0,1,1,0,1,0
1363,221.2,False,7,Apartamento,3.3,,,,,,,,,,,Eficiente,basico,0,0,1,0,1,0,0
1364,356.3,False,3,Casa,5.7,,,,,,,,,,,Eficiente,basico,0,0,1,0,0,0,1
1365,274.7,True,5,Apartamento,4.7,3.0,75.9,0.0,4.3,218.6,28.0,91.5667,3.6192,0.2566,0.0,Eficiente,avanzado,0,0,0,0,1,0,1
1366,219.3,False,6,Apartamento,1.6,,,,,,,,,,,Eficiente,basico,0,1,0,0,0,0,1
1367,436.8,True,8,Casa,7.3,3.0,128.5,1.0,4.5,419.4,28.0,145.6,3.3992,0.0415,0.125,Moderado,avanzado,1,0,1,0,1,0,0
1368,382.9,True,6,Casa,2.4,4.0,116.9,0.0,6.2,393.3,30.0,95.725,3.2754,-0.0264,0.0,Eficiente,avanzado,0,1,1,0,0,0,0
1369,480.8,False,9,Casa,4.2,,,,,,,,,,,Eficiente,basico,0,1,0,0,0,0,0
1370,586.3,False,16,Casa,6.0,,,,,,,,,,,Eficiente,basico,0,0,1,0,1,0,0
1371,488.2,True,14,Casa,10.7,3.0,,3.0,,416.4,,162.7333,,0.1724,0.2143,Moderado,parcial,1,1,0,0,0,0,0
1372,776.5,True,20,Oficina,5.6,7.0,98.4,6.0,0.0,838.8,28.0,110.9286,7.8913,-0.0743,0.3,Moderado,avanzado,1,1,0,0,0,0,0
1373,362.9,True,10,Casa,2.9,,,,,,,,,,,Moderado,basico,1,0,0,0,0,0,0
1374,1083.7,False,26,Comercio,12.1,5.0,208.9,11.0,4.0,926.9,31.0,216.74,5.1876,0.1692,0.4231,Ineficiente,avanzado,1,1,1,1,0,0,0
1375,839.4,False,19,Oficina,6.1,,205.8,,,771.4,,,4.0787,0.0882,,Eficiente,parcial,0,0,0,0,0,0,1
1376,777.5,True,15,Casa,8.9,8.0,151.6,3.0,9.2,638.0,31.0,97.1875,5.1286,0.2187,0.2,Ineficiente,avanzado,1,1,1,0,0,0,0
1377,270.0,True,5,Apartamento,3.3,3.0,36.9,1.0,0.0,219.1,31.0,90.0,7.3171,0.2323,0.2,Moderado,avanzado,1,1,0,0,0,1,0
1378,1011.4,True,27,Comercio,10.2,7.0,174.9,8.0,5.6,1037.3,28.0,144.4857,5.7827,-0.025,0.2963,Ineficiente,avanzado,1,1,0,0,0,1,0
1379,158.7,False,6,Apartamento,2.4,,,,,,,,,,,Eficiente,basico,0,0,0,1,0,0,1
1380,376.9,True,12,Apartamento,7.1,3.0,81.9,2.0,3.2,336.2,30.0,125.6333,4.602,0.1211,0.1667,Moderado,avanzado,0,0,0,1,0,0,0
1381,393.6,False,10,Apartamento,2.5,1.0,124.6,3.0,0.0,339.2,30.0,393.6,3.1589,0.1604,0.3,Ineficiente,avanzado,0,1,0,0,0,0,0
1382,601.1,True,13,Casa,5.8,3.0,,4.0,7.1,,31.0,200.3667,,,0.3077,Ineficiente,parcial,1,1,1,1,0,0,0
1383,372.7,True,7,Apartamento,5.6,,,,,,,,,,,Ineficiente,basico,1,0,1,1,0,0,0
1384,805.0,True,19,Oficina,6.4,11.0,142.8,4.0,0.0,756.2,30.0,73.1818,5.6373,0.0645,0.2105,Moderado,avanzado,1,0,0,0,0,0,0
1385,1181.4,False,37,Oficina,12.4,11.0,164.9,9.0,2.5,1179.1,30.0,107.4,7.1643,0.002,0.2432,Moderado,avanzado,1,1,0,0,0,1,0
1386,563.3,True,14,Casa,7.8,,,,,,,,,,,Ineficiente,basico,1,1,0,1,0,0,0
1387,393.9,True,9,Apartamento,6.7,1.0,,,1.8,,30.0,393.9,,,,Ineficiente,parcial,1,1,0,1,0,0,0
1388,395.0,False,10,Casa,4.9,3.0,126.9,1.0,7.9,460.8,30.0,131.6667,3.1127,-0.1428,0.1,Eficiente,avanzado,0,0,1,0,0,0,1
1389,963.7,True,24,Oficina,9.4,10.0,105.5,8.0,3.2,978.7,30.0,96.37,9.1346,-0.0153,0.3333,Ineficiente,avanzado,1,1,0,0,0,1,0
1390,333.6,True,7,Casa,6.3,,,,,,,,,,,Eficiente,basico,0,0,0,1,0,0,1
1391,1579.1,True,39,Oficina,15.2,16.0,37.9,12.0,4.3,1562.9,29.0,98.6938,41.6649,0.0104,0.3077,Ineficiente,avanzado,1,1,1,0,0,1,0
1392,503.3,False,17,Comercio,2.1,6.0,131.2,2.0,0.0,512.6,30.0,83.8833,3.8361,-0.0181,0.1176,Eficiente,avanzado,0,0,0,0,1,0,1
1393,309.6,True,7,Casa,4.8,2.0,160.8,0.0,1.3,355.8,29.0,154.8,1.9254,-0.1298,0.0,Eficiente,avanzado,1,0,0,1,0,0,0
1394,483.0,False,14,Casa,3.7,,,,,,,,,,,Eficiente,basico,0,1,1,0,1,0,0
1395,715.9,False,18,Comercio,7.6,2.0,194.2,7.0,0.0,577.7,29.0,357.95,3.6864,0.2392,0.3889,Ineficiente,avanzado,0,1,0,1,1,0,0
1396,301.7,False,7,Casa,4.7,2.0,106.8,0.0,0.0,279.5,31.0,150.85,2.8249,0.0794,0.0,Eficiente,avanzado,0,0,0,0,0,0,1
1397,274.9,True,6,Apartamento,5.8,2.0,76.8,1.0,7.1,291.5,28.0,137.45,3.5794,-0.0569,0.1667,Moderado,avanzado,1,0,0,0,0,1,0
1398,707.9,True,16,Oficina,11.2,,,,,,,,,,,Moderado,basico,1,0,0,0,0,0,0
1399,273.7,True,3,Apartamento,2.7,,115.5,,,,,,2.3697,,,Moderado,parcial,1,1,0,0,1,0,0
1400,306.0,False,6,Casa,4.4,,,0.0,3.4,243.8,29.0,,,0.2551,0.0,Eficiente,parcial,0,0,0,0,0,0,1
1401,344.0,True,6,Apartamento,4.7,,,,,,,,,,,Eficiente,basico,1,1,1,0,0,0,0
1402,310.3,False,6,Casa,2.1,3.0,,,7.8,309.4,29.0,103.4333,,0.0029,,Eficiente,parcial,1,0,0,0,0,0,1
1403,1113.4,False,34,Oficina,12.8,,,8.0,0.8,,29.0,,,,0.2353,Ineficiente,parcial,0,1,0,0,0,1,0
1404,728.8,False,20,Casa,7.8,8.0,75.9,6.0,6.1,581.0,31.0,91.1,9.6021,0.2544,0.3,Ineficiente,avanzado,0,1,1,0,1,1,0
1405,612.7,True,16,Casa,7.6,7.0,122.3,3.0,5.3,689.0,29.0,87.5286,5.0098,-0.1107,0.1875,Moderado,avanzado,1,1,1,0,0,1,0
1406,515.5,True,9,Casa,7.3,,164.4,2.0,11.1,473.6,31.0,,3.1356,0.0885,0.2222,Moderado,parcial,1,0,1,0,0,0,0
1407,1059.9,False,29,Oficina,14.1,10.0,120.9,6.0,6.0,1194.2,31.0,105.99,8.7667,-0.1125,0.2069,Moderado,avanzado,0,0,0,1,0,1,0
1408,541.7,True,11,Casa,7.8,5.0,159.0,3.0,4.6,543.7,30.0,108.34,3.4069,-0.0037,0.2727,Moderado,avanzado,1,1,0,0,0,1,0
1409,808.8,True,20,Comercio,11.1,7.0,115.7,,7.0,759.1,29.0,115.5429,6.9905,0.0655,,Ineficiente,parcial,1,0,0,0,0,1,0
1410,414.2,False,12,Apartamento,3.3,,62.6,,,,,,6.6166,,,Moderado,parcial,0,0,0,0,1,0,0
1411,971.7,True,21,Comercio,8.4,8.0,252.3,7.0,5.4,979.0,29.0,121.4625,3.8514,-0.0075,0.3333,Moderado,avanzado,1,1,0,0,0,1,0
1412,894.9,True,21,Oficina,7.6,,,,,,,,,,,Moderado,basico,1,0,0,0,0,0,0
1413,613.4,True,17,Comercio,5.9,4.0,146.0,3.0,0.0,512.3,30.0,153.35,4.2014,0.1973,0.1765,Moderado,avanzado,0,1,0,0,0,0,0
1414,872.2,False,24,Oficina,5.8,8.0,105.1,6.0,0.0,967.3,30.0,109.025,8.2988,-0.0983,0.25,Moderado,avanzado,0,0,0,0,0,0,1
1415,590.3,False,22,Casa,5.5,9.0,174.9,1.0,,541.6,28.0,65.5889,3.3751,0.0899,0.0455,Eficiente,parcial,1,0,1,0,0,0,0
1416,614.2,False,14,Comercio,6.9,,,,,,,,,,,Eficiente,basico,0,0,0,0,0,0,1
1417,253.2,False,10,Apartamento,3.0,,93.3,0.0,,,31.0,,2.7138,,0.0,Eficiente,parcial,0,0,1,1,1,0,0
1418,372.8,True,15,Apartamento,2.9,,,0.0,4.8,,,,,,0.0,Eficiente,parcial,1,1,0,0,0,0,0
1419,734.6,True,19,Oficina,9.8,,92.5,,,,,,7.9416,,,Moderado,parcial,1,1,0,0,0,0,0
1420,912.6,True,22,Oficina,6.3,11.0,144.3,7.0,0.0,971.7,29.0,82.9636,6.3243,-0.0608,0.3182,Moderado,avanzado,1,1,0,0,0,1,0
1421,277.7,False,6,Apartamento,4.3,,,,,,,,,,,Eficiente,basico,0,0,0,1,0,0,1
1422,448.6,True,12,Apartamento,6.0,,,,,,,,,,,Ineficiente,basico,0,1,0,1,0,1,0
1423,424.5,False,11,Apartamento,8.3,,79.1,2.0,0.0,414.6,30.0,,5.3666,0.0239,0.1818,Eficiente,parcial,0,0,0,0,0,0,1
1424,397.3,False,7,Casa,7.5,,,,,,,,,,,Moderado,basico,0,0,1,0,0,0,0
1425,463.6,True,13,Casa,6.7,4.0,122.2,2.0,0.0,430.9,31.0,115.9,3.7938,0.0759,0.1538,Eficiente,avanzado,0,0,0,0,0,0,1
1426,475.5,False,15,Casa,4.4,6.0,129.6,2.0,0.0,354.4,31.0,79.25,3.669,0.3417,0.1333,Eficiente,avanzado,0,0,0,0,0,0,1
1427,566.5,True,17,Casa,10.5,,78.3,2.0,,,28.0,,7.235,,0.1176,Ineficiente,parcial,1,0,1,0,0,1,0
1428,436.5,True,16,Casa,7.2,4.0,161.2,2.0,4.0,381.3,31.0,109.125,2.7078,0.1448,0.125,Eficiente,avanzado,1,0,0,0,0,0,0
1429,748.4,False,20,Comercio,8.1,6.0,119.1,2.0,8.1,717.9,30.0,124.7333,6.2838,0.0425,0.1,Moderado,avanzado,0,0,0,1,0,0,0
1430,122.2,False,6,Apartamento,2.9,,,,,,,,,,,Eficiente,basico,1,0,0,0,1,0,0
1431,914.1,False,29,Oficina,7.6,,,,,,,,,,,Moderado,basico,0,1,1,1,0,0,0
1432,268.0,False,11,Apartamento,3.8,,,,,,,,,,,Eficiente,basico,0,0,0,0,0,0,1
1433,507.1,False,14,Casa,3.7,7.0,68.6,3.0,1.6,517.6,28.0,72.4429,7.3921,-0.0203,0.2143,Eficiente,avanzado,1,0,0,0,0,1,0
1434,628.0,False,15,Casa,7.7,,,,,,,,,,,Moderado,basico,0,1,1,0,0,1,0
1435,389.3,False,10,Casa,3.5,,,,,,,,,,,Eficiente,basico,0,0,0,1,0,0,1
1436,1292.2,True,36,Oficina,11.6,,,,,1075.4,,,,0.2016,,Ineficiente,parcial,1,0,0,1,1,1,0
1437,706.6,False,14,Casa,5.7,,,5.0,6.1,,,,,,0.3571,Moderado,parcial,1,1,0,0,0,1,0
1438,397.1,True,11,Apartamento,8.9,1.0,70.3,4.0,0.0,367.8,30.0,397.1,5.6486,0.0797,0.3636,Ineficiente,avanzado,0,1,0,1,0,0,0
1439,1137.0,True,33,Oficina,9.4,13.0,228.4,8.0,0.0,1261.7,28.0,87.4615,4.9781,-0.0988,0.2424,Moderado,avanzado,1,1,0,0,0,0,0
1440,499.2,False,14,Oficina,5.3,,,,0.0,512.5,,,,-0.026,,Eficiente,parcial,0,0,0,0,0,0,1
1441,365.0,True,12,Casa,3.1,4.0,130.5,1.0,0.6,340.9,30.0,91.25,2.7969,0.0707,0.0833,Eficiente,avanzado,1,1,1,0,1,0,0
1442,756.2,True,18,Casa,10.5,5.0,,,,,28.0,151.24,,,,Ineficiente,parcial,1,0,1,1,1,0,0
1443,201.1,False,7,Casa,2.6,,,,,,,,,,,Eficiente,basico,0,0,0,1,0,0,1
1444,704.2,False,24,Casa,6.6,11.0,60.5,3.0,0.0,802.5,31.0,64.0182,11.6397,-0.1225,0.125,Moderado,avanzado,0,1,0,0,0,1,0
1445,366.6,True,10,Casa,4.9,4.0,,,2.7,310.6,30.0,91.65,,0.1803,,Moderado,parcial,1,0,0,0,0,0,0
1446,427.3,True,9,Apartamento,4.1,3.0,56.2,2.0,,,31.0,142.4333,7.6032,,0.2222,Ineficiente,parcial,1,1,1,0,0,0,0
1447,895.5,False,22,Oficina,7.1,14.0,69.4,4.0,0.0,829.2,31.0,63.9643,12.9035,0.08,0.1818,Moderado,avanzado,0,1,0,0,1,1,0
1448,511.9,True,14,Apartamento,7.7,7.0,84.5,1.0,8.4,459.3,28.0,73.1286,6.058,0.1145,0.0714,Moderado,avanzado,1,1,1,0,0,0,0
1449,250.6,True,5,Apartamento,3.8,,,,,,,,,,,Moderado,basico,1,0,1,1,0,0,0
1450,491.7,True,10,Casa,5.5,,,,,,,,,,,Moderado,basico,0,0,0,0,1,0,0
1451,581.1,False,16,Comercio,5.5,4.0,192.3,3.0,0.0,546.2,29.0,145.275,3.0218,0.0639,0.1875,Eficiente,avanzado,0,0,0,0,0,0,1
1452,388.6,True,10,Apartamento,8.2,2.0,,,12.8,,,194.3,,,,Ineficiente,parcial,1,0,1,1,1,0,0
1453,1443.8,False,36,Comercio,14.5,11.0,107.3,16.0,4.6,1141.2,30.0,131.2545,13.4557,0.2652,0.4444,Ineficiente,avanzado,1,1,1,0,1,0,0
1454,839.5,True,24,Oficina,7.8,,,,,,,,,,,Moderado,basico,1,0,0,1,1,0,0
1455,334.2,False,8,Casa,5.9,,94.9,,7.1,,,,3.5216,,,Ineficiente,parcial,0,1,0,1,0,0,0
1456,299.4,True,5,Casa,4.4,2.0,164.9,1.0,0.0,303.6,30.0,149.7,1.8156,-0.0138,0.2,Eficiente,avanzado,1,1,0,0,0,0,0
1457,535.8,True,10,Casa,4.0,4.0,186.4,4.0,6.9,424.4,28.0,133.95,2.8745,0.2625,0.4,Ineficiente,avanzado,1,1,0,1,0,0,0
1458,605.0,True,14,Apartamento,6.1,4.0,95.4,3.0,3.3,529.2,29.0,151.25,6.3417,0.1432,0.2143,Ineficiente,avanzado,0,0,1,1,0,1,0
1459,1068.3,False,23,Oficina,11.3,11.0,,8.0,9.4,1190.5,,97.1182,,-0.1026,0.3478,Ineficiente,parcial,1,1,1,1,0,1,0
1460,296.4,False,7,Casa,5.3,3.0,158.8,0.0,0.0,253.2,31.0,98.8,1.8665,0.1706,0.0,Eficiente,avanzado,1,0,0,0,1,0,0
1461,439.2,False,13,Comercio,5.2,,,,,,,,,,,Eficiente,basico,0,0,1,1,0,0,0
1462,408.2,True,9,Apartamento,3.8,,,,,,,,,,,Ineficiente,basico,1,1,0,0,1,0,0
1463,773.1,True,16,Casa,5.6,9.0,154.6,6.0,4.0,907.4,31.0,85.9,5.0006,-0.148,0.375,Moderado,avanzado,1,1,0,1,0,0,0
1464,520.5,True,13,Casa,6.9,6.0,189.9,2.0,5.5,499.7,29.0,86.75,2.7409,0.0416,0.1538,Eficiente,avanzado,0,0,0,0,0,0,1
1465,478.3,True,13,Apartamento,5.9,,,,,,,,,,,Ineficiente,basico,0,0,1,1,1,1,0
1466,390.4,True,11,Apartamento,6.0,,,,,,,,,,,Eficiente,basico,1,1,0,0,0,0,0
1467,334.0,False,13,Apartamento,2.2,7.0,88.5,0.0,2.9,301.6,29.0,47.7143,3.774,0.1074,0.0,Eficiente,avanzado,0,0,0,1,0,0,0
1468,449.0,True,13,Casa,6.3,,,,,,,,,,,Moderado,basico,1,1,1,0,1,0,0
1469,389.3,True,9,Apartamento,4.7,,,,0.0,,,,,,,Moderado,parcial,1,0,0,0,0,0,0
1470,421.7,True,6,Casa,3.5,,,,,,,,,,,Eficiente,basico,1,1,1,0,0,0,0
1471,863.5,False,18,Oficina,10.4,8.0,150.2,5.0,7.2,793.8,30.0,107.9375,5.749,0.0878,0.2778,Moderado,avanzado,0,1,1,0,0,0,0
1472,608.5,True,9,Casa,9.0,6.0,139.7,2.0,12.2,,29.0,101.4167,4.3558,,0.2222,Moderado,parcial,1,0,1,0,1,0,0
1473,518.2,True,9,Casa,7.1,5.0,,,12.6,390.7,30.0,103.64,,0.3263,,Ineficiente,parcial,1,1,1,0,0,0,0
1474,369.2,True,10,Apartamento,2.7,,,,,,,,,,,Eficiente,basico,1,0,0,0,1,1,0
1475,407.6,True,5,Apartamento,6.0,2.0,,2.0,4.5,367.9,31.0,203.8,,0.1079,0.4,Ineficiente,parcial,1,1,0,0,1,1,0
1476,378.4,False,6,Apartamento,2.2,,,,,,,,,,,Ineficiente,basico,1,1,0,1,0,0,0
1477,347.6,True,6,Apartamento,6.3,,,,,,,,,,,Ineficiente,basico,0,1,1,0,0,0,0
1478,1197.0,False,30,Oficina,13.0,10.0,143.7,10.0,10.2,1000.2,29.0,119.7,8.3299,0.1968,0.3333,Ineficiente,avanzado,1,1,1,0,1,0,0
1479,530.5,True,12,Apartamento,5.8,4.0,57.2,4.0,6.3,699.8,28.0,132.625,9.2745,-0.2419,0.3333,Ineficiente,avanzado,0,1,1,0,0,1,0
1480,429.3,True,9,Apartamento,7.3,2.0,78.3,,9.5,320.7,30.0,214.65,5.4828,0.3386,,Ineficiente,parcial,1,0,1,0,0,0,0
1481,336.0,True,7,Apartamento,6.5,4.0,69.2,,3.2,,30.0,84.0,4.8555,,,Moderado,parcial,1,0,0,1,1,0,0
1482,301.9,True,8,Casa,2.8,1.0,95.9,1.0,5.2,231.3,28.0,301.9,3.1481,0.3052,0.125,Ineficiente,avanzado,1,0,1,1,1,0,0
1483,400.0,True,12,Apartamento,6.4,,,,,,,,,,,Ineficiente,basico,1,1,0,1,0,1,0
1484,439.0,False,15,Casa,7.3,,174.8,2.0,0.0,319.7,29.0,,2.5114,0.3732,0.1333,Moderado,parcial,0,1,0,0,1,0,0
1485,376.9,True,12,Apartamento,3.2,3.0,95.9,1.0,0.0,318.7,31.0,125.6333,3.9301,0.1826,0.0833,Eficiente,avanzado,1,0,1,0,0,0,0
1486,433.9,False,5,Casa,2.5,1.0,101.2,2.0,11.9,358.9,30.0,433.9,4.2875,0.209,0.4,Ineficiente,avanzado,1,0,1,1,1,1,0
1487,790.8,True,20,Oficina,12.5,,,,,,,,,,,Moderado,basico,0,1,0,0,0,0,0
1488,262.1,True,6,Apartamento,1.6,,,,,,,,,,,Ineficiente,basico,1,0,0,1,0,0,0
1489,1637.8,True,38,Oficina,15.5,,,,,,,,,,,Ineficiente,basico,0,1,0,0,0,1,0
1490,473.7,True,10,Apartamento,8.6,,65.3,,,,29.0,,7.2542,,,Ineficiente,parcial,1,1,1,0,0,0,0
1491,402.6,True,10,Casa,8.1,,,,3.4,,30.0,,,,,Moderado,parcial,1,0,0,0,0,0,0
1492,1014.8,False,19,Comercio,8.7,8.0,205.1,10.0,0.0,1298.4,28.0,126.85,4.9478,-0.2184,0.5263,Moderado,avanzado,1,1,0,1,0,0,0
1493,503.6,True,13,Apartamento,8.9,,,,,,,,,,,Ineficiente,basico,1,1,0,0,1,1,0
1494,499.3,False,13,Comercio,4.8,,,,,,,,,,,Eficiente,basico,0,0,0,1,1,0,0
1495,345.7,True,10,Apartamento,4.3,4.0,95.8,2.0,0.0,327.7,29.0,86.425,3.6086,0.0549,0.2,Eficiente,avanzado,1,0,0,0,1,1,0
1496,426.9,False,12,Apartamento,5.0,5.0,79.5,1.0,5.0,429.1,28.0,85.38,5.3698,-0.0051,0.0833,Eficiente,avanzado,0,0,1,0,1,1,0
1497,1113.4,False,28,Comercio,12.2,7.0,128.3,10.0,7.8,1078.1,31.0,159.0571,8.6781,0.0327,0.3571,Ineficiente,avanzado,0,1,1,0,0,0,0
1498,228.4,True,6,Apartamento,4.8,2.0,,0.0,,,31.0,114.2,,,0.0,Eficiente,parcial,1,0,0,0,0,0,1
1499,364.8,True,5,Casa,2.8,1.0,176.7,0.0,4.6,445.5,29.0,364.8,2.0645,-0.1811,0.0,Moderado,avanzado,0,0,0,1,0,0,0
1500,361.0,True,9,Apartamento,6.6,1.0,103.3,3.0,5.2,361.5,31.0,361.0,3.4947,-0.0014,0.3333,Ineficiente,avanzado,1,1,1,1,0,0,0
1501,202.5,False,8,Apartamento,0.8,4.0,46.2,0.0,0.0,264.4,28.0,50.625,4.3831,-0.2341,0.0,Eficiente,avanzado,0,0,0,0,0,0,1
1502,809.6,True,13,Oficina,8.3,,83.8,6.0,,904.5,30.0,,9.6611,-0.1049,0.4615,Ineficiente,parcial,1,1,0,0,0,1,0
1503,410.6,True,15,Casa,6.5,,,,,,,,,,,Eficiente,basico,0,0,0,0,0,0,1
1504,301.2,True,10,Apartamento,6.3,2.0,71.1,0.0,5.0,301.1,30.0,150.6,4.2363,0.0003,0.0,Eficiente,avanzado,1,0,0,0,0,0,1
1505,580.7,True,21,Comercio,10.3,,28.6,2.0,0.0,573.0,31.0,,20.3042,0.0134,0.0952,Ineficiente,parcial,1,0,0,1,0,1,0
1506,498.4,True,9,Apartamento,5.0,6.0,,,,386.4,28.0,83.0667,,0.2899,,Ineficiente,parcial,1,1,0,0,1,1,0
1507,408.2,True,10,Apartamento,8.0,2.0,67.5,,5.0,622.4,28.0,204.1,6.0474,-0.3442,,Ineficiente,parcial,1,0,1,1,0,0,0
1508,612.9,True,19,Apartamento,11.5,,,,,,,,,,,Ineficiente,basico,1,0,1,0,0,1,0
1509,467.1,False,9,Casa,8.5,,,,,,,,,,,Ineficiente,basico,0,1,1,1,0,0,0
1510,542.2,True,10,Comercio,7.2,,,,,,,,,,,Moderado,basico,1,1,0,0,0,0,0
1511,493.0,False,12,Casa,2.8,6.0,174.3,5.0,0.0,607.5,29.0,82.1667,2.8285,-0.1885,0.4167,Eficiente,avanzado,0,1,1,0,0,0,0
1512,432.7,True,15,Casa,5.4,,,,,,,,,,,Eficiente,basico,0,1,1,0,1,0,0
1513,419.5,True,10,Apartamento,4.1,5.0,47.1,1.0,4.1,424.3,29.0,83.9,8.9066,-0.0113,0.1,Moderado,avanzado,0,0,1,0,0,0,0
1514,597.8,False,13,Comercio,5.8,,145.2,5.0,1.3,477.8,,,4.1171,0.2512,0.3846,Moderado,parcial,0,0,0,0,0,0,1
1515,1051.0,False,25,Oficina,12.5,9.0,168.7,,,900.2,,116.7778,6.23,0.1675,,Ineficiente,parcial,1,0,0,0,0,0,0
1516,534.2,True,14,Casa,7.3,4.0,,3.0,6.6,527.6,29.0,133.55,,0.0125,0.2143,Moderado,parcial,1,0,1,0,0,0,0
1517,321.1,False,11,Casa,2.8,3.0,150.9,1.0,2.8,313.2,29.0,107.0333,2.1279,0.0252,0.0909,Eficiente,avanzado,0,0,0,1,0,0,1
1518,957.1,False,20,Oficina,10.8,,,8.0,,,,,,,0.4,Ineficiente,parcial,0,1,1,1,0,0,0
1519,295.7,True,3,Casa,2.9,,,,,,,,,,,Eficiente,basico,0,0,0,0,0,0,1
1520,636.9,False,16,Casa,8.3,,,,,,,,,,,Eficiente,basico,0,1,1,0,0,0,0
1521,526.1,True,10,Casa,4.8,,,,,,,,,,,Moderado,basico,1,0,1,0,0,0,0
1522,427.9,False,10,Apartamento,7.2,4.0,46.3,1.0,10.6,309.4,30.0,106.975,9.2419,0.383,0.1,Ineficiente,avanzado,0,0,1,0,1,1,0
1523,915.3,False,23,Oficina,8.6,,,,,,,,,,,Moderado,basico,0,0,0,0,1,0,0
1524,494.3,False,10,Comercio,5.1,2.0,106.0,3.0,7.2,458.0,28.0,247.15,4.6632,0.0793,0.3,Ineficiente,avanzado,0,1,1,0,0,0,0
1525,413.7,False,10,Apartamento,2.8,3.0,108.5,3.0,5.3,367.1,30.0,137.9,3.8129,0.1269,0.3,Moderado,avanzado,0,0,1,0,0,0,0
1526,712.3,True,22,Casa,8.9,7.0,169.8,3.0,5.9,757.7,31.0,101.7571,4.1949,-0.0599,0.1364,Moderado,avanzado,1,0,1,1,0,0,0
1527,478.1,True,10,Casa,5.4,3.0,96.8,2.0,11.2,450.8,31.0,159.3667,4.939,0.0606,0.2,Ineficiente,avanzado,0,1,1,0,0,0,0
1528,501.3,True,15,Apartamento,7.3,6.0,92.4,3.0,1.9,572.4,29.0,83.55,5.4253,-0.1242,0.2,Moderado,avanzado,0,0,1,0,0,1,0
1529,336.1,False,11,Casa,5.4,5.0,114.2,2.0,,328.2,29.0,67.22,2.9431,0.0241,0.1818,Eficiente,parcial,0,0,0,0,0,0,1
1530,424.1,False,13,Casa,5.5,,,,,,,,,,,Eficiente,basico,0,1,0,0,0,0,0
1531,822.9,True,21,Casa,9.5,8.0,141.2,6.0,5.1,820.0,30.0,102.8625,5.8279,0.0035,0.2857,Moderado,avanzado,1,0,1,0,0,1,0
1532,357.6,True,8,Casa,4.2,,,1.0,,,31.0,,,,0.125,Eficiente,parcial,1,0,0,1,0,0,0
1533,247.3,True,4,Apartamento,5.7,1.0,67.6,0.0,5.6,258.3,29.0,247.3,3.6583,-0.0426,0.0,Moderado,avanzado,1,0,1,1,0,0,0
1534,629.1,True,18,Apartamento,6.9,,86.2,3.0,5.0,528.5,31.0,,7.2981,0.1904,0.1667,Moderado,parcial,1,0,0,1,0,1,0
1535,374.5,True,5,Casa,6.1,,,,,,,,,,,Ineficiente,basico,0,0,1,0,0,1,0
1536,370.7,True,10,Apartamento,3.5,3.0,57.2,4.0,0.0,455.8,28.0,123.5667,6.4808,-0.1867,0.4,Ineficiente,avanzado,0,0,0,1,0,1,0
1537,983.0,False,26,Comercio,8.6,10.0,224.2,10.0,2.0,850.7,31.0,98.3,4.3845,0.1555,0.3846,Moderado,avanzado,0,1,0,0,0,0,0
1538,529.0,True,12,Comercio,6.6,1.0,191.6,4.0,0.0,507.9,28.0,529.0,2.761,0.0415,0.3333,Ineficiente,avanzado,1,1,0,1,0,0,0
1539,615.6,True,11,Comercio,4.8,,84.0,,9.9,675.2,31.0,,7.3286,-0.0883,,Moderado,parcial,0,0,0,1,0,1,0
1540,206.4,False,6,Apartamento,4.7,1.0,,,,,,206.4,,,,Moderado,parcial,0,0,0,0,0,1,0
1541,907.9,False,19,Comercio,9.4,10.0,32.5,6.0,7.4,863.6,28.0,90.79,27.9354,0.0513,0.3158,Ineficiente,avanzado,0,0,1,1,0,1,0
1542,525.0,False,12,Casa,4.2,5.0,173.2,2.0,6.5,505.0,29.0,105.0,3.0312,0.0396,0.1667,Eficiente,avanzado,0,0,1,0,0,0,0
1543,339.0,True,4,Casa,5.6,3.0,163.9,1.0,6.4,305.5,29.0,113.0,2.0683,0.1097,0.25,Moderado,avanzado,0,0,0,0,0,0,1
1544,490.2,True,6,Casa,4.5,,,,,,,,,,,Ineficiente,basico,1,1,1,1,0,0,0
1545,526.7,False,15,Apartamento,6.8,,,,,,,,,,,Moderado,basico,0,1,0,0,0,0,0
1546,621.9,True,17,Casa,6.1,7.0,218.4,0.0,6.2,580.9,30.0,88.8429,2.8475,0.0706,0.0,Eficiente,avanzado,1,0,1,1,1,0,0
1547,267.0,True,11,Casa,2.8,4.0,70.3,,,,,66.75,3.798,,,Eficiente,parcial,1,0,0,0,0,0,1
1548,800.1,False,24,Comercio,5.8,,126.9,,0.0,,,,6.305,,,Eficiente,parcial,0,0,0,0,0,0,1
1549,215.8,False,9,Casa,1.1,,,,,,,,,,,Eficiente,basico,1,0,0,0,0,0,0
1550,360.8,True,5,Casa,5.1,,,,,,,,,,,Eficiente,basico,0,1,0,0,0,0,0
1551,594.9,False,15,Casa,6.4,7.0,131.0,3.0,5.7,476.6,28.0,84.9857,4.5412,0.2482,0.2,Moderado,avanzado,0,1,1,0,1,1,0
1552,432.2,False,11,Apartamento,7.0,3.0,68.4,2.0,6.5,390.7,31.0,144.0667,6.3187,0.1062,0.1818,Moderado,avanzado,0,0,0,1,1,1,0
1553,612.8,True,16,Casa,5.7,6.0,144.6,4.0,8.8,441.5,29.0,102.1333,4.2379,0.388,0.25,Ineficiente,avanzado,1,0,1,0,1,0,0
1554,535.5,True,17,Casa,7.8,,,,,,,,,,,Moderado,basico,1,1,0,0,1,0,0
1555,685.8,True,13,Casa,5.5,,,,,,,,,,,Ineficiente,basico,1,1,0,1,0,1,0
1556,685.0,True,18,Comercio,7.6,4.0,182.0,4.0,2.5,710.3,31.0,171.25,3.7637,-0.0356,0.2222,Moderado,avanzado,1,0,1,1,0,0,0
1557,720.1,False,16,Oficina,10.9,,,,,,,,,,,Moderado,basico,1,1,1,0,0,1,0
1558,285.5,False,4,Apartamento,0.6,,,2.0,,,,,,,0.5,Ineficiente,parcial,0,1,1,1,1,0,0
1559,320.8,True,9,Apartamento,4.9,2.0,74.2,2.0,0.0,315.2,31.0,160.4,4.3235,0.0178,0.2222,Moderado,avanzado,1,0,1,0,0,0,0
1560,593.6,True,15,Comercio,4.1,5.0,170.7,2.0,0.0,533.3,28.0,118.72,3.4774,0.1131,0.1333,Eficiente,avanzado,1,1,1,0,0,1,0
1561,1047.1,False,29,Oficina,9.0,15.0,173.9,5.0,9.2,1326.3,29.0,69.8067,6.0213,-0.2105,0.1724,Moderado,avanzado,0,1,0,1,0,1,0
1562,332.8,False,11,Apartamento,2.1,,,,,,,,,,,Eficiente,basico,0,0,0,0,0,1,1
1563,952.4,True,24,Oficina,7.2,8.0,73.0,8.0,8.9,932.8,31.0,119.05,13.0466,0.021,0.3333,Ineficiente,avanzado,1,0,1,0,0,1,0
1564,938.1,True,19,Oficina,10.1,9.0,212.6,8.0,1.5,907.1,30.0,104.2333,4.4125,0.0342,0.4211,Ineficiente,avanzado,1,0,1,0,0,1,0
1565,734.1,True,13,Comercio,7.6,5.0,168.7,1.0,10.8,766.1,30.0,146.82,4.3515,-0.0418,0.0769,Moderado,avanzado,1,0,1,1,0,0,0
1566,406.9,False,6,Apartamento,3.4,3.0,70.0,,9.2,391.3,28.0,135.6333,5.8129,0.0399,,Moderado,parcial,0,0,1,0,0,0,0
1567,469.2,False,11,Casa,7.3,,,,,,,,,,,Eficiente,basico,0,0,0,0,0,0,1
1568,566.1,True,16,Casa,8.5,4.0,218.5,2.0,7.0,505.9,29.0,141.525,2.5908,0.119,0.125,Moderado,avanzado,1,0,1,0,0,1,0
1569,367.0,True,9,Apartamento,5.6,4.0,134.6,2.0,3.1,365.2,30.0,91.75,2.7266,0.0049,0.2222,Eficiente,avanzado,1,0,0,0,0,0,0
1570,566.1,True,18,Apartamento,8.5,5.0,122.8,5.0,0.0,476.3,31.0,113.22,4.6099,0.1885,0.2778,Moderado,avanzado,1,1,0,0,0,0,0
1571,514.3,False,17,Casa,6.1,,,,,,,,,,,Eficiente,basico,1,0,1,0,1,0,0
1572,379.0,True,16,Apartamento,5.4,,86.3,,0.8,291.1,30.0,,4.3917,0.302,,Eficiente,parcial,1,0,0,0,1,0,0
1573,463.9,True,10,Apartamento,7.9,3.0,113.8,2.0,9.6,343.5,31.0,154.6333,4.0764,0.3505,0.2,Ineficiente,avanzado,1,1,1,0,1,1,0
1574,571.9,False,12,Comercio,7.3,4.0,150.1,3.0,11.4,566.6,28.0,142.975,3.8101,0.0094,0.25,Moderado,avanzado,0,0,1,0,1,0,0
1575,370.6,True,7,Casa,4.3,2.0,157.7,3.0,,429.8,30.0,185.3,2.35,-0.1377,0.4286,Moderado,parcial,1,1,0,0,0,0,0
1576,531.2,False,10,Casa,3.5,,,,,,,,,,,Eficiente,basico,0,0,0,0,0,1,1
1577,560.5,True,9,Comercio,4.1,3.0,284.0,3.0,0.0,498.0,31.0,186.8333,1.9736,0.1255,0.3333,Moderado,avanzado,1,0,0,0,1,0,0
1578,1066.4,True,25,Comercio,9.1,9.0,254.1,10.0,0.0,1051.6,28.0,118.4889,4.1968,0.0141,0.4,Moderado,avanzado,1,1,0,0,0,0,0
1579,758.8,True,15,Oficina,6.0,,,,,744.0,,,,0.0199,,Eficiente,parcial,0,0,0,1,0,0,1
1580,671.1,False,24,Comercio,8.1,4.0,259.6,2.0,,641.6,29.0,167.775,2.5851,0.046,0.0833,Eficiente,parcial,0,0,1,0,0,0,1
1581,908.0,False,19,Oficina,10.1,5.0,144.8,7.0,6.7,942.6,30.0,181.6,6.2707,-0.0367,0.3684,Ineficiente,avanzado,0,1,0,1,0,0,0
1582,597.2,True,13,Casa,7.9,4.0,112.1,3.0,7.4,633.3,30.0,149.3,5.3274,-0.057,0.2308,Ineficiente,avanzado,0,0,1,1,0,0,0
1583,411.0,False,5,Casa,7.0,1.0,123.0,2.0,10.7,451.1,28.0,411.0,3.3415,-0.0889,0.4,Ineficiente,avanzado,0,0,1,0,0,0,0
1584,456.4,True,13,Casa,4.1,6.0,141.2,1.0,4.0,378.8,29.0,76.0667,3.2323,0.2049,0.0769,Eficiente,avanzado,0,0,0,0,0,0,1
1585,431.0,False,13,Apartamento,6.0,5.0,59.2,2.0,0.0,428.8,30.0,86.2,7.2804,0.0051,0.1538,Eficiente,avanzado,0,0,0,0,0,0,1
1586,822.9,False,24,Oficina,10.7,,,,,,,,,,,Moderado,basico,0,1,1,0,0,0,0
1587,551.4,True,15,Casa,5.7,,,,,,,,,,,Ineficiente,basico,1,1,1,0,0,0,0
1588,366.4,True,10,Apartamento,4.6,,,,,,,,,,,Ineficiente,basico,0,1,1,0,0,0,0
1589,358.1,False,6,Casa,3.5,,,,,,,,,,,Eficiente,basico,0,0,1,0,0,0,0
1590,577.2,True,15,Casa,8.1,,,,,,,,,,,Eficiente,basico,1,0,0,0,0,0,1
1591,497.4,True,14,Casa,3.1,,,,,,,,,,,Eficiente,basico,1,0,1,0,0,1,0
1592,352.4,False,10,Casa,5.4,2.0,153.1,0.0,9.3,261.0,30.0,176.2,2.3018,0.3502,0.0,Eficiente,avanzado,0,1,1,0,1,0,0
1593,643.3,False,15,Oficina,8.4,4.0,71.6,5.0,8.4,580.6,29.0,160.825,8.9846,0.108,0.3333,Ineficiente,avanzado,0,1,1,1,0,0,0
1594,654.7,False,18,Casa,11.2,7.0,98.8,3.0,12.4,542.4,31.0,93.5286,6.6265,0.207,0.1667,Moderado,avanzado,0,1,1,1,0,0,0
1595,512.7,True,11,Comercio,8.0,,,,,,,,,,,Moderado,basico,1,1,1,1,0,0,0
1596,287.3,False,9,Apartamento,3.7,,,,,,,,,,,Eficiente,basico,0,0,0,0,0,0,1
1597,506.2,True,11,Casa,5.3,,,,,509.3,31.0,,,-0.0061,,Moderado,parcial,0,1,0,0,0,0,0
1598,563.4,False,13,Casa,7.7,4.0,83.8,4.0,3.7,392.2,29.0,140.85,6.7232,0.4365,0.3077,Ineficiente,avanzado,0,0,0,0,1,1,0
1599,752.4,True,9,Comercio,9.5,,,,,,,,,,,Ineficiente,basico,1,1,1,0,0,0,0
1600,472.8,False,10,Casa,5.4,4.0,104.1,3.0,2.2,391.4,30.0,118.2,4.5418,0.208,0.3,Moderado,avanzado,0,0,0,0,0,0,1
1601,762.0,False,17,Oficina,4.5,7.0,90.9,6.0,1.0,707.5,30.0,108.8571,8.3828,0.077,0.3529,Moderado,avanzado,0,1,0,0,0,1,0
1602,490.0,True,14,Casa,6.1,,,,,,,,,,,Eficiente,basico,0,0,0,0,0,0,1
1603,227.6,False,6,Apartamento,2.5,,76.8,1.0,,,,,2.9635,,0.1667,Moderado,parcial,0,1,1,0,0,0,0
1604,858.9,True,26,Comercio,7.7,,,,,,,,,,,Moderado,basico,0,1,0,0,0,1,0
1605,298.9,True,5,Casa,4.3,2.0,135.0,1.0,0.0,300.6,28.0,149.45,2.2141,-0.0057,0.2,Eficiente,avanzado,1,0,1,1,1,0,0
1606,298.6,False,4,Casa,1.8,3.0,96.1,1.0,4.7,259.5,30.0,99.5333,3.1072,0.1507,0.25,Eficiente,avanzado,1,0,1,0,1,0,0
1607,899.5,False,18,Oficina,13.2,,,,,,,,,,,Ineficiente,basico,0,1,1,1,1,0,0
1608,625.3,True,13,Casa,6.0,6.0,133.5,5.0,5.0,771.3,31.0,104.2167,4.6839,-0.1893,0.3846,Moderado,avanzado,1,0,0,0,0,0,0
1609,289.6,False,9,Apartamento,1.1,,,,,,,,,,,Ineficiente,basico,0,0,1,1,1,0,0
1610,394.6,True,7,Apartamento,6.4,,,,,,,,,,,Ineficiente,basico,1,0,1,0,0,0,0
1611,412.8,True,10,Casa,9.1,1.0,77.3,0.0,10.2,462.4,30.0,412.8,5.3402,-0.1073,0.0,Ineficiente,avanzado,1,0,1,1,0,1,0
1612,910.2,True,21,Comercio,9.0,11.0,106.8,4.0,4.9,726.3,28.0,82.7455,8.5225,0.2532,0.1905,Ineficiente,avanzado,1,0,0,0,0,1,0
1613,687.2,False,14,Comercio,4.2,,227.0,4.0,0.0,707.5,31.0,,3.0273,-0.0287,0.2857,Eficiente,parcial,0,0,0,0,0,0,1
1614,846.8,False,23,Casa,5.9,10.0,158.9,7.0,0.0,805.7,28.0,84.68,5.3291,0.051,0.3043,Eficiente,avanzado,0,0,0,0,0,1,0
1615,826.6,False,15,Comercio,4.3,6.0,170.4,8.0,0.0,676.2,30.0,137.7667,4.8509,0.2224,0.5333,Ineficiente,avanzado,0,0,0,1,0,0,0
1616,289.6,False,9,Casa,2.5,3.0,63.3,2.0,0.0,247.7,28.0,96.5333,4.575,0.1692,0.2222,Eficiente,avanzado,0,0,0,0,1,1,0
1617,431.5,False,6,Casa,2.1,5.0,109.6,1.0,5.7,347.8,29.0,86.3,3.937,0.2407,0.1667,Eficiente,avanzado,0,1,0,0,1,0,0
1618,349.4,False,6,Apartamento,4.4,2.0,72.8,1.0,6.6,407.8,30.0,174.7,4.7995,-0.1432,0.1667,Moderado,avanzado,0,1,1,1,0,0,0
1619,1345.8,True,32,Oficina,13.3,,,12.0,,1030.8,,,,0.3056,0.375,Ineficiente,parcial,1,1,0,0,1,1,0
1620,549.2,True,14,Casa,6.6,,,,,,,,,,,Moderado,basico,0,1,0,0,0,0,0
1621,421.2,True,8,Casa,4.9,,,,,,,,,,,Moderado,basico,1,1,1,1,0,0,0
1622,124.9,True,5,Apartamento,3.1,,,,,,,,,,,Eficiente,basico,1,0,0,1,0,0,0
1623,702.1,True,17,Comercio,9.2,8.0,131.9,2.0,5.8,710.7,28.0,87.7625,5.323,-0.0121,0.1176,Moderado,avanzado,1,1,0,0,0,0,0
1624,768.5,False,18,Casa,3.1,12.0,186.0,5.0,0.0,,29.0,64.0417,4.1317,,0.2778,Eficiente,parcial,0,1,0,0,0,0,1
1625,540.1,True,10,Casa,5.5,,,,,,,,,,,Moderado,basico,0,0,1,0,0,0,0
1626,733.9,False,22,Comercio,7.1,5.0,,,,,,146.78,,,,Ineficiente,parcial,0,0,1,0,0,1,0
1627,452.8,False,15,Casa,4.1,,82.5,,0.0,349.5,,,5.4885,0.2956,,Eficiente,parcial,0,0,0,0,0,1,1
1628,430.5,False,10,Casa,7.2,,,,,,,,,,,Ineficiente,basico,0,0,1,0,0,1,0
1629,416.4,False,6,Casa,1.7,,,,,,,,,,,Eficiente,basico,0,1,0,0,0,0,1
1630,351.3,False,9,Casa,0.0,4.0,127.5,2.0,0.0,324.9,29.0,87.825,2.7553,0.0813,0.2222,Eficiente,avanzado,0,0,0,0,0,0,1
1631,538.4,False,11,Apartamento,7.8,,,,,,,,,,,Ineficiente,basico,0,0,1,1,0,1,0
1632,809.7,True,21,Comercio,5.7,,,,,,,,,,,Ineficiente,basico,1,1,0,0,0,0,0
1633,346.1,True,8,Apartamento,3.7,3.0,43.8,3.0,0.0,404.4,,115.3667,7.9018,-0.1442,0.375,Ineficiente,parcial,1,1,0,0,0,1,0
1634,463.4,True,11,Apartamento,7.5,3.0,75.0,3.0,6.2,459.8,30.0,154.4667,6.1787,0.0078,0.2727,Ineficiente,avanzado,1,1,0,0,0,1,0
1635,593.8,True,18,Oficina,8.2,8.0,104.0,1.0,0.0,,29.0,74.225,5.7096,,0.0556,Eficiente,parcial,1,0,0,0,1,0,0
1636,407.2,True,8,Casa,3.5,5.0,177.4,2.0,0.0,371.2,29.0,81.44,2.2954,0.097,0.25,Eficiente,avanzado,1,0,1,0,0,0,0
1637,402.3,False,10,Casa,3.4,2.0,142.1,2.0,3.8,565.8,28.0,201.15,2.8311,-0.289,0.2,Eficiente,avanzado,0,0,1,0,1,0,0
1638,723.9,False,16,Oficina,5.7,,,,,,,,,,,Moderado,basico,0,0,1,0,0,0,0
1639,346.4,True,7,Casa,5.7,,,,,,,,,,,Eficiente,basico,0,1,0,0,1,1,0
1640,334.3,True,5,Apartamento,7.1,2.0,129.5,1.0,3.2,277.0,30.0,167.15,2.5815,0.2069,0.2,Moderado,avanzado,1,0,0,0,0,0,0
1641,749.6,False,14,Comercio,5.6,7.0,165.2,5.0,5.7,738.1,29.0,107.0857,4.5375,0.0156,0.3571,Moderado,avanzado,0,1,0,0,1,1,0
1642,295.2,False,4,Casa,0.3,,,0.0,0.0,,30.0,,,,0.0,Eficiente,parcial,0,0,0,0,1,0,1
1643,150.8,False,5,Apartamento,2.2,,135.8,,,,,,1.1105,,,Eficiente,parcial,0,0,0,0,1,0,1
1644,427.2,True,9,Casa,6.8,,,,,,,,,,,Moderado,basico,1,0,1,0,0,0,0
1645,331.2,False,8,Casa,4.9,4.0,111.8,0.0,4.3,375.5,28.0,82.8,2.9624,-0.118,0.0,Eficiente,avanzado,0,0,1,0,0,0,0
1646,409.4,True,3,Apartamento,6.0,2.0,38.0,2.0,10.9,385.8,28.0,204.7,10.7737,0.0612,0.6667,Ineficiente,avanzado,1,1,0,1,0,1,0
1647,258.9,True,3,Casa,6.2,2.0,57.8,1.0,0.0,212.2,31.0,129.45,4.4792,0.2201,0.3333,Ineficiente,avanzado,1,1,0,0,0,0,0
1648,917.3,False,21,Comercio,10.6,,,,,,,,,,,Ineficiente,basico,0,1,1,0,0,1,0
1649,939.6,True,27,Oficina,10.6,6.0,174.6,7.0,3.5,703.1,30.0,156.6,5.3814,0.3364,0.2593,Ineficiente,avanzado,0,0,0,0,1,0,0
1650,697.9,False,21,Comercio,7.0,,,,,,,,,,,Moderado,basico,0,0,1,0,0,1,0
1651,455.9,True,9,Casa,2.4,,124.3,3.0,,,29.0,,3.6677,,0.3333,Moderado,parcial,0,0,1,0,0,0,0
1652,520.6,True,20,Casa,6.4,6.0,172.5,1.0,4.7,713.3,28.0,86.7667,3.018,-0.2702,0.05,Eficiente,avanzado,1,0,1,1,0,0,0
1653,487.8,True,11,Casa,3.8,4.0,154.5,3.0,0.0,427.7,31.0,121.95,3.1573,0.1405,0.2727,Moderado,avanzado,0,0,0,0,0,0,1
1654,348.0,False,5,Casa,3.0,,,,,,,,,,,Eficiente,basico,0,0,1,0,1,0,0
1655,985.5,True,19,Oficina,9.3,9.0,203.3,6.0,12.3,895.8,29.0,109.5,4.8475,0.1001,0.3158,Ineficiente,avanzado,1,0,1,1,0,0,0
1656,759.0,True,17,Casa,7.0,,,,,,,,,,,Ineficiente,basico,1,0,1,0,1,1,0
1657,432.5,False,11,Casa,6.0,,82.4,2.0,,406.5,28.0,,5.2488,0.064,0.1818,Eficiente,parcial,0,1,0,0,1,0,0
1658,985.2,False,20,Comercio,6.2,,,,,,,,,,,Ineficiente,basico,0,1,1,0,0,0,0
1659,580.4,False,10,Casa,9.5,3.0,123.6,6.0,0.9,538.4,31.0,193.4667,4.6958,0.078,0.6,Ineficiente,avanzado,1,0,0,0,1,0,0
1660,265.4,False,8,Casa,1.2,,,,,,,,,,,Eficiente,basico,1,0,0,0,0,0,1
1661,286.5,True,5,Casa,4.5,1.0,71.5,2.0,2.2,230.1,28.0,286.5,4.007,0.2451,0.4,Ineficiente,avanzado,0,1,0,1,1,0,0
1662,127.0,True,3,Apartamento,1.0,1.0,65.2,0.0,1.4,90.9,29.0,127.0,1.9479,0.3971,0.0,Eficiente,avanzado,1,0,0,0,1,0,0
1663,455.5,False,8,Comercio,2.7,3.0,138.8,2.0,4.7,446.1,31.0,151.8333,3.2817,0.0211,0.25,Eficiente,avanzado,0,0,0,0,0,0,1
1664,672.0,True,14,Casa,7.9,8.0,195.1,4.0,0.0,580.2,31.0,84.0,3.4444,0.1582,0.2857,Moderado,avanzado,1,0,0,1,1,0,0
1665,711.3,False,20,Oficina,5.5,,,,,,,,,,,Moderado,basico,0,1,1,0,0,1,0
1666,577.1,False,11,Comercio,4.2,5.0,25.0,4.0,3.5,580.7,30.0,115.42,23.084,-0.0062,0.3636,Ineficiente,avanzado,0,1,1,0,0,1,0
1667,552.8,True,11,Comercio,7.3,3.0,164.6,3.0,0.0,593.4,29.0,184.2667,3.3584,-0.0684,0.2727,Moderado,avanzado,1,1,0,1,0,0,0
1668,569.3,True,13,Casa,10.7,4.0,82.2,2.0,8.5,448.0,31.0,142.325,6.9258,0.2708,0.1538,Ineficiente,avanzado,1,0,1,0,0,1,0
1669,531.8,True,9,Casa,5.9,,,,,,,,,,,Moderado,basico,1,1,0,0,0,0,0
1670,771.4,True,22,Comercio,5.7,4.0,206.0,7.0,0.0,724.6,30.0,192.85,3.7447,0.0646,0.3182,Ineficiente,avanzado,1,0,0,0,0,0,0
1671,540.3,True,12,Casa,7.1,3.0,130.8,3.0,8.8,523.6,29.0,180.1,4.1307,0.0319,0.25,Ineficiente,avanzado,0,1,1,0,0,0,0
1672,231.1,False,7,Apartamento,2.9,,67.7,0.0,,,,,3.4136,,0.0,Eficiente,parcial,0,0,0,0,0,0,1
1673,511.5,False,14,Comercio,5.2,4.0,155.3,3.0,2.3,574.9,29.0,127.875,3.2936,-0.1103,0.2143,Eficiente,avanzado,1,0,1,0,0,1,0
1674,417.5,False,10,Casa,5.1,2.0,170.6,2.0,2.0,380.0,31.0,208.75,2.4472,0.0987,0.2,Moderado,avanzado,1,1,0,1,1,0,0
1675,1028.5,False,25,Comercio,12.1,,93.4,9.0,8.4,,28.0,,11.0118,,0.36,Ineficiente,parcial,0,1,1,0,0,1,0
1676,1102.4,False,28,Oficina,9.3,,,,,,,,,,,Moderado,basico,0,1,1,0,0,1,0
1677,301.1,False,7,Apartamento,4.8,1.0,53.9,1.0,8.4,241.5,30.0,301.1,5.5863,0.2468,0.1429,Ineficiente,avanzado,0,0,1,1,0,0,0
1678,347.7,True,6,Apartamento,4.6,2.0,92.4,2.0,0.0,311.3,29.0,173.85,3.763,0.1169,0.3333,Moderado,avanzado,1,0,0,0,0,1,0
1679,1129.8,True,23,Comercio,13.6,11.0,69.3,9.0,3.0,1065.3,28.0,102.7091,16.303,0.0605,0.3913,Ineficiente,avanzado,1,1,0,0,0,1,0
1680,636.2,False,19,Apartamento,9.0,,91.0,,7.0,669.5,,,6.9912,-0.0497,,Moderado,parcial,0,0,0,1,0,1,0
1681,794.3,True,27,Comercio,8.9,6.0,158.7,5.0,4.4,768.1,30.0,132.3833,5.005,0.0341,0.1852,Moderado,avanzado,1,0,0,1,0,0,0
1682,729.1,True,13,Comercio,5.5,4.0,171.0,4.0,5.8,732.3,29.0,182.275,4.2637,-0.0044,0.3077,Ineficiente,avanzado,1,0,1,1,0,0,0
1683,672.1,True,15,Comercio,5.5,,224.5,3.0,,658.9,30.0,,2.9938,0.02,0.2,Eficiente,parcial,1,0,0,0,0,0,0
1684,360.4,False,12,Casa,5.0,,100.5,,,,,,3.5861,,,Eficiente,parcial,1,0,0,0,0,0,0
1685,604.7,True,15,Casa,6.6,,,,,,,,,,,Moderado,basico,1,0,0,0,0,0,0
1686,557.9,True,9,Casa,5.5,,147.7,4.0,6.3,470.7,29.0,,3.7773,0.1853,0.4444,Ineficiente,parcial,1,0,1,0,1,0,0
1687,311.1,True,11,Apartamento,4.1,,,,,,,,,,,Ineficiente,basico,1,1,0,0,1,0,0
1688,289.6,False,10,Apartamento,5.7,2.0,95.2,,,226.0,,144.8,3.042,0.2814,,Eficiente,parcial,0,0,1,0,1,1,0
1689,211.7,False,10,Apartamento,1.0,,85.9,1.0,4.3,,30.0,,2.4645,,0.1,Eficiente,parcial,0,0,0,0,0,0,1
1690,393.8,True,9,Casa,7.6,4.0,110.6,0.0,6.1,353.1,28.0,98.45,3.5606,0.1153,0.0,Eficiente,avanzado,1,0,0,0,0,1,0
1691,1159.0,False,36,Comercio,11.0,,,,6.1,,,,,,,Moderado,parcial,0,1,0,0,0,1,0
1692,1080.2,False,35,Oficina,9.3,,,,,951.8,,,,0.1349,,Moderado,parcial,0,1,1,0,1,0,0
1693,430.4,False,12,Casa,4.4,5.0,99.6,3.0,0.0,368.2,29.0,86.08,4.3213,0.1689,0.25,Eficiente,avanzado,0,0,0,0,1,1,0
1694,224.9,False,8,Apartamento,4.5,,,,,,,,,,,Eficiente,basico,0,0,0,0,0,0,1
1695,308.9,True,6,Apartamento,6.5,1.0,72.7,0.0,11.1,326.3,28.0,308.9,4.249,-0.0533,0.0,Ineficiente,avanzado,0,0,1,1,0,0,0
1696,551.6,True,12,Apartamento,8.2,,,,,,,,,,,Ineficiente,basico,1,0,1,1,0,1,0
1697,322.9,False,10,Casa,3.0,2.0,42.0,2.0,0.6,253.6,28.0,161.45,7.6881,0.2733,0.2,Moderado,avanzado,0,1,0,0,1,1,0
1698,935.7,False,26,Comercio,8.3,7.0,115.4,8.0,0.0,1381.5,31.0,133.6714,8.1083,-0.3227,0.3077,Moderado,avanzado,0,1,0,0,0,0,0
1699,726.9,False,18,Oficina,7.6,5.0,117.3,5.0,3.0,597.5,31.0,145.38,6.1969,0.2166,0.2778,Moderado,avanzado,0,0,0,1,0,0,0
1700,318.9,True,5,Apartamento,1.9,2.0,,3.0,0.0,305.8,,159.45,,0.0428,0.6,Ineficiente,parcial,1,1,1,1,0,1,0
1701,1036.4,False,26,Oficina,9.1,,,,,,,,,,,Ineficiente,basico,0,1,1,0,0,1,0
1702,862.8,True,22,Oficina,9.3,10.0,151.6,3.0,8.8,758.1,30.0,86.28,5.6913,0.1381,0.1364,Moderado,avanzado,1,0,1,0,0,1,0
1703,476.9,True,9,Casa,5.9,,,,,,,,,,,Moderado,basico,1,0,0,0,0,0,0
1704,356.8,True,6,Apartamento,4.7,3.0,68.2,1.0,6.4,370.3,,118.9333,5.2317,-0.0365,0.1667,Moderado,parcial,1,0,0,0,0,1,0
1705,465.6,True,11,Apartamento,7.3,,,,,,,,,,,Ineficiente,basico,1,1,0,1,0,0,0
1706,1116.5,True,36,Oficina,9.1,,,,,,,,,,,Ineficiente,basico,1,0,0,1,0,0,0
1707,508.1,False,13,Casa,3.2,4.0,71.8,3.0,7.5,434.9,29.0,127.025,7.0766,0.1683,0.2308,Moderado,avanzado,0,1,1,0,0,0,0
1708,577.7,True,11,Casa,8.9,5.0,196.3,3.0,3.8,539.4,28.0,115.54,2.9429,0.071,0.2727,Moderado,avanzado,0,1,0,1,0,0,0
1709,697.4,False,16,Comercio,5.4,,,,,,,,,,,Eficiente,basico,0,0,0,0,0,0,1
1710,421.7,False,8,Casa,3.8,4.0,115.1,,0.0,412.8,30.0,105.425,3.6638,0.0216,,Moderado,parcial,0,1,0,0,0,0,0
1711,1018.7,False,29,Comercio,7.6,9.0,95.4,8.0,6.8,936.6,30.0,113.1889,10.6782,0.0877,0.2759,Ineficiente,avanzado,0,1,1,1,0,1,0
1712,372.7,True,5,Casa,2.4,,,,,,,,,,,Ineficiente,basico,1,1,1,1,0,0,0
1713,985.2,False,25,Oficina,9.1,9.0,173.4,8.0,0.0,1041.6,,109.4667,5.6817,-0.0541,0.32,Moderado,parcial,0,1,1,0,0,1,0
1714,798.9,False,19,Oficina,8.5,6.0,235.0,5.0,0.0,723.7,30.0,133.15,3.3996,0.1039,0.2632,Moderado,avanzado,0,1,0,0,0,1,0
1715,362.0,False,7,Casa,2.0,,,1.0,3.7,363.0,,,,-0.0028,0.1429,Eficiente,parcial,0,0,1,1,0,0,0
1716,267.7,False,9,Comercio,4.1,,,,,,,,,,,Moderado,basico,0,1,0,1,0,1,0
1717,418.5,True,11,Casa,7.7,2.0,183.7,3.0,1.3,371.4,28.0,209.25,2.2782,0.1268,0.2727,Ineficiente,avanzado,0,1,0,0,0,0,0
1718,259.0,True,7,Apartamento,4.5,,,,,,,,,,,Moderado,basico,1,0,1,1,0,0,0
1719,373.9,True,5,Apartamento,6.9,,,,,,,,,,,Eficiente,basico,1,1,0,0,0,0,0
1720,865.5,True,20,Comercio,9.0,3.0,213.2,6.0,6.4,822.2,28.0,288.5,4.0596,0.0527,0.3,Ineficiente,avanzado,0,1,1,1,0,1,0
1721,427.0,False,13,Casa,4.7,,,,,,,,,,,Eficiente,basico,0,0,0,0,0,0,1
1722,264.0,True,3,Casa,6.1,3.0,177.0,0.0,0.0,242.4,30.0,88.0,1.4915,0.0891,0.0,Eficiente,avanzado,1,1,0,1,0,0,0
1723,296.7,True,8,Apartamento,6.5,1.0,64.6,1.0,4.4,319.0,31.0,296.7,4.5929,-0.0699,0.125,Ineficiente,avanzado,1,1,0,1,1,1,0
1724,307.3,False,7,Apartamento,2.5,4.0,55.1,1.0,0.0,258.1,29.0,76.825,5.5771,0.1906,0.1429,Eficiente,avanzado,0,0,0,0,1,1,0
1725,200.2,False,4,Apartamento,2.3,3.0,106.5,1.0,5.2,217.3,31.0,66.7333,1.8798,-0.0787,0.25,Eficiente,avanzado,1,0,0,0,0,0,1
1726,303.8,True,5,Casa,6.8,,,,,,,,,,,Moderado,basico,1,0,1,0,1,1,0
1727,537.5,True,13,Casa,6.2,6.0,213.2,1.0,0.0,466.3,31.0,89.5833,2.5211,0.1527,0.0769,Eficiente,avanzado,1,1,0,0,0,0,0
1728,778.3,True,19,Comercio,9.4,,,,6.0,,30.0,,,,,Moderado,parcial,1,1,1,1,0,0,0
1729,233.5,True,2,Casa,3.6,,,0.0,,,,,,,0.0,Eficiente,parcial,1,0,0,0,1,0,0
1730,454.7,True,13,Casa,7.2,,127.0,,,,,,3.5803,,,Eficiente,parcial,1,0,0,0,0,0,1
1731,1110.5,True,22,Oficina,8.7,13.0,71.0,7.0,5.7,776.3,29.0,85.4231,15.6408,0.4305,0.3182,Ineficiente,avanzado,1,1,0,1,1,1,0
1732,549.2,True,14,Casa,5.8,,,,,,,,,,,Moderado,basico,1,1,1,0,0,1,0
1733,759.3,True,16,Comercio,7.1,,221.5,2.0,,966.4,28.0,,3.428,-0.2143,0.125,Moderado,parcial,1,0,1,0,0,0,0
1734,245.3,False,4,Casa,3.3,1.0,62.8,1.0,0.0,250.0,29.0,245.3,3.9061,-0.0188,0.25,Moderado,avanzado,0,1,0,0,0,0,0
1735,1118.1,True,22,Comercio,9.8,6.0,321.2,8.0,7.2,862.5,31.0,186.35,3.481,0.2963,0.3636,Ineficiente,avanzado,1,0,1,0,0,0,0
1736,606.9,False,15,Comercio,3.9,,,,,,,,,,,Moderado,basico,0,1,0,0,0,0,0
1737,1102.8,False,19,Oficina,10.4,8.0,95.6,13.0,3.8,798.8,28.0,137.85,11.5356,0.3806,0.6842,Ineficiente,avanzado,0,1,1,1,0,0,0
1738,597.2,True,19,Casa,6.4,5.0,152.6,1.0,8.5,444.5,29.0,119.44,3.9135,0.3435,0.0526,Moderado,avanzado,1,0,1,0,0,0,0
1739,374.1,True,11,Apartamento,7.1,,,,,,,,,,,Ineficiente,basico,0,1,0,0,1,0,0
1740,731.7,True,15,Comercio,5.7,6.0,144.3,4.0,0.0,706.8,29.0,121.95,5.0707,0.0352,0.2667,Moderado,avanzado,1,0,0,0,0,0,0
1741,428.1,False,11,Casa,6.8,4.0,126.4,2.0,2.8,315.6,30.0,107.025,3.3869,0.3565,0.1818,Moderado,avanzado,0,1,0,0,1,0,0
1742,524.8,False,14,Casa,7.5,,,2.0,3.7,,30.0,,,,0.1429,Eficiente,parcial,0,1,1,0,0,0,0
1743,613.1,True,15,Casa,10.4,5.0,,,5.7,,,122.62,,,,Moderado,parcial,1,0,1,1,0,1,0
1744,875.0,False,20,Oficina,6.7,8.0,218.2,8.0,4.5,733.9,29.0,109.375,4.0101,0.1923,0.4,Moderado,avanzado,0,1,1,0,0,0,0
1745,358.8,True,6,Apartamento,4.9,,82.4,,,,,,4.3544,,,Eficiente,parcial,0,0,1,0,0,0,0
1746,292.7,False,5,Apartamento,4.2,,87.6,1.0,0.0,324.1,29.0,,3.3413,-0.0969,0.2,Eficiente,parcial,0,0,0,0,0,0,1
1747,502.5,False,12,Comercio,8.1,4.0,116.2,2.0,5.6,611.6,29.0,125.625,4.3244,-0.1784,0.1667,Eficiente,avanzado,0,0,1,0,0,0,1
1748,281.0,True,6,Apartamento,1.4,,,,,,,,,,,Eficiente,basico,1,0,0,0,0,1,0
1749,334.8,False,10,Apartamento,6.7,1.0,,2.0,,,30.0,334.8,,,0.2,Ineficiente,parcial,0,0,1,1,1,0,0
1750,552.8,True,13,Apartamento,8.5,,,,,,,,,,,Ineficiente,basico,0,0,1,1,0,1,0
1751,464.9,True,9,Apartamento,7.7,2.0,51.7,3.0,8.6,521.3,,232.45,8.9923,-0.1082,0.3333,Ineficiente,parcial,1,0,1,1,0,0,0
1752,532.0,True,18,Casa,5.4,4.0,82.4,4.0,0.0,479.7,28.0,133.0,6.4563,0.109,0.2222,Moderado,avanzado,1,0,0,1,1,0,0
1753,816.2,False,21,Oficina,8.4,,,,,,,,,,,Ineficiente,basico,0,1,1,0,0,1,0
1754,1027.1,False,22,Comercio,10.3,,,,6.5,1196.3,,,,-0.1414,,Moderado,parcial,1,1,0,0,0,0,0
1755,227.6,True,6,Casa,6.4,1.0,129.5,0.0,5.4,258.6,28.0,227.6,1.7575,-0.1199,0.0,Moderado,avanzado,1,0,0,1,0,0,0
1756,879.2,False,30,Apartamento,11.1,,,,,,,,,,,Ineficiente,basico,0,1,1,1,0,1,0
1757,399.0,False,6,Casa,7.0,1.0,163.2,1.0,10.1,353.3,28.0,399.0,2.4449,0.1294,0.1667,Ineficiente,avanzado,0,0,1,1,1,0,0
1758,863.1,True,13,Oficina,9.5,8.0,66.1,6.0,3.8,707.9,31.0,107.8875,13.0575,0.2192,0.4615,Ineficiente,avanzado,1,0,0,0,1,1,0
1759,1076.3,False,26,Oficina,12.2,,,,,,,,,,,Ineficiente,basico,0,1,0,0,1,1,0
1760,1065.2,True,33,Oficina,12.6,,,,,,,,,,,Moderado,basico,1,0,0,0,1,0,0
1761,450.1,True,4,Casa,9.5,3.0,230.8,0.0,6.1,356.6,28.0,150.0333,1.9502,0.2622,0.0,Moderado,avanzado,1,0,0,0,1,0,0
1762,470.7,True,11,Casa,5.7,,,,4.4,,,,,,,Eficiente,parcial,0,0,0,0,0,0,1
1763,597.4,True,17,Casa,9.7,,,,,,,,,,,Eficiente,basico,1,0,0,0,0,0,1
1764,561.4,True,11,Casa,5.4,6.0,110.6,1.0,10.0,485.5,30.0,93.5667,5.0759,0.1563,0.0909,Moderado,avanzado,1,0,1,1,1,0,0
1765,450.9,True,10,Casa,6.0,,111.5,,6.9,,,,4.0439,,,Moderado,parcial,0,1,1,0,0,0,0
1766,566.2,True,13,Casa,9.0,4.0,144.5,3.0,8.3,485.0,31.0,141.55,3.9183,0.1674,0.2308,Ineficiente,avanzado,1,1,1,1,0,0,0
1767,986.4,True,24,Oficina,5.7,13.0,,,,,,75.8769,,,,Moderado,parcial,1,0,0,0,0,0,0
1768,441.9,False,11,Casa,4.5,4.0,,,,,,110.475,,,,Moderado,parcial,0,1,0,0,1,0,0
1769,433.9,True,10,Casa,8.9,,,,,,,,,,,Eficiente,basico,0,1,0,0,0,0,0
1770,869.8,True,23,Comercio,12.5,,,,,,,,,,,Ineficiente,basico,1,0,0,1,0,0,0
1771,323.5,True,9,Apartamento,2.1,,,,,293.1,28.0,,,0.1037,,Eficiente,parcial,1,0,1,0,0,0,0
1772,650.2,True,19,Comercio,4.3,6.0,123.4,,0.0,,,108.3667,5.269,,,Moderado,parcial,1,0,1,0,1,0,0
1773,437.2,True,12,Apartamento,4.9,2.0,81.4,1.0,11.0,354.9,29.0,218.6,5.371,0.2319,0.0833,Ineficiente,avanzado,1,1,1,0,0,0,0
1774,706.2,True,18,Oficina,6.9,,,,,,,,,,,Ineficiente,basico,1,1,0,0,0,0,0
1775,231.0,False,5,Apartamento,3.9,2.0,65.3,2.0,5.1,,28.0,115.5,3.5375,,0.4,Moderado,parcial,0,0,0,1,0,0,0
1776,676.7,True,22,Apartamento,10.4,5.0,53.6,3.0,6.5,577.8,28.0,135.34,12.625,0.1712,0.1364,Ineficiente,avanzado,1,0,0,0,0,1,0
1777,417.9,True,8,Apartamento,8.1,2.0,86.7,1.0,8.7,317.2,30.0,208.95,4.8201,0.3175,0.125,Ineficiente,avanzado,1,0,1,0,1,1,0
1778,378.4,True,9,Apartamento,8.0,2.0,74.8,2.0,0.0,408.6,31.0,189.2,5.0588,-0.0739,0.2222,Moderado,avanzado,1,0,0,0,0,0,0
1779,392.9,False,11,Casa,6.9,,140.7,1.0,4.9,353.3,28.0,,2.7925,0.1121,0.0909,Eficiente,parcial,1,0,0,0,1,0,0
1780,353.6,True,10,Apartamento,1.9,2.0,93.8,4.0,0.0,310.5,28.0,176.8,3.7697,0.1388,0.4,Ineficiente,avanzado,1,1,0,0,0,0,0
1781,467.2,True,12,Casa,6.8,1.0,189.9,3.0,8.1,361.9,31.0,467.2,2.4602,0.291,0.25,Ineficiente,avanzado,0,1,1,1,1,0,0
1782,861.7,True,25,Comercio,7.2,,,,,,,,,,,Moderado,basico,1,1,0,0,0,0,0
1783,524.9,True,9,Casa,10.3,,,,,,,,,,,Moderado,basico,1,0,1,0,1,0,0
1784,495.6,False,14,Casa,4.1,7.0,114.0,0.0,5.4,500.3,31.0,70.8,4.3474,-0.0094,0.0,Eficiente,avanzado,0,0,0,0,0,0,1
1785,286.3,False,4,Casa,1.7,2.0,120.4,1.0,3.2,323.4,30.0,143.15,2.3779,-0.1147,0.25,Eficiente,avanzado,0,0,1,0,0,0,0
1786,1074.9,True,26,Comercio,13.4,7.0,193.2,9.0,7.5,1131.2,31.0,153.5571,5.5637,-0.0498,0.3462,Ineficiente,avanzado,1,1,0,0,0,1,0
1787,353.4,False,6,Casa,4.2,2.0,119.7,1.0,9.0,328.0,29.0,176.7,2.9524,0.0774,0.1667,Moderado,avanzado,0,0,1,0,0,0,0
1788,374.2,True,6,Apartamento,7.6,1.0,88.8,2.0,5.9,324.6,29.0,374.2,4.214,0.1528,0.3333,Ineficiente,avanzado,1,0,1,1,1,0,0
1789,804.4,True,18,Comercio,9.6,4.0,114.4,6.0,12.0,706.2,30.0,201.1,7.0315,0.1391,0.3333,Ineficiente,avanzado,1,0,1,0,0,0,0
1790,487.3,False,9,Casa,7.1,3.0,216.0,3.0,6.9,495.9,29.0,162.4333,2.256,-0.0173,0.3333,Moderado,avanzado,0,1,1,0,0,0,0
1791,878.0,False,24,Comercio,3.7,9.0,177.0,7.0,0.0,887.6,30.0,97.5556,4.9605,-0.0108,0.2917,Eficiente,avanzado,0,0,0,0,0,0,1
1792,409.2,True,8,Casa,9.5,1.0,140.4,3.0,,475.9,31.0,409.2,2.9145,-0.1402,0.375,Ineficiente,parcial,0,1,0,1,0,0,0
1793,637.1,True,14,Casa,9.3,,,,,,,,,,,Moderado,basico,1,0,1,0,0,0,0
1794,270.7,True,10,Apartamento,5.3,,,1.0,,,,,,,0.1,Eficiente,parcial,0,0,0,0,0,0,1
1795,632.0,False,12,Oficina,5.3,7.0,84.8,5.0,4.2,777.4,28.0,90.2857,7.4528,-0.187,0.4167,Moderado,avanzado,0,1,0,0,0,1,0
1796,513.2,True,14,Casa,5.7,9.0,105.5,2.0,0.0,390.1,28.0,57.0222,4.8645,0.3156,0.1429,Moderado,avanzado,0,0,1,0,1,1,0
1797,215.7,False,6,Apartamento,2.2,,98.5,,,195.5,28.0,,2.1898,0.1033,,Eficiente,parcial,0,0,0,0,0,0,1
1798,316.6,True,6,Casa,4.8,2.0,145.1,1.0,5.2,266.4,28.0,158.3,2.1819,0.1884,0.1667,Moderado,avanzado,1,0,1,1,0,0,0
1799,338.6,True,11,Apartamento,5.8,3.0,64.2,2.0,0.0,305.2,30.0,112.8667,5.2741,0.1094,0.1818,Moderado,avanzado,1,0,0,0,1,0,0
1800,327.4,True,10,Apartamento,5.5,,,0.0,,,,,,,0.0,Eficiente,parcial,1,0,1,0,1,0,0
1801,716.3,True,18,Apartamento,8.9,7.0,71.0,,8.0,713.6,31.0,102.3286,10.0887,0.0038,,Ineficiente,parcial,1,0,1,0,0,1,0
1802,282.9,False,11,Apartamento,2.8,3.0,80.5,1.0,0.0,385.2,29.0,94.3,3.5143,-0.2656,0.0909,Eficiente,avanzado,0,1,0,0,0,0,1
1803,437.2,False,10,Casa,3.6,4.0,,,4.0,,,109.3,,,,Eficiente,parcial,0,0,0,1,0,1,0
1804,289.0,False,5,Apartamento,5.5,,,,,,,,,,,Ineficiente,basico,0,1,1,0,0,0,0
1805,114.0,True,2,Apartamento,3.2,,,,,,,,,,,Eficiente,basico,1,0,0,0,0,1,0
1806,309.9,True,6,Apartamento,4.3,3.0,,1.0,,268.7,29.0,103.3,,0.1533,0.1667,Moderado,parcial,0,0,1,0,0,0,0
1807,337.6,False,5,Casa,2.7,2.0,,0.0,4.9,340.5,30.0,168.8,,-0.0085,0.0,Eficiente,parcial,0,1,1,0,0,0,0
1808,270.7,True,6,Apartamento,6.0,1.0,40.7,3.0,1.1,217.5,30.0,270.7,6.6511,0.2446,0.5,Ineficiente,avanzado,1,1,0,1,0,0,0
1809,310.2,False,15,Casa,2.7,6.0,142.6,0.0,0.0,255.9,30.0,51.7,2.1753,0.2122,0.0,Eficiente,avanzado,0,0,0,0,0,0,1
1810,250.2,False,5,Casa,0.8,1.0,140.0,0.0,7.7,187.9,28.0,250.2,1.7871,0.3316,0.0,Moderado,avanzado,0,0,1,0,0,0,0
1811,441.3,True,14,Casa,5.6,4.0,211.5,2.0,,,30.0,110.325,2.0865,,0.1429,Eficiente,parcial,0,0,0,0,1,0,0
1812,376.9,True,8,Apartamento,8.0,,,,,,,,,,,Ineficiente,basico,1,0,0,1,1,1,0
1813,738.2,False,13,Comercio,6.9,,,,,,,,,,,Eficiente,basico,0,0,1,0,0,0,1
1814,313.2,True,8,Casa,5.7,3.0,100.7,1.0,0.0,,28.0,104.4,3.1102,,0.125,Eficiente,parcial,1,0,0,1,0,0,0
1815,767.5,False,17,Comercio,6.2,,,,,,,,,,,Moderado,basico,0,1,0,1,0,0,0
1816,451.2,False,10,Apartamento,5.8,,,,,,,,,,,Moderado,basico,0,0,0,0,0,0,1
1817,700.6,False,16,Comercio,9.0,5.0,245.7,4.0,0.0,683.3,30.0,140.12,2.8514,0.0253,0.25,Eficiente,avanzado,0,0,0,0,0,0,1
1818,307.3,False,6,Apartamento,2.2,2.0,88.0,2.0,5.5,294.0,30.0,153.65,3.492,0.0452,0.3333,Moderado,avanzado,0,1,0,0,1,0,0
1819,271.1,True,3,Apartamento,5.7,,,,,,,,,,,Ineficiente,basico,0,1,0,0,1,0,0
1820,468.1,False,10,Apartamento,5.2,,,,,,,,,,,Ineficiente,basico,0,1,1,1,0,1,0
1821,1056.4,True,26,Oficina,13.1,11.0,97.3,10.0,0.0,1005.3,28.0,96.0364,10.8571,0.0508,0.3846,Ineficiente,avanzado,1,0,0,0,0,1,0
1822,311.2,True,7,Apartamento,5.6,1.0,61.0,2.0,4.7,306.1,28.0,311.2,5.1016,0.0167,0.2857,Ineficiente,avanzado,1,0,1,1,1,0,0
1823,226.1,False,8,Apartamento,3.2,,,,,,,,,,,Eficiente,basico,0,0,0,0,0,0,1
1824,131.6,True,8,Apartamento,1.6,1.0,59.3,0.0,0.0,106.8,31.0,131.6,2.2192,0.2322,0.0,Eficiente,avanzado,0,0,0,0,1,0,1
1825,455.6,True,13,Apartamento,5.0,4.0,41.4,1.0,,493.9,31.0,113.9,11.0048,-0.0775,0.0769,Ineficiente,parcial,1,1,1,0,0,1,0
1826,567.0,True,15,Casa,6.9,,,,5.6,462.7,,,,0.2254,,Moderado,parcial,1,0,0,0,0,1,0
1827,220.9,True,7,Apartamento,5.8,,,,,,28.0,,,,,Moderado,parcial,1,0,0,0,1,0,0
1828,608.4,True,13,Apartamento,10.2,,,,,,,,,,,Ineficiente,basico,1,0,1,0,0,1,0
1829,760.1,False,12,Oficina,4.9,,,,,,,,,,,Moderado,basico,1,0,0,1,0,0,0
1830,146.8,False,9,Apartamento,2.2,1.0,53.2,0.0,0.0,130.5,31.0,146.8,2.7594,0.1249,0.0,Eficiente,avanzado,1,0,0,1,1,0,0
1831,532.2,True,14,Apartamento,7.9,4.0,87.1,4.0,3.3,611.7,29.0,133.05,6.1102,-0.13,0.2857,Ineficiente,avanzado,1,0,1,0,0,1,0
1832,849.2,False,22,Oficina,8.3,,,,,,,,,,,Moderado,basico,0,1,0,0,0,0,0
1833,349.9,True,10,Apartamento,5.1,,,,,,,,,,,Moderado,basico,1,0,0,0,0,0,0
1834,484.4,True,12,Casa,5.7,6.0,114.9,1.0,3.1,506.1,30.0,80.7333,4.2158,-0.0429,0.0833,Eficiente,avanzado,1,0,0,0,0,0,1
1835,190.2,False,4,Casa,2.4,1.0,156.2,0.0,0.0,,30.0,190.2,1.2177,,0.0,Eficiente,parcial,0,0,0,0,0,0,1
1836,364.3,False,7,Casa,4.8,3.0,,1.0,,,,121.4333,,,0.1429,Eficiente,parcial,1,1,0,0,1,0,0
1837,588.0,True,15,Casa,5.5,6.0,131.6,4.0,0.0,493.0,31.0,98.0,4.4681,0.1927,0.2667,Moderado,avanzado,1,0,0,0,0,0,0
1838,374.1,False,6,Apartamento,2.1,4.0,71.5,2.0,5.9,469.4,30.0,93.525,5.2322,-0.203,0.3333,Moderado,avanzado,1,1,0,0,1,0,0
1839,904.0,False,22,Comercio,9.4,7.0,,,4.8,,,129.1429,,,,Moderado,parcial,0,1,1,0,0,0,0
1840,311.9,True,11,Apartamento,3.3,3.0,84.7,1.0,0.0,346.2,29.0,103.9667,3.6824,-0.0991,0.0909,Eficiente,avanzado,1,0,0,0,0,1,0
1841,433.7,True,8,Casa,8.2,5.0,114.2,2.0,4.8,385.5,29.0,86.74,3.7977,0.125,0.25,Moderado,avanzado,1,0,1,0,1,0,0
1842,261.7,False,7,Apartamento,3.4,2.0,75.1,1.0,0.0,236.5,30.0,130.85,3.4847,0.1066,0.1429,Eficiente,avanzado,0,0,0,0,0,0,1
1843,358.5,True,12,Casa,4.8,,,,,,,,,,,Eficiente,basico,1,0,0,1,0,0,0
1844,752.1,True,16,Oficina,7.9,,,,,,,,,,,Moderado,basico,1,1,0,1,0,0,0
1845,450.1,True,13,Casa,6.0,5.0,131.8,0.0,2.1,434.3,31.0,90.02,3.415,0.0364,0.0,Eficiente,avanzado,0,0,0,0,0,0,1
1846,402.1,True,10,Apartamento,6.1,3.0,56.7,2.0,0.0,521.0,29.0,134.0333,7.0917,-0.2282,0.2,Moderado,avanzado,0,0,0,0,0,1,0
1847,561.1,True,10,Casa,11.4,,,,,,,,,,,Moderado,basico,1,0,1,0,0,0,0
1848,317.1,True,8,Apartamento,3.7,1.0,94.1,3.0,1.6,267.8,29.0,317.1,3.3698,0.1841,0.375,Ineficiente,avanzado,1,1,0,1,0,0,0
1849,439.4,True,8,Casa,7.1,,,,,,,,,,,Moderado,basico,1,0,1,0,0,1,0
1850,922.3,False,24,Comercio,14.4,,,,,,,,,,,Ineficiente,basico,1,0,1,1,0,1,0
1851,412.7,False,5,Casa,5.4,,107.2,,10.6,435.1,,,3.8498,-0.0515,,Moderado,parcial,1,0,1,1,0,1,0
1852,883.0,False,21,Oficina,7.6,,,,,,,,,,,Moderado,basico,0,0,0,0,0,0,1
1853,337.1,True,10,Apartamento,3.7,7.0,25.3,0.0,0.0,320.3,28.0,48.1571,13.3241,0.0525,0.0,Moderado,avanzado,0,0,0,0,0,0,1
1854,1043.4,True,21,Comercio,10.3,10.0,200.6,6.0,8.9,772.8,30.0,104.34,5.2014,0.3502,0.2857,Ineficiente,avanzado,1,1,1,1,1,0,0
1855,1027.6,True,33,Comercio,11.6,,,,,,,,,,,Ineficiente,basico,1,1,1,0,0,0,0
1856,1051.0,True,29,Oficina,13.4,10.0,,10.0,0.0,1186.9,30.0,105.1,,-0.1145,0.3448,Ineficiente,parcial,1,1,1,1,0,1,0
1857,556.7,True,15,Casa,9.7,3.0,88.2,4.0,4.0,897.9,31.0,185.5667,6.3118,-0.38,0.2667,Ineficiente,avanzado,1,1,1,0,0,0,0
1858,187.8,False,6,Casa,1.8,2.0,122.4,1.0,0.0,154.6,28.0,93.9,1.5343,0.2147,0.1667,Eficiente,avanzado,0,0,0,0,1,0,1
1859,303.0,True,7,Casa,6.4,3.0,,,1.9,304.6,29.0,101.0,,-0.0053,,Eficiente,parcial,1,1,0,1,0,1,0
1860,657.9,True,19,Casa,7.7,,,,,,31.0,,,,,Moderado,parcial,1,1,0,0,0,1,0
1861,362.2,False,7,Apartamento,4.0,3.0,82.5,3.0,0.0,344.9,30.0,120.7333,4.3903,0.0502,0.4286,Moderado,avanzado,0,1,1,0,0,0,0
1862,667.1,False,18,Oficina,7.5,7.0,177.6,3.0,2.1,674.8,28.0,95.3,3.7562,-0.0114,0.1667,Eficiente,avanzado,0,0,0,0,0,0,1
1863,1188.2,True,31,Oficina,13.2,9.0,95.6,11.0,6.5,1242.0,31.0,132.0222,12.4289,-0.0433,0.3548,Ineficiente,avanzado,1,1,1,0,0,1,0
1864,423.1,True,18,Apartamento,6.3,,,,,,,,,,,Moderado,basico,0,1,0,0,0,0,0
1865,317.5,True,7,Apartamento,5.6,,,,,,,,,,,Ineficiente,basico,1,1,0,0,1,0,0
1866,1082.2,False,26,Comercio,12.7,,153.1,12.0,,913.7,30.0,,7.0686,0.1844,0.4615,Ineficiente,parcial,0,1,0,0,0,1,0
1867,1252.0,True,24,Oficina,8.5,12.0,161.9,12.0,2.0,1111.8,30.0,104.3333,7.7332,0.1261,0.5,Ineficiente,avanzado,1,1,0,0,1,1,0
1868,516.7,False,13,Casa,6.1,6.0,132.1,2.0,7.2,506.6,30.0,86.1167,3.9114,0.0199,0.1538,Eficiente,avanzado,0,0,1,0,0,0,1
1869,512.2,True,16,Apartamento,6.7,,,,,,,,,,,Ineficiente,basico,1,0,1,1,1,0,0
1870,655.5,False,14,Comercio,6.9,7.0,,,0.0,,,93.6429,,,,Eficiente,parcial,0,0,0,0,0,1,1
1871,159.3,True,5,Casa,1.5,1.0,,,,,30.0,159.3,,,,Eficiente,parcial,1,0,0,0,1,0,0
1872,448.0,True,11,Apartamento,7.2,4.0,98.2,2.0,0.0,507.2,29.0,112.0,4.5621,-0.1167,0.1818,Moderado,avanzado,0,0,0,0,0,0,1
1873,1225.7,True,28,Oficina,12.0,,195.6,,,,30.0,,6.2664,,,Ineficiente,parcial,0,1,1,1,0,0,0
1874,667.5,False,17,Oficina,9.6,,,,,,,,,,,Eficiente,basico,0,0,1,0,1,0,0
1875,1005.8,False,22,Oficina,8.5,,,,,,28.0,,,,,Moderado,parcial,1,0,1,0,0,0,0
1876,818.4,False,18,Comercio,6.5,8.0,150.4,5.0,0.0,766.4,30.0,102.3,5.4415,0.0678,0.2778,Moderado,avanzado,0,0,0,0,1,0,0
1877,642.0,False,14,Casa,7.0,7.0,129.6,4.0,5.0,602.3,30.0,91.7143,4.9537,0.0659,0.2857,Moderado,avanzado,0,0,0,1,0,0,0
1878,464.1,True,11,Casa,4.6,7.0,135.2,,,462.6,,66.3,3.4327,0.0032,,Eficiente,parcial,0,0,0,1,0,0,1
1879,196.3,True,6,Apartamento,1.4,2.0,,0.0,0.0,206.3,28.0,98.15,,-0.0485,0.0,Eficiente,parcial,1,0,0,1,1,0,0
1880,423.3,True,11,Apartamento,5.5,,,,,,,,,,,Moderado,basico,0,1,0,0,0,0,0
1881,379.8,False,10,Apartamento,2.4,2.0,60.8,2.0,7.9,369.8,29.0,189.9,6.2467,0.027,0.2,Moderado,avanzado,0,1,1,0,0,1,0
1882,303.6,False,10,Apartamento,4.2,4.0,54.1,2.0,0.0,284.3,29.0,75.9,5.6118,0.0679,0.2,Eficiente,avanzado,0,1,0,0,0,0,1
1883,331.0,True,10,Casa,5.9,2.0,139.7,1.0,3.9,288.2,28.0,165.5,2.3694,0.1485,0.1,Moderado,avanzado,0,0,0,0,0,0,1
1884,881.2,True,18,Comercio,9.1,5.0,239.3,,,706.9,30.0,176.24,3.6824,0.2466,,Ineficiente,parcial,0,1,1,0,1,0,0
1885,573.8,True,16,Casa,3.2,,,,,,,,,,,Eficiente,basico,1,1,0,0,0,0,0
1886,285.3,True,11,Casa,0.8,3.0,151.3,0.0,0.0,303.6,30.0,95.1,1.8857,-0.0603,0.0,Eficiente,avanzado,1,0,0,0,1,0,0
1887,151.0,False,7,Casa,0.9,1.0,187.5,0.0,0.0,147.7,29.0,151.0,0.8053,0.0223,0.0,Eficiente,avanzado,0,0,0,1,0,0,1
1888,572.2,False,15,Casa,5.9,5.0,135.8,3.0,6.5,572.6,30.0,114.44,4.2135,-0.0007,0.2,Eficiente,avanzado,0,1,1,0,0,1,0
1889,938.8,False,23,Comercio,9.7,7.0,103.7,,0.0,1192.0,31.0,134.1143,9.053,-0.2124,,Ineficiente,parcial,0,1,0,0,0,1,0
1890,363.2,True,12,Apartamento,5.7,4.0,69.6,2.0,0.0,363.4,29.0,90.8,5.2184,-0.0006,0.1667,Eficiente,avanzado,1,1,1,1,0,0,0
1891,573.7,True,16,Casa,4.2,6.0,132.5,3.0,0.0,611.1,31.0,95.6167,4.3298,-0.0612,0.1875,Eficiente,avanzado,1,0,0,0,0,1,0
1892,731.3,False,20,Comercio,9.8,,,,,,,,,,,Ineficiente,basico,0,1,0,1,0,0,0
1893,306.2,True,5,Apartamento,7.1,2.0,,,,278.3,28.0,153.1,,0.1003,,Moderado,parcial,1,0,0,0,0,0,0
1894,558.4,False,21,Casa,6.2,,,,,,,,,,,Eficiente,basico,0,0,0,0,0,0,1
1895,342.6,False,8,Casa,4.7,5.0,62.3,,,,,68.52,5.4992,,,Eficiente,parcial,0,0,0,1,0,0,1
1896,337.1,True,10,Casa,4.0,,,,,,,,,,,Ineficiente,basico,1,0,1,1,0,0,0
1897,245.9,True,6,Apartamento,3.9,,,2.0,0.0,,30.0,,,,0.3333,Ineficiente,parcial,0,1,0,0,1,1,0
1898,441.4,True,10,Casa,2.8,2.0,131.2,5.0,0.0,475.0,28.0,220.7,3.3643,-0.0707,0.5,Ineficiente,avanzado,1,1,0,1,1,1,0
1899,360.6,False,7,Casa,2.4,,,,,,,,,,,Eficiente,basico,0,0,1,0,1,0,0
1900,578.1,True,15,Casa,5.7,,,,,,,,,,,Eficiente,basico,1,1,0,0,0,0,0
1901,410.1,True,15,Apartamento,6.8,3.0,113.4,1.0,0.0,378.0,30.0,136.7,3.6164,0.0849,0.0667,Eficiente,avanzado,1,0,0,0,0,0,1
1902,394.6,False,10,Casa,4.7,,,1.0,0.0,300.5,,,,0.3131,0.1,Eficiente,parcial,0,0,0,0,0,0,1
1903,582.3,True,16,Comercio,5.4,4.0,105.5,2.0,5.8,594.3,31.0,145.575,5.5194,-0.0202,0.125,Moderado,avanzado,1,0,1,0,1,0,0
1904,268.8,True,9,Casa,2.9,,,,,,,,,,,Eficiente,basico,1,0,0,0,0,0,0
1905,270.0,False,11,Apartamento,3.2,,,,,,,,,,,Moderado,basico,0,1,0,0,0,0,0
1906,454.1,True,7,Apartamento,6.4,6.0,114.6,1.0,0.0,396.1,29.0,75.6833,3.9625,0.1464,0.1429,Eficiente,avanzado,1,0,0,0,0,0,1
1907,308.9,True,9,Apartamento,6.5,4.0,56.1,2.0,0.0,210.8,29.0,77.225,5.5062,0.4654,0.2222,Moderado,avanzado,1,0,0,1,1,0,0
1908,463.6,False,6,Casa,6.0,,,,,,,,,,,Ineficiente,basico,0,1,1,0,0,1,0
1909,636.4,True,12,Comercio,8.6,1.0,109.2,5.0,6.0,602.5,30.0,636.4,5.8278,0.0563,0.4167,Ineficiente,avanzado,0,1,0,1,1,1,0
1910,457.9,True,11,Oficina,6.4,4.0,,1.0,,,30.0,114.475,,,0.0909,Moderado,parcial,1,0,1,0,0,0,0
1911,364.6,True,10,Casa,5.8,,,,,,,,,,,Eficiente,basico,1,0,0,0,0,0,1
1912,547.2,False,15,Casa,4.5,5.0,141.4,5.0,1.2,448.5,30.0,109.44,3.8699,0.2201,0.3333,Moderado,avanzado,0,1,0,0,0,1,0
1913,1125.9,True,24,Oficina,10.4,11.0,38.2,11.0,2.3,796.1,31.0,102.3545,29.4738,0.4143,0.4583,Ineficiente,avanzado,1,1,0,0,1,1,0
1914,194.2,False,2,Apartamento,0.5,2.0,46.8,1.0,0.0,138.3,30.0,97.1,4.1496,0.4042,0.5,Moderado,avanzado,0,0,0,0,1,0,0
1915,635.3,True,14,Casa,9.9,,,,,,,,,,,Moderado,basico,0,0,1,0,1,0,0
1916,516.1,True,10,Casa,9.1,5.0,132.0,1.0,7.0,565.5,31.0,103.22,3.9098,-0.0874,0.1,Moderado,avanzado,1,0,1,0,0,1,0
1917,358.5,True,12,Apartamento,5.0,5.0,68.4,1.0,0.0,369.9,29.0,71.7,5.2412,-0.0308,0.0833,Eficiente,avanzado,0,0,0,0,0,1,0
1918,416.4,True,9,Apartamento,8.8,3.0,92.5,1.0,7.3,398.1,31.0,138.8,4.5016,0.046,0.1111,Moderado,avanzado,1,1,1,1,0,0,0
1919,480.3,True,20,Apartamento,8.2,5.0,43.4,2.0,0.8,477.1,31.0,96.06,11.0668,0.0067,0.1,Moderado,avanzado,1,1,0,0,0,0,0
1920,972.0,False,26,Oficina,8.5,10.0,116.4,8.0,0.0,1031.5,30.0,97.2,8.3505,-0.0577,0.3077,Moderado,avanzado,1,0,0,0,0,1,0
1921,338.7,False,8,Apartamento,1.8,2.0,90.4,2.0,8.3,351.6,30.0,169.35,3.7467,-0.0367,0.25,Moderado,avanzado,0,0,1,1,0,0,0
1922,439.9,False,12,Casa,7.9,,,,,,,,,,,Eficiente,basico,1,0,0,0,0,0,1
1923,436.3,False,10,Apartamento,6.1,3.0,,,0.0,534.8,,145.4333,,-0.1842,,Moderado,parcial,0,1,0,0,0,0,0
1924,431.3,True,12,Casa,6.2,3.0,86.9,3.0,2.6,386.6,31.0,143.7667,4.9632,0.1156,0.25,Moderado,avanzado,0,0,0,1,0,0,0
1925,384.5,True,5,Casa,4.4,4.0,100.4,1.0,2.0,307.2,31.0,96.125,3.8297,0.2516,0.2,Moderado,avanzado,1,0,0,0,0,0,0
1926,528.3,True,11,Casa,9.4,6.0,60.1,3.0,5.7,467.2,30.0,88.05,8.7903,0.1308,0.2727,Ineficiente,avanzado,1,1,1,0,0,0,0
1927,713.3,True,17,Casa,7.8,10.0,48.6,2.0,9.6,525.1,28.0,71.33,14.677,0.3584,0.1176,Ineficiente,avanzado,1,0,1,0,1,1,0
1928,262.1,True,5,Apartamento,2.7,,,,,,,,,,,Moderado,basico,1,0,0,0,0,0,0
1929,581.0,True,14,Casa,9.5,,,,,,,,,,,Moderado,basico,1,0,1,0,0,0,0
1930,448.3,True,11,Apartamento,5.0,4.0,75.2,4.0,0.0,520.7,28.0,112.075,5.9614,-0.139,0.3636,Moderado,avanzado,1,1,0,1,0,0,0
1931,335.7,True,12,Apartamento,4.3,,,,,,,,,,,Eficiente,basico,1,0,0,0,0,0,0
1932,185.5,False,7,Apartamento,0.0,3.0,68.6,0.0,0.0,193.5,31.0,61.8333,2.7041,-0.0413,0.0,Eficiente,avanzado,0,0,0,1,0,0,1
1933,931.7,False,22,Comercio,10.4,9.0,33.6,8.0,0.0,944.3,30.0,103.5222,27.7292,-0.0133,0.3636,Ineficiente,avanzado,0,1,1,0,0,1,0
1934,893.7,False,18,Comercio,9.9,6.0,186.3,8.0,4.7,1050.6,28.0,148.95,4.7971,-0.1493,0.4444,Ineficiente,avanzado,0,1,1,1,1,0,0
1935,286.8,False,8,Apartamento,2.6,1.0,52.1,2.0,10.3,220.8,30.0,286.8,5.5048,0.2989,0.25,Ineficiente,avanzado,0,0,1,1,1,1,0
1936,355.4,False,9,Casa,5.5,,,,,,,,,,,Eficiente,basico,0,0,0,0,0,1,1
1937,335.8,False,5,Apartamento,4.8,1.0,25.0,,0.0,,,335.8,13.432,,,Ineficiente,parcial,0,1,0,1,0,1,0
1938,448.5,True,16,Apartamento,8.2,4.0,71.4,2.0,0.0,443.5,30.0,112.125,6.2815,0.0113,0.125,Moderado,avanzado,1,1,0,0,0,0,0
1939,461.7,True,18,Casa,5.4,6.0,164.5,2.0,0.0,507.4,28.0,76.95,2.8067,-0.0901,0.1111,Eficiente,avanzado,0,0,0,0,0,0,1
1940,389.6,True,11,Casa,2.2,4.0,159.4,1.0,1.6,421.0,30.0,97.4,2.4442,-0.0746,0.0909,Eficiente,avanzado,0,0,0,0,0,0,1
1941,316.2,False,9,Casa,2.9,3.0,124.5,0.0,4.9,261.5,31.0,105.4,2.5398,0.2092,0.0,Eficiente,avanzado,0,0,0,0,0,0,1
1942,605.7,True,17,Apartamento,4.6,,,,,,,,,,,Moderado,basico,0,0,0,0,1,0,0
1943,740.1,True,15,Casa,10.7,6.0,,4.0,9.8,,29.0,123.35,,,0.2667,Ineficiente,parcial,1,1,1,0,0,1,0
1944,308.2,True,6,Casa,1.4,2.0,122.5,1.0,7.1,497.1,29.0,154.1,2.5159,-0.38,0.1667,Moderado,avanzado,0,0,1,0,0,0,0
1945,740.1,False,14,Comercio,5.7,8.0,203.9,4.0,,566.1,30.0,92.5125,3.6297,0.3074,0.2857,Moderado,parcial,1,1,1,0,0,1,0
1946,1150.3,True,34,Oficina,12.0,9.0,109.0,10.0,7.0,1076.9,29.0,127.8111,10.5532,0.0682,0.2941,Ineficiente,avanzado,0,0,1,1,0,0,0
1947,350.5,True,9,Casa,4.2,,,,,,,,,,,Ineficiente,basico,1,0,0,1,0,0,0
1948,797.9,False,23,Oficina,7.3,,,5.0,,,,,,,0.2174,Ineficiente,parcial,1,1,1,0,0,1,0
1949,524.3,False,13,Casa,7.0,4.0,162.2,2.0,9.5,467.6,29.0,131.075,3.2324,0.1213,0.1538,Moderado,avanzado,0,0,1,0,0,0,0
1950,1041.7,False,24,Oficina,9.3,11.0,129.6,10.0,0.7,1154.2,30.0,94.7,8.0378,-0.0975,0.4167,Moderado,avanzado,1,1,0,0,1,0,0
1951,624.3,False,18,Oficina,5.7,5.0,84.4,4.0,0.0,728.6,29.0,124.86,7.3969,-0.1432,0.2222,Moderado,avanzado,0,0,0,0,0,1,0
1952,423.3,False,11,Casa,3.3,4.0,,,3.3,,,105.825,,,,Eficiente,parcial,0,0,1,0,0,0,0
1953,683.4,True,18,Comercio,9.4,5.0,158.7,4.0,0.0,507.1,29.0,136.68,4.3062,0.3477,0.2222,Ineficiente,avanzado,1,0,0,0,1,1,0
1954,755.7,True,12,Oficina,8.5,8.0,106.8,4.0,5.1,,28.0,94.4625,7.0758,,0.3333,Ineficiente,parcial,1,1,1,0,0,1,0
1955,939.3,False,27,Oficina,7.4,13.0,,4.0,,761.4,,72.2538,,0.2336,0.1481,Eficiente,parcial,0,0,0,0,0,1,1
1956,358.3,True,12,Oficina,4.2,2.0,126.0,2.0,5.2,357.5,29.0,179.15,2.8437,0.0022,0.1667,Moderado,avanzado,1,0,1,0,0,0,0
1957,172.1,True,4,Apartamento,3.6,,,,,,,,,,,Eficiente,basico,0,0,1,0,0,0,1
1958,657.2,False,18,Casa,7.0,7.0,173.0,3.0,6.5,712.9,29.0,93.8857,3.7988,-0.0781,0.1667,Eficiente,avanzado,0,0,0,0,0,0,1
1959,874.2,False,18,Comercio,6.5,,,,,,31.0,,,,,Ineficiente,parcial,0,1,0,0,0,1,0
1960,375.5,False,10,Apartamento,2.4,,,,,,,,,,,Eficiente,basico,0,0,0,0,1,1,0
1961,775.0,True,26,Apartamento,10.4,,,,,,,,,,,Ineficiente,basico,1,1,0,1,0,1,0
1962,552.9,True,16,Casa,11.7,6.0,,2.0,,,29.0,92.15,,,0.125,Ineficiente,parcial,1,1,1,1,0,1,0
1963,270.5,True,6,Apartamento,6.3,1.0,118.8,1.0,0.0,263.1,30.0,270.5,2.2769,0.0281,0.1667,Moderado,avanzado,0,0,0,1,0,0,0
1964,426.3,False,10,Casa,2.3,5.0,130.3,2.0,0.0,495.9,28.0,85.26,3.2717,-0.1404,0.2,Eficiente,avanzado,0,0,0,0,0,1,1
1965,425.8,True,7,Apartamento,4.9,4.0,82.8,0.0,4.5,527.1,29.0,106.45,5.1425,-0.1922,0.0,Eficiente,avanzado,0,0,1,0,0,0,1
1966,291.1,True,4,Casa,5.2,1.0,148.7,0.0,5.8,296.3,28.0,291.1,1.9576,-0.0175,0.0,Moderado,avanzado,1,0,0,1,0,0,0
1967,296.4,True,5,Apartamento,4.7,,,0.0,1.2,266.8,31.0,,,0.1109,0.0,Eficiente,parcial,1,0,0,0,0,0,0
1968,730.4,True,18,Comercio,11.1,7.0,27.3,,8.0,730.1,,104.3429,26.7546,0.0004,,Ineficiente,parcial,1,0,1,1,1,1,0
1969,361.1,True,7,Apartamento,5.0,1.0,123.6,2.0,4.1,395.4,30.0,361.1,2.9215,-0.0867,0.2857,Ineficiente,avanzado,1,0,0,1,1,0,0
1970,348.7,True,9,Apartamento,3.8,2.0,39.2,3.0,0.0,224.6,28.0,174.35,8.8954,0.5525,0.3333,Ineficiente,avanzado,0,1,0,1,1,0,0
1971,377.8,True,11,Casa,5.1,5.0,,1.0,,,,75.56,,,0.0909,Eficiente,parcial,0,0,0,0,1,0,1
1972,656.9,False,17,Oficina,4.0,,,,1.4,532.0,,,,0.2348,,Eficiente,parcial,0,0,0,0,0,0,1
1973,282.4,True,4,Apartamento,4.7,3.0,80.9,0.0,5.8,384.5,31.0,94.1333,3.4907,-0.2655,0.0,Eficiente,avanzado,1,0,0,0,0,0,1
1974,455.6,False,13,Casa,4.1,4.0,113.1,2.0,4.9,734.8,29.0,113.9,4.0283,-0.38,0.1538,Eficiente,avanzado,0,0,0,1,0,0,1
1975,585.6,True,10,Casa,8.2,4.0,229.7,2.0,8.8,440.5,,146.4,2.5494,0.3294,0.2,Ineficiente,parcial,1,1,0,0,0,0,0
1976,709.3,False,13,Casa,9.9,,,,,,,,,,,Ineficiente,basico,0,0,1,1,0,0,0
1977,301.1,False,7,Apartamento,2.6,1.0,60.7,3.0,4.4,256.3,30.0,301.1,4.9605,0.1748,0.4286,Ineficiente,avanzado,0,1,0,1,0,0,0
1978,968.4,False,19,Oficina,7.9,7.0,174.7,9.0,8.0,861.8,28.0,138.3429,5.5432,0.1237,0.4737,Ineficiente,avanzado,1,1,1,1,0,0,0
1979,305.5,True,7,Apartamento,4.2,1.0,60.6,2.0,6.1,380.5,31.0,305.5,5.0413,-0.1971,0.2857,Ineficiente,avanzado,1,1,1,1,0,1,0
1980,456.7,True,10,Casa,5.7,5.0,90.2,3.0,3.7,416.4,28.0,91.34,5.0632,0.0968,0.3,Moderado,avanzado,1,0,0,0,0,0,0
1981,732.3,False,15,Comercio,8.5,5.0,158.1,6.0,4.0,607.7,29.0,146.46,4.6319,0.205,0.4,Ineficiente,avanzado,0,1,1,1,1,1,0
1982,474.1,True,9,Casa,4.0,5.0,161.6,1.0,9.0,,31.0,94.82,2.9338,,0.1111,Eficiente,parcial,0,0,1,0,0,0,0
1983,743.3,True,11,Comercio,7.8,,,,,,,,,,,Moderado,basico,1,0,0,1,0,1,0
1984,574.0,False,9,Casa,6.3,,220.3,,0.0,,,,2.6055,,,Eficiente,parcial,0,0,0,0,1,0,1
1985,424.2,True,12,Apartamento,5.0,3.0,,2.0,5.3,480.5,29.0,141.4,,-0.1172,0.1667,Ineficiente,parcial,1,0,1,0,0,1,0
1986,733.7,True,21,Oficina,8.4,,,,,,,,,,,Ineficiente,basico,0,1,1,1,0,1,0
1987,257.4,False,6,Casa,1.7,3.0,91.5,0.0,2.4,287.8,31.0,85.8,2.8131,-0.1056,0.0,Eficiente,avanzado,0,1,0,0,0,0,1
1988,423.5,False,10,Apartamento,7.2,,54.3,3.0,2.9,,,,7.7993,,0.3,Moderado,parcial,0,0,1,0,0,0,0
1989,1028.0,False,27,Oficina,9.8,,,,,,,,,,,Moderado,basico,1,0,1,0,0,1,0
1990,543.8,True,15,Casa,8.0,7.0,107.5,2.0,2.8,444.0,31.0,77.6857,5.0586,0.2248,0.1333,Moderado,avanzado,1,1,1,0,0,0,0
1991,490.1,True,11,Casa,4.8,5.0,87.9,3.0,1.1,382.5,30.0,98.02,5.5757,0.2813,0.2727,Moderado,avanzado,0,0,0,0,1,0,0
1992,347.6,False,6,Apartamento,4.5,4.0,25.0,2.0,0.0,264.6,28.0,86.9,13.904,0.3137,0.3333,Ineficiente,avanzado,0,1,0,0,1,1,0
1993,616.5,True,13,Casa,7.4,4.0,193.6,5.0,4.0,766.8,29.0,154.125,3.1844,-0.196,0.3846,Ineficiente,avanzado,0,0,1,1,0,0,0
1994,498.6,True,8,Casa,8.1,6.0,170.6,3.0,0.6,473.5,31.0,83.1,2.9226,0.053,0.375,Moderado,avanzado,1,1,0,0,0,0,0
1995,533.6,False,15,Apartamento,8.2,4.0,76.4,1.0,11.8,424.5,28.0,133.4,6.9843,0.257,0.0667,Moderado,avanzado,0,0,1,0,1,0,0
1996,760.2,False,17,Comercio,10.0,6.0,101.8,5.0,5.4,668.9,30.0,126.7,7.4676,0.1365,0.2941,Ineficiente,avanzado,0,1,1,0,0,1,0
1997,425.4,True,8,Casa,6.6,,,,,,,,,,,Eficiente,basico,1,1,0,1,0,0,0
1998,390.3,True,8,Casa,4.7,2.0,130.2,1.0,8.5,287.7,29.0,195.15,2.9977,0.3566,0.125,Ineficiente,avanzado,1,0,1,0,1,0,0
1999,1003.5,False,23,Comercio,12.9,7.0,,,,852.8,28.0,143.3571,,0.1767,,Ineficiente,parcial,1,1,1,0,0,1,0
2000,730.9,True,20,Apartamento,11.7,,,,,,,,,,,Ineficiente,basico,1,0,0,0,0,1,0
2001,1415.9,True,33,Comercio,13.9,,195.2,14.0,12.1,1592.7,29.0,,7.2536,-0.111,0.4242,Ineficiente,parcial,1,1,1,1,0,1,0
2002,181.3,True,3,Apartamento,3.4,2.0,68.8,1.0,0.0,182.5,30.0,90.65,2.6352,-0.0066,0.3333,Eficiente,avanzado,1,1,0,0,0,0,0
2003,1050.2,True,30,Oficina,10.7,,,,,,,,,,,Ineficiente,basico,0,1,0,0,0,0,0
2004,336.9,False,11,Apartamento,5.3,3.0,80.8,1.0,5.4,330.1,28.0,112.3,4.1696,0.0206,0.0909,Eficiente,avanzado,0,0,1,1,0,0,0
2005,483.5,False,17,Casa,6.4,,,,,495.9,,,,-0.025,,Eficiente,parcial,1,1,1,0,1,0,0
2006,770.5,True,21,Oficina,9.6,,,,,,,,,,,Moderado,basico,1,0,1,0,1,0,0
2007,395.7,False,8,Apartamento,4.4,3.0,69.5,1.0,11.4,412.8,28.0,131.9,5.6935,-0.0414,0.125,Moderado,avanzado,0,1,1,0,0,1,0
2008,336.1,False,6,Casa,1.3,,,,,,,,,,,Eficiente,basico,0,0,0,0,0,0,1
2009,577.7,True,17,Casa,5.8,6.0,,1.0,,473.1,,96.2833,,0.2211,0.0588,Moderado,parcial,1,1,0,1,0,0,0
2010,493.0,True,11,Apartamento,7.2,,113.9,4.0,0.0,578.7,,,4.3284,-0.1481,0.3636,Ineficiente,parcial,1,1,0,0,0,0,0
2011,467.3,True,12,Casa,6.1,,,,,,,,,,,Moderado,basico,1,1,1,0,0,0,0
2012,432.7,False,7,Casa,1.7,3.0,,1.0,6.8,408.1,29.0,144.2333,,0.0603,0.1429,Eficiente,parcial,0,0,1,0,0,1,0
2013,647.7,False,17,Casa,4.8,7.0,66.2,4.0,3.2,674.1,29.0,92.5286,9.784,-0.0392,0.2353,Moderado,avanzado,0,0,0,1,0,0,0
2014,168.9,False,2,Apartamento,3.0,1.0,101.1,0.0,0.0,177.4,30.0,168.9,1.6706,-0.0479,0.0,Eficiente,avanzado,0,1,0,0,1,1,0
2015,388.2,False,9,Casa,2.5,,,3.0,,360.3,,,,0.0774,0.3333,Eficiente,parcial,0,1,0,0,0,0,1
2016,307.0,False,10,Apartamento,5.3,2.0,97.0,3.0,2.1,344.9,31.0,153.5,3.1649,-0.1099,0.3,Moderado,avanzado,0,0,0,0,0,0,1
2017,396.6,True,7,Casa,4.2,3.0,195.6,1.0,0.0,362.3,30.0,132.2,2.0276,0.0947,0.1429,Eficiente,avanzado,1,0,0,0,0,0,0
2018,537.7,True,17,Casa,6.8,6.0,142.5,3.0,0.0,548.9,28.0,89.6167,3.7733,-0.0204,0.1765,Eficiente,avanzado,0,1,0,0,0,1,0
2019,284.9,True,8,Apartamento,5.1,3.0,76.9,0.0,2.4,260.3,28.0,94.9667,3.7048,0.0945,0.0,Eficiente,avanzado,0,0,1,1,0,0,0
2020,431.1,False,8,Casa,2.5,4.0,130.9,3.0,5.9,377.5,29.0,107.775,3.2934,0.142,0.375,Moderado,avanzado,0,1,1,0,0,0,0
2021,286.6,True,12,Apartamento,5.1,,,,,,,,,,,Eficiente,basico,1,0,0,0,0,0,1
2022,547.1,True,13,Casa,6.5,3.0,,4.0,3.9,541.0,,182.3667,,0.0113,0.3077,Moderado,parcial,1,1,1,0,1,1,0
2023,505.4,True,10,Casa,4.8,,,,,,,,,,,Ineficiente,basico,1,1,0,0,1,0,0
2024,422.4,True,11,Casa,4.8,4.0,43.6,3.0,0.0,369.3,28.0,105.6,9.6881,0.1438,0.2727,Ineficiente,avanzado,1,1,0,0,0,0,0
2025,193.8,False,6,Apartamento,2.1,1.0,99.2,1.0,0.0,220.3,30.0,193.8,1.9536,-0.1203,0.1667,Eficiente,avanzado,0,0,0,0,0,1,1
2026,405.7,True,6,Casa,6.0,,,,,,,,,,,Moderado,basico,0,0,0,1,0,0,0
2027,868.2,False,22,Comercio,8.9,7.0,,,,,,124.0286,,,,Moderado,parcial,0,1,0,0,1,0,0
2028,283.6,False,7,Casa,4.4,2.0,101.9,0.0,2.3,252.0,30.0,141.8,2.7831,0.1254,0.0,Eficiente,avanzado,0,0,0,1,1,0,0
2029,573.0,True,13,Apartamento,13.5,,,,,,,,,,,Ineficiente,basico,1,0,1,1,1,1,0
2030,326.4,True,10,Apartamento,5.6,,,,,,,,,,,Ineficiente,basico,1,1,1,1,0,1,0
2031,473.6,True,8,Casa,6.4,6.0,143.4,1.0,0.0,419.4,30.0,78.9333,3.3026,0.1292,0.125,Eficiente,avanzado,1,0,0,0,1,0,0
2032,505.7,True,12,Apartamento,5.7,,,,,589.2,,,,-0.1417,,Ineficiente,parcial,1,0,1,0,0,1,0
2033,465.1,False,13,Casa,3.3,7.0,,1.0,,,28.0,66.4429,,,0.0769,Eficiente,parcial,0,0,0,0,0,0,1
2034,290.1,True,9,Apartamento,4.1,,,,,,,,,,,Eficiente,basico,1,0,0,0,0,0,1
2035,383.0,True,5,Casa,3.3,3.0,,,,390.8,,127.6667,,-0.02,,Eficiente,parcial,1,0,1,0,0,0,0
2036,662.6,False,16,Comercio,7.9,,208.5,2.0,,522.0,,,3.1779,0.2693,0.125,Moderado,parcial,0,0,1,0,1,0,0
2037,1060.4,False,28,Oficina,13.4,9.0,110.3,9.0,4.4,954.6,30.0,117.8222,9.6138,0.1108,0.3214,Ineficiente,avanzado,1,1,1,0,0,1,0
2038,392.8,True,10,Casa,6.4,3.0,64.0,1.0,3.1,355.2,31.0,130.9333,6.1375,0.1059,0.1,Moderado,avanzado,1,0,0,0,0,1,0
2039,205.9,True,6,Apartamento,4.0,,,,,,,,,,,Moderado,basico,1,1,0,0,0,0,0
2040,914.0,True,23,Comercio,9.2,,,,,,,,,,,Ineficiente,basico,0,1,1,1,1,0,0
2041,409.1,True,11,Casa,5.9,,,,,,,,,,,Eficiente,basico,0,0,0,0,0,0,1
2042,557.2,False,11,Comercio,7.2,,,,,,,,,,,Moderado,basico,0,0,0,0,0,0,1
2043,235.7,True,8,Apartamento,6.0,3.0,62.9,1.0,0.0,196.8,30.0,78.5667,3.7472,0.1977,0.125,Eficiente,avanzado,0,0,0,1,0,0,1
2044,1653.8,False,39,Oficina,18.6,13.0,168.3,17.0,5.3,1426.3,30.0,127.2154,9.8265,0.1595,0.4359,Ineficiente,avanzado,0,1,0,1,0,1,0
2045,974.9,False,20,Oficina,8.5,,,,,,,,,,,Ineficiente,basico,0,1,1,1,0,1,0
2046,565.9,True,16,Casa,6.4,6.0,,3.0,,,31.0,94.3167,,,0.1875,Eficiente,parcial,1,0,0,0,0,1,0
2047,348.8,True,10,Apartamento,6.1,2.0,50.3,2.0,2.0,310.2,29.0,174.4,6.9344,0.1244,0.2,Ineficiente,avanzado,0,1,0,0,1,0,0
2048,359.2,False,13,Apartamento,3.1,,,,,,,,,,,Moderado,basico,1,0,0,0,1,0,0
2049,553.1,True,11,Casa,8.6,3.0,,4.0,,,,184.3667,,,0.3636,Ineficiente,parcial,1,1,0,1,0,1,0
2050,397.5,False,12,Casa,3.9,3.0,140.7,1.0,5.9,411.9,28.0,132.5,2.8252,-0.035,0.0833,Eficiente,avanzado,0,0,1,0,0,0,1
2051,552.8,False,10,Oficina,2.3,,,,,,,,,,,Moderado,basico,0,1,0,0,0,0,0
2052,388.6,True,13,Casa,10.8,3.0,56.5,,9.8,363.7,30.0,129.5333,6.8779,0.0685,,Moderado,parcial,0,0,1,0,1,1,0
2053,191.0,False,6,Apartamento,4.7,,,,,,,,,,,Eficiente,basico,0,0,0,0,0,0,1
2054,901.5,True,22,Comercio,10.7,,219.9,,,615.4,,,4.0996,0.4649,,Ineficiente,parcial,1,1,0,1,1,0,0
2055,497.1,False,15,Casa,7.3,,,,,,,,,,,Moderado,basico,1,0,0,0,0,0,0
2056,209.3,True,4,Apartamento,5.0,2.0,99.4,1.0,0.0,211.3,28.0,104.65,2.1056,-0.0095,0.25,Eficiente,avanzado,1,0,0,0,0,0,1
2057,754.9,False,22,Oficina,8.8,4.0,201.2,5.0,9.7,555.7,28.0,188.725,3.752,0.3585,0.2273,Ineficiente,avanzado,0,1,0,1,1,0,0
2058,520.7,True,12,Apartamento,10.1,,90.6,1.0,9.7,596.4,,,5.7472,-0.1269,0.0833,Moderado,parcial,1,0,1,1,0,0,0
2059,524.5,False,12,Casa,6.8,,,,,,,,,,,Moderado,basico,0,0,0,0,1,1,0
2060,626.1,True,9,Casa,8.5,3.0,,2.0,10.2,615.4,31.0,208.7,,0.0174,0.2222,Ineficiente,parcial,1,1,1,0,0,1,0
2061,1026.8,True,30,Oficina,8.0,12.0,226.0,7.0,0.0,805.4,30.0,85.5667,4.5434,0.2749,0.2333,Moderado,avanzado,1,1,0,0,1,1,0
2062,309.1,True,9,Casa,3.5,2.0,138.5,1.0,6.0,325.1,30.0,154.55,2.2318,-0.0492,0.1111,Eficiente,avanzado,1,1,0,0,0,0,0
2063,337.1,True,10,Apartamento,6.0,3.0,80.1,2.0,0.0,281.9,30.0,112.3667,4.2085,0.1958,0.2,Moderado,avanzado,0,0,0,0,0,0,1
2064,362.1,True,9,Casa,7.4,4.0,100.1,1.0,2.7,399.4,30.0,90.525,3.6174,-0.0934,0.1111,Eficiente,avanzado,1,1,0,1,0,0,0
2065,378.8,True,12,Apartamento,5.5,3.0,62.7,3.0,7.2,,29.0,126.2667,6.0415,,0.25,Ineficiente,parcial,1,1,1,0,1,0,0
2066,1133.8,True,31,Oficina,13.2,10.0,202.2,9.0,0.0,1040.3,30.0,113.38,5.6073,0.0899,0.2903,Ineficiente,avanzado,1,1,0,0,1,1,0
2067,297.7,False,10,Apartamento,3.4,3.0,,,,,,99.2333,,,,Eficiente,parcial,0,0,0,0,0,0,1
2068,830.5,False,24,Oficina,8.7,6.0,183.3,7.0,0.0,747.2,30.0,138.4167,4.5308,0.1115,0.2917,Moderado,avanzado,0,0,0,0,1,0,0
2069,618.6,True,20,Casa,7.4,,,,,,,,,,,Eficiente,basico,1,0,0,0,0,1,0
2070,582.0,True,19,Apartamento,8.1,,,,,,31.0,,,,,Ineficiente,parcial,0,1,0,0,0,1,0
2071,649.5,False,21,Comercio,6.8,,,,,,,,,,,Eficiente,basico,0,1,0,0,0,0,1
2072,362.6,True,15,Apartamento,7.3,3.0,49.1,1.0,3.9,416.1,30.0,120.8667,7.3849,-0.1286,0.0667,Moderado,avanzado,1,0,0,0,0,1,0
2073,326.1,False,7,Casa,6.5,3.0,75.4,2.0,3.9,392.6,29.0,108.7,4.3249,-0.1694,0.2857,Eficiente,avanzado,0,0,0,0,0,0,1
2074,669.7,False,19,Comercio,5.7,,,,,,,,,,,Moderado,basico,0,0,1,0,1,0,0
2075,499.2,False,14,Casa,5.8,,,,,,,,,,,Ineficiente,basico,1,1,0,1,0,0,0
2076,352.3,False,7,Apartamento,6.0,,,,,,,,,,,Eficiente,basico,0,0,1,0,0,0,0
2077,776.7,True,18,Oficina,9.0,9.0,155.1,3.0,5.7,767.4,28.0,86.3,5.0077,0.0121,0.1667,Moderado,avanzado,1,0,1,0,0,1,0
2078,708.8,True,15,Casa,7.5,5.0,146.0,7.0,6.0,725.9,29.0,141.76,4.8548,-0.0236,0.4667,Ineficiente,avanzado,1,1,0,1,0,1,0
2079,495.3,True,6,Casa,3.7,2.0,149.5,,,,,247.65,3.313,,,Ineficiente,parcial,1,1,1,0,0,0,0
2080,330.9,False,12,Casa,1.2,5.0,164.3,0.0,0.0,279.1,29.0,66.18,2.014,0.1856,0.0,Eficiente,avanzado,0,0,0,0,0,1,0
2081,394.8,False,7,Casa,3.3,3.0,102.8,1.0,6.6,289.4,29.0,131.6,3.8405,0.3642,0.1429,Moderado,avanzado,0,0,1,1,1,0,0
2082,632.6,False,10,Casa,5.4,4.0,184.7,,,,30.0,158.15,3.425,,,Moderado,parcial,0,1,0,0,0,0,0
2083,340.2,True,13,Apartamento,7.8,,60.3,1.0,,,,,5.6418,,0.0769,Moderado,parcial,1,0,1,0,0,1,0
2084,456.7,True,9,Casa,3.1,,,,,,,,,,,Moderado,basico,1,1,0,0,0,0,0
2085,111.6,False,5,Apartamento,2.1,1.0,49.6,1.0,0.0,116.3,30.0,111.6,2.25,-0.0404,0.2,Eficiente,avanzado,0,1,0,0,1,0,0
2086,457.4,True,9,Casa,7.9,3.0,,,,,,152.4667,,,,Moderado,parcial,1,1,0,0,0,0,0
2087,392.5,False,11,Casa,5.5,2.0,107.3,,,347.3,,196.25,3.658,0.1301,,Moderado,parcial,0,0,0,0,0,0,1
2088,582.1,False,14,Casa,8.3,5.0,136.0,4.0,5.6,712.5,29.0,116.42,4.2801,-0.183,0.2857,Moderado,avanzado,1,1,1,1,0,0,0
2089,266.3,True,10,Apartamento,6.2,2.0,95.6,1.0,0.0,222.8,30.0,133.15,2.7856,0.1952,0.1,Eficiente,avanzado,1,0,0,1,1,0,0
2090,316.1,True,5,Apartamento,6.8,,,,,,,,,,,Ineficiente,basico,1,1,0,1,0,0,0
2091,592.4,True,13,Casa,5.0,,,2.0,2.3,,31.0,,,,0.1538,Eficiente,parcial,0,1,0,0,0,0,1
2092,838.8,False,22,Comercio,6.9,,,,,,,,,,,Eficiente,basico,0,0,0,0,0,0,1
2093,406.9,True,10,Apartamento,5.8,2.0,,3.0,,,,203.45,,,0.3,Ineficiente,parcial,1,0,0,1,0,1,0
2094,462.1,True,9,Casa,8.1,3.0,131.4,1.0,6.5,386.8,28.0,154.0333,3.5167,0.1947,0.1111,Moderado,avanzado,1,0,0,1,0,0,0
2095,827.3,False,25,Oficina,8.9,,163.1,4.0,8.7,642.6,30.0,,5.0723,0.2874,0.16,Moderado,parcial,0,0,1,0,1,1,0
2096,423.1,False,10,Casa,3.9,2.0,164.6,2.0,1.2,364.9,31.0,211.55,2.5705,0.1595,0.2,Moderado,avanzado,1,0,1,1,1,0,0
2097,295.2,True,7,Casa,0.4,,83.2,2.0,0.0,,28.0,,3.5481,,0.2857,Eficiente,parcial,1,1,0,0,1,0,0
2098,364.8,True,9,Apartamento,2.2,,,,,,,,,,,Eficiente,basico,1,0,0,0,0,0,1
2099,420.1,True,13,Casa,7.9,5.0,84.3,1.0,4.1,440.2,31.0,84.02,4.9834,-0.0457,0.0769,Eficiente,avanzado,1,0,0,0,0,0,1
2100,627.8,True,15,Casa,9.5,7.0,157.7,1.0,,,,89.6857,3.981,,0.0667,Moderado,parcial,1,1,0,0,0,0,0
2101,707.8,True,20,Comercio,8.3,,,,,,,,,,,Moderado,basico,1,0,0,0,1,0,0
2102,450.3,True,6,Casa,10.4,2.0,147.6,,7.7,489.1,,225.15,3.0508,-0.0793,,Ineficiente,parcial,1,0,1,0,0,0,0
2103,724.5,True,20,Comercio,6.7,,,,,,,,,,,Ineficiente,basico,1,1,0,1,0,1,0
2104,1426.1,True,37,Oficina,15.6,15.0,59.4,13.0,2.2,1456.5,29.0,95.0733,24.0084,-0.0209,0.3514,Ineficiente,avanzado,0,1,0,1,0,1,0
2105,202.3,False,2,Apartamento,4.0,1.0,,1.0,5.0,255.2,29.0,202.3,,-0.2073,0.5,Ineficiente,parcial,0,1,0,1,1,0,0
2106,355.1,True,5,Apartamento,6.8,,,,,,,,,,,Ineficiente,basico,0,1,1,0,0,1,0
2107,457.0,True,13,Apartamento,7.0,,,,,,,,,,,Eficiente,basico,1,0,0,0,0,0,1
2108,1047.4,True,22,Oficina,9.2,,,,,,,,,,,Ineficiente,basico,1,1,1,0,0,0,0
2109,268.2,True,5,Casa,2.1,7.0,182.7,1.0,0.0,394.8,29.0,38.3143,1.468,-0.3207,0.2,Eficiente,avanzado,1,0,0,0,1,0,0
2110,417.9,False,8,Casa,3.9,4.0,124.9,,3.1,,29.0,104.475,3.3459,,,Eficiente,parcial,0,1,0,1,0,0,0
2111,471.7,False,8,Apartamento,6.4,,,,,,,,,,,Ineficiente,basico,0,1,1,0,1,1,0
2112,322.0,True,6,Apartamento,8.2,,,,,,30.0,,,,,Ineficiente,parcial,1,0,1,1,0,0,0
2113,448.6,True,6,Casa,6.8,,73.1,1.0,6.9,,29.0,,6.1368,,0.1667,Moderado,parcial,0,0,1,0,1,0,0
2114,341.1,False,14,Apartamento,3.4,,95.9,1.0,,,30.0,,3.5568,,0.0714,Eficiente,parcial,0,1,0,1,0,0,0
2115,468.3,True,12,Casa,5.1,,,,,,,,,,,Eficiente,basico,0,0,0,0,0,0,1
2116,646.5,False,20,Oficina,7.7,8.0,178.1,2.0,3.6,711.0,31.0,80.8125,3.63,-0.0907,0.1,Eficiente,avanzado,0,0,1,0,0,1,0
2117,357.2,True,6,Casa,4.6,2.0,113.9,1.0,5.1,411.0,31.0,178.6,3.1361,-0.1309,0.1667,Moderado,avanzado,1,0,1,0,0,0,0
2118,393.0,False,9,Casa,4.7,3.0,166.1,,0.0,334.7,31.0,131.0,2.366,0.1742,,Eficiente,parcial,0,1,0,0,1,0,0
2119,306.8,True,8,Casa,1.4,3.0,189.5,2.0,,275.2,29.0,102.2667,1.619,0.1148,0.25,Eficiente,parcial,0,0,0,0,0,0,1
2120,421.8,True,11,Casa,4.7,2.0,184.0,1.0,8.1,405.8,31.0,210.9,2.2924,0.0394,0.0909,Moderado,avanzado,0,0,1,0,1,0,0
2121,589.4,True,15,Casa,7.6,,,,,,,,,,,Moderado,basico,1,1,0,0,1,1,0
2122,693.1,True,18,Casa,11.8,7.0,68.1,2.0,7.9,644.0,31.0,99.0143,10.1777,0.0762,0.1111,Ineficiente,avanzado,0,0,1,0,0,1,0
2123,423.4,True,10,Casa,4.2,4.0,,1.0,,454.5,31.0,105.85,,-0.0684,0.1,Eficiente,parcial,1,0,1,1,0,0,0
2124,585.3,True,12,Casa,8.0,,162.1,,,647.8,,,3.6107,-0.0965,,Moderado,parcial,1,1,0,0,0,0,0
2125,463.2,True,14,Casa,8.2,,178.6,2.0,0.0,391.1,29.0,,2.5935,0.1844,0.1429,Eficiente,parcial,1,0,0,1,1,0,0
2126,497.1,False,11,Casa,5.4,4.0,156.7,4.0,0.0,473.9,30.0,124.275,3.1723,0.049,0.3636,Moderado,avanzado,0,1,0,0,1,0,0
2127,410.2,False,14,Casa,4.4,,,,,,,,,,,Eficiente,basico,0,0,0,1,0,0,0
2128,631.6,False,14,Casa,9.6,6.0,58.2,4.0,9.3,611.6,30.0,105.2667,10.8522,0.0327,0.2857,Ineficiente,avanzado,0,1,1,1,0,1,0
2129,402.5,False,10,Casa,3.4,,,,,,,,,,,Moderado,basico,0,0,0,0,0,0,1
2130,406.5,True,10,Casa,3.3,3.0,155.1,1.0,9.9,336.2,31.0,135.5,2.6209,0.2091,0.1,Moderado,avanzado,1,0,1,0,1,0,0
2131,455.6,False,12,Casa,1.9,,,,,,,,,,,Eficiente,basico,0,0,0,0,0,0,1
2132,1006.3,False,28,Comercio,5.9,9.0,260.6,6.0,2.7,720.0,31.0,111.8111,3.8615,0.3976,0.2143,Moderado,avanzado,0,0,0,0,1,0,0
2133,843.7,True,21,Oficina,8.9,5.0,,,,801.6,,168.74,,0.0525,,Ineficiente,parcial,1,0,1,1,0,1,0
2134,584.0,False,18,Oficina,5.2,4.0,217.4,,0.0,523.7,29.0,146.0,2.6863,0.1151,,Eficiente,parcial,0,1,0,0,0,0,1
2135,547.4,True,14,Apartamento,6.4,,,,,,,,,,,Ineficiente,basico,1,0,1,0,1,0,0
2136,282.9,False,10,Apartamento,0.8,1.0,73.5,2.0,5.7,374.5,31.0,282.9,3.849,-0.2446,0.2,Moderado,avanzado,0,0,0,0,0,0,1
2137,398.2,False,8,Casa,3.8,,,,,,,,,,,Eficiente,basico,0,0,0,0,0,0,1
2138,823.7,True,18,Comercio,9.3,7.0,177.2,6.0,6.8,794.3,31.0,117.6714,4.6484,0.037,0.3333,Ineficiente,avanzado,1,1,1,0,0,0,0
2139,1163.8,False,25,Comercio,12.3,11.0,182.7,8.0,12.1,1708.2,,105.8,6.37,-0.3187,0.32,Ineficiente,parcial,0,1,1,1,0,1,0
2140,933.0,False,26,Comercio,10.6,10.0,186.2,3.0,8.7,832.4,30.0,93.3,5.0107,0.1209,0.1154,Moderado,avanzado,0,1,0,0,0,0,0
2141,1044.3,True,29,Oficina,12.5,8.0,,10.0,0.0,1364.4,,130.5375,,-0.2346,0.3448,Ineficiente,parcial,1,0,0,0,0,1,0
2142,429.6,False,9,Apartamento,1.0,3.0,92.6,2.0,9.3,284.4,31.0,143.2,4.6393,0.5105,0.2222,Moderado,avanzado,0,0,1,0,1,0,0
2143,587.4,False,18,Comercio,5.9,,,,,,,,,,,Ineficiente,basico,0,0,0,1,0,0,0
2144,930.5,True,18,Comercio,8.9,,,7.0,6.8,1018.4,,,,-0.0863,0.3889,Ineficiente,parcial,0,0,1,0,0,1,0
2145,431.9,True,9,Casa,3.0,,,,,,,,,,,Eficiente,basico,0,0,0,0,1,0,1
2146,1166.8,True,29,Oficina,14.1,11.0,106.0,8.0,4.0,940.3,30.0,106.0727,11.0075,0.2409,0.2759,Ineficiente,avanzado,1,1,0,0,1,1,0
2147,927.2,True,29,Casa,11.0,,,,,,,,,,,Ineficiente,basico,1,1,1,0,0,0,0
2148,911.8,True,19,Oficina,8.9,,,,,,,,,,,Ineficiente,basico,1,1,1,0,0,0,0
2149,621.0,False,11,Comercio,6.7,,,,,,,,,,,Moderado,basico,0,1,0,1,0,0,0
2150,492.7,True,11,Casa,4.0,,,2.0,,,29.0,,,,0.1818,Moderado,parcial,0,0,1,0,0,0,0
2151,565.0,False,18,Apartamento,4.1,7.0,98.8,3.0,1.7,501.5,30.0,80.7143,5.7186,0.1266,0.1667,Eficiente,avanzado,0,1,1,0,0,0,0
2152,468.0,True,10,Casa,6.8,,,,,,,,,,,Moderado,basico,1,0,0,1,0,0,0
2153,1041.8,False,21,Comercio,8.6,,,,,,,,,,,Ineficiente,basico,0,1,1,1,0,0,0
2154,851.2,False,24,Comercio,10.1,9.0,,,0.0,,,94.5778,,,,Moderado,parcial,0,1,0,0,1,1,0
2155,315.1,False,5,Apartamento,4.6,2.0,97.1,2.0,3.4,296.2,31.0,157.55,3.2451,0.0638,0.4,Moderado,avanzado,0,1,0,0,0,1,0
2156,941.3,True,18,Comercio,9.8,7.0,138.9,7.0,6.2,965.0,28.0,134.4714,6.7768,-0.0246,0.3889,Ineficiente,avanzado,0,1,1,1,1,1,0
2157,328.1,True,9,Casa,5.7,2.0,172.8,1.0,3.2,243.9,31.0,164.05,1.8987,0.3452,0.1111,Moderado,avanzado,1,0,0,0,1,0,0
2158,642.8,True,16,Casa,4.8,6.0,126.0,5.0,0.0,466.9,31.0,107.1333,5.1016,0.3767,0.3125,Ineficiente,avanzado,1,1,0,0,1,1,0
2159,331.5,False,6,Casa,4.3,,,,,,,,,,,Moderado,basico,0,0,0,1,0,1,0
2160,630.6,True,15,Casa,6.2,,,,5.8,,31.0,,,,,Ineficiente,parcial,1,1,0,0,0,0,0
2161,320.3,True,8,Apartamento,6.8,4.0,52.2,1.0,1.9,257.3,31.0,80.075,6.136,0.2449,0.125,Moderado,avanzado,1,0,0,0,1,1,0
2162,655.5,True,16,Casa,10.7,,,,,,,,,,,Moderado,basico,1,1,0,0,0,0,0
2163,418.5,False,13,Casa,2.4,4.0,142.8,2.0,1.6,415.3,30.0,104.625,2.9307,0.0077,0.1538,Eficiente,avanzado,1,0,0,0,0,0,1
2164,579.2,False,18,Apartamento,5.7,,,,,,,,,,,Moderado,basico,0,0,0,0,0,0,1
2165,783.2,False,23,Comercio,6.9,7.0,140.2,4.0,0.0,741.8,29.0,111.8857,5.5863,0.0558,0.1739,Eficiente,avanzado,0,0,0,1,0,0,1
2166,446.3,False,11,Casa,7.4,,,,,,,,,,,Moderado,basico,0,0,1,0,0,0,0
2167,649.7,False,19,Oficina,9.1,9.0,192.8,1.0,3.7,585.5,28.0,72.1889,3.3698,0.1096,0.0526,Eficiente,avanzado,1,0,0,0,0,0,1
2168,388.4,False,9,Apartamento,3.8,,,,,,,,,,,Moderado,basico,1,0,0,0,0,0,0
2169,312.5,True,7,Casa,7.7,,,,,,,,,,,Ineficiente,basico,1,0,0,1,0,0,0
2170,345.8,True,3,Apartamento,5.7,1.0,76.8,1.0,9.0,238.6,29.0,345.8,4.5026,0.4493,0.3333,Ineficiente,avanzado,1,1,1,0,1,0,0
2171,566.6,False,15,Casa,5.9,,,,,,,,,,,Moderado,basico,0,1,0,0,0,1,0
2172,455.6,True,8,Casa,3.4,,,1.0,,,,,,,0.125,Eficiente,parcial,1,0,1,0,0,1,0
2173,146.8,False,3,Apartamento,0.9,,,,,,,,,,,Eficiente,basico,0,0,0,0,0,0,1
2174,537.9,True,11,Casa,7.5,3.0,136.3,1.0,12.0,575.1,29.0,179.3,3.9464,-0.0647,0.0909,Moderado,avanzado,0,0,1,0,0,1,0
2175,507.1,False,7,Casa,4.2,5.0,195.2,4.0,4.6,695.1,30.0,101.42,2.5978,-0.2705,0.5714,Moderado,avanzado,1,1,0,0,0,0,0
2176,652.3,True,13,Apartamento,13.8,,,,,,,,,,,Ineficiente,basico,1,1,1,1,1,0,0
2177,511.5,False,9,Casa,5.0,6.0,164.3,2.0,4.5,425.2,29.0,85.25,3.1132,0.203,0.2222,Eficiente,avanzado,0,0,0,0,1,0,1
2178,1174.7,True,30,Comercio,11.2,,,,2.1,1255.8,,,,-0.0646,,Moderado,parcial,0,1,0,0,0,1,0
2179,344.2,True,7,Casa,2.4,1.0,110.0,1.0,3.7,265.3,31.0,344.2,3.1291,0.2974,0.1429,Ineficiente,avanzado,1,1,1,1,0,0,0
2180,1100.0,False,31,Oficina,10.0,,,,,,,,,,,Moderado,basico,0,1,1,0,0,0,0
2181,1031.5,True,29,Comercio,10.7,,,,,,,,,,,Ineficiente,basico,1,0,0,0,0,1,0
2182,753.2,False,20,Oficina,6.3,,,,0.0,,,,,,,Eficiente,parcial,0,1,0,0,1,1,0
2183,753.4,True,12,Comercio,11.7,,,,,,,,,,,Ineficiente,basico,1,1,1,1,0,1,0
2184,434.8,False,9,Casa,5.0,,,,,,,,,,,Moderado,basico,0,1,0,0,0,0,0
2185,209.7,True,2,Apartamento,5.3,,,,,,,,,,,Ineficiente,basico,1,1,1,0,0,1,0
2186,340.5,True,7,Casa,3.7,3.0,143.5,1.0,0.0,273.6,29.0,113.5,2.3728,0.2445,0.1429,Eficiente,avanzado,1,0,1,1,0,0,0
2187,554.7,True,15,Comercio,5.7,,,,,,,,,,,Moderado,basico,1,0,0,0,0,0,0
2188,465.8,False,5,Apartamento,6.0,,,,,,,,,,,Ineficiente,basico,0,1,1,0,1,1,0
2189,457.0,True,9,Casa,6.2,,,,,,,,,,,Eficiente,basico,0,0,1,0,0,0,1
2190,669.4,True,16,Oficina,7.9,,,,,,,,,,,Moderado,basico,1,1,0,0,0,1,0
2191,393.5,True,8,Casa,6.6,3.0,81.7,0.0,5.4,426.4,28.0,131.1667,4.8164,-0.0772,0.0,Eficiente,avanzado,1,0,1,0,0,0,0
2192,595.1,True,17,Apartamento,9.8,5.0,63.9,2.0,9.2,627.7,28.0,119.02,9.313,-0.0519,0.1176,Ineficiente,avanzado,0,1,1,0,0,0,0
2193,267.6,True,8,Apartamento,2.5,1.0,95.9,1.0,1.9,291.0,31.0,267.6,2.7904,-0.0804,0.125,Moderado,avanzado,0,0,0,0,0,0,1
2194,394.0,False,10,Casa,5.3,2.0,,0.0,8.6,,30.0,197.0,,,0.0,Eficiente,parcial,0,0,1,0,0,1,0
2195,468.5,True,10,Apartamento,7.1,3.0,92.5,2.0,0.0,416.9,31.0,156.1667,5.0649,0.1238,0.2,Moderado,avanzado,1,0,1,0,1,0,0
2196,751.3,False,18,Comercio,5.8,6.0,,,,,28.0,125.2167,,,,Eficiente,parcial,0,0,0,0,0,0,1
2197,540.3,True,17,Casa,5.2,5.0,145.8,3.0,0.0,434.9,28.0,108.06,3.7058,0.2424,0.1765,Moderado,avanzado,1,0,0,1,0,0,0
2198,555.2,True,13,Apartamento,5.6,,,,,,,,,,,Ineficiente,basico,1,0,1,1,1,0,0
2199,312.4,False,9,Casa,2.8,4.0,95.3,1.0,5.9,349.7,29.0,78.1,3.2781,-0.1067,0.1111,Eficiente,avanzado,0,0,0,0,0,0,1
2200,273.7,True,6,Apartamento,3.7,2.0,47.7,0.0,1.9,209.7,31.0,136.85,5.7379,0.3052,0.0,Moderado,avanzado,1,0,0,1,1,0,0
2201,636.5,True,18,Casa,10.8,,,,,,,,,,,Ineficiente,basico,1,0,0,0,0,1,0
2202,844.2,True,19,Oficina,5.9,8.0,182.8,6.0,1.4,700.8,28.0,105.525,4.6182,0.2046,0.3158,Moderado,avanzado,1,0,0,1,1,0,0
2203,875.9,False,21,Oficina,9.0,10.0,,6.0,0.0,818.8,31.0,87.59,,0.0697,0.2857,Moderado,parcial,0,0,0,0,0,1,0
2204,367.7,True,10,Casa,4.4,3.0,136.0,0.0,0.0,368.8,28.0,122.5667,2.7037,-0.003,0.0,Eficiente,avanzado,1,0,0,0,0,0,1
2205,648.6,True,13,Casa,6.3,,,,,,,,,,,Ineficiente,basico,1,0,1,0,0,0,0
2206,293.2,False,10,Apartamento,5.5,2.0,139.9,1.0,5.3,270.1,28.0,146.6,2.0958,0.0855,0.1,Eficiente,avanzado,1,1,1,0,0,0,0
2207,413.8,True,7,Apartamento,7.1,2.0,58.2,1.0,8.1,402.7,29.0,206.9,7.11,0.0276,0.1429,Ineficiente,avanzado,1,0,1,1,0,1,0
2208,258.5,True,6,Apartamento,5.0,1.0,80.9,0.0,4.4,221.7,29.0,258.5,3.1953,0.166,0.0,Moderado,avanzado,1,0,1,1,0,0,0
2209,303.9,False,7,Casa,3.9,,,2.0,,440.4,,,,-0.3099,0.2857,Moderado,parcial,0,1,0,1,0,1,0
2210,252.2,False,9,Casa,4.7,2.0,136.8,2.0,0.0,260.9,30.0,126.1,1.8436,-0.0333,0.2222,Eficiente,avanzado,0,1,0,0,0,0,1
2211,1025.5,True,17,Oficina,10.9,10.0,106.3,7.0,11.0,883.8,30.0,102.55,9.6472,0.1603,0.4118,Ineficiente,avanzado,1,1,1,0,0,1,0
2212,229.7,False,7,Apartamento,4.4,4.0,97.4,1.0,0.0,224.1,28.0,57.425,2.3583,0.025,0.1429,Eficiente,avanzado,0,0,0,0,0,0,1
2213,998.6,True,29,Comercio,8.8,,81.9,7.0,3.3,1128.2,,,12.1929,-0.1149,0.2414,Ineficiente,parcial,1,1,0,0,1,0,0
2214,383.2,False,9,Apartamento,5.4,3.0,119.8,2.0,5.7,373.7,30.0,127.7333,3.1987,0.0254,0.2222,Eficiente,avanzado,0,0,1,0,0,1,0
2215,677.3,True,13,Oficina,7.6,,,,,,,,,,,Moderado,basico,0,0,1,0,0,0,0
2216,360.0,False,6,Casa,6.2,,,,,,,,,,,Ineficiente,basico,0,1,1,1,0,0,0
2217,183.5,False,7,Casa,3.6,,,,,,,,,,,Eficiente,basico,0,0,0,0,0,0,1
2218,758.0,False,17,Oficina,7.3,8.0,89.7,4.0,10.6,648.0,29.0,94.75,8.4504,0.1698,0.2353,Ineficiente,avanzado,0,1,1,0,0,1,0
2219,856.3,False,17,Oficina,9.4,,142.5,9.0,,,,,6.0091,,0.5294,Ineficiente,parcial,0,1,1,1,0,0,0
2220,395.8,False,9,Casa,2.9,,,,,,,,,,,Eficiente,basico,0,0,0,0,0,0,1
2221,490.5,True,16,Casa,4.5,5.0,144.8,2.0,,409.6,29.0,98.1,3.3874,0.1975,0.125,Eficiente,parcial,1,0,0,0,1,0,0
2222,375.3,False,10,Apartamento,3.9,3.0,,,0.0,431.2,,125.1,,-0.1296,,Eficiente,parcial,0,0,0,0,0,0,1
2223,492.0,True,11,Casa,4.7,5.0,151.2,0.0,8.8,442.5,31.0,98.4,3.254,0.1119,0.0,Eficiente,avanzado,1,0,1,1,1,0,0
2224,377.1,False,14,Casa,3.2,4.0,,,,,,94.275,,,,Eficiente,parcial,0,0,0,0,0,0,1
2225,958.1,True,20,Oficina,11.7,,,,,,,,,,,Ineficiente,basico,1,1,1,1,0,0,0
2226,561.8,True,15,Casa,8.6,,200.7,5.0,0.0,,,,2.7992,,0.3333,Ineficiente,parcial,1,1,0,1,1,0,0
2227,280.6,True,6,Apartamento,2.2,,68.4,,,221.5,,,4.1023,0.2668,,Ineficiente,parcial,1,0,0,1,0,0,0
2228,463.0,True,15,Casa,3.4,4.0,105.4,1.0,6.3,360.3,30.0,115.75,4.3928,0.285,0.0667,Moderado,avanzado,1,0,0,0,0,0,0
2229,370.0,True,3,Casa,3.2,,,1.0,6.1,345.5,,,,0.0709,0.3333,Moderado,parcial,1,1,1,0,0,0,0
2230,441.8,True,6,Apartamento,5.5,3.0,76.0,2.0,7.9,520.1,31.0,147.2667,5.8132,-0.1505,0.3333,Ineficiente,avanzado,1,0,1,1,0,1,0
2231,411.8,True,12,Casa,9.3,,,,,,,,,,,Eficiente,basico,1,0,0,0,0,0,0
2232,339.8,False,6,Apartamento,3.2,2.0,25.0,0.0,10.1,347.1,29.0,169.9,13.592,-0.021,0.0,Ineficiente,avanzado,0,0,1,1,0,1,0
2233,485.8,True,7,Casa,8.6,3.0,141.2,3.0,3.3,354.9,30.0,161.9333,3.4405,0.3688,0.4286,Ineficiente,avanzado,1,1,0,0,1,0,0
2234,921.2,True,18,Oficina,11.6,7.0,,8.0,7.5,818.0,30.0,131.6,,0.1262,0.4444,Ineficiente,parcial,1,0,1,1,1,1,0
2235,881.6,False,20,Comercio,7.6,11.0,120.1,5.0,5.6,766.4,31.0,80.1455,7.3405,0.1503,0.25,Moderado,avanzado,0,1,1,0,0,0,0
2236,1008.9,False,21,Comercio,10.3,,,,,,,,,,,Ineficiente,basico,0,1,1,0,1,1,0
2237,631.3,True,13,Casa,9.8,,,,,,,,,,,Moderado,basico,0,1,1,0,0,0,0
2238,329.5,False,7,Casa,3.2,4.0,113.3,0.0,7.9,304.6,29.0,82.375,2.9082,0.0817,0.0,Eficiente,avanzado,0,0,1,0,1,0,0
2239,598.5,False,14,Casa,9.9,,,,,,,,,,,Moderado,basico,0,0,1,0,0,1,0
2240,319.1,True,8,Apartamento,6.2,2.0,38.7,3.0,0.5,422.6,28.0,159.55,8.2455,-0.2449,0.375,Ineficiente,avanzado,1,1,0,1,0,0,0
2241,392.4,True,9,Casa,5.1,,,,,,,,,,,Eficiente,basico,0,1,0,0,0,0,1
2242,541.2,False,9,Casa,5.6,,,,,,,,,,,Ineficiente,basico,0,1,1,1,0,1,0
2243,676.6,False,23,Casa,10.4,7.0,66.3,6.0,4.9,566.7,28.0,96.6571,10.2051,0.1939,0.2609,Ineficiente,avanzado,0,1,1,0,0,1,0
2244,730.1,False,17,Casa,10.6,7.0,,,,,,104.3,,,,Moderado,parcial,0,0,1,0,1,0,0
2245,408.0,False,12,Casa,5.5,3.0,102.5,4.0,,,31.0,136.0,3.9805,,0.3333,Moderado,parcial,0,0,0,0,0,0,1
2246,380.1,True,7,Casa,3.5,3.0,136.7,0.0,2.1,495.7,28.0,126.7,2.7805,-0.2332,0.0,Eficiente,avanzado,1,1,0,0,0,0,0
2247,482.6,True,11,Casa,6.6,,,,,,,,,,,Ineficiente,basico,1,1,1,0,0,1,0
2248,265.7,True,6,Apartamento,2.5,2.0,43.2,0.0,3.6,,,132.85,6.1505,,0.0,Moderado,parcial,0,0,0,0,1,0,0
2249,259.5,False,5,Casa,5.0,,,,,,,,,,,Eficiente,basico,1,1,1,0,0,0,0
2250,616.1,False,16,Casa,5.2,7.0,62.5,3.0,5.4,842.7,31.0,88.0143,9.8576,-0.2689,0.1875,Moderado,avanzado,0,0,0,0,0,0,1
2251,310.4,True,10,Apartamento,4.8,2.0,105.3,3.0,0.5,261.5,29.0,155.2,2.9478,0.187,0.3,Moderado,avanzado,1,1,0,1,0,0,0
2252,1019.4,False,23,Comercio,10.5,8.0,245.5,10.0,0.0,858.2,31.0,127.425,4.1523,0.1878,0.4348,Moderado,avanzado,1,1,0,1,1,0,0
2253,386.3,True,10,Casa,6.6,5.0,194.6,1.0,2.0,623.1,31.0,77.26,1.9851,-0.38,0.1,Eficiente,avanzado,1,0,0,0,0,0,0
2254,493.6,False,13,Apartamento,4.5,4.0,63.8,5.0,2.6,443.2,31.0,123.4,7.7367,0.1137,0.3846,Ineficiente,avanzado,0,1,1,0,0,0,0
2255,1096.7,False,28,Oficina,10.1,11.0,207.3,9.0,1.3,1111.6,28.0,99.7,5.2904,-0.0134,0.3214,Moderado,avanzado,0,0,0,0,0,0,1
2256,500.2,True,10,Apartamento,7.7,,,,11.0,499.0,29.0,,,0.0024,,Moderado,parcial,1,0,1,0,1,0,0
2257,517.2,False,8,Oficina,4.9,3.0,105.5,3.0,10.3,622.1,29.0,172.4,4.9024,-0.1686,0.375,Ineficiente,avanzado,0,0,1,1,0,0,0
2258,764.2,True,22,Comercio,9.3,4.0,126.0,4.0,4.7,694.1,31.0,191.05,6.0651,0.101,0.1818,Ineficiente,avanzado,1,0,1,1,0,0,0
2259,301.1,False,7,Casa,4.3,1.0,127.8,0.0,,,,301.1,2.356,,0.0,Moderado,parcial,0,0,1,1,0,0,0
2260,280.4,True,7,Apartamento,5.0,,80.5,0.0,7.5,278.2,31.0,,3.4832,0.0079,0.0,Moderado,parcial,0,0,0,0,0,0,1
2261,380.9,False,7,Apartamento,6.2,3.0,86.7,1.0,8.5,272.5,29.0,126.9667,4.3933,0.3978,0.1429,Moderado,avanzado,0,0,1,0,1,0,0
2262,1000.3,False,26,Oficina,7.2,,,,,,,,,,,Moderado,basico,1,1,0,0,1,1,0
2263,327.2,False,7,Apartamento,3.4,3.0,69.6,0.0,7.4,272.2,31.0,109.0667,4.7011,0.2021,0.0,Eficiente,avanzado,0,0,1,0,1,1,0
2264,363.5,False,2,Casa,3.3,1.0,191.8,1.0,10.6,386.8,30.0,363.5,1.8952,-0.0602,0.5,Ineficiente,avanzado,0,1,1,0,0,0,0
2265,359.6,True,10,Apartamento,3.6,,,,,,,,,,,Moderado,basico,1,0,1,0,0,0,0
2266,540.6,True,17,Casa,7.3,3.0,127.8,4.0,0.0,521.0,28.0,180.2,4.23,0.0376,0.2353,Moderado,avanzado,1,1,0,1,1,0,0
2267,712.2,False,20,Comercio,4.3,9.0,151.5,3.0,,590.5,29.0,79.1333,4.701,0.2061,0.15,Eficiente,parcial,0,0,0,0,1,1,0
2268,246.7,False,8,Apartamento,1.9,,,,,,,,,,,Eficiente,basico,0,1,0,0,0,0,0
2269,638.1,True,12,Apartamento,9.0,3.0,45.3,4.0,7.9,677.9,31.0,212.7,14.0861,-0.0587,0.3333,Ineficiente,avanzado,1,0,1,1,0,1,0
2270,818.3,True,15,Comercio,5.7,6.0,,,,754.6,,136.3833,,0.0844,,Ineficiente,parcial,0,1,1,1,0,1,0
2271,339.6,True,6,Apartamento,6.5,3.0,136.7,1.0,7.0,337.2,29.0,113.2,2.4843,0.0071,0.1667,Eficiente,avanzado,1,0,1,0,0,0,0
2272,474.8,True,12,Apartamento,9.0,3.0,38.4,2.0,5.3,515.9,31.0,158.2667,12.3646,-0.0797,0.1667,Ineficiente,avanzado,0,1,1,1,0,1,0
2273,1126.8,True,20,Comercio,10.0,10.0,,,0.0,1033.9,28.0,112.68,,0.0899,,Ineficiente,parcial,0,1,0,1,0,0,0
2274,630.4,False,14,Comercio,8.4,4.0,186.2,2.0,12.1,723.9,29.0,157.6,3.3856,-0.1292,0.1429,Moderado,avanzado,0,0,1,1,0,0,0
2275,880.6,True,24,Comercio,12.9,,,,,,,,,,,Moderado,basico,1,1,1,0,0,0,0
2276,380.4,False,9,Casa,3.9,,,,,,,,,,,Eficiente,basico,0,1,0,0,0,0,1
2277,298.9,False,9,Apartamento,3.8,,,,,,,,,,,Eficiente,basico,0,0,0,0,0,0,1
2278,479.2,True,16,Casa,7.5,,,,,,,,,,,Eficiente,basico,1,0,0,0,0,0,1
2279,933.2,True,18,Comercio,9.2,,,8.0,5.9,,28.0,,,,0.4444,Ineficiente,parcial,1,1,1,0,0,0,0
2280,387.7,True,18,Apartamento,5.9,,,0.0,,418.5,28.0,,,-0.0736,0.0,Eficiente,parcial,1,0,1,0,0,0,0
2281,419.5,False,10,Apartamento,5.1,,,,,,,,,,,Ineficiente,basico,0,0,0,0,0,1,0
2282,469.3,True,17,Casa,6.1,5.0,136.0,3.0,0.0,466.6,30.0,93.86,3.4507,0.0058,0.1765,Eficiente,avanzado,1,1,0,0,0,0,0
2283,472.3,True,11,Casa,4.4,5.0,151.7,1.0,7.2,487.1,28.0,94.46,3.1134,-0.0304,0.0909,Eficiente,avanzado,1,0,0,0,0,0,1
2284,291.7,False,5,Apartamento,1.6,,,,,,,,,,,Eficiente,basico,0,0,1,0,0,0,1
2285,626.7,True,18,Casa,6.1,6.0,,3.0,,633.9,29.0,104.45,,-0.0114,0.1667,Moderado,parcial,1,0,0,0,0,1,0
2286,387.8,False,16,Casa,3.7,,,,,,,,,,,Eficiente,basico,0,0,0,1,0,0,1
2287,902.7,False,22,Oficina,6.3,,,7.0,2.2,,29.0,,,,0.3182,Ineficiente,parcial,0,1,0,0,0,1,0
2288,668.7,True,13,Comercio,8.1,,,,,,,,,,,Ineficiente,basico,1,1,1,0,1,0,0
2289,488.9,False,11,Casa,7.8,3.0,172.4,2.0,7.1,596.7,29.0,162.9667,2.8358,-0.1807,0.1818,Moderado,avanzado,0,0,0,0,0,0,1
2290,446.9,True,7,Casa,6.8,,,,,,,,,,,Moderado,basico,0,0,1,0,0,0,0
2291,1170.0,False,35,Oficina,9.7,12.0,97.7,10.0,0.0,1137.8,29.0,97.5,11.9754,0.0283,0.2857,Ineficiente,avanzado,0,1,0,0,1,1,0
2292,224.8,False,6,Apartamento,5.9,2.0,105.7,0.0,0.0,267.9,30.0,112.4,2.1268,-0.1609,0.0,Eficiente,avanzado,0,0,0,1,0,0,0
2293,254.9,True,10,Apartamento,3.7,1.0,110.2,1.0,0.0,250.3,29.0,254.9,2.3131,0.0184,0.1,Moderado,avanzado,1,0,0,1,0,0,0
2294,410.1,False,10,Casa,3.3,4.0,108.9,3.0,0.0,337.1,30.0,102.525,3.7658,0.2166,0.3,Eficiente,avanzado,0,1,0,0,0,0,1
2295,519.5,True,10,Casa,6.7,3.0,,,,,,173.1667,,,,Ineficiente,parcial,1,1,1,0,0,1,0
2296,705.7,True,24,Casa,9.5,,,,,,,,,,,Moderado,basico,1,0,0,0,1,0,0
2297,217.8,True,8,Apartamento,2.6,3.0,106.2,0.0,0.0,,,72.6,2.0508,,0.0,Eficiente,parcial,1,0,0,0,0,0,0
2298,382.1,True,5,Casa,9.7,1.0,112.6,1.0,13.7,389.4,31.0,382.1,3.3934,-0.0187,0.2,Ineficiente,avanzado,1,1,1,1,0,0,0
2299,495.0,True,16,Casa,3.2,4.0,119.1,3.0,0.0,416.1,29.0,123.75,4.1562,0.1896,0.1875,Moderado,avanzado,0,0,0,0,0,0,1
2300,492.7,True,13,Apartamento,5.8,,,,,,,,,,,Moderado,basico,1,1,0,0,0,0,0
2301,950.0,False,26,Oficina,9.6,12.0,,6.0,0.8,,30.0,79.1667,,,0.2308,Moderado,parcial,0,1,0,0,0,1,0
2302,901.7,False,16,Comercio,11.9,,134.1,6.0,7.1,930.8,,,6.7241,-0.0313,0.375,Ineficiente,parcial,0,1,0,0,1,0,0
2303,261.7,True,9,Apartamento,7.2,,81.2,,,,,,3.2229,,,Moderado,parcial,1,0,0,1,0,0,0
2304,383.5,False,10,Apartamento,4.7,,,,,,,,,,,Eficiente,basico,0,1,0,0,0,0,1
2305,290.2,True,8,Apartamento,2.6,,,,,,,,,,,Eficiente,basico,1,0,0,0,0,0,1
2306,504.0,True,10,Casa,4.6,,,,4.4,,,,,,,Eficiente,parcial,1,0,0,0,0,0,1
2307,389.6,True,6,Apartamento,6.1,4.0,92.2,1.0,3.6,360.9,30.0,97.4,4.2256,0.0795,0.1667,Moderado,avanzado,1,0,1,0,0,1,0
2308,542.0,False,14,Apartamento,8.7,4.0,,,12.0,593.8,28.0,135.5,,-0.0872,,Moderado,parcial,0,0,1,0,0,1,0
2309,189.2,False,9,Apartamento,2.1,2.0,83.1,0.0,0.0,154.6,28.0,94.6,2.2768,0.2238,0.0,Eficiente,avanzado,0,0,0,0,0,0,1
2310,708.6,False,18,Oficina,7.5,,,,,,,,,,,Ineficiente,basico,0,1,1,1,1,0,0
2311,676.0,False,14,Oficina,8.4,,,,,,,,,,,Moderado,basico,0,0,0,1,0,0,0
2312,574.1,True,8,Casa,8.3,5.0,71.7,2.0,9.9,458.9,30.0,114.82,8.007,0.251,0.25,Ineficiente,avanzado,1,1,1,1,1,1,0
2313,353.8,True,9,Casa,5.2,4.0,139.3,1.0,0.0,337.3,31.0,88.45,2.5398,0.0489,0.1111,Eficiente,avanzado,1,0,0,0,0,0,1
2314,525.3,True,12,Casa,4.6,6.0,197.2,3.0,0.0,583.1,31.0,87.55,2.6638,-0.0991,0.25,Eficiente,avanzado,1,1,0,1,0,1,0
2315,571.3,True,14,Casa,7.7,4.0,79.6,5.0,0.0,493.5,28.0,142.825,7.1771,0.1576,0.3571,Ineficiente,avanzado,1,1,0,0,1,1,0
2316,305.4,True,7,Casa,4.3,,,2.0,,,,,,,0.2857,Moderado,parcial,1,1,1,0,0,0,0
2317,319.6,False,9,Casa,3.5,2.0,118.3,2.0,0.0,303.7,28.0,159.8,2.7016,0.0524,0.2222,Eficiente,avanzado,0,0,0,1,0,0,1
2318,1100.8,True,27,Comercio,11.4,,,,,1060.1,,,,0.0384,,Ineficiente,parcial,1,1,0,0,0,0,0
2319,316.8,True,6,Apartamento,5.4,2.0,122.2,2.0,0.0,263.7,30.0,158.4,2.5925,0.2014,0.3333,Moderado,avanzado,1,1,0,0,0,0,0
2320,1118.8,False,37,Oficina,8.2,,,,,,,,,,,Moderado,basico,1,0,1,0,0,1,0
2321,499.3,True,12,Casa,8.2,,,,,,,,,,,Moderado,basico,0,0,1,0,0,0,0
2322,342.8,False,7,Casa,4.4,,,,,,,,,,,Eficiente,basico,0,0,0,0,0,0,1
2323,312.6,False,10,Casa,4.7,6.0,107.8,1.0,0.8,234.4,28.0,52.1,2.8998,0.3336,0.1,Eficiente,avanzado,0,0,0,1,0,0,1
2324,443.9,False,11,Casa,6.2,3.0,168.1,1.0,9.2,431.2,30.0,147.9667,2.6407,0.0295,0.0909,Eficiente,avanzado,0,0,1,0,1,0,0
2325,269.8,True,2,Casa,2.0,1.0,,,,,28.0,269.8,,,,Ineficiente,parcial,1,1,0,1,0,1,0
2326,1157.4,True,29,Oficina,13.0,10.0,167.0,10.0,0.0,937.6,28.0,115.74,6.9305,0.2344,0.3448,Ineficiente,avanzado,1,1,0,0,1,1,0
2327,440.0,True,13,Casa,5.6,,,,,,,,,,,Ineficiente,basico,1,0,1,0,0,0,0
2328,382.0,True,9,Casa,5.3,1.0,154.1,1.0,8.7,312.5,30.0,382.0,2.4789,0.2224,0.1111,Ineficiente,avanzado,1,0,1,0,1,0,0
2329,362.6,True,10,Apartamento,8.5,2.0,83.2,2.0,0.3,272.0,29.0,181.3,4.3582,0.3331,0.2,Ineficiente,avanzado,1,0,0,1,1,1,0
2330,530.4,True,17,Apartamento,9.0,3.0,71.9,3.0,8.4,497.5,30.0,176.8,7.3769,0.0661,0.1765,Ineficiente,avanzado,1,1,1,1,1,1,0
2331,286.3,True,4,Apartamento,4.3,1.0,48.4,0.0,6.6,384.3,30.0,286.3,5.9153,-0.255,0.0,Ineficiente,avanzado,1,1,0,1,0,0,0
2332,147.4,False,4,Casa,1.8,,,,,,,,,,,Eficiente,basico,0,1,0,0,0,0,1
2333,851.1,False,21,Comercio,8.9,,,,,,,,,,,Moderado,basico,0,1,0,0,0,0,0
2334,758.8,True,19,Casa,7.8,,,,,,,,,,,Ineficiente,basico,0,1,1,0,0,0,0
2335,356.4,True,13,Apartamento,1.8,2.0,65.7,3.0,0.0,341.6,29.0,178.2,5.4247,0.0433,0.2308,Moderado,avanzado,1,1,0,0,0,0,0
2336,344.0,False,12,Apartamento,1.7,,,,,,,,,,,Eficiente,basico,0,1,1,0,0,1,0
2337,748.6,False,14,Comercio,6.7,2.0,271.0,7.0,2.1,636.5,29.0,374.3,2.7624,0.1761,0.5,Ineficiente,avanzado,0,1,0,1,0,1,0
2338,395.2,True,8,Casa,6.7,5.0,174.5,1.0,4.9,370.2,28.0,79.04,2.2648,0.0675,0.125,Eficiente,avanzado,1,0,0,0,0,0,1
2339,273.8,True,3,Apartamento,5.9,1.0,83.5,0.0,7.6,259.9,28.0,273.8,3.279,0.0535,0.0,Moderado,avanzado,0,0,0,0,0,0,1
2340,638.9,False,20,Casa,7.8,6.0,124.8,3.0,4.2,654.6,28.0,106.4833,5.1194,-0.024,0.15,Eficiente,avanzado,0,0,1,0,1,0,0
2341,389.5,False,10,Casa,3.8,,,,,,,,,,,Eficiente,basico,0,0,1,0,0,0,1
2342,528.3,False,16,Casa,7.3,8.0,79.3,3.0,8.6,487.6,29.0,66.0375,6.662,0.0835,0.1875,Moderado,avanzado,0,1,1,0,0,1,0
2343,327.2,False,7,Apartamento,5.3,4.0,74.3,0.0,8.0,404.6,31.0,81.8,4.4038,-0.1913,0.0,Eficiente,avanzado,0,0,1,0,0,1,0
2344,452.9,True,12,Casa,7.3,4.0,182.0,2.0,3.1,559.7,30.0,113.225,2.4885,-0.1908,0.1667,Eficiente,avanzado,1,0,0,0,0,0,1
2345,532.1,True,12,Apartamento,6.0,3.0,79.0,3.0,5.1,516.9,31.0,177.3667,6.7354,0.0294,0.25,Ineficiente,avanzado,1,1,0,0,0,1,0
2346,342.0,True,7,Casa,5.2,2.0,108.7,1.0,0.0,315.8,31.0,171.0,3.1463,0.083,0.1429,Moderado,avanzado,0,0,0,0,0,0,1
2347,930.1,True,24,Comercio,11.3,7.0,120.5,5.0,11.2,873.8,29.0,132.8714,7.7187,0.0644,0.2083,Ineficiente,avanzado,1,0,1,0,0,1,0
2348,1097.1,False,34,Comercio,10.5,12.0,163.0,8.0,5.0,1175.6,29.0,91.425,6.7307,-0.0668,0.2353,Moderado,avanzado,0,1,1,1,1,1,0
2349,449.0,False,12,Casa,4.1,3.0,83.1,2.0,8.9,349.4,31.0,149.6667,5.4031,0.2851,0.1667,Moderado,avanzado,0,0,0,0,1,0,0
2350,333.1,True,12,Casa,4.6,4.0,96.8,1.0,0.0,285.8,28.0,83.275,3.4411,0.1655,0.0833,Eficiente,avanzado,1,1,0,0,0,1,0
2351,442.2,True,10,Casa,4.0,4.0,,2.0,0.0,427.4,28.0,110.55,,0.0346,0.2,Eficiente,parcial,0,0,0,0,0,0,1
2352,803.2,True,20,Comercio,7.5,5.0,100.8,6.0,4.0,847.1,31.0,160.64,7.9683,-0.0518,0.3,Ineficiente,avanzado,1,1,1,1,0,0,0
2353,340.2,True,6,Casa,4.2,,,,,,,,,,,Ineficiente,basico,1,1,0,1,0,0,0
2354,351.0,False,9,Apartamento,3.5,,,,,,,,,,,Ineficiente,basico,0,1,0,1,1,0,0
2355,542.0,True,10,Apartamento,10.4,3.0,67.4,1.0,8.7,569.6,31.0,180.6667,8.0415,-0.0485,0.1,Ineficiente,avanzado,1,1,1,0,0,0,0
2356,478.7,False,9,Comercio,5.4,5.0,170.5,3.0,0.0,383.1,31.0,95.74,2.8076,0.2495,0.3333,Eficiente,avanzado,0,0,0,0,0,0,1
2357,349.3,True,8,Apartamento,4.8,3.0,98.7,2.0,5.1,302.2,29.0,116.4333,3.539,0.1559,0.25,Moderado,avanzado,0,0,1,0,0,1,0
2358,345.0,True,7,Apartamento,7.4,,,,,,,,,,,Ineficiente,basico,0,0,0,0,0,0,1
2359,533.3,False,16,Oficina,5.4,6.0,181.2,2.0,0.0,585.2,29.0,88.8833,2.9432,-0.0887,0.125,Eficiente,avanzado,0,0,1,0,0,0,1
2360,277.9,False,3,Casa,1.2,,,,,,,,,,,Eficiente,basico,0,0,1,0,0,0,1
2361,742.2,True,17,Comercio,8.6,,,,,,,,,,,Moderado,basico,1,1,0,1,0,0,0
2362,527.6,True,17,Casa,6.7,5.0,215.7,2.0,0.0,536.4,29.0,105.52,2.446,-0.0164,0.1176,Eficiente,avanzado,1,0,0,0,0,0,1
2363,515.5,False,14,Apartamento,4.6,,,,,,,,,,,Moderado,basico,0,0,0,1,0,1,0
2364,1169.0,True,24,Oficina,9.6,,,,,,,,,,,Ineficiente,basico,1,1,1,1,1,0,0
2365,374.1,True,14,Apartamento,2.4,3.0,105.1,2.0,1.2,396.8,,124.7,3.5595,-0.0572,0.1429,Eficiente,parcial,1,0,0,0,0,0,0
2366,454.2,True,11,Apartamento,6.5,,,,,,,,,,,Moderado,basico,1,0,1,0,0,0,0
2367,482.7,False,10,Casa,6.1,,,,,,,,,,,Moderado,basico,0,0,1,0,1,0,0
2368,333.8,False,9,Casa,2.8,3.0,119.5,0.0,5.6,358.4,28.0,111.2667,2.7933,-0.0686,0.0,Eficiente,avanzado,0,0,0,0,0,1,0
2369,468.5,True,15,Casa,7.7,7.0,106.0,2.0,0.0,524.0,29.0,66.9286,4.4198,-0.1059,0.1333,Eficiente,avanzado,1,0,0,0,0,0,0
2370,316.9,True,11,Apartamento,5.9,,79.6,0.0,,,,,3.9812,,0.0,Eficiente,parcial,1,0,1,0,0,0,0
2371,237.9,False,11,Apartamento,1.6,3.0,99.4,1.0,0.9,239.4,31.0,79.3,2.3934,-0.0063,0.0909,Eficiente,avanzado,0,0,0,0,1,1,0
2372,693.5,False,18,Casa,6.8,,,,,,,,,,,Moderado,basico,1,1,0,0,0,0,0
2373,411.2,True,9,Casa,6.4,1.0,174.0,2.0,0.0,398.2,31.0,411.2,2.3632,0.0326,0.2222,Ineficiente,avanzado,1,1,0,1,1,0,0
2374,577.8,True,16,Casa,2.7,7.0,193.8,3.0,0.0,578.1,30.0,82.5429,2.9814,-0.0005,0.1875,Eficiente,avanzado,0,0,0,0,1,1,0
2375,586.2,False,16,Casa,8.0,,,,,,,,,,,Moderado,basico,0,0,0,1,1,1,0
2376,534.6,True,13,Casa,7.9,,,,,,,,,,,Moderado,basico,1,0,1,0,0,0,0
2377,845.0,True,27,Comercio,10.4,,,,,,,,,,,Moderado,basico,1,0,0,1,0,0,0
2378,284.8,False,12,Apartamento,4.3,3.0,25.0,3.0,,418.0,30.0,94.9333,11.392,-0.3187,0.25,Moderado,parcial,0,0,0,0,0,0,1
2379,436.1,True,11,Casa,5.3,6.0,,1.0,0.0,377.3,31.0,72.6833,,0.1558,0.0909,Eficiente,parcial,1,0,0,1,1,0,0
2380,206.2,True,6,Apartamento,2.0,2.0,97.1,0.0,0.0,162.9,28.0,103.1,2.1236,0.2658,0.0,Eficiente,avanzado,1,0,0,0,1,0,0
2381,792.0,False,15,Comercio,5.8,5.0,180.0,7.0,3.8,768.2,30.0,158.4,4.4,0.031,0.4667,Ineficiente,avanzado,0,1,1,0,0,0,0
2382,413.4,True,6,Casa,7.4,4.0,173.2,2.0,2.6,411.8,31.0,103.35,2.3868,0.0039,0.3333,Moderado,avanzado,1,1,0,0,0,0,0
2383,351.7,True,10,Casa,4.1,3.0,112.0,2.0,0.0,331.6,31.0,117.2333,3.1402,0.0606,0.2,Eficiente,avanzado,0,0,0,0,1,0,1
2384,377.1,True,7,Casa,3.1,,,,,,,,,,,Eficiente,basico,0,0,0,0,0,0,1
2385,282.6,False,3,Casa,4.7,1.0,196.8,0.0,8.0,252.4,30.0,282.6,1.436,0.1197,0.0,Moderado,avanzado,0,0,0,1,0,0,0
2386,477.8,False,9,Comercio,1.2,3.0,206.3,3.0,2.9,544.5,31.0,159.2667,2.316,-0.1225,0.3333,Eficiente,avanzado,0,0,0,0,0,0,1
2387,812.2,False,21,Oficina,6.2,,,,,,,,,,,Eficiente,basico,0,1,0,0,0,0,1
2388,445.1,False,13,Casa,4.6,,,,,,,,,,,Eficiente,basico,0,0,0,1,0,1,0
2389,628.3,False,12,Comercio,5.8,,,,,600.4,30.0,,,0.0465,,Ineficiente,parcial,0,0,1,1,1,0,0
2390,481.4,True,11,Casa,7.0,,,,,,,,,,,Ineficiente,basico,1,0,0,0,1,0,0
2391,497.7,False,16,Apartamento,5.0,,,,,,,,,,,Eficiente,basico,0,0,0,0,0,0,1
2392,855.5,True,19,Comercio,10.5,,,,,,,,,,,Ineficiente,basico,1,0,0,0,0,1,0
2393,342.1,True,10,Casa,3.0,,,,3.6,,,,,,,Eficiente,parcial,1,0,0,0,0,0,1
2394,462.7,True,9,Casa,2.4,3.0,208.7,1.0,,,28.0,154.2333,2.2171,,0.1111,Moderado,parcial,0,0,1,0,0,0,0
2395,511.9,False,12,Apartamento,6.4,4.0,64.9,4.0,9.4,437.5,29.0,127.975,7.8875,0.1701,0.3333,Ineficiente,avanzado,0,1,1,0,1,1,0
2396,544.1,False,16,Oficina,5.9,,,,,,,,,,,Moderado,basico,0,0,1,1,1,1,0
2397,352.3,False,9,Casa,3.0,6.0,74.3,2.0,0.0,411.6,31.0,58.7167,4.7416,-0.1441,0.2222,Eficiente,avanzado,0,0,0,0,0,0,1
2398,771.2,True,24,Casa,8.9,,,,,,,,,,,Moderado,basico,1,1,0,0,0,0,0
2399,332.4,False,11,Casa,2.3,3.0,103.1,,6.9,401.6,28.0,110.8,3.2241,-0.1723,,Eficiente,parcial,0,0,1,0,0,0,1
2400,242.9,True,6,Apartamento,6.3,1.0,29.0,1.0,0.0,235.6,29.0,242.9,8.3759,0.031,0.1667,Ineficiente,avanzado,1,1,0,1,0,0,0
2401,399.4,True,8,Apartamento,7.1,3.0,44.3,1.0,8.2,373.9,28.0,133.1333,9.0158,0.0682,0.125,Ineficiente,avanzado,1,0,1,0,1,0,0
2402,911.8,False,21,Comercio,7.6,,,,,,,,,,,Ineficiente,basico,0,1,0,0,1,1,0
2403,768.9,False,20,Comercio,7.7,,,,,,,,,,,Eficiente,basico,0,0,0,1,0,1,0
2404,1104.3,True,23,Oficina,10.0,13.0,123.6,8.0,6.5,1153.2,29.0,84.9462,8.9345,-0.0424,0.3478,Ineficiente,avanzado,0,0,1,0,0,0,0
2405,812.4,False,24,Comercio,7.5,5.0,,3.0,,693.1,,162.48,,0.1721,0.125,Moderado,parcial,0,0,1,0,1,0,0
2406,524.3,True,14,Casa,4.6,3.0,173.4,2.0,9.8,457.2,28.0,174.7667,3.0236,0.1468,0.1429,Moderado,avanzado,1,0,1,0,1,0,0
2407,318.6,True,9,Apartamento,0.8,,,,,,,,,,,Eficiente,basico,1,0,0,0,0,0,1
2408,668.4,False,13,Casa,6.1,9.0,,,6.2,724.7,,74.2667,,-0.0777,,Moderado,parcial,0,1,1,1,0,0,0
2409,454.5,True,7,Casa,3.6,5.0,109.8,,8.9,478.6,30.0,90.9,4.1393,-0.0504,,Moderado,parcial,1,0,1,1,0,0,0
2410,1009.8,True,21,Oficina,9.6,,,6.0,0.0,,,,,,0.2857,Moderado,parcial,1,1,0,0,0,0,0
2411,362.5,True,12,Apartamento,4.6,,,,,,,,,,,Eficiente,basico,1,0,0,0,0,1,0
2412,717.2,False,19,Oficina,5.5,7.0,86.8,5.0,0.6,801.0,28.0,102.4571,8.2627,-0.1046,0.2632,Moderado,avanzado,0,1,0,0,0,1,0
2413,434.8,False,13,Casa,3.5,3.0,137.2,3.0,1.0,470.3,28.0,144.9333,3.1691,-0.0755,0.2308,Eficiente,avanzado,0,1,0,0,0,0,1
2414,87.9,False,7,Apartamento,0.0,,,,,,,,,,,Eficiente,basico,0,0,0,1,0,0,1
2415,396.6,False,8,Apartamento,6.0,1.0,90.3,4.0,,397.1,,396.6,4.392,-0.0013,0.5,Ineficiente,parcial,0,0,1,0,1,0,0
2416,599.7,True,13,Casa,7.8,6.0,177.3,3.0,4.4,510.3,29.0,99.95,3.3824,0.1752,0.2308,Moderado,avanzado,1,0,1,1,0,1,0
2417,262.9,False,8,Casa,1.9,3.0,173.6,1.0,4.9,246.8,30.0,87.6333,1.5144,0.0652,0.125,Eficiente,avanzado,0,0,0,0,0,0,1
2418,178.8,True,5,Apartamento,4.7,,79.0,,0.0,171.5,,,2.2633,0.0426,,Moderado,parcial,1,0,0,0,0,0,0
2419,679.4,True,16,Casa,6.9,5.0,109.9,5.0,9.1,546.0,31.0,135.88,6.182,0.2443,0.3125,Ineficiente,avanzado,0,1,1,0,0,0,0
2420,1070.6,True,29,Oficina,10.0,10.0,103.3,7.0,11.4,1026.3,29.0,107.06,10.364,0.0432,0.2414,Ineficiente,avanzado,1,1,1,0,0,0,0
2421,740.2,True,21,Casa,11.9,,,,,,,,,,,Ineficiente,basico,1,0,1,0,0,1,0
2422,619.6,True,13,Casa,3.7,6.0,185.0,3.0,3.9,730.8,31.0,103.2667,3.3492,-0.1522,0.2308,Eficiente,avanzado,1,1,1,1,0,0,0
2423,597.2,True,17,Comercio,4.2,5.0,144.5,2.0,5.0,695.1,29.0,119.44,4.1329,-0.1408,0.1176,Eficiente,avanzado,1,0,0,0,0,0,0
2424,417.7,True,9,Casa,3.9,7.0,63.4,1.0,3.9,478.4,28.0,59.6714,6.5883,-0.1269,0.1111,Eficiente,avanzado,0,0,0,1,0,0,1
2425,711.2,False,19,Oficina,7.5,6.0,,4.0,,,28.0,118.5333,,,0.2105,Eficiente,parcial,0,0,0,0,0,0,1
2426,271.3,False,5,Apartamento,1.7,,,,,,,,,,,Eficiente,basico,0,0,0,0,1,0,1
2427,363.5,True,7,Casa,6.3,,,,,,,,,,,Moderado,basico,0,0,0,0,1,0,0
2428,596.3,True,14,Apartamento,9.5,4.0,71.7,4.0,4.3,587.8,31.0,149.075,8.3166,0.0145,0.2857,Ineficiente,avanzado,1,0,0,0,0,1,0
2429,395.3,True,11,Apartamento,5.3,,,,,,,,,,,Moderado,basico,1,1,1,0,1,0,0
2430,771.5,True,23,Comercio,7.2,6.0,192.6,4.0,0.0,598.6,29.0,128.5833,4.0057,0.2888,0.1739,Moderado,avanzado,1,0,0,0,0,0,0
2431,1066.5,True,25,Comercio,12.1,,,,,,,,,,,Ineficiente,basico,1,1,1,0,0,0,0
2432,254.8,True,7,Apartamento,6.8,1.0,71.3,1.0,3.7,248.4,28.0,254.8,3.5736,0.0258,0.1429,Ineficiente,avanzado,1,1,0,0,0,0,0
2433,328.3,True,11,Apartamento,3.3,2.0,,,2.6,387.5,,164.15,,-0.1528,,Eficiente,parcial,1,0,0,0,0,0,1
2434,276.9,True,7,Casa,5.8,,,,,,,,,,,Moderado,basico,0,1,0,1,0,0,0
2435,337.9,True,5,Apartamento,3.5,,,,,,,,,,,Moderado,basico,0,0,0,0,0,0,1
2436,774.6,False,22,Oficina,7.4,4.0,91.7,7.0,0.0,763.8,31.0,193.65,8.4471,0.0141,0.3182,Ineficiente,avanzado,0,1,0,1,0,1,0
2437,634.6,False,18,Apartamento,9.1,7.0,48.0,3.0,9.3,547.8,31.0,90.6571,13.2208,0.1585,0.1667,Ineficiente,avanzado,0,1,1,1,0,1,0
2438,247.7,True,6,Apartamento,2.6,,,,,,,,,,,Eficiente,basico,1,0,1,0,1,0,0
2439,322.4,True,12,Apartamento,8.5,2.0,25.5,0.0,9.2,343.4,31.0,161.2,12.6431,-0.0612,0.0,Ineficiente,avanzado,0,0,1,0,0,1,0
2440,840.9,True,21,Comercio,7.5,4.0,159.4,9.0,0.0,922.4,28.0,210.225,5.2754,-0.0884,0.4286,Ineficiente,avanzado,1,1,1,1,1,0,0
2441,946.9,False,20,Oficina,8.9,6.0,152.0,7.0,7.4,855.4,28.0,157.8167,6.2296,0.107,0.35,Ineficiente,avanzado,1,1,1,0,0,0,0
2442,455.9,False,10,Casa,1.5,6.0,114.4,3.0,0.0,421.1,31.0,75.9833,3.9851,0.0826,0.3,Eficiente,avanzado,0,1,0,0,0,1,0
2443,551.6,True,11,Casa,6.6,,,1.0,11.1,437.7,31.0,,,0.2602,0.0909,Moderado,parcial,1,0,1,0,1,0,0
2444,271.9,False,7,Apartamento,4.1,4.0,88.1,,0.0,,30.0,67.975,3.0863,,,Eficiente,parcial,0,0,0,0,0,0,1
2445,305.3,False,10,Apartamento,1.0,,,,,,,,,,,Eficiente,basico,0,0,0,0,0,0,1
2446,406.8,True,11,Apartamento,4.0,3.0,99.2,1.0,8.6,364.5,28.0,135.6,4.1008,0.116,0.0909,Moderado,avanzado,0,0,1,0,0,0,0
2447,457.2,True,6,Casa,7.4,5.0,159.5,0.0,9.7,349.4,29.0,91.44,2.8665,0.3085,0.0,Eficiente,avanzado,0,0,1,0,0,0,1
2448,436.7,True,10,Casa,4.5,1.0,127.4,3.0,0.0,339.0,30.0,436.7,3.4278,0.2882,0.3,Ineficiente,avanzado,0,1,0,1,0,1,0
2449,132.8,True,10,Apartamento,3.8,1.0,58.2,0.0,0.0,149.8,31.0,132.8,2.2818,-0.1135,0.0,Eficiente,avanzado,1,0,0,0,0,0,1
2450,432.7,True,12,Apartamento,7.5,6.0,75.8,0.0,7.3,407.6,30.0,72.1167,5.7084,0.0616,0.0,Eficiente,avanzado,1,0,1,0,0,0,0
2451,459.6,True,15,Apartamento,7.8,5.0,128.7,4.0,0.0,364.9,31.0,91.92,3.5711,0.2595,0.2667,Moderado,avanzado,1,1,0,0,0,0,0
2452,241.4,False,10,Apartamento,1.1,3.0,59.8,1.0,0.0,212.0,28.0,80.4667,4.0368,0.1387,0.1,Eficiente,avanzado,0,1,0,1,0,0,0
2453,254.5,False,3,Apartamento,3.4,,,,,,,,,,,Moderado,basico,0,1,0,0,0,0,0
2454,670.3,True,16,Comercio,7.3,4.0,56.2,5.0,0.0,559.8,29.0,167.575,11.927,0.1974,0.3125,Ineficiente,avanzado,1,1,1,1,0,1,0
2455,407.5,True,9,Apartamento,6.8,3.0,57.3,2.0,9.8,419.8,29.0,135.8333,7.1117,-0.0293,0.2222,Ineficiente,avanzado,1,0,1,1,0,0,0
2456,242.0,False,8,Apartamento,2.5,,,,,,,,,,,Eficiente,basico,0,0,0,1,0,0,0
2457,305.8,True,4,Apartamento,5.7,1.0,100.8,0.0,8.1,262.5,30.0,305.8,3.0337,0.165,0.0,Ineficiente,avanzado,0,0,1,1,0,0,0
2458,421.6,False,9,Casa,2.9,,137.3,3.0,0.0,,,,3.0706,,0.3333,Eficiente,parcial,0,1,1,0,0,0,0
2459,569.2,True,15,Casa,7.4,4.0,190.0,4.0,2.4,546.0,31.0,142.3,2.9958,0.0425,0.2667,Moderado,avanzado,1,0,0,0,0,0,0
2460,57.5,False,5,Apartamento,2.0,1.0,70.0,0.0,0.0,53.2,30.0,57.5,0.8214,0.0808,0.0,Eficiente,avanzado,0,0,0,1,0,0,1
2461,698.4,True,19,Comercio,8.0,,,,,,,,,,,Eficiente,basico,1,1,0,0,0,0,0
2462,201.7,False,7,Apartamento,0.0,3.0,70.1,0.0,0.0,191.7,31.0,67.2333,2.8773,0.0522,0.0,Eficiente,avanzado,0,0,0,0,0,0,1
2463,474.4,False,10,Casa,5.7,2.0,220.1,3.0,6.2,379.3,30.0,237.2,2.1554,0.2507,0.3,Ineficiente,avanzado,0,1,1,1,1,1,0
2464,179.7,False,5,Apartamento,5.7,,,,,,,,,,,Moderado,basico,0,0,0,1,0,0,0
2465,627.9,True,20,Casa,10.0,7.0,113.7,3.0,4.2,692.4,30.0,89.7,5.5224,-0.0932,0.15,Moderado,avanzado,1,0,0,1,0,0,0
2466,314.4,True,6,Apartamento,3.8,1.0,54.5,2.0,2.3,,31.0,314.4,5.7688,,0.3333,Ineficiente,parcial,0,1,0,1,1,0,0
2467,864.1,False,21,Comercio,8.4,,,,,,,,,,,Moderado,basico,1,0,1,0,0,0,0
2468,559.1,False,16,Apartamento,6.2,4.0,50.6,3.0,,462.4,30.0,139.775,11.0494,0.2091,0.1875,Ineficiente,parcial,0,1,1,0,1,1,0
2469,262.2,True,9,Apartamento,3.6,,,,,,,,,,,Eficiente,basico,0,0,0,0,0,0,1
2470,600.9,True,13,Casa,9.2,3.0,138.4,3.0,13.2,511.4,31.0,200.3,4.3418,0.175,0.2308,Ineficiente,avanzado,0,0,1,0,1,1,0
2471,498.4,True,17,Apartamento,6.4,,,,,,,,,,,Eficiente,basico,1,0,1,0,0,0,0
2472,925.1,True,16,Comercio,7.4,5.0,193.7,7.0,12.5,818.0,29.0,185.02,4.7759,0.1309,0.4375,Ineficiente,avanzado,1,1,1,0,0,1,0
2473,363.4,True,9,Apartamento,6.1,,,,,,,,,,,Eficiente,basico,1,0,0,0,0,0,0
2474,567.4,True,22,Apartamento,7.8,,,,,,,,,,,Moderado,basico,1,1,0,0,0,0,0
2475,370.8,False,4,Casa,5.4,3.0,138.6,0.0,9.3,357.1,30.0,123.6,2.6753,0.0384,0.0,Eficiente,avanzado,0,1,1,0,1,0,0
2476,600.2,True,19,Casa,9.1,4.0,156.8,,3.7,525.7,30.0,150.05,3.8278,0.1417,,Moderado,parcial,1,1,0,0,0,0,0
2477,421.0,True,11,Casa,8.1,,,,,,,,,,,Ineficiente,basico,0,1,0,1,0,0,0
2478,394.1,True,11,Casa,6.3,4.0,93.3,1.0,3.0,405.9,31.0,98.525,4.224,-0.0291,0.0909,Eficiente,avanzado,1,0,0,0,0,0,1
2479,655.5,True,14,Casa,5.9,7.0,,,,594.5,,93.6429,,0.1026,,Moderado,parcial,1,0,0,0,0,0,0
2480,847.5,True,26,Oficina,8.0,6.0,144.9,6.0,3.0,651.1,30.0,141.25,5.8489,0.3016,0.2308,Ineficiente,avanzado,0,1,0,1,0,0,0
2481,348.8,True,8,Apartamento,4.7,2.0,29.8,1.0,5.0,,28.0,174.4,11.7047,,0.125,Ineficiente,parcial,0,0,0,1,0,0,0
2482,299.9,False,11,Casa,2.0,2.0,115.0,1.0,0.0,410.6,30.0,149.95,2.6078,-0.2696,0.0909,Eficiente,avanzado,0,0,0,0,0,0,1
2483,183.0,False,4,Casa,0.0,1.0,199.3,,,,,183.0,0.9182,,,Eficiente,parcial,0,0,1,0,0,0,1
2484,448.6,True,12,Casa,4.6,4.0,128.3,4.0,1.1,504.6,28.0,112.15,3.4965,-0.111,0.3333,Moderado,avanzado,1,1,0,0,0,1,0
2485,961.7,False,20,Comercio,10.0,8.0,132.1,6.0,5.7,896.5,28.0,120.2125,7.2801,0.0727,0.3,Ineficiente,avanzado,0,0,0,0,0,0,1
2486,355.6,True,9,Casa,3.0,4.0,72.2,2.0,0.0,443.4,31.0,88.9,4.9252,-0.198,0.2222,Eficiente,avanzado,1,0,0,0,0,0,1
2487,624.4,True,12,Comercio,6.6,5.0,129.8,,0.0,,,124.88,4.8105,,,Moderado,parcial,1,1,0,0,0,0,0
2488,966.3,False,28,Comercio,9.0,5.0,92.8,6.0,10.1,1015.0,31.0,193.26,10.4127,-0.048,0.2143,Ineficiente,avanzado,0,1,1,0,1,0,0
2489,582.9,True,10,Casa,7.1,4.0,153.0,4.0,5.7,477.9,28.0,145.725,3.8098,0.2197,0.4,Ineficiente,avanzado,1,0,0,1,0,1,0
2490,336.0,True,12,Apartamento,4.4,,,,,,,,,,,Eficiente,basico,0,0,0,0,1,0,1
2491,1209.6,True,27,Oficina,11.4,,,,,,,,,,,Ineficiente,basico,1,1,1,0,1,0,0
2492,578.2,True,9,Casa,6.6,,,,2.9,549.9,,,,0.0515,,Moderado,parcial,1,0,0,0,0,0,0
2493,769.0,True,23,Casa,7.3,,199.1,2.0,4.1,988.3,29.0,,3.8624,-0.2219,0.087,Eficiente,parcial,1,0,0,0,1,0,0
2494,921.0,True,24,Oficina,6.6,,,,,,,,,,,Moderado,basico,1,0,0,0,0,0,0
2495,1051.4,True,30,Oficina,11.5,,,,5.9,,30.0,,,,,Ineficiente,parcial,1,0,1,0,1,1,0
2496,305.9,False,8,Apartamento,5.8,,,,,,,,,,,Eficiente,basico,0,1,0,0,0,0,1
2497,83.5,False,3,Apartamento,0.7,,,0.0,,,31.0,,,,0.0,Eficiente,parcial,0,0,1,0,0,0,1
2498,375.0,True,3,Casa,5.2,1.0,155.2,1.0,8.8,335.2,28.0,375.0,2.4162,0.1187,0.3333,Ineficiente,avanzado,1,0,0,1,0,1,0
2499,652.2,True,9,Comercio,8.4,4.0,222.7,5.0,5.1,520.3,31.0,163.05,2.9286,0.2535,0.5556,Ineficiente,avanzado,0,1,0,0,0,0,0
2500,385.1,True,11,Apartamento,6.6,2.0,,2.0,,350.1,29.0,192.55,,0.1,0.1818,Moderado,parcial,0,1,1,1,0,0,0
2501,428.9,False,20,Casa,2.2,6.0,237.1,0.0,0.4,556.4,30.0,71.4833,1.8089,-0.2292,0.0,Eficiente,avanzado,0,1,0,0,0,0,1
2502,368.5,True,8,Apartamento,3.4,,,,,,,,,,,Ineficiente,basico,1,1,1,1,0,0,0
2503,917.6,False,25,Oficina,6.2,,,,,,,,,,,Moderado,basico,0,1,1,0,0,0,0
2504,773.4,False,18,Comercio,7.4,4.0,132.7,5.0,7.4,843.9,28.0,193.35,5.8282,-0.0835,0.2778,Ineficiente,avanzado,0,1,1,1,0,0,0
2505,312.8,False,6,Casa,1.5,3.0,219.4,,,,,104.2667,1.4257,,,Eficiente,parcial,0,1,1,0,0,0,0
2506,360.9,True,6,Casa,3.1,3.0,142.4,2.0,0.0,325.5,31.0,120.3,2.5344,0.1088,0.3333,Moderado,avanzado,1,1,1,0,0,1,0
2507,1229.6,True,38,Oficina,13.8,,,,,,,,,,,Ineficiente,basico,1,1,0,1,0,1,0
2508,691.0,False,26,Oficina,7.5,,,,,,,,,,,Eficiente,basico,0,0,0,0,0,0,1
2509,251.6,True,6,Apartamento,1.1,1.0,84.4,1.0,0.0,223.1,30.0,251.6,2.981,0.1277,0.1667,Moderado,avanzado,0,0,0,0,1,0,0
2510,423.0,True,11,Apartamento,5.2,,,,,,,,,,,Eficiente,basico,1,0,0,0,1,0,0
2511,427.8,True,14,Apartamento,6.4,,60.6,,,,,,7.0594,,,Ineficiente,parcial,1,1,0,1,1,1,0
2512,383.8,False,7,Casa,7.2,,,,,,,,,,,Eficiente,basico,0,0,0,0,0,0,1
2513,553.2,True,20,Casa,6.2,5.0,123.6,0.0,0.0,569.9,31.0,110.64,4.4757,-0.0293,0.0,Eficiente,avanzado,1,0,0,1,0,0,0
2514,633.2,True,22,Casa,8.6,6.0,106.8,,0.0,476.3,31.0,105.5333,5.9288,0.3294,,Moderado,parcial,1,0,0,0,1,0,0
2515,694.5,True,21,Casa,12.2,5.0,149.4,4.0,6.0,525.9,29.0,138.9,4.6486,0.3206,0.1905,Ineficiente,avanzado,1,1,0,1,1,0,0
2516,1130.9,False,29,Comercio,12.4,10.0,174.5,9.0,3.6,1114.7,28.0,113.09,6.4808,0.0145,0.3103,Moderado,avanzado,0,1,0,0,0,0,0
2517,516.6,True,17,Casa,4.0,7.0,,,0.0,586.7,,73.8,,-0.1195,,Eficiente,parcial,1,0,0,1,0,0,0
2518,412.3,True,14,Casa,6.2,,136.1,,3.7,,30.0,,3.0294,,,Moderado,parcial,1,1,0,0,0,0,0
2519,610.9,True,12,Apartamento,12.6,,,,,,,,,,,Ineficiente,basico,0,0,0,0,1,0,0
2520,379.5,False,11,Casa,2.6,,,,,,,,,,,Eficiente,basico,0,0,0,0,0,0,1
2521,471.5,True,6,Casa,5.3,,,,6.5,,,,,,,Moderado,parcial,1,0,0,0,1,0,0
2522,515.3,False,12,Apartamento,8.2,,,,,,,,,,,Ineficiente,basico,0,1,1,0,0,0,0
2523,491.8,True,13,Casa,8.2,,,,,,,,,,,Moderado,basico,1,0,1,0,0,1,0
2524,185.6,True,2,Apartamento,2.5,,,,,,,,,,,Moderado,basico,1,1,0,0,0,0,0
2525,817.4,True,22,Oficina,9.9,,,,,,,,,,,Moderado,basico,1,0,0,0,0,0,0
2526,496.1,False,8,Casa,3.1,5.0,166.9,2.0,9.7,492.9,30.0,99.22,2.9724,0.0065,0.25,Eficiente,avanzado,0,0,1,0,0,0,1
2527,892.8,False,22,Oficina,7.7,7.0,42.3,9.0,0.0,899.7,28.0,127.5429,21.1064,-0.0077,0.4091,Ineficiente,avanzado,0,1,1,1,0,1,0
2528,664.9,True,14,Oficina,8.0,6.0,117.5,6.0,0.0,765.1,30.0,110.8167,5.6587,-0.131,0.4286,Ineficiente,avanzado,1,1,0,1,0,0,0
2529,660.8,True,15,Comercio,5.2,,,,,,,,,,,Moderado,basico,1,1,0,0,0,0,0
2530,285.1,True,2,Apartamento,6.1,1.0,124.1,1.0,2.7,329.3,28.0,285.1,2.2973,-0.1342,0.5,Ineficiente,avanzado,1,1,0,1,0,1,0
2531,393.3,False,9,Apartamento,6.0,,,,,,31.0,,,,,Eficiente,parcial,1,0,1,1,0,0,0
2532,286.7,False,7,Apartamento,6.6,,,,,,,,,,,Ineficiente,basico,0,0,0,0,0,1,0
2533,336.7,True,3,Apartamento,8.0,,70.4,0.0,,,,,4.7827,,0.0,Ineficiente,parcial,1,0,1,1,1,1,0
2534,449.7,False,11,Casa,5.1,4.0,132.5,2.0,3.8,396.2,28.0,112.425,3.394,0.135,0.1818,Eficiente,avanzado,0,0,0,1,0,0,1
2535,704.9,False,24,Oficina,4.4,9.0,198.3,4.0,0.0,591.8,30.0,78.3222,3.5547,0.1911,0.1667,Eficiente,avanzado,0,1,0,0,0,0,1
2536,336.4,True,11,Apartamento,6.2,,,,,,,,,,,Ineficiente,basico,0,0,0,1,1,0,0
2537,506.6,False,14,Comercio,5.2,4.0,,,0.0,,31.0,126.65,,,,Eficiente,parcial,0,0,0,0,1,0,1
2538,611.9,False,23,Casa,7.8,8.0,175.5,2.0,0.3,567.9,28.0,76.4875,3.4866,0.0775,0.087,Eficiente,avanzado,0,0,0,0,0,0,1
2539,515.2,True,13,Casa,4.2,5.0,158.9,2.0,0.0,574.0,28.0,103.04,3.2423,-0.1024,0.1538,Eficiente,avanzado,0,0,0,0,0,0,1
2540,169.6,True,5,Apartamento,1.2,,,,,,,,,,,Eficiente,basico,1,0,0,0,0,0,1
2541,237.5,True,9,Apartamento,3.6,2.0,95.3,,0.0,277.4,,118.75,2.4921,-0.1438,,Eficiente,parcial,1,0,0,0,0,0,1
2542,404.6,False,10,Apartamento,5.7,5.0,64.9,1.0,0.0,295.0,29.0,80.92,6.2342,0.3715,0.1,Eficiente,avanzado,0,0,0,0,1,1,0
2543,445.4,True,9,Casa,7.0,2.0,122.5,1.0,9.3,561.6,31.0,222.7,3.6359,-0.2069,0.1111,Moderado,avanzado,1,0,1,0,0,0,0
2544,717.6,True,13,Casa,7.9,5.0,112.8,4.0,8.9,639.5,29.0,143.52,6.3617,0.1221,0.3077,Ineficiente,avanzado,1,0,1,0,1,1,0
2545,295.8,False,7,Apartamento,4.3,1.0,70.6,1.0,7.5,226.9,29.0,295.8,4.1898,0.3037,0.1429,Ineficiente,avanzado,0,0,0,0,1,0,0
2546,584.5,False,13,Casa,6.4,2.0,173.1,4.0,6.4,573.9,29.0,292.25,3.3767,0.0185,0.3077,Ineficiente,avanzado,0,0,1,0,0,0,0
2547,707.2,True,19,Oficina,11.5,,,,,,,,,,,Ineficiente,basico,1,1,1,0,0,0,0
2548,418.4,False,12,Casa,4.4,,,,,,,,,,,Eficiente,basico,0,0,0,0,1,0,1
2549,499.6,True,10,Casa,8.8,,,,,,,,,,,Eficiente,basico,1,0,0,0,1,0,0
2550,464.2,True,9,Casa,5.6,4.0,118.6,3.0,1.2,522.8,28.0,116.05,3.914,-0.1121,0.3333,Moderado,avanzado,1,0,1,0,0,0,0
2551,407.4,False,8,Apartamento,4.5,4.0,78.5,2.0,5.5,337.9,28.0,101.85,5.1898,0.2057,0.25,Moderado,avanzado,0,1,1,0,0,0,0
2552,328.7,False,8,Apartamento,5.6,,56.2,,4.9,303.0,31.0,,5.8488,0.0848,,Moderado,parcial,0,0,0,0,0,0,1
2553,503.8,True,9,Apartamento,6.0,,,,,,,,,,,Ineficiente,basico,1,0,1,1,0,0,0
2554,1295.1,False,35,Oficina,16.9,,,,,,,,,,,Ineficiente,basico,0,0,1,1,0,0,0
2555,679.7,False,19,Casa,6.9,6.0,55.4,5.0,7.2,717.2,30.0,113.2833,12.269,-0.0523,0.2632,Ineficiente,avanzado,0,1,1,1,0,1,0
2556,317.8,True,8,Apartamento,4.2,2.0,45.5,2.0,0.0,297.4,31.0,158.9,6.9846,0.0686,0.25,Ineficiente,avanzado,1,1,0,0,0,1,0
2557,307.3,False,4,Casa,1.9,,,,,,,,,,,Eficiente,basico,0,0,1,1,0,0,0
2558,871.4,False,26,Casa,10.5,,,,8.5,,28.0,,,,,Eficiente,parcial,0,0,0,0,0,0,1
2559,644.3,True,16,Apartamento,11.7,7.0,47.2,3.0,9.4,542.7,31.0,92.0429,13.6504,0.1872,0.1875,Ineficiente,avanzado,0,1,1,0,0,1,0
2560,618.6,True,14,Casa,6.7,,133.3,3.0,0.0,,29.0,,4.6407,,0.2143,Eficiente,parcial,1,0,0,0,0,0,1
2561,346.1,True,5,Apartamento,6.4,3.0,104.8,1.0,0.0,558.2,29.0,115.3667,3.3025,-0.38,0.2,Eficiente,avanzado,1,0,0,0,0,0,1
2562,537.3,True,14,Apartamento,5.1,4.0,98.4,3.0,6.5,574.3,28.0,134.325,5.4604,-0.0644,0.2143,Moderado,avanzado,1,0,0,0,0,1,0
2563,764.3,True,18,Comercio,9.3,6.0,146.7,6.0,0.0,638.7,29.0,127.3833,5.21,0.1966,0.3333,Ineficiente,avanzado,0,1,0,1,1,1,0
2564,330.8,True,6,Apartamento,6.8,2.0,71.0,1.0,8.2,367.6,29.0,165.4,4.6592,-0.1001,0.1667,Moderado,avanzado,1,1,1,0,1,0,0
2565,396.0,True,11,Apartamento,8.3,,,,0.0,382.0,29.0,,,0.0366,,Moderado,parcial,1,0,0,1,0,0,0
2566,405.8,True,8,Casa,7.2,,,,,,,,,,,Ineficiente,basico,1,0,1,1,0,0,0
2567,395.1,True,11,Casa,6.3,,,,,,,,,,,Eficiente,basico,1,0,0,0,0,0,0
2568,403.9,False,13,Casa,4.0,,,,3.3,,30.0,,,,,Eficiente,parcial,0,0,1,0,1,1,0
2569,487.7,True,13,Apartamento,9.7,2.0,132.4,2.0,10.8,484.4,31.0,243.85,3.6835,0.0068,0.1538,Ineficiente,avanzado,1,0,1,1,0,0,0
2570,572.5,False,13,Oficina,3.9,,,,,,,,,,,Eficiente,basico,0,0,1,0,0,0,1
2571,488.7,True,8,Casa,4.8,3.0,183.2,1.0,4.7,446.5,31.0,162.9,2.6676,0.0945,0.125,Moderado,avanzado,0,0,0,1,1,0,0
2572,169.9,False,8,Apartamento,2.6,1.0,89.5,1.0,0.0,161.0,29.0,169.9,1.8983,0.0553,0.125,Eficiente,avanzado,0,1,0,0,0,0,0
2573,856.9,True,29,Comercio,8.7,4.0,193.7,7.0,7.9,1056.5,29.0,214.225,4.4239,-0.1889,0.2414,Ineficiente,avanzado,1,1,1,1,0,0,0
2574,887.1,False,24,Comercio,9.4,,,,,,,,,,,Ineficiente,basico,0,0,1,0,0,1,0
2575,448.6,True,15,Apartamento,5.8,,,,,,,,,,,Ineficiente,basico,0,1,1,1,1,1,0
2576,310.3,False,9,Apartamento,5.5,,,,,,,,,,,Eficiente,basico,0,0,0,0,0,1,1
2577,512.6,True,14,Apartamento,5.6,,,,,,31.0,,,,,Moderado,parcial,1,1,0,0,0,0,0
2578,797.2,True,12,Comercio,7.6,3.0,216.7,8.0,0.0,801.8,30.0,265.7333,3.6788,-0.0057,0.6667,Ineficiente,avanzado,1,1,0,1,0,0,0
2579,452.0,True,9,Casa,6.9,,,,,,,,,,,Eficiente,basico,1,1,1,0,0,0,0
2580,1241.4,False,36,Oficina,15.3,13.0,144.5,8.0,5.5,977.4,31.0,95.4923,8.591,0.2701,0.2222,Ineficiente,avanzado,1,1,1,0,1,1,0
2581,471.5,True,8,Casa,4.6,,,,3.5,,,,,,,Moderado,parcial,1,0,0,0,0,1,0
2582,843.8,True,22,Comercio,9.1,4.0,198.6,6.0,7.0,628.5,28.0,210.95,4.2487,0.3426,0.2727,Ineficiente,avanzado,1,1,1,1,1,0,0
2583,762.7,False,25,Casa,10.6,8.0,130.5,4.0,7.9,589.0,31.0,95.3375,5.8444,0.2949,0.16,Moderado,avanzado,0,1,0,0,1,1,0
2584,327.3,True,8,Casa,4.8,3.0,121.5,1.0,0.0,363.5,30.0,109.1,2.6938,-0.0996,0.125,Eficiente,avanzado,1,0,0,0,0,0,1
2585,326.5,True,9,Casa,6.8,1.0,72.6,0.0,7.2,487.0,29.0,326.5,4.4972,-0.3296,0.0,Ineficiente,avanzado,1,0,1,0,0,0,0
2586,387.4,True,7,Apartamento,6.5,,,,,,,,,,,Ineficiente,basico,1,1,1,1,0,0,0
2587,547.6,True,15,Casa,7.3,3.0,,,,,29.0,182.5333,,,,Ineficiente,parcial,0,1,0,1,0,0,0
2588,406.9,True,6,Casa,4.4,,182.6,3.0,,455.0,,,2.2284,-0.1057,0.5,Moderado,parcial,1,0,0,0,0,0,0
2589,349.4,False,6,Apartamento,7.6,,,,,,,,,,,Moderado,basico,0,0,1,0,0,1,0
2590,421.3,True,12,Casa,3.5,4.0,141.1,1.0,3.2,363.0,29.0,105.325,2.9858,0.1606,0.0833,Eficiente,avanzado,1,0,0,1,1,0,0
2591,952.2,True,28,Comercio,7.2,9.0,,,,,,105.8,,,,Eficiente,parcial,1,1,0,1,0,0,0
2592,1003.9,False,24,Oficina,7.6,10.0,154.1,8.0,3.6,1101.1,30.0,100.39,6.5146,-0.0883,0.3333,Moderado,avanzado,0,1,0,0,1,0,0
2593,211.9,False,2,Apartamento,6.3,,,,,,,,,,,Eficiente,basico,1,0,0,0,0,0,1
2594,502.4,True,14,Casa,11.1,3.0,130.8,2.0,8.1,454.1,30.0,167.4667,3.841,0.1064,0.1429,Moderado,avanzado,1,0,1,0,0,0,0
2595,188.9,True,5,Casa,5.1,,,,,,,,,,,Eficiente,basico,0,0,0,0,0,0,1
2596,821.6,False,17,Oficina,4.0,,,,,,,,,,,Ineficiente,basico,0,1,0,0,0,0,0
2597,589.4,True,11,Casa,8.6,6.0,196.9,3.0,8.3,518.5,31.0,98.2333,2.9934,0.1367,0.2727,Moderado,avanzado,0,1,1,0,0,0,0
2598,785.5,True,18,Casa,9.4,9.0,,4.0,10.5,730.4,,87.2778,,0.0754,0.2222,Ineficiente,parcial,1,1,1,1,0,0,0
2599,725.9,True,11,Oficina,5.1,10.0,122.6,4.0,2.8,681.1,31.0,72.59,5.9209,0.0658,0.3636,Moderado,avanzado,0,1,0,0,0,0,0
2600,913.1,True,20,Oficina,11.6,10.0,,8.0,0.0,,31.0,91.31,,,0.4,Ineficiente,parcial,1,1,0,1,0,0,0
2601,313.6,True,9,Casa,7.0,2.0,118.6,1.0,0.0,278.7,30.0,156.8,2.6442,0.1252,0.1111,Moderado,avanzado,1,0,0,0,0,0,0
2602,460.2,True,7,Apartamento,4.1,4.0,106.7,1.0,4.5,504.1,31.0,115.05,4.313,-0.0871,0.1429,Eficiente,avanzado,1,0,0,0,1,0,0
2603,382.4,True,9,Apartamento,6.3,,,,,,,,,,,Eficiente,basico,1,0,0,0,0,0,1
2604,785.1,True,22,Comercio,6.6,,,,,,,,,,,Eficiente,basico,1,0,0,1,0,0,0
2605,487.8,False,12,Casa,4.3,8.0,157.7,2.0,0.4,540.4,28.0,60.975,3.0932,-0.0973,0.1667,Eficiente,avanzado,1,0,0,0,0,0,1
2606,377.2,True,10,Casa,2.1,,,,,,,,,,,Eficiente,basico,0,0,0,0,0,0,1
2607,236.7,True,7,Apartamento,2.9,2.0,80.6,1.0,0.0,241.3,31.0,118.35,2.9367,-0.0191,0.1429,Eficiente,avanzado,1,0,0,0,0,0,1
2608,651.5,False,18,Casa,4.7,,98.1,4.0,,599.4,30.0,,6.6412,0.0869,0.2222,Moderado,parcial,0,0,1,0,1,1,0
2609,272.7,True,5,Apartamento,3.6,2.0,,,,,,136.35,,,,Eficiente,parcial,1,0,0,0,0,1,0
2610,338.9,True,10,Casa,1.8,,,,,,,,,,,Eficiente,basico,0,0,0,0,0,0,1
2611,1060.3,False,24,Oficina,15.3,6.0,163.9,9.0,8.9,956.3,30.0,176.7167,6.4692,0.1088,0.375,Ineficiente,avanzado,1,0,1,0,0,1,0
2612,987.0,True,25,Comercio,10.2,8.0,53.9,8.0,5.8,869.4,28.0,123.375,18.3117,0.1353,0.32,Ineficiente,avanzado,1,1,1,1,0,1,0
2613,560.3,True,16,Apartamento,8.2,,,,,,,,,,,Ineficiente,basico,1,0,1,0,0,1,0
2614,745.7,False,20,Comercio,7.1,,,,,,,,,,,Eficiente,basico,0,0,0,1,0,0,0
2615,509.0,True,7,Casa,3.9,,,,,,,,,,,Moderado,basico,1,1,0,0,0,0,0
2616,261.3,True,9,Apartamento,5.1,,,,,,,,,,,Moderado,basico,1,0,0,1,0,0,0
2617,289.3,False,6,Casa,1.4,4.0,115.6,1.0,0.0,245.8,31.0,72.325,2.5026,0.177,0.1667,Eficiente,avanzado,0,0,0,0,0,0,1
2618,905.2,False,27,Comercio,8.9,,,,,,,,,,,Moderado,basico,0,1,0,0,0,1,0
2619,946.9,True,25,Comercio,9.7,7.0,214.1,6.0,2.6,761.6,31.0,135.2714,4.4227,0.2433,0.24,Ineficiente,avanzado,1,1,0,1,0,0,0
2620,1163.4,True,24,Oficina,11.3,11.0,191.5,11.0,4.1,976.3,31.0,105.7636,6.0752,0.1916,0.4583,Ineficiente,avanzado,1,1,0,1,0,0,0
2621,667.8,True,13,Comercio,7.3,,,,,,,,,,,Ineficiente,basico,1,1,1,0,0,0,0
2622,692.3,False,27,Oficina,9.5,6.0,198.1,4.0,0.0,648.0,31.0,115.3833,3.4947,0.0684,0.1481,Eficiente,avanzado,0,0,0,0,0,0,1
2623,514.5,False,12,Casa,7.4,,186.9,3.0,,,,,2.7528,,0.25,Moderado,parcial,0,1,0,1,0,0,0
2624,863.5,False,24,Oficina,9.4,,,,,,,,,,,Ineficiente,basico,0,1,1,0,0,1,0
2625,157.2,True,2,Apartamento,3.6,1.0,92.2,0.0,0.0,126.8,31.0,157.2,1.705,0.2397,0.0,Eficiente,avanzado,1,0,0,0,0,0,1
2626,371.5,True,12,Apartamento,3.8,4.0,69.1,1.0,1.3,366.4,30.0,92.875,5.3763,0.0139,0.0833,Eficiente,avanzado,0,0,1,0,0,1,0
2627,216.4,True,7,Apartamento,5.0,,47.8,,,,,,4.5272,,,Eficiente,parcial,1,0,0,1,0,0,0
2628,478.5,False,15,Casa,3.8,4.0,121.6,2.0,0.0,395.7,29.0,119.625,3.935,0.2092,0.1333,Eficiente,avanzado,0,1,0,0,1,0,0
2629,696.4,True,9,Casa,4.2,,,,,,,,,,,Moderado,basico,0,0,0,0,0,0,1
2630,300.6,True,3,Casa,3.5,,,,,,,,,,,Ineficiente,basico,0,1,0,0,0,1,0
2631,540.4,False,11,Casa,6.2,4.0,78.5,4.0,8.4,549.6,30.0,135.1,6.8841,-0.0167,0.3636,Ineficiente,avanzado,0,1,1,0,0,0,0
2632,258.9,False,13,Apartamento,5.1,,,,,,,,,,,Eficiente,basico,0,0,0,0,0,0,1
2633,1017.6,True,29,Oficina,11.3,10.0,239.4,4.0,8.7,811.9,28.0,101.76,4.2506,0.2534,0.1379,Moderado,avanzado,1,1,1,0,1,0,0
2634,314.4,False,10,Apartamento,4.6,,121.9,2.0,5.4,,30.0,,2.5792,,0.2,Eficiente,parcial,0,0,1,0,0,1,0
2635,527.4,False,14,Apartamento,7.3,3.0,25.0,3.0,12.4,553.7,29.0,175.8,21.096,-0.0475,0.2143,Ineficiente,avanzado,0,1,1,0,0,1,0
2636,469.4,True,10,Apartamento,7.4,4.0,130.3,2.0,3.1,569.2,31.0,117.35,3.6025,-0.1753,0.2,Moderado,avanzado,1,0,0,1,0,0,0
2637,316.5,False,13,Apartamento,2.5,3.0,101.1,2.0,0.0,335.8,30.0,105.5,3.1306,-0.0575,0.1538,Eficiente,avanzado,0,0,0,1,0,0,0
2638,585.8,True,19,Casa,7.9,,38.1,1.0,,,,,15.3753,,0.0526,Ineficiente,parcial,0,0,1,0,0,1,0
2639,773.8,True,14,Comercio,11.5,,,,,,,,,,,Ineficiente,basico,1,0,1,1,0,0,0
2640,627.9,True,14,Casa,6.7,7.0,187.8,4.0,0.0,560.2,29.0,89.7,3.3435,0.1208,0.2857,Moderado,avanzado,1,1,0,0,0,0,0
2641,319.5,False,8,Apartamento,4.1,,,,4.8,,30.0,,,,,Moderado,parcial,0,1,0,0,0,0,0
2642,1058.7,True,24,Comercio,11.1,,,,,,,,,,,Ineficiente,basico,1,1,1,1,0,1,0
2643,378.8,True,10,Apartamento,3.0,4.0,79.6,2.0,4.9,338.4,28.0,94.7,4.7588,0.1194,0.2,Moderado,avanzado,1,1,1,1,0,0,0
2644,987.5,True,26,Comercio,10.2,13.0,,,,,,75.9615,,,,Moderado,parcial,1,0,0,1,0,0,0
2645,370.8,False,10,Casa,2.0,,,3.0,0.0,,29.0,,,,0.3,Eficiente,parcial,0,0,0,0,0,0,1
2646,860.5,False,23,Oficina,8.4,,,,,,,,,,,Moderado,basico,0,1,1,0,0,1,0
2647,273.8,True,9,Apartamento,3.9,,,,,,,,,,,Eficiente,basico,1,0,0,0,0,0,1
2648,879.9,True,17,Comercio,12.5,,,,,,,,,,,Ineficiente,basico,1,1,1,0,0,1,0
2649,159.9,False,7,Apartamento,1.9,3.0,45.4,0.0,0.0,136.5,31.0,53.3,3.522,0.1714,0.0,Eficiente,avanzado,0,0,0,0,0,0,1
2650,675.0,False,22,Comercio,3.3,5.0,125.5,4.0,2.4,630.5,30.0,135.0,5.3785,0.0706,0.1818,Eficiente,avanzado,0,0,0,0,0,0,1
2651,846.2,False,28,Oficina,8.6,,,,,853.8,31.0,,,-0.0089,,Moderado,parcial,1,1,0,0,0,0,0
2652,212.9,False,8,Apartamento,0.9,2.0,63.5,,,,31.0,106.45,3.3528,,,Eficiente,parcial,0,0,0,0,0,0,1
2653,736.1,False,20,Comercio,9.2,,,,,,,,,,,Ineficiente,basico,0,0,1,0,0,0,0
2654,1195.2,True,35,Comercio,15.6,9.0,,8.0,11.3,1106.5,28.0,132.8,,0.0802,0.2286,Ineficiente,parcial,1,1,1,1,0,0,0
2655,584.0,False,20,Apartamento,5.9,,,,,,,,,,,Eficiente,basico,0,0,0,0,0,1,1
2656,1146.1,False,38,Oficina,12.8,,,,,,,,,,,Ineficiente,basico,0,1,1,0,0,1,0
2657,292.6,False,4,Casa,3.6,2.0,107.6,1.0,4.3,320.9,28.0,146.3,2.7193,-0.0882,0.25,Eficiente,avanzado,0,0,1,0,0,0,0
2658,420.1,False,13,Apartamento,2.4,7.0,,,0.0,,,60.0143,,,,Eficiente,parcial,0,0,0,0,0,1,1
2659,600.7,True,13,Casa,6.5,4.0,96.7,4.0,4.7,428.5,28.0,150.175,6.212,0.4019,0.3077,Ineficiente,avanzado,0,1,1,1,1,1,0
2660,646.7,False,15,Casa,8.3,7.0,176.3,1.0,8.0,657.1,29.0,92.3857,3.6682,-0.0158,0.0667,Eficiente,avanzado,0,0,0,0,0,0,1
2661,852.8,True,13,Comercio,8.4,,,,,,,,,,,Ineficiente,basico,1,0,1,0,1,0,0
2662,478.3,True,10,Casa,6.8,2.0,112.9,1.0,12.3,443.6,30.0,239.15,4.2365,0.0782,0.1,Ineficiente,avanzado,0,0,0,1,0,1,0
2663,635.3,False,13,Casa,6.5,6.0,102.9,5.0,3.9,743.1,28.0,105.8833,6.174,-0.1451,0.3846,Moderado,avanzado,0,0,0,0,0,0,1
2664,474.1,True,10,Casa,5.0,,,,,,,,,,,Eficiente,basico,1,0,0,0,0,0,0
2665,321.1,True,7,Apartamento,5.3,,,3.0,,,,,,,0.4286,Ineficiente,parcial,1,1,0,0,0,1,0
2666,1039.3,True,22,Comercio,11.5,6.0,288.6,9.0,4.3,953.1,28.0,173.2167,3.6012,0.0904,0.4091,Ineficiente,avanzado,1,0,0,0,0,0,0
2667,669.4,False,16,Oficina,7.7,5.0,162.0,4.0,,,,133.88,4.1321,,0.25,Moderado,parcial,0,1,1,1,0,0,0
2668,303.3,False,5,Casa,7.2,1.0,183.7,1.0,1.2,303.8,31.0,303.3,1.6511,-0.0016,0.2,Moderado,avanzado,0,0,0,1,0,0,0
2669,174.9,False,4,Apartamento,5.0,1.0,70.2,0.0,1.7,204.3,31.0,174.9,2.4915,-0.1439,0.0,Eficiente,avanzado,1,0,0,0,0,0,0
2670,175.3,True,4,Apartamento,3.4,1.0,55.4,0.0,0.0,151.1,29.0,175.3,3.1643,0.1602,0.0,Eficiente,avanzado,0,0,0,0,0,1,0
2671,402.7,False,12,Apartamento,5.9,3.0,77.2,1.0,8.2,309.0,29.0,134.2333,5.2163,0.3032,0.0833,Moderado,avanzado,0,0,1,1,0,0,0
2672,449.1,True,10,Apartamento,4.7,,,,,597.9,28.0,,,-0.2489,,Moderado,parcial,1,0,1,0,0,0,0
2673,493.4,True,17,Casa,5.8,6.0,51.1,,2.6,,31.0,82.2333,9.6556,,,Moderado,parcial,0,1,0,0,0,0,0
2674,332.5,False,8,Apartamento,4.4,1.0,102.3,1.0,6.7,386.4,28.0,332.5,3.2502,-0.1395,0.125,Moderado,avanzado,0,0,1,0,0,0,0
2675,451.2,True,10,Apartamento,8.0,,,3.0,,,,,,,0.3,Ineficiente,parcial,1,1,1,0,0,1,0
2676,435.8,False,10,Apartamento,5.1,3.0,61.2,3.0,1.8,451.7,28.0,145.2667,7.1209,-0.0352,0.3,Moderado,avanzado,0,1,0,0,0,0,0
2677,338.8,False,9,Apartamento,5.8,,,,,,,,,,,Ineficiente,basico,0,0,1,1,1,0,0
2678,572.6,True,11,Comercio,4.9,,,2.0,,,,,,,0.1818,Moderado,parcial,1,0,0,0,1,1,0
2679,893.2,False,16,Comercio,6.5,5.0,252.4,8.0,7.4,918.7,30.0,178.64,3.5388,-0.0278,0.5,Ineficiente,avanzado,0,0,1,1,0,0,0
2680,360.2,True,9,Casa,3.3,4.0,,,0.0,,31.0,90.05,,,,Eficiente,parcial,1,0,0,1,1,0,0
2681,727.3,True,24,Comercio,7.7,6.0,155.3,5.0,0.0,665.1,31.0,121.2167,4.6832,0.0935,0.2083,Moderado,avanzado,1,0,0,0,0,1,0
2682,462.6,False,12,Comercio,5.0,3.0,208.0,2.0,0.0,446.7,30.0,154.2,2.224,0.0356,0.1667,Eficiente,avanzado,0,0,0,0,0,0,1
2683,497.8,True,10,Casa,9.3,6.0,133.5,0.0,10.7,403.5,29.0,82.9667,3.7288,0.2337,0.0,Moderado,avanzado,1,1,1,1,0,0,0
2684,403.5,False,9,Apartamento,2.1,,,,,,,,,,,Eficiente,basico,0,0,1,1,0,0,0
2685,460.5,False,8,Casa,4.3,,,,,,,,,,,Moderado,basico,0,1,0,0,1,1,0
2686,569.6,False,11,Apartamento,9.1,,,3.0,8.9,422.9,,,,0.3469,0.2727,Ineficiente,parcial,0,0,1,0,1,1,0
2687,490.4,True,10,Casa,5.9,4.0,,2.0,5.2,,28.0,122.6,,,0.2,Moderado,parcial,0,0,0,1,0,0,0
2688,355.8,False,13,Apartamento,6.4,2.0,67.9,2.0,,301.2,29.0,177.9,5.2401,0.1813,0.1538,Moderado,parcial,0,0,0,0,1,0,0
2689,479.1,False,12,Casa,2.3,5.0,123.5,2.0,2.5,445.2,28.0,95.82,3.8794,0.0761,0.1667,Eficiente,avanzado,0,0,0,0,0,0,1
2690,347.0,True,6,Apartamento,9.1,2.0,105.8,,7.4,313.5,,173.5,3.2798,0.1069,,Moderado,parcial,1,0,1,0,0,0,0
2691,1025.8,False,27,Oficina,8.9,10.0,77.1,11.0,0.0,1027.5,29.0,102.58,13.3048,-0.0017,0.4074,Ineficiente,avanzado,0,1,0,1,0,1,0
2692,721.4,True,25,Casa,8.0,8.0,133.8,3.0,6.1,604.1,29.0,90.175,5.3916,0.1942,0.12,Moderado,avanzado,1,0,0,0,0,0,0
2693,841.5,False,24,Comercio,12.0,4.0,130.9,5.0,7.9,1070.9,29.0,210.375,6.4286,-0.2142,0.2083,Ineficiente,avanzado,0,1,1,1,0,0,0
2694,1272.8,False,36,Oficina,13.2,,,,,,,,,,,Moderado,basico,1,1,1,0,0,0,0
2695,1006.3,False,20,Comercio,6.8,10.0,219.8,7.0,4.2,1211.0,28.0,100.63,4.5783,-0.169,0.35,Moderado,avanzado,0,1,1,0,0,0,0
2696,622.8,False,14,Casa,6.6,5.0,145.0,3.0,5.1,857.2,31.0,124.56,4.2952,-0.2734,0.2143,Eficiente,avanzado,0,1,0,0,0,0,0
2697,1121.2,False,26,Comercio,11.2,9.0,225.1,9.0,5.5,935.4,28.0,124.5778,4.9809,0.1986,0.3462,Ineficiente,avanzado,0,1,1,0,1,0,0
2698,461.5,True,11,Casa,4.6,,79.6,2.0,,,31.0,,5.7977,,0.1818,Moderado,parcial,1,0,1,0,0,1,0
2699,608.4,True,19,Casa,5.7,4.0,220.2,3.0,2.8,466.8,29.0,152.1,2.7629,0.3033,0.1579,Moderado,avanzado,1,0,0,1,0,0,0
2700,804.7,False,19,Comercio,9.9,6.0,,4.0,10.6,703.2,31.0,134.1167,,0.1443,0.2105,Ineficiente,parcial,0,1,1,1,0,1,0
2701,439.3,True,10,Apartamento,7.1,,,,,,,,,,,Moderado,basico,1,0,0,0,0,0,0
2702,281.0,False,9,Apartamento,1.2,,91.2,,,311.2,,,3.0811,-0.097,,Eficiente,parcial,0,0,0,0,1,0,1
2703,344.8,False,12,Casa,3.3,6.0,146.1,0.0,1.2,294.7,30.0,57.4667,2.36,0.17,0.0,Eficiente,avanzado,0,0,0,0,1,0,0
2704,556.9,False,15,Comercio,6.1,4.0,240.3,3.0,0.0,463.8,31.0,139.225,2.3175,0.2007,0.2,Eficiente,avanzado,0,1,0,0,0,0,0
2705,255.0,False,14,Apartamento,4.2,,,,,,,,,,,Eficiente,basico,0,0,0,0,0,0,1
2706,160.5,True,6,Apartamento,3.5,1.0,80.6,,,122.9,,160.5,1.9913,0.3059,,Moderado,parcial,0,0,0,0,1,0,0
2707,1043.9,False,27,Oficina,9.3,10.0,124.8,7.0,9.6,989.5,28.0,104.39,8.3646,0.055,0.2593,Ineficiente,avanzado,0,0,1,1,0,1,0
2708,575.8,True,13,Casa,6.4,7.0,140.2,2.0,0.0,576.0,30.0,82.2571,4.107,-0.0003,0.1538,Eficiente,avanzado,0,0,0,0,0,0,1
2709,504.5,True,14,Casa,6.3,5.0,130.7,1.0,4.9,463.7,30.0,100.9,3.86,0.088,0.0714,Eficiente,avanzado,0,1,1,0,0,1,0
2710,236.8,False,4,Apartamento,3.0,,,,,,,,,,,Moderado,basico,0,0,0,1,0,0,0
2711,637.8,False,11,Oficina,5.1,6.0,,1.0,6.8,708.5,30.0,106.3,,-0.0998,0.0909,Eficiente,parcial,0,1,1,0,0,0,0
2712,334.2,True,5,Casa,6.2,,,,,,,,,,,Eficiente,basico,1,0,0,0,0,0,0
2713,457.5,True,11,Casa,1.9,,142.8,,0.0,,29.0,,3.2038,,,Eficiente,parcial,1,0,0,0,1,1,0
2714,574.1,True,14,Casa,6.0,7.0,107.5,0.0,8.4,480.3,30.0,82.0143,5.3405,0.1953,0.0,Moderado,avanzado,1,1,1,0,1,0,0
2715,599.1,True,15,Comercio,7.1,5.0,185.1,1.0,4.5,587.8,28.0,119.82,3.2366,0.0192,0.0667,Eficiente,avanzado,1,0,1,1,0,0,0
2716,393.0,False,18,Casa,6.2,3.0,63.8,1.0,5.5,420.8,30.0,131.0,6.1599,-0.0661,0.0556,Eficiente,avanzado,0,1,0,0,0,0,1
2717,518.9,True,8,Apartamento,9.7,,,,,,,,,,,Ineficiente,basico,0,0,1,0,1,1,0
2718,892.4,False,20,Oficina,9.6,4.0,174.1,5.0,11.3,921.2,31.0,223.1,5.1258,-0.0313,0.25,Ineficiente,avanzado,1,0,1,0,0,0,0
2719,579.0,True,15,Casa,9.1,4.0,172.2,2.0,4.8,534.2,30.0,144.75,3.3624,0.0839,0.1333,Moderado,avanzado,1,0,0,0,1,0,0
2720,261.7,False,10,Apartamento,4.7,,,,,,,,,,,Eficiente,basico,0,0,0,0,1,1,0
2721,403.6,False,9,Apartamento,6.8,2.0,82.8,2.0,6.1,359.4,28.0,201.8,4.8744,0.123,0.2222,Moderado,avanzado,1,0,1,0,0,1,0
2722,706.5,False,19,Comercio,7.6,,,,,595.9,,,,0.1856,,Ineficiente,parcial,0,1,1,1,1,0,0
2723,550.3,False,18,Casa,3.8,6.0,163.6,2.0,3.0,467.5,31.0,91.7167,3.3637,0.1771,0.1111,Eficiente,avanzado,0,1,0,0,0,0,1
2724,353.2,False,8,Casa,7.6,2.0,126.5,2.0,4.5,349.4,30.0,176.6,2.7921,0.0109,0.25,Moderado,avanzado,0,0,0,1,0,0,0
2725,355.6,True,6,Casa,4.9,1.0,93.7,3.0,0.0,296.1,30.0,355.6,3.7951,0.2009,0.5,Ineficiente,avanzado,0,1,0,1,1,1,0
2726,681.1,True,13,Comercio,7.6,,,,,,,,,,,Ineficiente,basico,1,0,1,1,1,0,0
2727,822.3,False,24,Comercio,6.5,,,,,,,,,,,Eficiente,basico,0,0,1,0,1,0,0
2728,549.8,True,14,Casa,7.6,,,,,,,,,,,Moderado,basico,1,0,0,0,0,0,0
2729,190.4,True,3,Casa,0.0,1.0,129.7,0.0,4.5,234.8,28.0,190.4,1.468,-0.1891,0.0,Eficiente,avanzado,0,0,0,1,0,0,1
2730,1032.5,True,28,Oficina,8.9,10.0,126.5,9.0,3.8,836.2,28.0,103.25,8.1621,0.2348,0.3214,Ineficiente,avanzado,1,1,0,0,1,1,0
2731,217.0,False,7,Casa,0.0,,,1.0,0.0,154.9,29.0,,,0.4009,0.1429,Eficiente,parcial,0,1,0,0,1,0,0
2732,498.3,True,16,Casa,5.2,,94.6,,3.6,,31.0,,5.2674,,,Moderado,parcial,1,0,1,0,0,0,0
2733,268.8,False,11,Apartamento,3.8,,74.1,1.0,4.0,276.4,31.0,,3.6275,-0.0275,0.0909,Moderado,parcial,0,0,1,0,0,0,0
2734,506.3,True,10,Casa,8.1,,,,,,,,,,,Moderado,basico,0,0,1,0,0,1,0
2735,233.2,False,7,Casa,3.0,,82.3,,2.9,,,,2.8335,,,Eficiente,parcial,1,0,0,0,0,0,0
2736,327.5,True,10,Apartamento,8.0,,,,,380.0,,,,-0.1382,,Ineficiente,parcial,0,0,1,0,0,1,0
2737,505.4,True,14,Casa,9.9,4.0,158.9,3.0,0.0,721.4,31.0,126.35,3.1806,-0.2994,0.2143,Moderado,avanzado,1,1,0,0,0,1,0
2738,267.3,True,8,Apartamento,4.4,,,,,,,,,,,Eficiente,basico,0,0,1,0,0,0,1
2739,404.8,False,11,Apartamento,7.0,2.0,64.6,3.0,4.7,,,202.4,6.2663,,0.2727,Ineficiente,parcial,0,0,0,1,0,0,0
2740,431.3,True,9,Apartamento,6.7,,,,,,,,,,,Moderado,basico,1,1,0,0,0,0,0
2741,412.4,True,10,Casa,6.4,5.0,,,,393.2,,82.48,,0.0488,,Ineficiente,parcial,1,1,0,0,0,1,0
2742,584.8,False,15,Comercio,4.3,,,,,564.9,,,,0.0352,,Ineficiente,parcial,0,1,1,0,0,1,0
2743,360.8,True,10,Casa,4.7,3.0,100.4,1.0,0.0,390.4,28.0,120.2667,3.5936,-0.0758,0.1,Eficiente,avanzado,0,0,0,0,0,0,1
2744,887.3,False,25,Comercio,6.9,7.0,164.4,7.0,1.1,871.0,29.0,126.7571,5.3972,0.0187,0.28,Moderado,avanzado,0,0,0,0,0,0,1
2745,445.5,True,15,Casa,7.0,5.0,116.1,3.0,0.0,421.1,28.0,89.1,3.8372,0.0579,0.2,Eficiente,avanzado,1,1,1,0,0,0,0
2746,962.8,False,23,Comercio,9.9,,,7.0,,,,,,,0.3043,Moderado,parcial,1,0,0,0,0,0,0
2747,462.9,False,15,Casa,3.8,6.0,155.4,2.0,0.0,406.0,30.0,77.15,2.9788,0.1401,0.1333,Eficiente,avanzado,0,0,0,0,0,0,1
2748,453.7,False,15,Casa,7.5,3.0,196.2,1.0,9.8,305.6,31.0,151.2333,2.3124,0.4846,0.0667,Moderado,avanzado,0,0,1,0,1,0,0
2749,505.7,True,13,Apartamento,6.6,2.0,97.3,2.0,7.2,426.5,28.0,252.85,5.1973,0.1857,0.1538,Ineficiente,avanzado,1,0,0,0,0,0,0
2750,311.4,True,12,Casa,6.5,2.0,137.4,0.0,5.6,304.5,31.0,155.7,2.2664,0.0227,0.0,Eficiente,avanzado,1,0,1,0,0,1,0
2751,769.3,True,23,Casa,7.9,6.0,131.6,4.0,8.4,813.9,,128.2167,5.8457,-0.0548,0.1739,Moderado,parcial,0,1,1,0,0,0,0
2752,329.6,True,11,Apartamento,3.6,3.0,104.4,0.0,8.3,219.4,30.0,109.8667,3.1571,0.5023,0.0,Moderado,avanzado,1,0,0,1,1,0,0
2753,912.4,False,21,Comercio,10.7,,,,,,,,,,,Moderado,basico,0,1,1,0,0,0,0
2754,629.3,True,17,Casa,9.2,7.0,161.8,2.0,5.0,600.5,29.0,89.9,3.8894,0.048,0.1176,Eficiente,avanzado,0,0,0,0,0,0,1
2755,1356.7,False,36,Oficina,13.8,,,,,,,,,,,Ineficiente,basico,1,1,1,0,1,1,0
2756,788.8,True,20,Comercio,6.8,4.0,181.1,6.0,0.0,716.1,30.0,197.2,4.3556,0.1015,0.3,Ineficiente,avanzado,1,0,0,0,0,1,0
2757,652.1,True,11,Comercio,5.2,,,,,,,,,,,Ineficiente,basico,1,1,1,1,0,1,0
2758,354.3,True,6,Apartamento,4.1,,,,,,,,,,,Ineficiente,basico,0,1,1,1,0,1,0
2759,525.5,True,20,Apartamento,6.5,,,,,,,,,,,Eficiente,basico,1,0,1,0,1,0,0
2760,603.7,True,16,Apartamento,7.9,5.0,84.3,5.0,0.0,593.4,28.0,120.74,7.1613,0.0174,0.3125,Ineficiente,avanzado,1,1,0,0,1,0,0
2761,434.0,True,14,Apartamento,6.6,,106.0,2.0,,,,,4.0943,,0.1429,Moderado,parcial,1,0,1,0,0,1,0
2762,1125.5,False,30,Oficina,13.4,,,,,,,,,,,Ineficiente,basico,1,1,1,0,1,1,0
2763,376.1,True,10,Casa,2.5,3.0,61.9,2.0,5.4,328.8,30.0,125.3667,6.0759,0.1439,0.2,Moderado,avanzado,1,1,1,0,0,0,0
2764,315.7,True,4,Casa,6.2,,,,,,,,,,,Moderado,basico,1,0,1,0,0,0,0
2765,339.1,True,9,Casa,4.9,2.0,136.0,1.0,2.8,278.0,30.0,169.55,2.4934,0.2198,0.1111,Moderado,avanzado,0,0,0,0,1,0,0
2766,935.0,True,26,Oficina,12.1,,,,8.7,1362.0,29.0,,,-0.3135,,Ineficiente,parcial,1,1,1,0,0,1,0
2767,349.5,True,9,Apartamento,0.0,6.0,63.4,2.0,0.0,346.6,31.0,58.25,5.5126,0.0084,0.2222,Eficiente,avanzado,1,1,0,0,0,0,0
2768,524.9,False,12,Apartamento,5.1,5.0,108.8,2.0,10.9,509.9,30.0,104.98,4.8244,0.0294,0.1667,Eficiente,avanzado,0,0,1,1,0,1,0
2769,774.2,True,16,Comercio,6.1,7.0,198.1,3.0,7.9,798.0,30.0,110.6,3.9081,-0.0298,0.1875,Moderado,avanzado,1,0,0,0,0,0,0
2770,1091.8,True,26,Oficina,14.1,10.0,151.6,9.0,6.6,1032.7,31.0,109.18,7.2018,0.0572,0.3462,Ineficiente,avanzado,1,0,1,1,0,0,0
2771,311.5,True,7,Casa,3.5,,,,,,28.0,,,,,Moderado,parcial,1,0,0,0,0,1,0
2772,591.0,True,13,Comercio,3.1,5.0,242.5,4.0,0.0,473.8,30.0,118.2,2.4371,0.2474,0.3077,Moderado,avanzado,1,1,0,0,1,0,0
2773,1288.3,False,33,Oficina,13.4,,,13.0,4.8,1750.3,28.0,,,-0.264,0.3939,Ineficiente,parcial,0,1,1,0,0,0,0
2774,825.7,True,13,Casa,11.3,4.0,,,,,28.0,206.425,,,,Ineficiente,parcial,0,1,1,1,0,1,0
2775,733.1,False,16,Comercio,7.8,8.0,190.3,2.0,9.0,830.2,31.0,91.6375,3.8523,-0.117,0.125,Eficiente,avanzado,1,1,1,0,0,1,0
2776,287.5,False,12,Casa,3.5,,,,,,,,,,,Eficiente,basico,0,0,0,0,1,0,0
2777,472.9,True,7,Apartamento,7.9,3.0,113.8,2.0,9.6,485.3,29.0,157.6333,4.1555,-0.0256,0.2857,Ineficiente,avanzado,1,0,1,1,0,1,0
2778,198.4,False,11,Apartamento,1.4,,,,,,,,,,,Eficiente,basico,0,0,0,0,0,0,1
2779,394.4,True,13,Casa,5.3,5.0,149.2,0.0,0.0,460.9,29.0,78.88,2.6434,-0.1443,0.0,Eficiente,avanzado,1,0,1,0,0,1,0
2780,386.4,True,12,Casa,5.9,,,,,,,,,,,Eficiente,basico,1,0,0,0,0,0,1
2781,473.4,False,12,Casa,5.0,4.0,,,,,,118.35,,,,Eficiente,parcial,0,1,0,1,0,1,0
2782,444.9,True,11,Casa,4.6,4.0,126.2,2.0,0.0,399.5,31.0,111.225,3.5254,0.1136,0.1818,Eficiente,avanzado,1,0,0,0,0,0,1
2783,421.4,False,12,Apartamento,2.6,6.0,82.5,1.0,2.6,495.8,31.0,70.2333,5.1079,-0.1501,0.0833,Eficiente,avanzado,0,0,0,0,0,0,1
2784,612.5,True,13,Casa,5.7,8.0,120.6,1.0,7.0,576.3,28.0,76.5625,5.0788,0.0628,0.0769,Eficiente,avanzado,1,0,0,0,0,0,0
2785,679.2,True,14,Casa,9.4,9.0,,,6.6,,,75.4667,,,,Moderado,parcial,1,0,1,0,0,1,0
2786,138.4,True,2,Apartamento,1.7,,,,,,,,,,,Eficiente,basico,0,0,0,0,1,0,0
2787,237.2,True,5,Apartamento,3.2,2.0,71.5,,0.0,194.5,,118.6,3.3175,0.2195,,Moderado,parcial,1,0,0,1,0,0,0
2788,398.7,True,5,Apartamento,7.9,1.0,69.9,2.0,11.6,321.2,29.0,398.7,5.7039,0.2413,0.4,Ineficiente,avanzado,1,0,1,1,1,1,0
2789,484.0,True,14,Oficina,3.6,4.0,232.8,0.0,4.5,480.3,29.0,121.0,2.079,0.0077,0.0,Eficiente,avanzado,1,0,1,0,0,0,0
2790,404.3,False,10,Casa,4.2,,,,,,,,,,,Eficiente,basico,0,0,1,1,0,0,0
2791,746.6,True,16,Comercio,4.1,5.0,156.7,5.0,0.0,646.6,30.0,149.32,4.7645,0.1547,0.3125,Moderado,avanzado,0,0,0,0,1,0,0
2792,371.5,True,5,Casa,8.5,2.0,117.2,1.0,4.9,366.8,29.0,185.75,3.1698,0.0128,0.2,Moderado,avanzado,1,0,1,0,0,0,0
2793,336.9,True,13,Apartamento,5.0,,92.8,,0.0,294.7,28.0,,3.6304,0.1432,,Eficiente,parcial,1,1,0,0,0,0,0
2794,1429.3,True,39,Oficina,15.7,,,11.0,5.7,,,,,,0.2821,Ineficiente,parcial,1,1,1,0,1,0,0
2795,759.3,True,20,Comercio,10.9,6.0,214.4,,,,,126.55,3.5415,,,Moderado,parcial,1,1,0,0,0,1,0
2796,264.9,False,8,Apartamento,0.2,2.0,36.7,0.0,0.0,223.3,30.0,132.45,7.218,0.1863,0.0,Eficiente,avanzado,0,0,0,1,0,0,1
2797,417.1,True,9,Apartamento,5.1,,,,0.0,460.0,30.0,,,-0.0933,,Moderado,parcial,1,1,0,0,0,1,0
2798,588.1,True,14,Casa,5.9,,,,,,,,,,,Moderado,basico,1,0,0,0,0,0,0
2799,405.2,False,14,Apartamento,3.8,4.0,130.8,2.0,0.0,396.1,31.0,101.3,3.0979,0.023,0.1429,Eficiente,avanzado,0,1,0,0,0,1,0
2800,656.6,False,16,Comercio,6.1,,,,,596.3,,,,0.1011,,Eficiente,parcial,0,0,0,0,0,1,1
2801,811.4,False,18,Oficina,9.7,5.0,151.7,8.0,0.0,1067.1,29.0,162.28,5.3487,-0.2396,0.4444,Ineficiente,avanzado,0,1,0,1,0,0,0
2802,510.0,False,16,Apartamento,7.7,4.0,88.8,2.0,9.4,402.8,28.0,127.5,5.7432,0.2661,0.125,Moderado,avanzado,0,0,1,0,0,0,0
2803,446.0,True,10,Casa,9.1,,,,,,,,,,,Moderado,basico,1,1,0,0,0,0,0
2804,285.0,True,8,Apartamento,5.0,,,,,,,,,,,Eficiente,basico,1,0,1,0,0,0,0
2805,401.1,False,6,Casa,4.3,1.0,151.8,2.0,,,,401.1,2.6423,,0.3333,Ineficiente,parcial,0,1,1,1,0,0,0
2806,587.4,True,13,Casa,8.7,,70.2,,0.5,678.7,28.0,,8.3675,-0.1345,,Ineficiente,parcial,1,1,0,1,0,1,0
2807,567.4,False,13,Casa,3.9,7.0,79.7,4.0,,,29.0,81.0571,7.1192,,0.3077,Moderado,parcial,0,0,0,1,0,1,0
2808,263.5,True,14,Apartamento,5.5,,,,,,,,,,,Eficiente,basico,1,0,0,0,0,0,0
2809,545.6,True,13,Casa,7.7,6.0,155.9,3.0,3.4,652.5,31.0,90.9333,3.4997,-0.1638,0.2308,Moderado,avanzado,1,1,0,0,0,0,0
2810,418.2,True,8,Casa,6.4,,,,,,,,,,,Moderado,basico,1,0,0,0,1,0,0
2811,526.4,False,19,Casa,5.4,6.0,154.5,3.0,0.0,441.1,29.0,87.7333,3.4071,0.1934,0.1579,Eficiente,avanzado,0,0,0,0,0,0,1
2812,735.7,False,16,Comercio,8.1,,,,,,,,,,,Ineficiente,basico,1,1,1,1,1,0,0
2813,383.1,False,11,Apartamento,5.2,1.0,108.9,4.0,8.0,390.9,28.0,383.1,3.5179,-0.02,0.3636,Ineficiente,avanzado,0,0,1,1,0,0,0
2814,444.8,True,14,Casa,4.8,4.0,117.2,1.0,0.0,404.4,28.0,111.2,3.7952,0.0999,0.0714,Eficiente,avanzado,1,0,1,0,1,0,0
2815,390.4,True,6,Casa,5.9,,,,6.2,428.1,31.0,,,-0.0881,,Eficiente,parcial,1,0,1,0,0,0,0
2816,321.7,False,10,Apartamento,4.0,,,,,,,,,,,Eficiente,basico,1,0,0,0,0,0,1
2817,556.7,True,16,Casa,5.7,6.0,,,,,,92.7833,,,,Moderado,parcial,0,0,0,0,0,0,1
2818,494.6,False,12,Apartamento,8.6,2.0,76.4,4.0,10.8,495.4,28.0,247.3,6.4738,-0.0016,0.3333,Ineficiente,avanzado,1,1,1,0,0,1,0
2819,479.9,True,8,Apartamento,6.5,3.0,42.4,2.0,6.7,518.4,29.0,159.9667,11.3184,-0.0743,0.25,Ineficiente,avanzado,1,1,1,0,1,1,0
2820,855.0,True,26,Oficina,5.6,,,,,,,,,,,Eficiente,basico,1,0,0,0,0,0,0
2821,566.6,False,13,Casa,6.2,6.0,133.7,3.0,4.3,631.6,28.0,94.4333,4.2378,-0.1029,0.2308,Eficiente,avanzado,0,0,0,0,0,0,1
2822,376.2,True,15,Apartamento,6.8,,80.8,,,,,,4.6559,,,Ineficiente,parcial,1,1,0,1,0,0,0
2823,631.8,True,10,Casa,6.5,,116.1,,,,,,5.4419,,,Moderado,parcial,1,1,1,0,1,0,0
2824,1070.6,True,27,Oficina,12.4,,169.3,9.0,6.0,1177.1,30.0,,6.3237,-0.0905,0.3333,Ineficiente,parcial,1,1,1,1,0,0,0
2825,928.6,True,28,Oficina,12.8,7.0,67.7,6.0,,,,132.6571,13.7164,,0.2143,Ineficiente,parcial,1,1,1,0,0,1,0
2826,311.5,False,9,Apartamento,0.2,6.0,88.0,1.0,0.0,333.9,31.0,51.9167,3.5398,-0.0671,0.1111,Eficiente,avanzado,0,0,0,0,0,0,1
2827,549.0,False,10,Apartamento,6.7,,121.0,1.0,8.6,569.4,30.0,,4.5372,-0.0358,0.1,Eficiente,parcial,0,0,1,0,0,0,1
2828,280.2,False,11,Casa,0.0,2.0,109.5,2.0,0.0,271.6,29.0,140.1,2.5589,0.0317,0.1818,Eficiente,avanzado,0,0,0,0,0,0,1
2829,669.2,False,15,Comercio,3.3,9.0,168.6,2.0,0.0,603.2,31.0,74.3556,3.9692,0.1094,0.1333,Eficiente,avanzado,0,0,0,0,0,0,1
2830,231.7,True,5,Apartamento,2.2,,,,,,,,,,,Moderado,basico,1,0,0,0,0,0,0
2831,412.8,True,5,Casa,8.6,1.0,125.3,1.0,,,,412.8,3.2945,,0.2,Ineficiente,parcial,1,0,1,1,1,0,0
2832,448.6,True,15,Apartamento,5.8,,,,0.0,,,,,,,Moderado,parcial,0,0,0,0,0,1,0
2833,468.9,True,10,Apartamento,6.3,4.0,125.8,3.0,4.2,403.9,29.0,117.225,3.7273,0.1609,0.3,Moderado,avanzado,1,0,0,0,0,0,0
2834,1116.9,False,30,Comercio,9.8,11.0,188.9,8.0,4.5,1222.3,28.0,101.5364,5.9127,-0.0862,0.2667,Moderado,avanzado,0,0,0,0,0,0,1
2835,583.9,True,15,Apartamento,8.4,4.0,61.9,4.0,9.2,555.1,28.0,145.975,9.433,0.0519,0.2667,Ineficiente,avanzado,1,0,1,0,0,0,0
2836,173.2,False,5,Apartamento,2.6,,,,,,,,,,,Moderado,basico,0,1,0,0,1,0,0
2837,409.0,True,13,Apartamento,6.7,4.0,79.5,1.0,0.0,352.6,31.0,102.25,5.1447,0.16,0.0769,Eficiente,avanzado,1,0,0,1,0,0,0
2838,402.9,False,12,Casa,5.0,,,0.0,,323.0,31.0,,,0.2474,0.0,Eficiente,parcial,0,0,1,1,0,1,0
2839,318.0,True,5,Casa,3.6,,,,,,,,,,,Eficiente,basico,1,0,0,0,0,0,1
2840,452.6,False,13,Casa,2.1,2.0,113.4,3.0,1.9,489.4,31.0,226.3,3.9912,-0.0752,0.2308,Moderado,avanzado,0,0,0,1,0,0,0
2841,630.6,True,11,Comercio,9.4,,,,,,,,,,,Ineficiente,basico,1,1,1,1,0,0,0
2842,349.9,True,5,Apartamento,6.1,,,,,,,,,,,Moderado,basico,0,0,1,0,0,0,0
2843,547.0,True,17,Apartamento,7.6,4.0,101.2,4.0,5.0,646.8,30.0,136.75,5.4051,-0.1543,0.2353,Moderado,avanzado,1,1,1,0,0,0,0
2844,750.0,True,13,Casa,8.5,10.0,155.7,2.0,5.2,817.8,31.0,75.0,4.817,-0.0829,0.1538,Moderado,avanzado,0,0,1,0,0,0,0
2845,339.8,True,10,Casa,8.4,2.0,166.2,1.0,0.0,304.9,31.0,169.9,2.0445,0.1145,0.1,Moderado,avanzado,1,1,0,0,1,0,0
2846,220.9,False,7,Apartamento,3.2,3.0,,,,,,73.6333,,,,Eficiente,parcial,0,0,0,0,0,0,1
2847,511.8,False,17,Casa,8.7,4.0,,,0.0,,,127.95,,,,Moderado,parcial,0,1,0,1,0,0,0
2848,550.6,True,14,Casa,6.2,6.0,225.4,,3.7,556.1,28.0,91.7667,2.4428,-0.0099,,Eficiente,parcial,1,1,1,1,0,0,0
2849,1007.3,False,23,Comercio,12.1,,,,,,,,,,,Moderado,basico,0,1,1,0,0,0,0
2850,614.5,True,19,Casa,8.1,,,,,,,,,,,Moderado,basico,1,1,0,0,0,0,0
2851,394.5,True,8,Casa,4.0,5.0,99.7,2.0,0.0,518.9,29.0,78.9,3.9569,-0.2397,0.25,Eficiente,avanzado,1,1,1,0,0,0,0
2852,354.6,True,10,Apartamento,7.4,3.0,73.0,2.0,0.0,,29.0,118.2,4.8575,,0.2,Moderado,parcial,0,1,0,0,0,0,0
2853,1196.0,True,33,Comercio,13.1,7.0,189.9,9.0,5.8,969.5,31.0,170.8571,6.2981,0.2336,0.2727,Ineficiente,avanzado,1,1,1,0,1,1,0
2854,481.5,True,8,Casa,6.2,,,,,,,,,,,Ineficiente,basico,1,1,0,0,0,0,0
2855,725.1,False,17,Comercio,8.6,3.0,,5.0,5.3,656.3,31.0,241.7,,0.1048,0.2941,Ineficiente,parcial,1,0,1,0,0,0,0
2856,1086.2,True,27,Oficina,12.9,8.0,126.3,11.0,7.5,885.0,29.0,135.775,8.6002,0.2273,0.4074,Ineficiente,avanzado,1,1,1,0,1,0,0
2857,414.2,True,8,Apartamento,2.5,3.0,94.3,4.0,0.0,452.1,28.0,138.0667,4.3924,-0.0838,0.5,Ineficiente,avanzado,0,0,0,0,0,0,1
2858,236.4,True,7,Apartamento,3.7,,,,,,,,,,,Eficiente,basico,1,0,0,0,0,0,1
2859,1102.5,False,28,Comercio,9.7,7.0,300.4,9.0,6.3,1314.8,28.0,157.5,3.6701,-0.1615,0.3214,Moderado,avanzado,1,1,0,0,1,0,0
2860,353.1,False,8,Apartamento,2.6,2.0,49.4,4.0,0.0,306.5,29.0,176.55,7.1478,0.152,0.5,Ineficiente,avanzado,0,1,0,1,0,1,0
2861,306.5,True,5,Casa,5.6,1.0,,,,,31.0,306.5,,,,Ineficiente,parcial,1,0,0,1,1,1,0
2862,278.9,False,11,Apartamento,2.6,4.0,74.7,1.0,0.0,246.2,28.0,69.725,3.7336,0.1328,0.0909,Eficiente,avanzado,0,0,0,0,0,0,1
2863,438.8,True,14,Casa,5.0,6.0,41.1,2.0,0.0,489.2,31.0,73.1333,10.6764,-0.103,0.1429,Moderado,avanzado,0,1,0,0,0,0,0
2864,316.3,False,4,Casa,2.4,3.0,191.8,1.0,1.4,220.3,31.0,105.4333,1.6491,0.4358,0.25,Eficiente,avanzado,0,0,0,0,1,0,1
2865,496.3,True,14,Casa,6.7,5.0,138.5,3.0,0.0,404.9,28.0,99.26,3.5834,0.2257,0.2143,Moderado,avanzado,1,0,0,0,0,1,0
2866,528.6,True,10,Casa,8.5,2.0,116.0,2.0,11.9,545.7,31.0,264.3,4.5569,-0.0313,0.2,Ineficiente,avanzado,1,1,1,0,0,0,0
2867,386.8,True,8,Casa,5.0,3.0,162.0,2.0,0.0,357.4,28.0,128.9333,2.3877,0.0823,0.25,Moderado,avanzado,1,1,0,1,1,0,0
2868,353.9,True,9,Apartamento,5.2,,93.9,,0.0,,31.0,,3.7689,,,Moderado,parcial,1,1,0,0,0,0,0
2869,530.2,True,12,Oficina,4.1,6.0,164.9,2.0,3.1,500.0,31.0,88.3667,3.2153,0.0604,0.1667,Eficiente,avanzado,0,0,1,0,0,0,1
2870,214.7,False,8,Casa,3.4,,,0.0,,,,,,,0.0,Eficiente,parcial,1,0,0,0,0,0,0
2871,355.8,True,10,Apartamento,3.9,,,,,,,,,,,Eficiente,basico,1,0,1,0,0,1,0
2872,212.1,True,5,Apartamento,5.8,1.0,93.6,1.0,0.0,243.3,28.0,212.1,2.266,-0.1282,0.2,Moderado,avanzado,1,0,0,1,0,1,0
2873,309.5,True,5,Casa,4.4,2.0,113.1,1.0,4.5,367.2,29.0,154.75,2.7365,-0.1571,0.2,Moderado,avanzado,0,0,1,0,0,1,0
2874,417.7,True,13,Casa,4.1,,,,,397.3,,,,0.0513,,Ineficiente,parcial,1,0,0,0,0,0,0
2875,418.4,True,8,Casa,6.4,,,,,,,,,,,Ineficiente,basico,1,1,0,1,0,0,0
2876,461.5,True,12,Casa,6.7,,,,,,,,,,,Eficiente,basico,1,0,0,0,0,0,0
2877,384.2,True,10,Casa,4.5,3.0,126.3,2.0,0.0,368.6,31.0,128.0667,3.042,0.0423,0.2,Eficiente,avanzado,1,0,0,0,0,0,1
2878,508.8,True,14,Casa,6.8,8.0,123.4,2.0,0.0,481.7,30.0,63.6,4.1232,0.0563,0.1429,Eficiente,avanzado,0,1,0,0,0,0,1
2879,158.4,False,6,Apartamento,4.6,1.0,100.3,0.0,0.0,172.5,29.0,158.4,1.5793,-0.0817,0.0,Eficiente,avanzado,0,0,0,0,0,0,1
2880,167.7,False,5,Casa,2.6,2.0,74.0,0.0,0.0,203.6,31.0,83.85,2.2662,-0.1763,0.0,Eficiente,avanzado,0,0,0,0,0,0,1
2881,308.8,False,4,Casa,0.4,,,,,,,,,,,Eficiente,basico,0,0,0,1,0,0,0
2882,335.5,True,9,Casa,5.4,4.0,108.8,0.0,,303.0,,83.875,3.0836,0.1073,0.0,Eficiente,parcial,1,0,0,0,0,0,1
2883,202.3,True,9,Apartamento,3.3,,,,,,,,,,,Eficiente,basico,1,0,0,0,0,1,0
2884,662.2,True,21,Casa,6.0,6.0,,,9.1,605.3,28.0,110.3667,,0.094,,Ineficiente,parcial,0,1,1,0,0,1,0
2885,367.2,False,15,Apartamento,2.6,4.0,70.6,3.0,0.0,,,91.8,5.2011,,0.2,Eficiente,parcial,0,0,0,0,0,0,1
2886,223.2,True,5,Casa,6.5,,,0.0,0.0,,,,,,0.0,Eficiente,parcial,1,0,0,0,1,1,0
2887,458.6,False,15,Casa,5.6,3.0,129.4,2.0,8.0,346.2,28.0,152.8667,3.544,0.3247,0.1333,Moderado,avanzado,0,1,1,0,1,0,0
2888,1011.0,True,25,Oficina,9.9,,,9.0,0.0,,31.0,,,,0.36,Ineficiente,parcial,0,1,1,1,0,1,0
2889,428.7,True,9,Casa,3.2,6.0,102.3,1.0,3.5,363.0,30.0,71.45,4.1906,0.181,0.1111,Eficiente,avanzado,1,0,0,0,0,0,1
2890,264.4,False,7,Casa,7.0,,84.9,,3.8,,,,3.1143,,,Eficiente,parcial,0,0,0,0,0,0,1
2891,946.5,False,20,Casa,9.4,,,,,,,,,,,Moderado,basico,0,1,0,0,0,0,0
2892,1071.9,False,25,Oficina,10.1,11.0,140.7,8.0,9.8,983.6,30.0,97.4455,7.6183,0.0898,0.32,Ineficiente,avanzado,0,1,1,0,0,0,0
2893,451.0,False,15,Apartamento,6.2,5.0,92.7,3.0,0.0,491.5,28.0,90.2,4.8652,-0.0824,0.2,Eficiente,avanzado,0,0,0,0,0,0,1
2894,473.5,True,10,Apartamento,9.8,,,,,,,,,,,Ineficiente,basico,1,1,1,0,1,1,0
2895,643.3,False,18,Oficina,1.9,,,,0.0,,,,,,,Eficiente,parcial,0,0,0,1,1,0,0
2896,598.8,False,13,Casa,7.4,,,,,,,,,,,Eficiente,basico,0,1,0,1,0,0,0
2897,743.4,False,22,Oficina,6.6,,,,7.4,537.5,,,,0.3831,,Moderado,parcial,0,0,1,0,1,0,0
2898,388.9,True,15,Casa,2.4,5.0,122.6,0.0,0.0,285.1,31.0,77.78,3.1721,0.3641,0.0,Eficiente,avanzado,0,1,0,0,1,0,0
2899,271.3,True,7,Apartamento,7.6,,,,,,,,,,,Ineficiente,basico,1,0,0,1,0,0,0
2900,435.9,True,9,Apartamento,7.7,3.0,104.6,3.0,8.4,339.8,30.0,145.3,4.1673,0.2828,0.3333,Ineficiente,avanzado,1,1,0,0,1,0,0
2901,511.0,False,14,Casa,3.2,7.0,199.4,2.0,0.0,439.7,30.0,73.0,2.5627,0.1622,0.1429,Eficiente,avanzado,0,0,0,0,0,0,1
2902,658.1,False,18,Oficina,9.4,,,,,,,,,,,Moderado,basico,0,0,1,0,0,0,0
2903,369.4,True,10,Casa,5.3,3.0,90.7,0.0,8.3,301.9,29.0,123.1333,4.0728,0.2236,0.0,Moderado,avanzado,1,0,0,0,0,0,0
2904,1085.0,True,30,Oficina,9.6,12.0,158.4,8.0,2.8,1374.3,29.0,90.4167,6.8497,-0.2105,0.2667,Moderado,avanzado,1,1,0,0,0,0,0
2905,398.1,True,5,Casa,7.9,1.0,150.6,3.0,8.2,296.4,29.0,398.1,2.6434,0.3431,0.6,Ineficiente,avanzado,1,0,1,1,1,0,0
2906,170.3,False,5,Apartamento,0.1,2.0,,1.0,,,31.0,85.15,,,0.2,Eficiente,parcial,0,0,0,0,1,0,1
2907,998.7,True,21,Oficina,9.2,9.0,233.5,6.0,3.1,1077.0,28.0,110.9667,4.2771,-0.0727,0.2857,Moderado,avanzado,1,1,0,0,0,1,0
2908,221.7,True,4,Casa,2.0,,94.2,0.0,5.4,197.9,,,2.3535,0.1203,0.0,Eficiente,parcial,0,0,0,0,0,1,1
2909,658.3,False,10,Oficina,5.7,1.0,146.9,5.0,12.5,725.3,28.0,658.3,4.4813,-0.0924,0.5,Ineficiente,avanzado,0,0,1,1,0,1,0
2910,254.6,True,7,Apartamento,4.8,,95.3,0.0,,247.7,30.0,,2.6716,0.0279,0.0,Eficiente,parcial,1,0,1,0,1,0,0
2911,397.4,True,9,Apartamento,3.5,4.0,95.1,0.0,4.8,380.9,28.0,99.35,4.1788,0.0433,0.0,Eficiente,avanzado,0,1,1,0,0,0,0
2912,471.5,False,9,Casa,6.2,4.0,107.8,1.0,,482.6,31.0,117.875,4.3738,-0.023,0.1111,Eficiente,parcial,0,1,1,0,0,1,0
2913,240.4,False,9,Apartamento,0.4,3.0,63.4,1.0,4.3,182.5,29.0,80.1333,3.7918,0.3173,0.1111,Eficiente,avanzado,0,0,0,0,1,0,0
2914,446.9,True,8,Apartamento,6.7,3.0,,3.0,,373.9,,148.9667,,0.1952,0.375,Ineficiente,parcial,1,0,1,0,1,0,0
2915,485.0,False,12,Apartamento,5.2,,,,,,,,,,,Ineficiente,basico,0,1,1,0,0,0,0
2916,507.6,True,12,Casa,7.6,,,2.0,,,,,,,0.1667,Ineficiente,parcial,1,1,1,0,1,0,0
2917,251.2,True,5,Casa,3.9,1.0,,1.0,,,29.0,251.2,,,0.2,Moderado,parcial,0,0,0,0,0,0,1
2918,655.2,False,17,Comercio,7.0,3.0,213.1,6.0,0.0,550.1,28.0,218.4,3.0746,0.1911,0.3529,Ineficiente,avanzado,0,1,0,0,0,1,0
2919,594.0,True,13,Casa,6.8,,,,3.9,,,,,,,Moderado,parcial,1,0,1,1,0,1,0
2920,257.4,True,7,Apartamento,3.5,,,,,,,,,,,Eficiente,basico,1,0,0,0,0,0,1
2921,646.9,True,15,Oficina,6.2,,53.8,,,,,,12.0242,,,Ineficiente,parcial,1,0,1,0,1,0,0
2922,780.6,True,15,Casa,9.1,,,,,,,,,,,Moderado,basico,1,0,1,0,0,1,0
2923,320.7,True,5,Casa,6.3,1.0,137.2,2.0,5.6,318.7,31.0,320.7,2.3375,0.0063,0.4,Ineficiente,avanzado,0,1,0,0,0,1,0
2924,612.4,False,14,Apartamento,2.3,7.0,81.9,4.0,4.6,631.3,28.0,87.4857,7.4774,-0.0299,0.2857,Moderado,avanzado,0,0,1,0,0,1,0
2925,297.8,False,12,Casa,2.3,,,,,364.1,,,,-0.1821,,Eficiente,parcial,0,0,1,0,0,0,1
2926,329.6,False,11,Apartamento,2.3,,,,,,,,,,,Ineficiente,basico,1,0,1,0,0,1,0
2927,406.1,False,11,Apartamento,4.2,3.0,77.1,2.0,5.5,441.1,31.0,135.3667,5.2672,-0.0793,0.1818,Eficiente,avanzado,0,1,1,0,0,0,0
2928,406.1,True,6,Apartamento,2.9,,109.2,,8.5,373.4,,,3.7189,0.0876,,Ineficiente,parcial,1,1,1,1,1,1,0
2929,476.1,False,12,Casa,5.1,6.0,161.8,3.0,0.0,754.9,31.0,79.35,2.9425,-0.3693,0.25,Eficiente,avanzado,0,1,1,0,0,0,0
2930,229.2,True,7,Apartamento,2.9,,,,,,,,,,,Ineficiente,basico,1,1,0,0,1,1,0
2931,438.9,True,4,Apartamento,7.3,,58.0,,,,,,7.5672,,,Ineficiente,parcial,1,0,1,0,1,0,0
2932,602.1,True,10,Casa,5.3,,,,,,,,,,,Moderado,basico,0,0,1,0,0,0,0
2933,397.5,True,11,Apartamento,7.1,2.0,82.3,3.0,0.0,337.8,30.0,198.75,4.8299,0.1767,0.2727,Ineficiente,avanzado,1,0,0,0,0,0,0
2934,1170.2,True,27,Oficina,10.9,12.0,136.9,8.0,6.0,1153.9,30.0,97.5167,8.5478,0.0141,0.2963,Ineficiente,avanzado,1,1,1,0,0,1,0
2935,369.7,True,6,Apartamento,5.2,3.0,73.8,1.0,7.2,273.5,29.0,123.2333,5.0095,0.3517,0.1667,Ineficiente,avanzado,1,0,0,0,1,1,0
2936,443.4,True,17,Apartamento,7.4,4.0,145.6,2.0,0.0,435.4,28.0,110.85,3.0453,0.0184,0.1176,Eficiente,avanzado,1,0,0,0,0,0,1
2937,615.6,True,20,Casa,5.5,,,,,,,,,,,Eficiente,basico,0,0,0,0,1,0,1
2938,490.1,False,13,Casa,2.5,4.0,193.4,4.0,1.8,515.1,30.0,122.525,2.5341,-0.0485,0.3077,Eficiente,avanzado,0,1,1,0,0,0,0
2939,265.8,False,6,Casa,0.0,2.0,128.8,1.0,0.5,200.7,30.0,132.9,2.0637,0.3244,0.1667,Eficiente,avanzado,0,0,0,0,1,0,1
2940,404.0,True,8,Casa,6.7,,,,,,,,,,,Ineficiente,basico,1,0,1,1,0,0,0
2941,1140.4,False,33,Oficina,7.7,15.0,154.2,7.0,2.2,1287.1,29.0,76.0267,7.3956,-0.114,0.2121,Moderado,avanzado,0,1,0,0,0,0,0
2942,400.6,True,10,Casa,4.1,5.0,182.0,1.0,1.0,560.6,31.0,80.12,2.2011,-0.2854,0.1,Eficiente,avanzado,0,0,0,0,0,0,1
2943,799.9,False,18,Comercio,10.4,4.0,204.3,5.0,8.4,806.5,31.0,199.975,3.9153,-0.0082,0.2778,Ineficiente,avanzado,0,1,1,0,0,1,0
2944,395.5,True,12,Casa,4.8,4.0,145.8,1.0,3.8,327.2,,98.875,2.7126,0.2087,0.0833,Eficiente,parcial,0,0,1,0,0,0,1
2945,590.8,False,14,Casa,4.4,5.0,136.0,3.0,4.7,653.6,30.0,118.16,4.3441,-0.0961,0.2143,Eficiente,avanzado,0,0,0,0,0,0,1
2946,324.7,True,6,Casa,4.4,,,,,,,,,,,Eficiente,basico,0,0,0,0,0,0,1
2947,387.2,False,11,Casa,6.3,3.0,172.6,1.0,3.0,387.1,31.0,129.0667,2.2433,0.0003,0.0909,Eficiente,avanzado,0,0,0,1,0,0,1
2948,1023.4,False,25,Comercio,12.9,8.0,138.1,6.0,10.8,765.1,31.0,127.925,7.4106,0.3376,0.24,Ineficiente,avanzado,0,1,1,0,0,1,0
2949,1431.1,True,32,Oficina,13.1,,,,,,,,,,,Ineficiente,basico,1,1,1,0,0,1,0
2950,806.1,True,19,Comercio,10.4,,,,,,,,,,,Ineficiente,basico,1,0,1,1,0,0,0
2951,455.2,True,11,Casa,6.1,5.0,122.4,2.0,5.1,396.2,28.0,91.04,3.719,0.1489,0.1818,Moderado,avanzado,1,0,0,0,0,0,0
2952,1116.5,False,26,Comercio,9.9,,,,,,,,,,,Moderado,basico,0,1,1,0,0,0,0
2953,361.3,False,7,Casa,4.1,2.0,154.6,2.0,1.0,451.9,31.0,180.65,2.337,-0.2005,0.2857,Eficiente,avanzado,0,1,0,0,0,1,0
2954,821.2,True,18,Oficina,8.5,10.0,107.7,5.0,2.1,782.4,30.0,82.12,7.6249,0.0496,0.2778,Moderado,avanzado,1,0,0,0,0,0,0
2955,192.4,False,6,Apartamento,1.9,,,,,,,,,,,Moderado,basico,0,0,1,0,0,0,0
2956,305.3,True,11,Casa,2.7,3.0,110.9,0.0,0.0,274.1,30.0,101.7667,2.7529,0.1138,0.0,Eficiente,avanzado,0,0,0,0,0,1,0
2957,460.9,False,8,Casa,7.1,1.0,233.2,2.0,4.9,373.2,28.0,460.9,1.9764,0.235,0.25,Ineficiente,avanzado,1,0,0,1,0,0,0
2958,600.3,True,20,Casa,6.5,7.0,125.0,2.0,3.4,710.2,30.0,85.7571,4.8024,-0.1547,0.1,Eficiente,avanzado,1,1,0,0,0,0,0
2959,218.7,True,8,Casa,5.3,1.0,166.8,0.0,,182.5,30.0,218.7,1.3112,0.1984,0.0,Eficiente,parcial,1,0,0,0,1,0,0
2960,976.6,True,22,Oficina,13.2,,,,,,,,,,,Ineficiente,basico,1,1,1,0,0,1,0
2961,736.4,False,14,Comercio,6.2,,,,,,,,,,,Moderado,basico,0,0,0,0,0,0,1
2962,1067.9,True,30,Oficina,13.5,,,,,,,,,,,Ineficiente,basico,1,1,0,1,0,0,0
2963,574.9,True,11,Casa,6.0,4.0,206.4,,7.1,599.5,29.0,143.725,2.7854,-0.041,,Moderado,parcial,0,0,0,0,0,0,1
2964,362.6,False,10,Apartamento,6.4,,47.0,1.0,,350.6,,,7.7149,0.0342,0.1,Moderado,parcial,0,1,0,0,0,1,0
2965,719.3,True,19,Casa,7.9,9.0,108.6,5.0,0.0,744.4,28.0,79.9222,6.6234,-0.0337,0.2632,Moderado,avanzado,1,0,0,0,1,1,0
2966,254.6,True,7,Apartamento,3.7,,,,,,,,,,,Eficiente,basico,0,0,0,1,0,0,1
2967,312.6,True,7,Casa,5.5,,201.9,,,,28.0,,1.5483,,,Eficiente,parcial,0,0,0,1,0,0,1
2968,384.4,True,10,Casa,4.3,,,,,,,,,,,Eficiente,basico,1,1,0,0,0,0,0
2969,464.9,True,13,Apartamento,5.8,4.0,94.2,,,596.7,,116.225,4.9352,-0.2209,,Moderado,parcial,0,1,0,0,0,0,0
2970,444.3,True,9,Casa,1.6,6.0,97.3,1.0,,485.3,30.0,74.05,4.5663,-0.0845,0.1111,Eficiente,parcial,0,1,0,0,0,1,0
2971,313.9,True,7,Apartamento,5.2,3.0,46.2,0.0,2.1,261.8,29.0,104.6333,6.7944,0.199,0.0,Moderado,avanzado,1,0,0,0,0,1,0
2972,464.7,True,8,Apartamento,7.3,2.0,50.5,3.0,5.0,385.7,31.0,232.35,9.202,0.2048,0.375,Ineficiente,avanzado,0,1,1,1,1,0,0
2973,439.4,True,10,Casa,7.9,,,,,,,,,,,Eficiente,basico,1,0,0,1,0,0,0
2974,944.7,False,25,Oficina,9.1,10.0,155.8,7.0,1.2,797.7,30.0,94.47,6.0635,0.1843,0.28,Moderado,avanzado,1,1,1,0,1,0,0
2975,243.7,True,6,Apartamento,3.5,3.0,48.7,0.0,6.0,221.3,31.0,81.2333,5.0041,0.1012,0.0,Eficiente,avanzado,1,0,0,0,0,0,0
2976,821.1,True,21,Comercio,9.6,6.0,180.5,2.0,11.2,770.6,30.0,136.85,4.549,0.0655,0.0952,Moderado,avanzado,1,1,1,0,0,1,0
2977,161.6,True,10,Apartamento,4.0,1.0,70.4,0.0,0.0,162.2,29.0,161.6,2.2955,-0.0037,0.0,Eficiente,avanzado,1,0,0,0,1,0,0
2978,287.4,True,10,Apartamento,7.0,1.0,64.5,1.0,1.6,277.2,29.0,287.4,4.4558,0.0368,0.1,Ineficiente,avanzado,0,0,0,1,1,0,0
2979,549.4,True,12,Apartamento,10.7,3.0,99.2,3.0,,,,183.1333,5.5383,,0.25,Ineficiente,parcial,1,0,1,1,0,1,0
2980,1030.9,True,18,Comercio,13.9,6.0,105.5,10.0,1.9,1018.4,31.0,171.8167,9.7716,0.0123,0.5556,Ineficiente,avanzado,1,1,1,0,0,1,0
2981,249.0,False,7,Apartamento,3.2,1.0,112.5,0.0,5.1,277.8,,249.0,2.2133,-0.1037,0.0,Eficiente,parcial,0,0,1,0,0,0,0
2982,457.1,True,6,Casa,8.0,,,,,,,,,,,Moderado,basico,1,0,1,1,0,1,0
2983,695.8,False,19,Casa,9.5,,,,1.0,,28.0,,,,,Moderado,parcial,0,1,1,1,1,1,0
2984,374.6,False,10,Apartamento,5.5,3.0,106.9,1.0,4.1,314.3,31.0,124.8667,3.5042,0.1919,0.1,Eficiente,avanzado,0,0,0,1,1,0,0
2985,485.7,True,9,Casa,5.4,,,,,,,,,,,Ineficiente,basico,1,1,1,1,0,0,0
2986,602.5,True,13,Casa,5.8,6.0,189.3,2.0,3.9,620.8,30.0,100.4167,3.1828,-0.0295,0.1538,Eficiente,avanzado,1,1,0,0,0,0,0
2987,421.1,True,8,Casa,5.7,2.0,149.0,1.0,0.0,349.4,31.0,210.55,2.8262,0.2052,0.125,Moderado,avanzado,1,1,0,0,0,1,0
2988,245.7,True,8,Apartamento,5.7,1.0,40.1,2.0,0.0,236.1,28.0,245.7,6.1272,0.0407,0.25,Ineficiente,avanzado,1,0,0,1,1,0,0
2989,336.9,True,10,Casa,4.6,,,,,,,,,,,Ineficiente,basico,1,0,1,1,0,0,0
2990,386.4,False,10,Apartamento,2.8,3.0,68.3,2.0,4.7,398.8,28.0,128.8,5.6574,-0.0311,0.2,Eficiente,avanzado,0,1,1,0,0,1,0
2991,922.0,False,28,Comercio,10.3,6.0,,6.0,5.3,940.1,29.0,153.6667,,-0.0193,0.2143,Moderado,parcial,0,0,0,1,0,0,0
2992,899.5,True,23,Comercio,4.9,10.0,154.4,6.0,0.0,1027.2,29.0,89.95,5.8258,-0.1243,0.2609,Moderado,avanzado,0,1,0,0,0,0,0
2993,487.1,True,11,Casa,8.3,3.0,126.8,2.0,12.4,446.2,30.0,162.3667,3.8415,0.0917,0.1818,Ineficiente,avanzado,1,1,1,0,1,1,0
2994,300.9,False,7,Apartamento,1.7,4.0,79.0,1.0,0.0,331.5,29.0,75.225,3.8089,-0.0923,0.1429,Eficiente,avanzado,0,0,0,0,0,0,1
2995,295.9,False,14,Apartamento,2.4,4.0,30.1,1.0,,334.8,29.0,73.975,9.8306,-0.1162,0.0714,Eficiente,parcial,0,0,0,0,0,1,1
2996,281.0,True,3,Apartamento,3.3,2.0,97.8,1.0,3.3,260.7,29.0,140.5,2.8732,0.0779,0.3333,Moderado,avanzado,0,1,0,0,0,0,0
2997,567.2,True,15,Apartamento,7.4,,,,,,,,,,,Moderado,basico,1,1,0,0,0,0,0
2998,436.4,False,10,Casa,5.4,,,,,,,,,,,Moderado,basico,0,1,1,0,1,0,0
2999,1089.0,False,23,Oficina,7.9,11.0,124.7,7.0,10.3,1064.9,31.0,99.0,8.733,0.0226,0.3043,Ineficiente,avanzado,1,1,1,1,0,0,0
3000,505.9,True,12,Casa,2.7,6.0,97.8,3.0,0.0,489.3,28.0,84.3167,5.1728,0.0339,0.25,Eficiente,avanzado,0,0,0,0,0,1,0
3001,760.2,True,13,Comercio,9.0,,,6.0,7.5,,,,,,0.4615,Ineficiente,parcial,1,1,1,1,0,0,0
3002,193.6,False,9,Apartamento,3.5,3.0,50.8,0.0,0.0,248.7,29.0,64.5333,3.811,-0.2216,0.0,Eficiente,avanzado,0,0,0,0,0,0,1
3003,591.0,True,11,Casa,7.6,,,,,,,,,,,Moderado,basico,1,0,0,0,1,0,0
3004,849.7,False,21,Comercio,5.7,,,,,715.2,28.0,,,0.1881,,Moderado,parcial,0,1,0,0,0,1,0
3005,541.5,True,18,Casa,7.6,4.0,173.0,4.0,0.0,512.0,30.0,135.375,3.1301,0.0576,0.2222,Moderado,avanzado,1,1,0,0,0,0,0
3006,739.4,False,17,Comercio,7.2,7.0,217.7,3.0,4.5,,,105.6286,3.3964,,0.1765,Eficiente,parcial,0,0,0,0,0,0,1
3007,303.1,True,10,Apartamento,3.7,,,,,,,,,,,Eficiente,basico,1,1,0,0,0,0,0
3008,565.4,True,14,Casa,6.2,4.0,95.9,5.0,0.0,679.8,29.0,141.35,5.8957,-0.1683,0.3571,Ineficiente,avanzado,1,1,0,0,0,1,0
3009,307.6,False,6,Casa,3.1,1.0,156.8,0.0,8.0,287.4,28.0,307.6,1.9617,0.0703,0.0,Moderado,avanzado,0,0,0,0,0,0,1
3010,1115.1,True,26,Comercio,11.0,9.0,97.9,11.0,4.1,1126.3,30.0,123.9,11.3902,-0.0099,0.4231,Ineficiente,avanzado,1,1,1,0,1,1,0
3011,482.7,True,8,Casa,7.7,,,2.0,,,,,,,0.25,Moderado,parcial,0,0,1,0,0,1,0
3012,1182.6,True,31,Oficina,9.4,16.0,95.2,7.0,0.0,1274.5,30.0,73.9125,12.4223,-0.0721,0.2258,Ineficiente,avanzado,0,1,0,0,0,1,0
3013,618.7,True,14,Comercio,5.5,2.0,138.0,5.0,0.0,503.1,30.0,309.35,4.4833,0.2298,0.3571,Ineficiente,avanzado,1,1,0,1,0,0,0
3014,332.9,False,4,Apartamento,0.2,4.0,67.5,2.0,6.4,333.5,29.0,83.225,4.9319,-0.0018,0.5,Moderado,avanzado,0,1,1,0,0,0,0
3015,383.9,True,10,Casa,6.3,,193.8,,,,,,1.9809,,,Moderado,parcial,1,0,0,0,0,0,0
3016,304.1,False,10,Apartamento,2.2,1.0,25.0,2.0,0.0,,31.0,304.1,12.164,,0.2,Ineficiente,parcial,0,0,0,1,0,0,0
3017,1362.0,True,27,Oficina,12.5,,,,,,,,,,,Ineficiente,basico,1,1,1,0,0,0,0
3018,394.7,False,9,Casa,7.8,3.0,101.2,1.0,9.9,330.5,28.0,131.5667,3.9002,0.1943,0.1111,Moderado,avanzado,0,0,1,0,0,1,0
3019,486.6,False,7,Casa,2.7,5.0,129.8,3.0,5.9,418.2,29.0,97.32,3.7488,0.1636,0.4286,Moderado,avanzado,0,0,1,0,1,0,0
3020,450.4,False,10,Casa,2.2,,,,,,,,,,,Eficiente,basico,0,0,1,1,0,1,0
3021,559.8,False,17,Casa,4.0,,,,,,,,,,,Eficiente,basico,0,1,0,0,0,0,1
3022,727.9,False,17,Comercio,4.0,,,,,,,,,,,Eficiente,basico,0,1,1,0,0,1,0
3023,316.7,False,8,Apartamento,3.2,1.0,92.6,,7.4,339.9,28.0,316.7,3.4201,-0.0683,,Moderado,parcial,1,0,1,1,1,0,0
3024,313.4,False,9,Apartamento,4.6,2.0,126.9,0.0,9.8,298.1,30.0,156.7,2.4697,0.0513,0.0,Eficiente,avanzado,0,0,1,0,0,0,0
3025,508.4,True,10,Casa,5.1,5.0,165.7,4.0,0.0,405.5,30.0,101.68,3.0682,0.2538,0.4,Moderado,avanzado,1,0,0,0,1,0,0
3026,718.8,True,16,Casa,9.1,7.0,130.1,4.0,4.1,586.6,30.0,102.6857,5.525,0.2254,0.25,Ineficiente,avanzado,0,1,1,0,0,1,0
3027,574.2,False,13,Casa,6.6,6.0,111.8,4.0,5.0,494.5,28.0,95.7,5.136,0.1612,0.3077,Moderado,avanzado,0,1,1,0,0,0,0
3028,865.3,False,17,Comercio,7.8,,,7.0,,774.5,,,,0.1172,0.4118,Ineficiente,parcial,0,1,1,0,0,1,0
3029,441.6,False,13,Apartamento,6.2,4.0,,3.0,,,30.0,110.4,,,0.2308,Eficiente,parcial,0,1,0,0,0,1,0
3030,517.6,False,12,Casa,5.2,7.0,,,,,,73.9429,,,,Eficiente,parcial,0,0,0,0,0,0,1
3031,1279.7,False,26,Comercio,12.9,,227.3,,,1441.1,28.0,,5.63,-0.112,,Ineficiente,parcial,0,1,1,1,0,0,0
3032,261.8,True,9,Casa,7.3,,,1.0,0.8,276.2,28.0,,,-0.0521,0.1111,Ineficiente,parcial,1,0,0,1,0,1,0
3033,403.2,False,11,Casa,3.8,,,,3.8,363.5,,,,0.1092,,Ineficiente,parcial,0,0,1,0,0,1,0
3034,437.5,True,12,Casa,4.7,4.0,134.7,3.0,0.0,312.2,,109.375,3.248,0.4013,0.25,Moderado,parcial,1,0,0,0,0,0,0
3035,811.2,False,21,Oficina,7.9,5.0,137.0,7.0,9.7,776.7,29.0,162.24,5.9212,0.0444,0.3333,Ineficiente,avanzado,0,1,1,0,0,0,0
3036,432.6,True,12,Apartamento,5.2,,,,,,,,,,,Moderado,basico,1,0,0,0,1,0,0
3037,208.9,True,9,Apartamento,2.2,3.0,108.0,0.0,1.3,236.8,31.0,69.6333,1.9343,-0.1178,0.0,Eficiente,avanzado,0,0,0,0,1,0,0
3038,454.1,False,10,Casa,3.3,3.0,185.5,2.0,8.1,408.3,28.0,151.3667,2.448,0.1122,0.2,Eficiente,avanzado,0,0,1,0,0,0,1
3039,218.4,True,5,Casa,3.5,,,,,,,,,,,Eficiente,basico,0,0,0,1,0,0,1
3040,489.3,False,13,Apartamento,6.2,2.0,41.4,7.0,2.8,420.2,28.0,244.65,11.8188,0.1644,0.5385,Ineficiente,avanzado,0,1,1,1,0,1,0
3041,390.4,True,10,Casa,4.5,,,,,,,,,,,Eficiente,basico,1,1,0,0,0,1,0
3042,911.8,False,22,Oficina,6.4,,,,,,,,,,,Moderado,basico,0,0,0,0,0,0,1
3043,603.4,True,9,Comercio,8.6,2.0,190.8,4.0,4.1,687.2,31.0,301.7,3.1625,-0.1219,0.4444,Ineficiente,avanzado,1,1,0,1,0,0,0
3044,356.9,False,10,Apartamento,6.1,1.0,48.8,2.0,0.0,354.9,31.0,356.9,7.3135,0.0056,0.2,Ineficiente,avanzado,0,1,0,1,0,0,0
3045,875.3,False,22,Comercio,8.3,,,,,,,,,,,Moderado,basico,0,1,0,0,0,0,0
3046,817.1,False,27,Oficina,9.1,10.0,60.9,7.0,1.1,830.1,28.0,81.71,13.4171,-0.0157,0.2593,Ineficiente,avanzado,0,0,0,0,0,1,0
3047,464.0,True,6,Apartamento,8.9,,,,,,,,,,,Ineficiente,basico,1,1,1,1,1,1,0
3048,151.7,False,4,Apartamento,3.5,1.0,57.0,0.0,5.3,146.6,31.0,151.7,2.6614,0.0348,0.0,Eficiente,avanzado,0,0,1,1,0,1,0
3049,862.5,True,20,Oficina,6.2,,,,,,,,,,,Moderado,basico,1,0,0,0,0,1,0
3050,252.0,False,9,Casa,1.3,,,,,,,,,,,Eficiente,basico,0,0,0,0,1,0,1
3051,1143.7,False,31,Oficina,10.9,,,,,,,,,,,Ineficiente,basico,1,1,0,0,0,1,0
3052,346.5,True,8,Casa,6.6,1.0,71.2,2.0,4.0,254.7,29.0,346.5,4.8666,0.3604,0.25,Ineficiente,avanzado,1,1,0,1,1,1,0
3053,381.2,True,11,Apartamento,7.8,2.0,96.3,3.0,0.0,356.6,31.0,190.6,3.9585,0.069,0.2727,Moderado,avanzado,1,1,0,0,0,0,0
3054,758.7,True,22,Comercio,11.2,,,,,,,,,,,Ineficiente,basico,1,1,0,1,0,1,0
3055,230.0,True,6,Apartamento,5.5,,,,,,,,,,,Moderado,basico,1,1,0,0,0,0,0
3056,435.9,True,9,Apartamento,7.9,5.0,95.9,2.0,5.9,533.7,30.0,87.18,4.5454,-0.1832,0.2222,Moderado,avanzado,0,0,0,0,0,0,1
3057,287.1,True,7,Apartamento,4.2,1.0,100.0,1.0,2.9,312.5,29.0,287.1,2.871,-0.0813,0.1429,Moderado,avanzado,0,1,0,0,0,0,0
3058,509.9,False,14,Casa,4.2,,,,,590.2,,,,-0.1361,,Eficiente,parcial,0,0,1,0,0,0,1
3059,711.2,True,18,Casa,8.7,,,,,,,,,,,Moderado,basico,1,1,1,1,0,0,0
3060,484.2,True,7,Casa,5.5,4.0,219.7,0.0,7.4,420.4,28.0,121.05,2.2039,0.1518,0.0,Eficiente,avanzado,1,0,0,0,1,0,0
3061,199.6,True,8,Apartamento,5.2,3.0,81.4,0.0,0.0,206.3,28.0,66.5333,2.4521,-0.0325,0.0,Eficiente,avanzado,1,0,0,0,0,0,1
3062,361.0,True,8,Apartamento,10.1,,,2.0,0.0,247.9,29.0,,,0.4562,0.25,Ineficiente,parcial,1,1,0,1,0,0,0
3063,420.7,False,6,Casa,4.6,3.0,116.7,2.0,10.8,513.4,31.0,140.2333,3.605,-0.1806,0.3333,Moderado,avanzado,0,1,1,0,0,0,0
3064,1157.1,False,39,Oficina,11.0,,,,,1379.4,,,,-0.1612,,Ineficiente,parcial,1,1,0,1,0,1,0
3065,636.5,True,13,Casa,9.7,5.0,88.8,7.0,5.1,542.6,31.0,127.3,7.1678,0.1731,0.5385,Ineficiente,avanzado,1,1,1,1,0,1,0
3066,431.6,True,14,Apartamento,5.2,5.0,56.6,1.0,2.5,432.4,28.0,86.32,7.6254,-0.0019,0.0714,Moderado,avanzado,1,0,0,1,0,0,0
3067,484.3,True,9,Casa,8.5,,,,,,,,,,,Ineficiente,basico,1,1,1,1,0,0,0
3068,546.3,True,13,Casa,8.8,5.0,70.2,4.0,0.0,483.5,31.0,109.26,7.7821,0.1299,0.3077,Ineficiente,avanzado,1,0,0,1,0,1,0
3069,408.3,True,12,Apartamento,9.0,,,,,,,,,,,Ineficiente,basico,1,0,0,0,0,1,0
3070,254.4,True,10,Apartamento,5.5,,,,,,,,,,,Eficiente,basico,1,0,0,0,1,0,0
3071,590.4,True,15,Casa,10.2,,,,,,,,,,,Moderado,basico,1,1,0,0,0,0,0
3072,1087.4,True,30,Oficina,9.3,,,,,,,,,,,Ineficiente,basico,1,1,0,1,0,0,0
3073,647.4,True,15,Comercio,9.4,6.0,145.7,3.0,3.9,489.2,30.0,107.9,4.4434,0.3234,0.2,Moderado,avanzado,0,0,0,0,1,0,0
3074,356.6,True,4,Apartamento,7.0,1.0,96.4,1.0,8.7,282.7,30.0,356.6,3.6992,0.2614,0.25,Ineficiente,avanzado,0,0,1,1,0,1,0
3075,788.8,True,17,Comercio,9.5,2.0,269.7,4.0,9.3,649.2,31.0,394.4,2.9247,0.215,0.2353,Ineficiente,avanzado,1,0,1,0,1,0,0
3076,981.9,False,32,Oficina,9.0,,,7.0,0.0,814.1,,,,0.2061,0.2188,Eficiente,parcial,1,1,0,1,1,0,0
3077,438.6,False,12,Casa,0.4,,,,5.9,,29.0,,,,,Eficiente,parcial,0,0,0,0,0,0,1
3078,281.1,True,9,Apartamento,5.8,,71.2,1.0,0.0,253.6,,,3.948,0.1084,0.1111,Moderado,parcial,1,1,0,0,0,0,0
3079,154.2,False,7,Apartamento,1.5,3.0,,,,,30.0,51.4,,,,Eficiente,parcial,0,0,1,0,0,0,1
3080,420.1,True,12,Casa,4.5,,159.8,,0.0,287.3,30.0,,2.6289,0.4622,,Eficiente,parcial,1,0,0,0,1,0,0
3081,306.6,False,8,Casa,4.7,,,,,,,,,,,Ineficiente,basico,0,0,0,1,1,0,0
3082,483.4,False,12,Casa,5.1,,,,,,,,,,,Eficiente,basico,0,1,0,0,1,0,0
3083,444.7,False,13,Apartamento,3.5,4.0,75.9,3.0,1.0,377.9,30.0,111.175,5.859,0.1768,0.2308,Moderado,avanzado,0,1,0,0,1,1,0
3084,656.4,False,15,Comercio,4.3,6.0,106.6,5.0,0.0,566.2,29.0,109.4,6.1576,0.1593,0.3333,Moderado,avanzado,0,1,0,0,1,0,0
3085,958.4,False,23,Comercio,8.9,,25.0,,,,,,38.336,,,Ineficiente,parcial,0,1,1,0,0,1,0
3086,499.6,True,12,Casa,6.6,4.0,106.9,2.0,4.6,394.2,28.0,124.9,4.6735,0.2674,0.1667,Moderado,avanzado,0,0,1,0,1,0,0
3087,532.1,False,10,Casa,7.1,7.0,196.2,2.0,6.3,457.3,30.0,76.0143,2.712,0.1636,0.2,Eficiente,avanzado,1,0,0,0,0,0,0
3088,425.0,True,11,Apartamento,7.6,4.0,111.9,3.0,7.5,486.9,31.0,106.25,3.798,-0.1271,0.2727,Moderado,avanzado,1,1,1,0,0,1,0
3089,265.7,False,7,Apartamento,3.7,3.0,100.6,2.0,0.0,250.6,31.0,88.5667,2.6412,0.0603,0.2857,Eficiente,avanzado,0,0,0,0,1,0,1
3090,849.5,False,19,Oficina,8.1,9.0,121.3,5.0,9.5,779.6,29.0,94.3889,7.0033,0.0897,0.2632,Moderado,avanzado,0,1,1,0,1,0,0
3091,772.5,True,16,Comercio,8.2,,,,,,,,,,,Ineficiente,basico,1,1,0,0,0,0,0
3092,1434.5,True,35,Oficina,12.2,,223.0,,,1633.6,30.0,,6.4327,-0.1219,,Ineficiente,parcial,1,0,0,0,1,1,0
3093,658.9,True,19,Comercio,7.4,,,,,,,,,,,Ineficiente,basico,1,1,0,1,0,1,0
3094,767.1,True,20,Oficina,5.2,,,,,,,,,,,Moderado,basico,0,0,0,0,0,1,0
3095,362.2,True,5,Apartamento,7.8,,,,,,,,,,,Ineficiente,basico,1,1,1,1,0,0,0
3096,657.1,False,16,Casa,7.9,8.0,140.2,3.0,10.9,569.7,31.0,82.1375,4.6869,0.1534,0.1875,Moderado,avanzado,1,1,1,0,0,0,0
3097,773.8,True,22,Casa,9.5,7.0,122.7,6.0,2.4,748.7,30.0,110.5429,6.3064,0.0335,0.2727,Moderado,avanzado,1,0,1,0,0,0,0
3098,352.6,True,8,Casa,6.2,,183.7,,,339.7,,,1.9194,0.038,,Eficiente,parcial,0,0,1,0,0,1,0
3099,499.3,False,14,Casa,3.9,,,,,,,,,,,Eficiente,basico,0,0,0,0,0,0,1
3100,270.8,True,3,Casa,4.0,2.0,143.2,1.0,0.0,282.2,31.0,135.4,1.8911,-0.0404,0.3333,Moderado,avanzado,0,0,0,0,0,0,1
3101,1091.6,True,27,Oficina,10.3,11.0,217.7,11.0,0.0,1046.2,31.0,99.2364,5.0142,0.0434,0.4074,Ineficiente,avanzado,1,0,0,0,0,1,0
3102,569.5,False,22,Casa,6.6,5.0,28.1,,,741.5,,113.9,20.2669,-0.232,,Ineficiente,parcial,0,1,1,0,0,1,0
3103,574.4,False,9,Oficina,5.0,3.0,162.2,3.0,5.2,537.6,30.0,191.4667,3.5413,0.0685,0.3333,Moderado,avanzado,0,0,0,1,1,0,0
3104,1052.2,False,27,Comercio,11.3,,,,,,,,,,,Ineficiente,basico,0,0,1,0,0,0,0
3105,216.0,True,4,Apartamento,5.8,3.0,73.0,0.0,0.0,266.7,30.0,72.0,2.9589,-0.1901,0.0,Eficiente,avanzado,0,0,0,0,1,0,1
3106,207.4,True,8,Apartamento,2.4,,,0.0,,,,,,,0.0,Eficiente,parcial,0,0,0,0,0,0,1
3107,522.4,True,17,Casa,5.0,6.0,106.6,3.0,0.0,842.6,29.0,87.0667,4.9006,-0.38,0.1765,Eficiente,avanzado,0,0,0,0,0,1,1
3108,627.5,False,13,Apartamento,6.6,,83.5,,,629.7,28.0,,7.515,-0.0035,,Ineficiente,parcial,1,1,1,0,0,1,0
3109,510.7,True,13,Casa,9.1,,151.2,2.0,8.0,,30.0,,3.3776,,0.1538,Moderado,parcial,1,0,1,1,0,0,0
3110,918.5,False,28,Oficina,10.5,7.0,154.8,8.0,,,29.0,131.2143,5.9335,,0.2857,Ineficiente,parcial,1,1,0,1,0,0,0
3111,400.6,False,8,Casa,8.2,2.0,139.7,3.0,3.0,275.6,29.0,200.3,2.8676,0.4536,0.375,Ineficiente,avanzado,0,1,0,0,1,0,0
3112,442.7,True,14,Casa,5.6,6.0,130.1,1.0,1.7,407.7,31.0,73.7833,3.4028,0.0858,0.0714,Eficiente,avanzado,1,0,0,0,1,0,0
3113,235.6,True,6,Apartamento,4.3,3.0,75.6,0.0,0.0,,31.0,78.5333,3.1164,,0.0,Eficiente,parcial,1,0,0,0,0,0,0
3114,348.2,False,10,Apartamento,3.8,2.0,79.9,2.0,0.0,449.3,28.0,174.1,4.3579,-0.225,0.2,Eficiente,avanzado,0,1,0,0,1,0,0
3115,205.6,False,8,Apartamento,3.4,3.0,55.4,1.0,0.0,205.3,30.0,68.5333,3.7112,0.0015,0.125,Eficiente,avanzado,0,1,0,1,0,0,0
3116,402.7,True,11,Apartamento,6.0,,,,,,,,,,,Ineficiente,basico,0,0,1,1,0,1,0
3117,326.6,False,9,Casa,4.1,,,1.0,3.7,,,,,,0.1111,Moderado,parcial,0,1,0,1,0,0,0
3118,246.9,True,8,Apartamento,3.4,1.0,68.3,,4.4,185.2,28.0,246.9,3.6149,0.3332,,Ineficiente,parcial,1,0,1,1,1,0,0
3119,575.8,False,11,Casa,5.4,6.0,151.6,4.0,1.0,522.8,28.0,95.9667,3.7982,0.1014,0.3636,Moderado,avanzado,0,1,0,0,0,0,0
3120,659.6,True,14,Casa,8.8,6.0,130.2,2.0,10.4,557.8,29.0,109.9333,5.0661,0.1825,0.1429,Moderado,avanzado,1,1,1,1,0,1,0
3121,514.1,True,9,Casa,6.4,3.0,187.2,2.0,8.2,377.1,29.0,171.3667,2.7463,0.3633,0.2222,Ineficiente,avanzado,1,1,1,1,0,0,0
3122,900.3,True,18,Casa,9.2,,,,,,,,,,,Ineficiente,basico,1,1,1,0,0,1,0
3123,426.4,True,8,Casa,4.8,,,,,,,,,,,Moderado,basico,1,0,0,0,0,0,0
3124,267.9,True,6,Apartamento,4.0,,100.5,0.0,,,30.0,,2.6657,,0.0,Ineficiente,parcial,0,0,1,0,0,0,0
3125,629.6,True,10,Casa,5.9,5.0,144.9,2.0,9.3,671.0,31.0,125.92,4.3451,-0.0617,0.2,Moderado,avanzado,1,0,0,0,0,0,0
3126,254.1,True,6,Casa,8.6,1.0,86.5,1.0,1.6,218.0,28.0,254.1,2.9376,0.1656,0.1667,Ineficiente,avanzado,1,0,0,0,0,0,0
3127,317.1,False,9,Apartamento,4.3,,,,,,,,,,,Eficiente,basico,0,0,0,0,0,1,0
3128,515.9,True,17,Casa,6.6,,,,,,,,,,,Ineficiente,basico,1,0,0,0,1,0,0
3129,321.5,False,5,Apartamento,1.7,4.0,25.0,1.0,2.2,253.0,,80.375,12.86,0.2708,0.2,Ineficiente,parcial,0,1,0,0,0,0,0
3130,956.1,False,29,Oficina,8.3,10.0,178.5,6.0,,748.3,28.0,95.61,5.3563,0.2777,0.2069,Moderado,parcial,0,0,0,0,1,0,0
3131,330.3,False,14,Apartamento,5.0,2.0,88.6,1.0,0.0,432.8,31.0,165.15,3.728,-0.2368,0.0714,Eficiente,avanzado,1,0,0,0,0,0,1
3132,895.3,False,22,Oficina,9.7,,,,,,,,,,,Ineficiente,basico,0,1,0,0,0,0,0
3133,418.3,False,15,Casa,6.9,,193.4,2.0,,348.7,29.0,,2.1629,0.1996,0.1333,Moderado,parcial,0,0,0,1,1,0,0
3134,301.3,True,8,Casa,5.7,,,,,,,,,,,Eficiente,basico,1,0,0,0,1,0,0
3135,418.7,True,14,Apartamento,5.3,,,,,,,,,,,Moderado,basico,1,0,0,0,0,0,0
3136,548.5,True,14,Comercio,3.8,5.0,214.4,0.0,0.0,529.9,30.0,109.7,2.5583,0.0351,0.0,Eficiente,avanzado,1,1,0,0,0,0,0
3137,716.8,True,20,Comercio,8.2,,,,,,,,,,,Ineficiente,basico,1,0,1,0,1,0,0
3138,556.5,True,17,Casa,8.8,,,,,,,,,,,Moderado,basico,1,0,0,0,0,0,0
3139,1156.9,True,26,Comercio,11.1,8.0,180.7,11.0,4.8,863.6,30.0,144.6125,6.4023,0.3396,0.4231,Ineficiente,avanzado,1,0,1,1,0,0,0
3140,775.6,False,19,Casa,10.7,7.0,149.0,5.0,3.8,1058.8,29.0,110.8,5.2054,-0.2675,0.2632,Moderado,avanzado,0,1,0,0,1,0,0
3141,397.5,True,8,Casa,4.8,,,,,,,,,,,Moderado,basico,0,0,0,0,0,0,1
3142,477.8,True,7,Casa,7.0,,,,,,,,,,,Moderado,basico,1,1,0,0,0,0,0
3143,909.5,False,26,Oficina,9.2,8.0,,8.0,,,,113.6875,,,0.3077,Ineficiente,parcial,0,1,0,0,0,0,0
3144,377.5,False,10,Casa,6.1,2.0,101.9,1.0,6.8,397.4,30.0,188.75,3.7046,-0.0501,0.1,Eficiente,avanzado,0,0,1,1,0,0,0
3145,759.7,True,17,Comercio,3.5,,,,,,,,,,,Moderado,basico,1,1,0,0,0,0,0
3146,393.3,True,12,Apartamento,7.0,5.0,71.6,2.0,0.0,385.4,30.0,78.66,5.493,0.0205,0.1667,Eficiente,avanzado,0,1,0,0,1,0,0
3147,324.2,False,12,Apartamento,3.0,4.0,82.5,1.0,0.0,300.0,30.0,81.05,3.9297,0.0807,0.0833,Eficiente,avanzado,0,0,1,0,0,0,1
3148,338.8,True,3,Apartamento,4.1,1.0,42.2,2.0,7.4,327.1,28.0,338.8,8.0284,0.0358,0.6667,Ineficiente,avanzado,1,1,1,1,0,0,0
3149,606.7,False,13,Comercio,7.6,3.0,323.9,3.0,6.2,618.9,31.0,202.2333,1.8731,-0.0197,0.2308,Moderado,avanzado,0,0,0,1,0,0,0
3150,593.9,True,18,Casa,5.3,5.0,,4.0,,,30.0,118.78,,,0.2222,Moderado,parcial,1,0,1,1,0,0,0
3151,588.0,False,15,Casa,8.2,8.0,85.6,2.0,1.9,716.4,30.0,73.5,6.8692,-0.1792,0.1333,Eficiente,avanzado,0,0,1,0,0,0,0
3152,204.2,False,5,Apartamento,2.8,,,1.0,,,,,,,0.2,Eficiente,parcial,0,0,0,0,0,1,1
3153,431.4,False,10,Casa,5.5,1.0,,2.0,9.4,483.0,31.0,431.4,,-0.1068,0.2,Ineficiente,parcial,0,1,0,1,1,0,0
3154,855.4,True,19,Casa,7.7,8.0,150.3,5.0,9.7,746.9,,106.925,5.6913,0.1453,0.2632,Ineficiente,parcial,1,0,1,0,0,0,0
3155,446.4,False,12,Casa,4.8,,,,,,,,,,,Eficiente,basico,0,0,0,0,0,0,1
3156,592.4,True,10,Casa,8.1,5.0,,,,543.3,29.0,118.48,,0.0904,,Moderado,parcial,1,0,1,0,0,1,0
3157,671.2,True,12,Casa,8.6,4.0,174.5,3.0,10.8,609.5,30.0,167.8,3.8464,0.1012,0.25,Ineficiente,avanzado,1,0,1,0,0,0,0
3158,221.4,True,5,Casa,4.4,,,,,,,,,,,Eficiente,basico,1,0,0,1,0,0,0
3159,623.0,False,14,Oficina,8.2,2.0,65.5,5.0,4.6,647.3,30.0,311.5,9.5115,-0.0375,0.3571,Ineficiente,avanzado,0,1,1,1,0,0,0
3160,424.0,False,9,Casa,2.8,5.0,100.9,2.0,3.3,420.7,31.0,84.8,4.2022,0.0078,0.2222,Eficiente,avanzado,0,0,0,0,0,0,1
3161,760.7,True,20,Oficina,7.2,,,,,,,,,,,Ineficiente,basico,0,0,1,1,0,1,0
3162,537.4,False,15,Oficina,3.2,3.0,,3.0,,589.4,,179.1333,,-0.0882,0.2,Moderado,parcial,0,0,0,1,0,0,0
3163,337.9,False,11,Casa,4.2,3.0,91.0,2.0,1.9,304.7,31.0,112.6333,3.7132,0.109,0.1818,Eficiente,avanzado,0,0,0,1,0,0,1
3164,423.3,False,10,Apartamento,4.5,,,,,,,,,,,Moderado,basico,0,0,0,0,0,0,1
3165,375.1,True,13,Apartamento,5.1,3.0,81.7,2.0,0.0,344.8,28.0,125.0333,4.5912,0.0879,0.1538,Moderado,avanzado,1,0,0,1,0,1,0
3166,466.4,True,14,Apartamento,7.5,5.0,81.0,3.0,2.4,362.2,28.0,93.28,5.758,0.2877,0.2143,Moderado,avanzado,0,1,1,0,1,0,0
3167,444.0,True,11,Casa,5.3,,,,,,,,,,,Eficiente,basico,1,0,1,0,0,0,0
3168,839.0,True,29,Casa,8.3,8.0,128.1,5.0,3.0,681.0,30.0,104.875,6.5496,0.232,0.1724,Moderado,avanzado,0,0,0,0,0,0,1
3169,293.7,False,11,Casa,1.4,5.0,132.5,0.0,0.0,325.7,28.0,58.74,2.2166,-0.0982,0.0,Eficiente,avanzado,0,0,0,0,0,0,1
3170,210.7,True,5,Apartamento,4.9,2.0,88.9,1.0,0.0,190.3,28.0,105.35,2.3701,0.1072,0.2,Eficiente,avanzado,1,0,1,0,0,0,0
3171,666.8,False,12,Oficina,8.0,4.0,183.8,5.0,4.6,594.3,30.0,166.7,3.6279,0.122,0.4167,Ineficiente,avanzado,0,1,0,0,0,0,0
3172,360.5,False,11,Apartamento,6.2,,,,,,30.0,,,,,Eficiente,parcial,1,0,0,0,0,1,0
3173,328.6,True,2,Apartamento,3.6,,,,,,,,,,,Ineficiente,basico,0,1,1,1,0,0,0
3174,856.9,True,22,Oficina,10.1,8.0,146.2,8.0,1.8,655.9,28.0,107.1125,5.8611,0.3064,0.3636,Ineficiente,avanzado,1,1,0,0,0,0,0
3175,538.3,True,10,Apartamento,8.2,2.0,45.7,4.0,7.0,457.3,28.0,269.15,11.779,0.1771,0.4,Ineficiente,avanzado,1,1,1,1,1,1,0
3176,272.6,False,5,Casa,3.3,1.0,180.7,2.0,0.0,260.9,31.0,272.6,1.5086,0.0448,0.4,Moderado,avanzado,0,0,0,1,1,0,0
3177,1125.5,True,28,Comercio,13.0,7.0,149.8,10.0,4.2,1047.3,28.0,160.7857,7.5134,0.0747,0.3571,Ineficiente,avanzado,1,1,1,0,0,0,0
3178,462.4,True,7,Casa,7.1,5.0,102.7,1.0,8.1,463.7,29.0,92.48,4.5024,-0.0028,0.1429,Moderado,avanzado,1,0,1,0,0,0,0
3179,598.2,False,14,Casa,4.8,5.0,164.9,4.0,4.4,603.6,31.0,119.64,3.6277,-0.0089,0.2857,Eficiente,avanzado,0,1,1,0,0,0,0
3180,257.8,True,10,Apartamento,3.6,,,,,249.8,,,,0.032,,Eficiente,parcial,1,0,0,0,0,0,0
3181,611.1,True,12,Oficina,7.4,,,,0.7,558.6,,,,0.094,,Ineficiente,parcial,1,1,0,0,0,1,0
3182,443.1,True,6,Casa,3.5,5.0,163.2,,5.5,428.7,31.0,88.62,2.7151,0.0336,,Eficiente,parcial,0,0,1,0,0,0,1
3183,433.5,True,13,Apartamento,4.3,5.0,123.0,0.0,2.6,518.0,28.0,86.7,3.5244,-0.1631,0.0,Eficiente,avanzado,1,0,0,0,0,0,0
3184,784.8,True,19,Casa,9.6,6.0,148.6,6.0,5.6,626.0,29.0,130.8,5.2813,0.2537,0.3158,Ineficiente,avanzado,1,1,0,0,1,1,0
3185,411.4,False,10,Casa,4.7,3.0,,2.0,8.7,,,137.1333,,,0.2,Eficiente,parcial,0,0,1,0,0,0,1
3186,494.2,True,11,Casa,6.2,4.0,64.9,3.0,0.0,538.1,30.0,123.55,7.6148,-0.0816,0.2727,Moderado,avanzado,1,1,0,0,0,1,0
3187,506.9,True,15,Apartamento,5.5,,127.2,,,402.2,,,3.9851,0.2603,,Moderado,parcial,1,0,0,1,0,0,0
3188,874.1,False,18,Comercio,5.7,4.0,132.9,9.0,9.4,926.3,28.0,218.525,6.5771,-0.0564,0.5,Ineficiente,avanzado,0,1,1,1,1,0,0
3189,557.8,False,13,Casa,6.6,,,,,,,,,,,Moderado,basico,0,0,1,0,1,1,0
3190,393.0,True,6,Casa,5.8,2.0,139.7,1.0,8.7,345.9,29.0,196.5,2.8132,0.1362,0.1667,Moderado,avanzado,1,0,1,1,1,0,0
3191,419.4,True,11,Casa,8.7,,,,,,,,,,,Moderado,basico,0,0,1,0,0,1,0
3192,647.5,True,15,Casa,7.1,,,,,,,,,,,Moderado,basico,1,0,1,0,0,0,0
3193,423.7,True,13,Apartamento,7.2,,,,,,,,,,,Moderado,basico,1,0,0,1,0,0,0
3194,423.7,False,11,Apartamento,4.9,,,,,,29.0,,,,,Ineficiente,parcial,0,0,1,1,0,1,0
3195,301.4,True,4,Apartamento,4.3,1.0,78.0,1.0,8.5,271.9,28.0,301.4,3.8641,0.1085,0.25,Ineficiente,avanzado,0,0,1,1,0,0,0
3196,563.3,True,15,Casa,5.8,5.0,176.0,4.0,0.0,573.8,28.0,112.66,3.2006,-0.0183,0.2667,Moderado,avanzado,1,0,0,1,0,0,0
3197,321.2,False,10,Apartamento,1.9,3.0,92.2,1.0,1.5,312.9,29.0,107.0667,3.4837,0.0265,0.1,Eficiente,avanzado,0,0,0,0,0,0,1
3198,516.9,True,12,Casa,7.8,5.0,146.4,1.0,,492.7,29.0,103.38,3.5307,0.0491,0.0833,Moderado,parcial,0,0,1,0,0,0,0
3199,393.5,False,14,Casa,4.4,4.0,173.4,1.0,1.1,475.1,29.0,98.375,2.2693,-0.1718,0.0714,Eficiente,avanzado,0,0,0,0,1,0,1
3200,856.1,True,23,Oficina,7.9,5.0,79.6,8.0,0.0,799.9,30.0,171.22,10.755,0.0703,0.3478,Ineficiente,avanzado,1,1,1,0,0,0,0
3201,465.7,False,12,Comercio,5.8,,,,,,,,,,,Ineficiente,basico,0,1,0,1,1,1,0
3202,1007.8,True,30,Oficina,12.3,8.0,155.6,9.0,11.0,921.2,28.0,125.975,6.4769,0.094,0.3,Ineficiente,avanzado,1,0,1,0,0,0,0
3203,787.9,True,16,Oficina,9.2,,,,,,,,,,,Ineficiente,basico,1,1,1,0,1,0,0
3204,387.9,False,9,Apartamento,6.2,,,,,,,,,,,Ineficiente,basico,0,1,0,1,0,1,0
3205,859.9,False,22,Oficina,9.8,7.0,151.4,7.0,0.0,991.3,31.0,122.8429,5.6797,-0.1326,0.3182,Moderado,avanzado,0,0,0,0,0,0,1
3206,548.2,False,13,Casa,1.7,5.0,,5.0,1.7,,31.0,109.64,,,0.3846,Moderado,parcial,0,0,0,0,0,0,1
3207,575.1,True,14,Casa,9.6,,,,,,,,,,,Ineficiente,basico,1,0,1,0,1,0,0
3208,259.1,False,4,Casa,3.7,1.0,192.1,1.0,4.6,229.8,29.0,259.1,1.3488,0.1275,0.25,Moderado,avanzado,0,0,0,0,0,0,1
3209,375.6,True,6,Casa,6.0,2.0,180.9,0.0,7.1,510.9,28.0,187.8,2.0763,-0.2648,0.0,Eficiente,avanzado,1,0,1,0,1,0,0
3210,565.1,True,11,Casa,6.4,,,,,,,,,,,Moderado,basico,0,0,1,0,0,0,0
3211,479.9,True,9,Casa,8.6,3.0,94.8,1.0,13.0,438.7,28.0,159.9667,5.0622,0.0939,0.1111,Ineficiente,avanzado,1,0,1,1,0,0,0
3212,398.5,True,10,Apartamento,8.2,,,,,,,,,,,Ineficiente,basico,0,1,1,0,0,1,0
3213,570.0,False,14,Comercio,6.3,3.0,,3.0,,,,190.0,,,0.2143,Moderado,parcial,0,0,0,1,0,1,0
3214,435.6,False,14,Apartamento,6.6,4.0,43.2,2.0,3.8,,30.0,108.9,10.0833,,0.1429,Moderado,parcial,0,1,0,0,0,0,0
3215,406.8,False,7,Casa,7.5,,,,,,,,,,,Ineficiente,basico,0,1,0,1,1,1,0
3216,592.5,False,11,Comercio,6.2,7.0,232.1,2.0,0.0,579.7,30.0,84.6429,2.5528,0.0221,0.1818,Eficiente,avanzado,1,0,0,0,0,0,1
3217,286.7,True,6,Casa,4.2,2.0,41.1,2.0,4.2,343.2,28.0,143.35,6.9757,-0.1646,0.3333,Ineficiente,avanzado,1,1,0,1,0,1,0
3218,383.7,True,7,Casa,5.7,3.0,97.2,2.0,0.0,,30.0,127.9,3.9475,,0.2857,Moderado,parcial,0,0,1,0,0,1,0
3219,595.7,True,19,Casa,8.8,,,,,,,,,,,Moderado,basico,1,0,0,0,1,0,0
3220,586.4,True,18,Casa,7.3,6.0,150.7,3.0,0.0,552.3,30.0,97.7333,3.8912,0.0617,0.1667,Eficiente,avanzado,1,1,0,0,0,0,0
3221,590.9,False,14,Casa,8.1,5.0,98.6,3.0,10.7,498.6,30.0,118.18,5.9929,0.1851,0.2143,Moderado,avanzado,0,1,1,0,1,0,0
3222,934.8,False,21,Comercio,5.9,,,,,,,,,,,Moderado,basico,0,0,0,0,1,0,0
3223,695.3,False,26,Comercio,6.6,7.0,128.2,3.0,0.0,543.8,28.0,99.3286,5.4236,0.2786,0.1154,Eficiente,avanzado,0,0,0,0,1,0,1
3224,254.9,True,8,Apartamento,4.7,2.0,72.3,1.0,3.8,268.9,30.0,127.45,3.5256,-0.0521,0.125,Eficiente,avanzado,1,0,1,0,0,0,0
3225,453.2,False,15,Casa,3.4,,,,,,,,,,,Eficiente,basico,0,0,0,0,1,0,1
3226,549.1,False,15,Comercio,7.0,4.0,166.0,,2.2,,28.0,137.275,3.3078,,,Eficiente,parcial,0,0,0,1,0,0,1
3227,134.6,True,8,Apartamento,1.9,3.0,102.4,0.0,0.0,147.4,30.0,44.8667,1.3145,-0.0868,0.0,Eficiente,avanzado,0,0,0,1,1,0,0
3228,709.8,False,20,Casa,8.3,,,,,,,,,,,Moderado,basico,0,0,1,1,0,0,0
3229,368.1,True,8,Apartamento,5.2,2.0,93.5,4.0,0.0,365.9,31.0,184.05,3.9369,0.006,0.5,Ineficiente,avanzado,0,1,0,0,1,0,0
3230,435.3,True,5,Apartamento,7.9,2.0,76.8,2.0,7.9,316.6,28.0,217.65,5.668,0.3749,0.4,Ineficiente,avanzado,0,1,1,0,1,1,0
3231,474.8,True,11,Apartamento,6.2,,,,,,,,,,,Moderado,basico,1,0,0,0,0,0,0
3232,525.7,False,12,Casa,5.0,,,,,,28.0,,,,,Eficiente,parcial,0,0,1,0,0,0,1
3233,396.0,True,12,Apartamento,6.6,,,,,,,,,,,Moderado,basico,1,1,1,0,0,0,0
3234,392.9,True,4,Casa,3.2,,,,,,,,,,,Ineficiente,basico,1,1,1,0,1,0,0
3235,333.0,False,8,Casa,4.3,,,,,,,,,,,Moderado,basico,0,1,0,1,0,0,0
3236,269.3,False,9,Casa,0.0,,146.8,,,238.1,28.0,,1.8345,0.131,,Eficiente,parcial,0,0,0,0,0,0,1
3237,826.4,False,21,Oficina,8.4,7.0,122.7,5.0,10.1,896.9,30.0,118.0571,6.7351,-0.0786,0.2381,Moderado,avanzado,0,0,1,1,1,0,0
3238,579.7,True,11,Casa,8.4,4.0,112.8,2.0,9.5,505.5,28.0,144.925,5.1392,0.1468,0.1818,Ineficiente,avanzado,1,0,1,0,0,0,0
3239,516.3,False,12,Casa,4.3,,,,,,,,,,,Eficiente,basico,1,0,0,0,0,0,1
3240,560.5,False,19,Casa,8.9,,,,,,,,,,,Moderado,basico,0,0,1,0,0,1,0
3241,1111.5,True,20,Oficina,10.5,,,,,,,,,,,Ineficiente,basico,1,1,1,0,0,1,0
3242,475.4,False,11,Apartamento,2.8,7.0,55.5,1.0,5.0,405.3,29.0,67.9143,8.5658,0.173,0.0909,Eficiente,avanzado,0,1,1,1,0,1,0
3243,847.3,True,18,Oficina,8.5,9.0,172.4,7.0,0.0,746.7,30.0,94.1444,4.9147,0.1347,0.3889,Moderado,avanzado,1,0,0,0,0,0,0
3244,504.3,True,11,Casa,5.9,,,,,,,,,,,Moderado,basico,1,0,1,0,0,1,0
3245,473.2,True,9,Casa,5.8,6.0,188.2,2.0,0.0,417.2,30.0,78.8667,2.5143,0.1342,0.2222,Eficiente,avanzado,1,0,0,1,1,1,0
3246,220.4,False,5,Apartamento,2.2,,70.0,1.0,,215.6,29.0,,3.1486,0.0223,0.2,Eficiente,parcial,0,0,0,1,0,0,1
3247,426.8,True,7,Casa,4.9,,,,,,,,,,,Moderado,basico,0,0,0,0,0,0,1
3248,755.9,False,22,Comercio,3.6,8.0,73.9,5.0,3.9,620.8,30.0,94.4875,10.2287,0.2176,0.2273,Moderado,avanzado,0,1,0,0,1,1,0
3249,587.6,False,12,Comercio,5.2,,,,,,,,,,,Moderado,basico,0,1,0,0,1,0,0
3250,337.8,True,7,Apartamento,4.0,2.0,111.5,2.0,0.0,271.7,31.0,168.9,3.0296,0.2433,0.2857,Moderado,avanzado,0,0,0,0,1,0,0
3251,734.4,True,21,Oficina,5.5,6.0,141.4,,,570.9,30.0,122.4,5.1938,0.2864,,Moderado,parcial,1,1,1,0,1,0,0
3252,284.0,False,9,Apartamento,3.5,,78.6,1.0,,318.0,30.0,,3.6132,-0.1069,0.1111,Eficiente,parcial,0,0,0,0,0,0,1
3253,193.2,False,5,Casa,1.8,,,,,,,,,,,Eficiente,basico,0,0,0,0,1,0,1
3254,355.8,False,10,Apartamento,4.3,,84.1,,,321.2,,,4.2307,0.1077,,Ineficiente,parcial,0,1,1,1,0,1,0
3255,418.3,True,12,Casa,7.6,2.0,176.9,2.0,0.0,452.2,29.0,209.15,2.3646,-0.075,0.1667,Moderado,avanzado,1,0,0,0,0,0,0
3256,835.7,True,16,Comercio,7.3,6.0,284.0,5.0,8.1,840.8,28.0,139.2833,2.9426,-0.0061,0.3125,Moderado,avanzado,1,1,1,0,0,0,0
3257,330.1,True,4,Casa,6.7,,,,,,,,,,,Ineficiente,basico,1,0,1,1,1,0,0
3258,426.2,True,8,Casa,4.5,,,,,,,,,,,Eficiente,basico,1,1,0,0,0,0,0
3259,308.1,True,11,Apartamento,6.1,,,,,,,,,,,Eficiente,basico,1,0,0,0,0,0,1
3260,608.7,True,13,Casa,8.0,,,,,587.9,,,,0.0354,,Ineficiente,parcial,1,1,0,0,0,0,0
3261,335.1,False,10,Casa,0.0,4.0,129.9,1.0,0.0,,29.0,83.775,2.5797,,0.1,Eficiente,parcial,0,0,0,0,1,0,1
3262,277.0,True,6,Apartamento,3.7,1.0,69.2,1.0,6.4,278.6,28.0,277.0,4.0029,-0.0057,0.1667,Ineficiente,avanzado,1,0,1,1,1,0,0
3263,800.3,True,25,Casa,7.3,9.0,140.4,5.0,0.0,846.5,29.0,88.9222,5.7001,-0.0546,0.2,Moderado,avanzado,0,0,1,0,0,0,0
3264,351.5,False,8,Apartamento,8.1,,,,,,,,,,,Eficiente,basico,0,0,1,0,0,0,1
3265,545.4,False,8,Casa,6.3,4.0,137.7,3.0,3.7,472.1,30.0,136.35,3.9608,0.1553,0.375,Moderado,avanzado,0,1,1,0,1,0,0
3266,474.4,True,5,Casa,8.9,,,,,,,,,,,Ineficiente,basico,1,1,1,1,0,0,0
3267,392.7,False,7,Casa,2.2,2.0,140.3,1.0,6.1,452.3,28.0,196.35,2.799,-0.1318,0.1429,Eficiente,avanzado,0,0,1,1,0,0,0
3268,614.9,True,15,Comercio,7.2,6.0,105.5,1.0,5.9,582.1,31.0,102.4833,5.8284,0.0563,0.0667,Moderado,avanzado,1,0,1,0,0,0,0
3269,852.3,True,22,Oficina,8.3,7.0,183.6,7.0,2.6,808.9,29.0,121.7571,4.6422,0.0537,0.3182,Moderado,avanzado,1,0,1,1,1,0,0
3270,198.8,False,4,Casa,6.2,1.0,117.6,1.0,5.8,239.0,30.0,198.8,1.6905,-0.1682,0.25,Moderado,avanzado,1,1,1,0,0,0,0
3271,1072.1,False,30,Oficina,11.3,10.0,89.6,11.0,0.0,958.7,28.0,107.21,11.9654,0.1183,0.3667,Ineficiente,avanzado,0,0,0,1,0,0,0
3272,291.6,True,7,Apartamento,3.8,,,,,,,,,,,Eficiente,basico,1,0,0,0,1,1,0
3273,330.6,False,10,Apartamento,2.2,,,,,,,,,,,Eficiente,basico,0,1,0,1,1,0,0
3274,178.6,False,6,Apartamento,3.7,1.0,57.4,1.0,0.0,155.3,31.0,178.6,3.1115,0.15,0.1667,Eficiente,avanzado,0,0,0,1,0,0,0
3275,339.6,True,7,Apartamento,5.9,3.0,93.0,1.0,5.0,270.5,30.0,113.2,3.6516,0.2555,0.1429,Moderado,avanzado,1,0,0,0,1,0,0
3276,786.6,True,15,Comercio,7.2,6.0,204.3,,,,,131.1,3.8502,,,Moderado,parcial,1,1,0,0,0,1,0
3277,304.3,True,7,Apartamento,4.7,2.0,125.4,,6.4,233.9,31.0,152.15,2.4266,0.301,,Ineficiente,parcial,1,1,1,0,1,1,0
3278,426.3,True,9,Apartamento,6.4,4.0,72.4,2.0,1.8,374.8,30.0,106.575,5.8881,0.1374,0.2222,Moderado,avanzado,1,0,0,0,1,1,0
3279,513.3,True,9,Casa,6.5,3.0,132.7,2.0,7.6,425.6,28.0,171.1,3.8681,0.2061,0.2222,Ineficiente,avanzado,1,0,1,1,0,0,0
3280,420.8,True,8,Casa,4.4,2.0,109.5,1.0,5.5,343.3,29.0,210.4,3.8429,0.2258,0.125,Moderado,avanzado,1,1,0,0,0,1,0
3281,542.9,True,9,Apartamento,7.4,,,,,,,,,,,Ineficiente,basico,1,1,1,0,1,1,0
3282,618.3,True,11,Casa,9.6,4.0,134.8,3.0,12.4,679.3,28.0,154.575,4.5868,-0.0898,0.2727,Ineficiente,avanzado,1,0,0,1,0,0,0
3283,531.6,True,14,Casa,6.3,,,,,,,,,,,Eficiente,basico,1,1,0,0,0,0,0
3284,390.4,False,9,Casa,5.5,2.0,116.8,1.0,5.8,366.3,28.0,195.2,3.3425,0.0658,0.1111,Moderado,avanzado,0,0,1,0,1,1,0
3285,364.9,False,9,Casa,1.6,,,,,,,,,,,Eficiente,basico,1,0,0,0,0,0,1
3286,180.0,False,6,Apartamento,4.7,,,,,,,,,,,Eficiente,basico,0,0,0,1,0,0,1
3287,286.1,False,11,Apartamento,2.3,4.0,,,,316.5,28.0,71.525,,-0.0961,,Eficiente,parcial,0,0,0,0,1,0,1
3288,314.8,True,7,Apartamento,6.0,3.0,93.1,1.0,4.0,272.4,29.0,104.9333,3.3813,0.1557,0.1429,Moderado,avanzado,1,0,0,0,0,0,0
3289,263.2,True,8,Casa,3.8,2.0,61.6,0.0,0.0,212.4,30.0,131.6,4.2727,0.2392,0.0,Eficiente,avanzado,1,0,0,0,1,1,0
3290,329.4,True,6,Apartamento,4.2,,,,,,,,,,,Ineficiente,basico,1,0,1,1,0,0,0
3291,357.9,False,7,Casa,3.2,,,,,,,,,,,Eficiente,basico,0,0,0,1,0,0,0
3292,429.0,False,10,Apartamento,8.6,3.0,77.8,1.0,,384.5,29.0,143.0,5.5141,0.1157,0.1,Moderado,parcial,0,0,1,0,0,1,0
3293,491.7,False,7,Apartamento,3.2,2.0,79.1,5.0,2.3,496.7,31.0,245.85,6.2162,-0.0101,0.7143,Ineficiente,avanzado,0,1,0,0,0,0,0
3294,458.9,True,10,Apartamento,4.6,,,,,,,,,,,Ineficiente,basico,1,1,0,0,1,1,0
3295,667.6,True,16,Apartamento,7.4,4.0,86.7,3.0,11.1,610.0,28.0,166.9,7.7001,0.0944,0.1875,Ineficiente,avanzado,0,0,1,0,1,0,0
3296,885.4,False,21,Oficina,9.6,8.0,139.8,6.0,3.8,906.9,28.0,110.675,6.3333,-0.0237,0.2857,Moderado,avanzado,0,0,1,0,0,0,0
3297,1079.3,True,22,Comercio,10.7,7.0,327.2,8.0,4.5,781.7,28.0,154.1857,3.2986,0.3807,0.3636,Ineficiente,avanzado,1,1,0,1,0,0,0
3298,370.7,True,14,Apartamento,5.4,,,,,,,,,,,Ineficiente,basico,1,1,0,1,0,0,0
3299,561.2,True,13,Apartamento,5.8,6.0,48.7,4.0,0.0,663.2,28.0,93.5333,11.5236,-0.1538,0.3077,Ineficiente,avanzado,1,1,0,0,0,1,0
3300,406.4,False,8,Casa,3.4,,,1.0,5.4,,29.0,,,,0.125,Eficiente,parcial,0,0,1,0,0,0,1
3301,1037.0,False,26,Oficina,8.6,11.0,176.6,7.0,3.1,966.0,31.0,94.2727,5.872,0.0735,0.2692,Moderado,avanzado,0,0,0,1,0,0,0
3302,421.3,False,11,Casa,3.2,4.0,68.2,2.0,5.2,387.7,28.0,105.325,6.1774,0.0867,0.1818,Eficiente,avanzado,0,1,0,0,0,1,0
3303,314.6,False,13,Casa,2.4,,,,,,,,,,,Eficiente,basico,0,0,0,0,0,1,1
3304,1219.2,True,37,Oficina,14.9,10.0,80.0,9.0,9.9,1145.7,30.0,121.92,15.24,0.0642,0.2432,Ineficiente,avanzado,1,1,1,0,0,1,0
3305,289.9,True,9,Apartamento,3.4,1.0,89.0,0.0,1.4,221.3,31.0,289.9,3.2573,0.31,0.0,Moderado,avanzado,0,0,0,1,0,0,0
3306,652.3,True,18,Casa,8.8,,190.9,,6.0,,,,3.417,,,Moderado,parcial,1,0,1,0,1,0,0
3307,376.4,True,7,Casa,4.5,5.0,95.4,1.0,0.0,317.5,29.0,75.28,3.9455,0.1855,0.1429,Eficiente,avanzado,1,1,0,0,1,0,0
3308,599.0,True,16,Casa,10.1,,,,,,,,,,,Ineficiente,basico,1,1,0,0,0,1,0
3309,275.8,True,5,Apartamento,4.1,,,,,,,,,,,Ineficiente,basico,0,0,0,1,0,1,0
3310,285.0,True,9,Casa,5.5,3.0,103.7,1.0,0.0,275.8,30.0,95.0,2.7483,0.0334,0.1111,Eficiente,avanzado,1,0,0,0,0,0,0
3311,1206.8,False,31,Oficina,11.9,10.0,173.9,10.0,11.8,1296.8,30.0,120.68,6.9396,-0.0694,0.3226,Ineficiente,avanzado,0,1,1,0,1,0,0
3312,1056.3,False,36,Oficina,8.1,13.0,130.0,7.0,4.3,1107.2,28.0,81.2538,8.1254,-0.046,0.1944,Moderado,avanzado,0,1,0,0,0,1,0
3313,355.5,False,12,Apartamento,4.6,3.0,101.9,1.0,6.4,378.8,30.0,118.5,3.4887,-0.0615,0.0833,Eficiente,avanzado,0,1,1,0,0,0,0
3314,314.2,True,9,Apartamento,3.6,,,,,,,,,,,Ineficiente,basico,1,0,0,0,0,0,0
3315,191.1,True,4,Casa,2.5,,,,,,,,,,,Eficiente,basico,1,0,0,0,0,0,1
3316,367.5,True,7,Casa,6.0,4.0,154.0,2.0,0.0,283.1,31.0,91.875,2.3864,0.2981,0.2857,Moderado,avanzado,1,1,0,0,1,0,0
3317,193.0,True,2,Apartamento,3.7,,,,,,,,,,,Eficiente,basico,1,0,0,0,0,0,0
3318,239.2,True,2,Casa,3.5,,,,0.0,,30.0,,,,,Eficiente,parcial,1,0,0,1,0,0,0
3319,504.6,True,12,Casa,5.5,,,,,,,,,,,Moderado,basico,1,0,0,0,0,0,0
3320,350.8,True,8,Casa,4.7,,,,,,,,,,,Eficiente,basico,0,1,0,0,0,0,0
3321,611.3,True,12,Casa,10.0,2.0,102.3,4.0,10.0,529.0,28.0,305.65,5.9756,0.1556,0.3333,Ineficiente,avanzado,1,0,1,1,1,1,0
3322,254.8,True,2,Apartamento,8.3,,,,,,,,,,,Ineficiente,basico,1,1,1,1,0,0,0
3323,306.0,True,7,Apartamento,2.6,1.0,47.8,,0.0,,,306.0,6.4017,,,Ineficiente,parcial,0,1,0,0,0,0,0
3324,712.9,True,19,Comercio,8.6,,,,,,,,,,,Ineficiente,basico,0,1,0,1,0,1,0
3325,359.2,True,7,Apartamento,2.8,3.0,94.3,2.0,3.1,377.7,31.0,119.7333,3.8091,-0.049,0.2857,Moderado,avanzado,1,1,0,0,0,0,0
3326,524.2,True,13,Comercio,4.3,,,,2.2,,,,,,,Ineficiente,parcial,0,1,0,0,0,0,0
3327,452.1,False,7,Casa,4.9,4.0,210.3,0.0,9.3,370.8,31.0,113.025,2.1498,0.2193,0.0,Eficiente,avanzado,0,0,0,0,0,0,1
3328,1119.4,False,30,Comercio,10.0,12.0,334.5,8.0,0.0,1396.4,28.0,93.2833,3.3465,-0.1984,0.2667,Eficiente,avanzado,0,1,0,0,1,0,0
3329,408.0,True,8,Apartamento,7.0,,,,,,28.0,,,,,Ineficiente,parcial,1,0,1,1,1,0,0
3330,530.8,True,11,Casa,5.8,5.0,148.0,1.0,5.4,788.0,31.0,106.16,3.5865,-0.3264,0.0909,Eficiente,avanzado,1,0,0,0,1,0,0
3331,806.2,True,23,Oficina,11.6,6.0,57.4,5.0,5.3,636.8,28.0,134.3667,14.0453,0.266,0.2174,Ineficiente,avanzado,1,0,1,1,0,1,0
3332,447.3,True,8,Casa,7.5,2.0,178.3,1.0,8.4,458.2,29.0,223.65,2.5087,-0.0238,0.125,Moderado,avanzado,0,0,1,0,0,0,0
3333,676.4,False,16,Casa,6.8,,,,,,,,,,,Ineficiente,basico,0,1,1,0,1,1,0
3334,753.8,True,21,Casa,10.6,7.0,78.7,4.0,7.6,751.0,28.0,107.6857,9.5781,0.0037,0.1905,Ineficiente,avanzado,1,0,1,1,0,0,0
3335,232.0,False,8,Casa,3.5,1.0,140.0,1.0,5.3,170.8,30.0,232.0,1.6571,0.3583,0.125,Moderado,avanzado,0,1,0,1,1,0,0
3336,119.0,False,5,Casa,3.9,,158.0,0.0,0.0,,,,0.7532,,0.0,Eficiente,parcial,0,0,0,1,0,0,1
3337,348.5,False,11,Apartamento,5.0,3.0,,,5.1,,,116.1667,,,,Moderado,parcial,0,0,0,0,0,0,1
3338,1262.5,True,34,Oficina,13.0,13.0,119.0,7.0,11.0,1147.3,31.0,97.1154,10.6092,0.1004,0.2059,Ineficiente,avanzado,1,0,1,0,0,1,0
3339,445.6,True,10,Casa,4.7,,65.2,,,,29.0,,6.8344,,,Moderado,parcial,0,1,0,1,0,0,0
3340,272.1,True,5,Apartamento,4.1,1.0,70.4,1.0,2.8,270.1,,272.1,3.8651,0.0074,0.2,Ineficiente,parcial,1,0,0,1,0,0,0
3341,618.0,True,15,Casa,8.5,5.0,101.4,3.0,7.8,505.0,31.0,123.6,6.0947,0.2238,0.2,Ineficiente,avanzado,1,0,0,1,1,0,0
3342,808.5,False,18,Comercio,7.2,,,,,,,,,,,Moderado,basico,1,1,1,0,1,1,0
3343,759.0,True,15,Casa,8.7,10.0,162.4,3.0,5.3,692.2,,75.9,4.6736,0.0965,0.2,Moderado,parcial,1,0,0,1,1,0,0
3344,383.3,True,12,Casa,4.1,6.0,146.8,,,382.5,31.0,63.8833,2.611,0.0021,,Eficiente,parcial,1,0,0,0,0,0,0
3345,420.7,False,9,Apartamento,6.1,,,,,430.6,,,,-0.023,,Moderado,parcial,0,0,0,0,0,0,1
3346,272.4,True,9,Apartamento,0.1,5.0,74.9,0.0,0.0,236.3,29.0,54.48,3.6368,0.1528,0.0,Eficiente,avanzado,0,0,0,0,0,0,1
3347,836.6,False,17,Comercio,7.6,6.0,209.4,6.0,,640.8,,139.4333,3.9952,0.3056,0.3529,Ineficiente,parcial,0,1,1,1,0,0,0
3348,654.7,False,16,Apartamento,7.0,,77.2,5.0,8.0,543.0,31.0,,8.4806,0.2057,0.3125,Ineficiente,parcial,0,0,1,0,1,0,0
3349,681.6,True,14,Comercio,4.8,,,,,,31.0,,,,,Ineficiente,parcial,1,0,1,0,0,1,0
3350,438.0,False,12,Casa,6.4,,,,,,,,,,,Eficiente,basico,0,0,0,0,1,0,0
3351,475.3,True,11,Casa,6.4,3.0,117.2,1.0,7.3,488.7,28.0,158.4333,4.0555,-0.0274,0.0909,Moderado,avanzado,1,0,0,1,0,1,0
3352,202.2,False,9,Casa,3.5,,,,,,,,,,,Eficiente,basico,0,0,0,0,0,0,1
3353,407.6,False,13,Casa,3.3,5.0,179.9,0.0,2.8,343.6,,81.52,2.2657,0.1863,0.0,Eficiente,parcial,0,0,0,0,0,0,1
3354,488.9,False,13,Casa,6.7,3.0,175.9,3.0,3.4,467.7,29.0,162.9667,2.7794,0.0453,0.2308,Moderado,avanzado,0,0,0,0,1,0,0
3355,199.0,True,6,Apartamento,4.2,,,,,,,,,,,Eficiente,basico,1,0,0,0,1,0,0
3356,715.7,True,19,Casa,10.6,,,,,,,,,,,Ineficiente,basico,1,1,1,0,0,0,0
3357,278.1,True,4,Apartamento,4.9,2.0,47.3,0.0,6.3,351.7,29.0,139.05,5.8795,-0.2093,0.0,Moderado,avanzado,1,0,0,0,0,0,0
3358,99.1,False,3,Apartamento,2.5,1.0,71.0,,,106.1,,99.1,1.3958,-0.066,,Eficiente,parcial,0,0,0,0,0,0,1
3359,434.2,True,9,Apartamento,7.4,2.0,60.0,1.0,12.5,537.9,28.0,217.1,7.2367,-0.1928,0.1111,Ineficiente,avanzado,1,1,1,0,0,1,0
3360,532.5,False,15,Apartamento,7.0,7.0,78.0,2.0,8.2,468.4,30.0,76.0714,6.8269,0.1368,0.1333,Moderado,avanzado,0,0,1,0,0,1,0
3361,386.1,True,11,Casa,6.3,2.0,165.9,1.0,5.9,392.4,30.0,193.05,2.3273,-0.0161,0.0909,Moderado,avanzado,1,0,0,1,0,0,0
3362,354.6,False,6,Casa,2.1,2.0,158.3,2.0,8.1,348.5,31.0,177.3,2.2401,0.0175,0.3333,Moderado,avanzado,0,1,1,0,0,0,0
3363,306.6,False,10,Apartamento,1.4,3.0,88.1,,,,,102.2,3.4801,,,Eficiente,parcial,0,0,1,0,0,0,0
3364,327.7,True,9,Apartamento,3.6,2.0,81.3,1.0,0.0,273.8,28.0,163.85,4.0308,0.1969,0.1111,Moderado,avanzado,1,0,0,0,0,1,0
3365,712.4,False,15,Casa,9.6,5.0,128.3,5.0,9.5,621.9,31.0,142.48,5.5526,0.1455,0.3333,Ineficiente,avanzado,1,1,1,1,0,0,0
3366,378.2,True,5,Casa,4.6,,,,,,,,,,,Ineficiente,basico,1,1,0,1,0,0,0
3367,280.5,True,9,Apartamento,2.4,,,,,,,,,,,Moderado,basico,1,0,1,0,0,0,0
3368,559.3,True,12,Apartamento,7.7,,62.0,3.0,,443.8,,,9.021,0.2603,0.25,Ineficiente,parcial,0,1,1,1,1,1,0
3369,571.4,True,14,Casa,6.2,,152.3,,,,,,3.7518,,,Moderado,parcial,1,0,0,0,0,0,0
3370,243.5,False,9,Apartamento,2.7,,114.7,1.0,0.0,244.2,29.0,,2.1229,-0.0029,0.1111,Eficiente,parcial,0,0,0,0,0,0,1
3371,1147.9,True,29,Oficina,11.8,12.0,128.4,8.0,0.0,1083.0,30.0,95.6583,8.94,0.0599,0.2759,Ineficiente,avanzado,1,0,0,0,1,0,0
3372,618.7,True,8,Casa,8.3,6.0,124.0,4.0,8.9,554.0,30.0,103.1167,4.9895,0.1168,0.5,Ineficiente,avanzado,0,1,1,1,1,1,0
3373,917.6,True,19,Comercio,12.2,5.0,85.0,8.0,7.1,864.4,29.0,183.52,10.7953,0.0615,0.4211,Ineficiente,avanzado,1,1,0,0,0,0,0
3374,437.6,False,14,Casa,4.7,3.0,112.3,4.0,0.0,382.2,31.0,145.8667,3.8967,0.145,0.2857,Moderado,avanzado,0,0,0,0,1,1,0
3375,515.8,False,13,Apartamento,5.3,,95.0,3.0,0.6,600.8,,,5.4295,-0.1415,0.2308,Eficiente,parcial,0,0,0,1,0,0,1
3376,392.0,False,12,Apartamento,6.2,1.0,115.9,2.0,2.4,401.2,30.0,392.0,3.3822,-0.0229,0.1667,Ineficiente,avanzado,1,0,0,1,0,0,0
3377,471.4,False,10,Casa,4.5,,,,,,,,,,,Eficiente,basico,1,0,0,0,0,0,0
3378,809.8,False,16,Oficina,3.9,8.0,106.6,6.0,4.7,766.0,30.0,101.225,7.5966,0.0572,0.375,Moderado,avanzado,0,1,0,0,0,1,0
3379,417.5,False,9,Apartamento,4.6,,,2.0,7.8,,,,,,0.2222,Moderado,parcial,0,1,1,0,0,0,0
3380,941.6,True,21,Oficina,13.1,8.0,67.5,5.0,9.2,882.5,29.0,117.7,13.9496,0.067,0.2381,Ineficiente,avanzado,1,1,1,0,0,1,0
3381,486.4,True,9,Casa,6.2,4.0,186.9,3.0,2.1,427.7,28.0,121.6,2.6025,0.1372,0.3333,Moderado,avanzado,1,1,1,0,0,0,0
3382,770.7,True,18,Comercio,7.8,8.0,88.7,4.0,2.6,631.8,30.0,96.3375,8.6888,0.2198,0.2222,Ineficiente,avanzado,1,0,0,1,1,1,0
3383,1083.6,False,29,Oficina,9.3,10.0,160.1,11.0,0.0,1015.1,30.0,108.36,6.7683,0.0675,0.3793,Moderado,avanzado,0,1,0,0,0,1,0
3384,391.1,True,16,Apartamento,5.6,4.0,85.2,3.0,0.0,458.6,31.0,97.775,4.5904,-0.1472,0.1875,Eficiente,avanzado,1,0,0,1,0,0,0
3385,391.8,False,15,Casa,5.6,3.0,161.4,0.0,7.4,408.7,29.0,130.6,2.4275,-0.0414,0.0,Eficiente,avanzado,1,0,0,0,0,0,0
3386,309.8,False,9,Apartamento,4.5,4.0,84.1,1.0,0.0,403.8,29.0,77.45,3.6837,-0.2328,0.1111,Eficiente,avanzado,0,0,0,0,0,0,1
3387,223.0,False,7,Apartamento,0.7,,,2.0,,198.2,,,,0.1251,0.2857,Eficiente,parcial,0,0,0,0,0,0,1
3388,773.0,False,14,Oficina,4.9,5.0,165.6,5.0,5.3,779.8,29.0,154.6,4.6679,-0.0087,0.3571,Moderado,avanzado,0,0,0,0,0,0,1
3389,209.1,False,4,Apartamento,2.4,,,,,,,,,,,Eficiente,basico,1,0,0,0,0,0,1
3390,352.6,False,10,Casa,3.4,3.0,210.5,1.0,0.0,326.3,28.0,117.5333,1.6751,0.0806,0.1,Eficiente,avanzado,0,0,0,0,0,1,0
3391,329.2,False,9,Casa,1.0,,,1.0,,298.5,28.0,,,0.1028,0.1111,Eficiente,parcial,0,0,0,1,0,0,0
3392,392.1,True,9,Apartamento,5.0,,,,,,,,,,,Ineficiente,basico,1,1,0,1,0,1,0
3393,808.4,True,19,Oficina,11.2,5.0,70.7,,5.6,895.3,31.0,161.68,11.4342,-0.0971,,Ineficiente,parcial,1,1,1,0,0,1,0
3394,354.1,True,8,Casa,4.6,4.0,,1.0,,349.6,,88.525,,0.0129,0.125,Eficiente,parcial,1,1,0,0,1,0,0
3395,805.8,False,28,Comercio,7.2,6.0,90.6,6.0,2.0,847.5,31.0,134.3,8.894,-0.0492,0.2143,Moderado,avanzado,0,0,0,1,0,1,0
3396,1080.2,False,32,Oficina,10.3,,,8.0,,,28.0,,,,0.25,Ineficiente,parcial,0,1,0,1,0,1,0
3397,419.6,True,7,Casa,7.7,,,,0.9,,29.0,,,,,Ineficiente,parcial,1,1,0,0,0,0,0
3398,289.9,False,6,Casa,3.5,4.0,170.9,1.0,0.0,259.6,31.0,72.475,1.6963,0.1167,0.1667,Eficiente,avanzado,0,0,0,0,0,0,1
3399,253.5,False,4,Apartamento,1.0,,,,,,,,,,,Eficiente,basico,0,0,0,0,0,0,1
3400,316.2,False,7,Apartamento,4.4,1.0,63.1,3.0,0.0,265.9,31.0,316.2,5.0111,0.1892,0.4286,Ineficiente,avanzado,0,1,0,1,0,1,0
3401,553.9,True,12,Casa,5.6,5.0,112.5,4.0,0.0,672.1,31.0,110.78,4.9236,-0.1759,0.3333,Moderado,avanzado,0,1,0,0,1,1,0
3402,786.8,False,19,Comercio,5.4,,,,0.0,,30.0,,,,,Moderado,parcial,0,1,0,1,1,0,0
3403,263.4,False,2,Apartamento,3.9,2.0,92.3,1.0,1.8,261.0,29.0,131.7,2.8537,0.0092,0.5,Moderado,avanzado,0,0,1,0,0,0,0
3404,678.2,True,17,Oficina,8.2,,153.3,5.0,0.0,737.9,29.0,,4.424,-0.0809,0.2941,Moderado,parcial,1,0,0,0,0,0,0
3405,1098.1,True,29,Comercio,10.2,,,,,,,,,,,Ineficiente,basico,1,1,0,0,0,0,0
3406,933.1,True,22,Comercio,12.2,6.0,147.1,,5.6,,31.0,155.5167,6.3433,,,Ineficiente,parcial,1,1,1,0,0,1,0
3407,547.3,False,16,Apartamento,2.8,5.0,,7.0,,,28.0,109.46,,,0.4375,Moderado,parcial,0,1,0,0,1,0,0
3408,361.3,True,6,Casa,4.3,,,,,,,,,,,Moderado,basico,1,0,0,0,0,0,0
3409,292.6,True,7,Apartamento,8.5,,,,,,,,,,,Moderado,basico,1,0,1,0,0,0,0
3410,273.4,False,3,Casa,6.8,2.0,,,7.8,261.0,,136.7,,0.0475,,Eficiente,parcial,0,0,1,0,0,0,1
3411,526.1,True,8,Apartamento,5.3,5.0,62.7,5.0,0.0,530.4,29.0,105.22,8.3907,-0.0081,0.625,Ineficiente,avanzado,1,1,0,0,0,0,0
3412,566.2,True,8,Casa,9.8,,,,,,,,,,,Moderado,basico,1,1,0,0,1,0,0
3413,456.2,True,8,Apartamento,6.8,3.0,89.7,,,460.7,,152.0667,5.0858,-0.0098,,Ineficiente,parcial,1,1,0,0,0,0,0
3414,529.4,True,15,Casa,7.0,5.0,102.4,2.0,6.7,620.3,28.0,105.88,5.1699,-0.1465,0.1333,Moderado,avanzado,1,0,0,0,0,0,0
3415,297.9,True,4,Casa,4.8,,,,,,,,,,,Moderado,basico,0,0,0,0,1,0,0
3416,430.4,True,10,Casa,4.7,2.0,109.5,3.0,0.0,388.4,30.0,215.2,3.9306,0.1081,0.3,Ineficiente,avanzado,1,1,0,0,0,1,0
3417,194.8,True,8,Apartamento,6.1,1.0,51.6,0.0,3.3,145.4,31.0,194.8,3.7752,0.3398,0.0,Moderado,avanzado,1,0,0,1,0,0,0
3418,535.1,False,17,Comercio,5.1,,,,,,,,,,,Moderado,basico,0,0,1,0,0,0,0
3419,532.1,True,10,Casa,8.3,,127.7,,,656.9,,,4.1668,-0.19,,Ineficiente,parcial,1,1,1,1,0,1,0
3420,769.5,True,16,Comercio,8.7,4.0,171.4,4.0,10.4,667.0,30.0,192.375,4.4895,0.1537,0.25,Ineficiente,avanzado,1,0,1,0,1,1,0
3421,639.2,False,19,Comercio,4.5,,153.0,6.0,,,,,4.1778,,0.3158,Ineficiente,parcial,0,0,0,1,0,0,0
3422,370.4,False,10,Casa,3.7,,,,,,,,,,,Eficiente,basico,0,1,1,0,0,0,0
3423,234.8,True,3,Apartamento,4.2,1.0,74.7,0.0,5.6,234.0,28.0,234.8,3.1432,0.0034,0.0,Moderado,avanzado,1,0,0,1,0,1,0
3424,378.1,True,11,Casa,4.7,3.0,121.4,1.0,0.0,299.1,29.0,126.0333,3.1145,0.2641,0.0909,Eficiente,avanzado,1,0,0,0,1,0,0
3425,880.6,False,20,Casa,8.7,9.0,91.2,7.0,0.0,1035.4,29.0,97.8444,9.6557,-0.1495,0.35,Moderado,avanzado,0,0,0,0,0,0,1
3426,502.5,True,10,Apartamento,8.7,,,,,,,,,,,Ineficiente,basico,1,0,1,1,0,1,0
3427,434.6,False,8,Casa,4.1,2.0,211.0,3.0,4.6,393.0,30.0,217.3,2.0597,0.1059,0.375,Moderado,avanzado,0,1,1,0,0,0,0
3428,863.3,False,19,Comercio,6.7,7.0,155.7,,1.4,932.0,29.0,123.3286,5.5446,-0.0737,,Moderado,parcial,0,0,0,0,0,0,1
3429,540.1,False,13,Oficina,4.2,,,,,,,,,,,Eficiente,basico,0,0,0,0,0,1,0
3430,720.5,True,15,Comercio,7.0,,,,,,,,,,,Ineficiente,basico,1,1,0,0,0,0,0
3431,286.3,False,6,Apartamento,3.5,,108.2,,9.0,,,,2.646,,,Eficiente,parcial,0,0,1,0,1,0,0
3432,605.6,True,15,Apartamento,5.7,5.0,,,,812.6,,121.12,,-0.2547,,Moderado,parcial,1,1,0,0,0,0,0
3433,1267.6,False,36,Oficina,12.8,,,,,,,,,,,Ineficiente,basico,0,1,1,0,0,1,0
3434,404.8,True,8,Casa,7.4,3.0,102.1,1.0,9.7,424.5,28.0,134.9333,3.9647,-0.0464,0.125,Moderado,avanzado,1,1,1,0,0,1,0
3435,262.2,False,8,Casa,1.6,1.0,,2.0,0.0,,31.0,262.2,,,0.25,Moderado,parcial,0,0,0,1,0,0,0
3436,416.8,True,8,Apartamento,7.6,2.0,105.4,3.0,7.1,427.8,29.0,208.4,3.9545,-0.0257,0.375,Ineficiente,avanzado,1,0,1,0,0,0,0
3437,897.0,False,19,Casa,14.3,7.0,202.4,8.0,9.9,833.3,28.0,128.1429,4.4318,0.0764,0.4211,Ineficiente,avanzado,0,1,1,0,0,1,0
3438,334.4,True,7,Casa,3.3,,,,,,,,,,,Eficiente,basico,0,0,0,0,0,0,1
3439,176.1,False,3,Casa,1.7,2.0,29.2,1.0,0.0,175.0,29.0,88.05,6.0308,0.0063,0.3333,Eficiente,avanzado,0,1,0,1,0,0,0
3440,286.9,False,16,Apartamento,4.0,2.0,77.6,2.0,0.0,217.9,28.0,143.45,3.6972,0.3167,0.125,Eficiente,avanzado,0,0,0,0,1,0,1
3441,387.9,True,10,Casa,5.5,5.0,97.0,0.0,2.8,271.9,28.0,77.58,3.999,0.4266,0.0,Eficiente,avanzado,1,1,0,0,1,1,0
3442,355.4,True,6,Casa,4.2,,,,,,,,,,,Eficiente,basico,1,0,1,0,0,0,0
3443,355.8,False,8,Casa,3.5,,,,,,,,,,,Eficiente,basico,0,0,0,0,0,0,1
3444,221.1,False,6,Casa,0.0,,,,0.0,207.5,,,,0.0655,,Eficiente,parcial,0,0,0,0,0,1,1
3445,648.6,False,13,Comercio,7.1,2.0,116.6,5.0,10.0,493.4,31.0,324.3,5.5626,0.3146,0.3846,Ineficiente,avanzado,0,1,1,0,1,1,0
3446,604.9,False,14,Casa,4.7,3.0,140.7,5.0,5.3,564.6,31.0,201.6333,4.2992,0.0714,0.3571,Ineficiente,avanzado,0,0,1,0,0,0,0
3447,305.5,False,9,Apartamento,3.6,,,,,,,,,,,Moderado,basico,0,1,1,0,0,0,0
3448,736.9,False,20,Comercio,8.7,,,,,,,,,,,Ineficiente,basico,0,0,1,0,0,1,0
3449,387.1,True,9,Casa,4.2,1.0,157.9,3.0,1.6,458.5,31.0,387.1,2.4516,-0.1557,0.3333,Ineficiente,avanzado,1,0,0,1,0,0,0
3450,879.5,True,22,Comercio,8.9,4.0,,8.0,,974.6,,219.875,,-0.0976,0.3636,Ineficiente,parcial,1,1,0,0,0,0,0
3451,386.3,False,11,Apartamento,6.3,2.0,47.7,2.0,6.9,382.5,30.0,193.15,8.0985,0.0099,0.1818,Ineficiente,avanzado,0,0,0,0,0,1,0
3452,527.5,True,11,Apartamento,6.7,3.0,60.6,,3.8,,30.0,175.8333,8.7046,,,Ineficiente,parcial,1,1,0,0,0,0,0
3453,394.0,True,7,Casa,6.4,3.0,143.5,0.0,7.2,348.2,29.0,131.3333,2.7456,0.1315,0.0,Eficiente,avanzado,0,0,1,0,1,1,0
3454,356.0,False,10,Casa,5.8,,,,,,,,,,,Eficiente,basico,0,0,0,0,0,0,1
3455,635.8,False,15,Oficina,6.2,6.0,175.9,3.0,2.4,769.4,30.0,105.9667,3.6146,-0.1736,0.2,Eficiente,avanzado,0,1,0,0,0,0,1
3456,777.5,False,25,Comercio,5.6,7.0,192.1,6.0,0.0,,28.0,111.0714,4.0474,,0.24,Eficiente,parcial,0,1,0,0,1,0,0
3457,529.4,False,6,Oficina,6.2,,88.8,,8.6,439.2,30.0,,5.9617,0.2054,,Moderado,parcial,0,0,1,0,1,0,0
3458,1140.1,False,31,Oficina,10.5,,,,,,,,,,,Ineficiente,basico,0,0,1,1,0,1,0
3459,379.8,True,10,Casa,1.1,5.0,,,,343.1,31.0,75.96,,0.107,,Eficiente,parcial,1,0,0,0,1,0,0
3460,869.4,True,18,Comercio,8.4,5.0,204.1,6.0,11.1,729.3,29.0,173.88,4.2597,0.1921,0.3333,Ineficiente,avanzado,1,1,1,0,1,0,0
3461,381.7,False,14,Apartamento,4.4,,,,,,,,,,,Eficiente,basico,0,0,0,0,1,0,1
3462,844.3,True,18,Comercio,10.0,9.0,206.0,4.0,7.8,1073.7,31.0,93.8111,4.0985,-0.2137,0.2222,Moderado,avanzado,1,0,1,0,0,0,0
3463,767.7,True,22,Casa,8.3,,,,,,,,,,,Ineficiente,basico,1,0,1,0,1,0,0
3464,369.6,True,7,Casa,4.8,4.0,120.5,0.0,2.7,299.4,30.0,92.4,3.0672,0.2345,0.0,Eficiente,avanzado,1,0,0,0,1,0,0
3465,820.3,False,14,Comercio,7.0,4.0,107.9,7.0,6.9,769.7,28.0,205.075,7.6024,0.0657,0.5,Ineficiente,avanzado,1,0,1,1,0,0,0
3466,707.7,False,26,Comercio,11.2,2.0,,4.0,4.1,,,353.85,,,0.1538,Ineficiente,parcial,0,1,1,1,1,0,0
3467,339.3,True,11,Apartamento,3.6,4.0,56.2,1.0,0.0,459.6,28.0,84.825,6.0374,-0.2617,0.0909,Eficiente,avanzado,1,0,0,0,0,0,0
3468,515.8,True,12,Casa,7.7,,,,,,,,,,,Eficiente,basico,1,0,0,0,0,0,1
3469,369.0,False,10,Casa,4.0,3.0,113.9,3.0,0.0,440.3,30.0,123.0,3.2397,-0.1619,0.3,Eficiente,avanzado,0,0,0,0,0,1,1
3470,861.2,True,22,Oficina,10.3,,,,,,,,,,,Ineficiente,basico,1,1,1,0,0,1,0
3471,152.6,True,5,Apartamento,0.1,,,,,,,,,,,Eficiente,basico,1,0,1,0,1,0,0
3472,412.4,True,10,Apartamento,7.8,,,,,,,,,,,Moderado,basico,0,0,0,1,1,0,0
3473,392.3,False,10,Apartamento,2.4,,109.2,3.0,,,,,3.5925,,0.3,Moderado,parcial,0,0,0,1,1,0,0
3474,224.2,True,2,Casa,4.1,1.0,121.4,0.0,0.0,220.0,29.0,224.2,1.8468,0.0191,0.0,Eficiente,avanzado,1,0,0,0,1,0,0
3475,509.3,True,15,Apartamento,6.1,5.0,84.6,2.0,6.0,412.2,30.0,101.86,6.0201,0.2356,0.1333,Moderado,avanzado,0,1,0,0,1,0,0
3476,301.8,False,11,Apartamento,1.8,1.0,108.6,1.0,3.1,303.2,28.0,301.8,2.779,-0.0046,0.0909,Moderado,avanzado,0,1,0,0,0,0,0
3477,856.3,False,15,Comercio,8.7,9.0,183.9,6.0,5.0,678.5,28.0,95.1444,4.6563,0.262,0.4,Moderado,avanzado,0,0,1,0,1,0,0
3478,606.0,True,19,Oficina,6.7,,,,,,,,,,,Moderado,basico,1,0,0,0,0,0,0
3479,875.0,False,24,Oficina,7.7,9.0,148.4,7.0,,1350.7,31.0,97.2222,5.8962,-0.3522,0.2917,Moderado,parcial,0,1,1,1,1,1,0
3480,267.1,True,6,Apartamento,4.3,,,,,,,,,,,Moderado,basico,1,0,0,1,1,0,0
3481,415.3,True,11,Apartamento,1.8,,,,,,31.0,,,,,Eficiente,parcial,0,0,0,0,0,0,1
3482,242.1,True,8,Apartamento,1.9,2.0,59.1,0.0,0.0,178.4,29.0,121.05,4.0964,0.3571,0.0,Eficiente,avanzado,0,0,0,0,1,0,1
3483,1073.4,True,19,Comercio,8.0,8.0,188.1,10.0,8.4,873.7,30.0,134.175,5.7065,0.2286,0.5263,Ineficiente,avanzado,1,1,1,1,1,0,0
3484,274.1,False,8,Apartamento,1.7,,,,,,,,,,,Ineficiente,basico,0,0,0,1,0,0,0
3485,715.3,False,20,Apartamento,9.9,6.0,51.1,7.0,0.0,544.1,30.0,119.2167,13.998,0.3146,0.35,Ineficiente,avanzado,1,1,0,0,0,0,0
3486,438.4,False,9,Comercio,5.9,,,,,,,,,,,Ineficiente,basico,0,1,0,1,0,1,0
3487,282.1,True,7,Apartamento,7.7,2.0,74.2,0.0,3.2,309.1,28.0,141.05,3.8019,-0.0874,0.0,Eficiente,avanzado,1,0,0,0,0,0,1
3488,882.7,False,22,Comercio,9.8,10.0,71.3,6.0,3.9,821.4,30.0,88.27,12.3801,0.0746,0.2727,Ineficiente,avanzado,0,1,1,0,0,1,0
3489,787.7,True,23,Casa,9.6,,,,,,,,,,,Ineficiente,basico,1,1,0,0,1,0,0
3490,468.2,False,8,Apartamento,8.3,,,,,,,,,,,Ineficiente,basico,0,0,1,1,0,1,0
3491,468.2,True,13,Apartamento,6.9,,,,,,,,,,,Moderado,basico,1,1,1,0,0,0,0
3492,514.9,False,13,Casa,7.2,7.0,28.6,2.0,2.3,476.9,31.0,73.5571,18.0035,0.0797,0.1538,Ineficiente,avanzado,0,0,0,1,0,1,0
3493,606.0,True,15,Comercio,7.0,,128.6,,,535.7,29.0,,4.7123,0.1312,,Ineficiente,parcial,1,0,1,1,1,1,0
3494,317.7,True,10,Apartamento,5.6,2.0,108.6,1.0,4.1,294.7,31.0,158.85,2.9254,0.078,0.1,Moderado,avanzado,1,0,0,0,0,0,0
3495,550.5,True,14,Casa,5.8,8.0,151.2,2.0,0.0,857.6,31.0,68.8125,3.6409,-0.3581,0.1429,Eficiente,avanzado,1,0,0,0,0,0,1
3496,704.6,True,15,Comercio,11.1,3.0,,,7.6,756.9,28.0,234.8667,,-0.0691,,Ineficiente,parcial,1,0,0,1,0,1,0
3497,326.3,True,7,Apartamento,8.1,,91.5,1.0,1.9,,29.0,,3.5661,,0.1429,Moderado,parcial,1,0,0,0,1,0,0
3498,1083.4,True,32,Comercio,9.8,8.0,105.5,9.0,,,,135.425,10.2692,,0.2812,Ineficiente,parcial,1,0,0,0,1,1,0
3499,812.2,True,18,Casa,10.7,7.0,144.0,6.0,4.8,893.6,28.0,116.0286,5.6403,-0.0911,0.3333,Ineficiente,avanzado,1,1,0,0,1,1,0
3500,750.3,False,21,Comercio,6.9,5.0,194.2,4.0,4.8,832.8,31.0,150.06,3.8635,-0.0991,0.1905,Eficiente,avanzado,0,0,1,0,0,0,1
3501,567.8,True,12,Casa,7.7,2.0,139.5,3.0,8.8,594.4,28.0,283.9,4.0703,-0.0448,0.25,Ineficiente,avanzado,1,1,1,1,0,0,0
3502,355.0,True,10,Apartamento,6.0,4.0,68.6,0.0,,308.8,,88.75,5.1749,0.1496,0.0,Eficiente,parcial,1,1,1,0,0,0,0
3503,463.0,True,9,Casa,7.7,,,,,,,,,,,Moderado,basico,1,0,0,1,1,1,0
3504,358.4,False,16,Apartamento,2.4,,50.6,,,,,,7.083,,,Eficiente,parcial,0,0,0,0,0,0,1
3505,275.3,True,9,Apartamento,2.9,2.0,92.7,1.0,3.3,279.4,31.0,137.65,2.9698,-0.0147,0.1111,Eficiente,avanzado,1,0,0,0,0,0,1
3506,476.3,False,18,Apartamento,6.0,5.0,43.6,3.0,2.3,512.1,31.0,95.26,10.9243,-0.0699,0.1667,Moderado,avanzado,0,0,0,1,0,1,0
3507,326.2,False,11,Apartamento,3.0,2.0,58.4,2.0,7.6,290.3,28.0,163.1,5.5856,0.1237,0.1818,Moderado,avanzado,0,0,0,0,0,0,1
3508,605.5,True,11,Comercio,8.0,,,,,,,,,,,Ineficiente,basico,0,0,1,1,1,0,0
3509,316.1,True,9,Apartamento,6.5,,85.0,,,,28.0,,3.7188,,,Eficiente,parcial,0,0,0,0,0,0,1
3510,417.8,True,7,Casa,6.0,,,,5.2,371.8,28.0,,,0.1237,,Moderado,parcial,0,0,0,0,1,0,0
3511,1419.0,True,45,Oficina,15.5,,,,,,,,,,,Ineficiente,basico,1,1,0,0,0,1,0
3512,422.3,True,10,Apartamento,4.7,4.0,76.9,1.0,6.6,481.3,29.0,105.575,5.4915,-0.1226,0.1,Moderado,avanzado,1,0,1,0,0,1,0
3513,1550.4,True,45,Oficina,18.4,,,,,,,,,,,Ineficiente,basico,1,1,1,0,1,1,0
3514,634.0,True,14,Oficina,10.0,,,,,,,,,,,Moderado,basico,1,0,0,0,0,1,0
3515,1127.4,True,32,Oficina,15.3,,,,,,,,,,,Ineficiente,basico,1,0,1,0,0,1,0
3516,477.7,False,11,Comercio,6.0,2.0,56.5,,5.3,,28.0,238.85,8.4549,,,Ineficiente,parcial,0,0,1,1,0,1,0
3517,407.9,True,12,Apartamento,5.0,5.0,44.8,0.0,9.0,346.8,29.0,81.58,9.1049,0.1762,0.0,Moderado,avanzado,0,0,1,1,0,0,0
3518,329.3,True,9,Casa,2.7,,,,,,,,,,,Eficiente,basico,0,0,0,1,0,1,0
3519,231.9,True,10,Apartamento,6.3,1.0,80.6,0.0,0.0,197.6,29.0,231.9,2.8772,0.1736,0.0,Moderado,avanzado,0,0,0,0,0,0,1
3520,449.7,True,11,Comercio,4.5,,,,,,,,,,,Moderado,basico,1,0,0,0,0,0,0
3521,187.7,True,6,Apartamento,1.2,,,,,,,,,,,Eficiente,basico,1,0,0,0,1,0,0
3522,687.0,True,14,Comercio,3.2,5.0,214.1,3.0,5.6,677.8,31.0,137.4,3.2088,0.0136,0.2143,Moderado,avanzado,1,1,0,0,0,0,0
3523,613.0,True,12,Casa,8.3,,,,,,,,,,,Moderado,basico,1,0,0,1,0,1,0
3524,346.2,False,5,Casa,5.8,,,,,,,,,,,Eficiente,basico,1,1,0,0,0,0,0
3525,358.6,False,8,Apartamento,7.5,1.0,71.2,3.0,0.0,308.9,30.0,358.6,5.0365,0.1609,0.375,Ineficiente,avanzado,0,0,0,1,0,1,0
3526,311.3,False,8,Apartamento,4.2,1.0,63.1,3.0,0.8,264.7,31.0,311.3,4.9334,0.176,0.375,Ineficiente,avanzado,0,0,1,1,0,0,0
3527,283.6,False,9,Casa,4.3,,,,,,,,,,,Moderado,basico,1,0,0,1,0,0,0
3528,316.7,True,7,Casa,1.6,1.0,121.7,2.0,2.3,241.3,30.0,316.7,2.6023,0.3125,0.2857,Ineficiente,avanzado,0,0,0,0,0,0,1
3529,680.8,True,14,Comercio,9.0,3.0,,,3.1,608.9,29.0,226.9333,,0.1181,,Ineficiente,parcial,1,1,0,0,1,0,0
3530,381.2,False,11,Apartamento,4.4,5.0,101.3,3.0,,418.6,31.0,76.24,3.7631,-0.0893,0.2727,Eficiente,parcial,0,0,0,0,0,0,1
3531,402.4,True,9,Casa,6.2,,,,,,,,,,,Ineficiente,basico,1,1,0,1,1,0,0
3532,244.3,False,6,Casa,1.5,,,,,243.6,,,,0.0029,,Eficiente,parcial,0,1,1,0,0,0,0
3533,482.7,False,19,Apartamento,5.4,7.0,67.9,3.0,0.0,432.3,28.0,68.9571,7.109,0.1166,0.1579,Eficiente,avanzado,0,1,0,0,1,1,0
3534,386.1,True,11,Casa,6.2,4.0,66.0,3.0,0.0,262.5,30.0,96.525,5.85,0.4709,0.2727,Ineficiente,avanzado,1,0,0,0,0,0,0
3535,478.8,False,10,Apartamento,4.6,4.0,76.7,3.0,5.2,375.7,30.0,119.7,6.2425,0.2744,0.3,Moderado,avanzado,0,0,0,0,1,0,0
3536,944.1,True,22,Comercio,8.0,,,,,,,,,,,Ineficiente,basico,1,0,1,0,1,0,0
3537,383.8,True,9,Casa,6.3,3.0,77.1,1.0,1.9,456.1,31.0,127.9333,4.978,-0.1585,0.1111,Moderado,avanzado,0,0,0,0,0,0,1
3538,344.3,False,8,Apartamento,5.0,2.0,134.7,2.0,,,,172.15,2.5561,,0.25,Moderado,parcial,0,0,0,1,0,0,0
3539,359.6,False,5,Casa,4.0,2.0,158.4,2.0,7.5,311.7,29.0,179.8,2.2702,0.1537,0.4,Moderado,avanzado,0,1,1,1,0,0,0
3540,447.4,True,8,Casa,8.6,,99.7,2.0,,,28.0,,4.4875,,0.25,Ineficiente,parcial,1,1,1,1,1,0,0
3541,920.2,True,25,Oficina,8.7,10.0,243.6,6.0,0.0,1170.0,30.0,92.02,3.7775,-0.2135,0.24,Moderado,avanzado,1,1,0,1,0,0,0
3542,288.5,False,3,Apartamento,4.0,1.0,66.1,0.0,8.8,300.9,29.0,288.5,4.3646,-0.0412,0.0,Moderado,avanzado,0,0,1,1,0,0,0
3543,758.4,True,17,Oficina,5.1,5.0,184.9,,6.6,649.2,,151.68,4.1017,0.1682,,Ineficiente,parcial,1,1,1,0,1,0,0
3544,338.2,False,7,Casa,2.4,2.0,138.7,1.0,4.5,434.8,29.0,169.1,2.4384,-0.2222,0.1429,Eficiente,avanzado,0,0,1,0,0,0,1
3545,416.0,True,12,Casa,5.7,,,,,,,,,,,Eficiente,basico,0,1,1,0,1,0,0
3546,257.0,False,5,Apartamento,3.4,2.0,69.9,1.0,6.4,227.0,29.0,128.5,3.6767,0.1322,0.2,Eficiente,avanzado,0,0,1,0,0,1,0
3547,428.6,True,12,Apartamento,6.6,3.0,112.5,1.0,2.8,395.5,28.0,142.8667,3.8098,0.0837,0.0833,Moderado,avanzado,1,1,0,1,1,0,0
3548,762.5,True,14,Oficina,3.7,8.0,187.1,5.0,2.5,829.8,30.0,95.3125,4.0754,-0.0811,0.3571,Moderado,avanzado,0,0,0,0,0,1,0
3549,573.3,False,18,Casa,7.4,7.0,129.9,3.0,4.4,618.5,31.0,81.9,4.4134,-0.0731,0.1667,Eficiente,avanzado,0,0,0,0,0,0,1
3550,538.4,True,15,Comercio,7.4,2.0,37.9,3.0,,611.8,,269.2,14.2058,-0.12,0.2,Ineficiente,parcial,1,1,1,1,0,1,0
3551,675.0,False,18,Comercio,8.5,,183.9,,,,,,3.6705,,,Eficiente,parcial,0,1,0,0,0,0,1
3552,283.3,True,8,Apartamento,4.1,,,,,,,,,,,Moderado,basico,1,0,0,1,0,0,0
3553,412.2,True,9,Casa,6.7,,,,5.3,411.7,,,,0.0012,,Eficiente,parcial,1,0,0,0,0,0,0
3554,518.4,True,16,Apartamento,7.1,6.0,60.9,2.0,0.0,431.3,29.0,86.4,8.5123,0.2019,0.125,Moderado,avanzado,0,0,0,0,0,0,1
3555,724.7,False,19,Casa,8.2,,,,,,,,,,,Eficiente,basico,0,1,1,0,0,0,0
3556,695.4,True,16,Comercio,8.8,1.0,125.4,,,906.4,31.0,695.4,5.5455,-0.2328,,Ineficiente,parcial,1,0,0,1,1,1,0
3557,284.0,True,10,Apartamento,5.5,,,,,,,,,,,Ineficiente,basico,1,0,0,0,1,0,0
3558,609.9,False,17,Oficina,5.3,,,,,,,,,,,Moderado,basico,0,0,0,0,0,0,1
3559,430.8,True,14,Apartamento,8.8,2.0,95.7,2.0,5.5,418.1,29.0,215.4,4.5016,0.0304,0.1429,Ineficiente,avanzado,1,0,1,0,0,0,0
3560,481.3,True,14,Apartamento,5.6,5.0,86.2,3.0,0.0,524.5,30.0,96.26,5.5835,-0.0824,0.2143,Moderado,avanzado,0,0,0,0,0,0,1
3561,455.0,True,9,Apartamento,5.1,3.0,,2.0,5.5,,,151.6667,,,0.2222,Ineficiente,parcial,0,0,1,0,0,0,0
3562,443.4,True,8,Apartamento,8.3,4.0,67.2,1.0,12.3,324.2,29.0,110.85,6.5982,0.3677,0.125,Ineficiente,avanzado,0,1,1,0,0,1,0
3563,777.9,False,17,Oficina,9.2,8.0,168.4,6.0,3.9,857.9,29.0,97.2375,4.6194,-0.0933,0.3529,Moderado,avanzado,1,1,1,0,0,0,0
3564,487.8,False,9,Casa,8.8,3.0,,,14.0,,,162.6,,,,Moderado,parcial,1,0,1,0,0,0,0
3565,1189.9,False,32,Oficina,14.4,,,,5.0,1410.8,,,,-0.1566,,Ineficiente,parcial,0,1,1,0,0,1,0
3566,678.1,True,15,Comercio,7.0,,,,,,,,,,,Moderado,basico,1,0,0,0,0,0,0
3567,989.4,False,28,Comercio,9.7,9.0,,,,,30.0,109.9333,,,,Eficiente,parcial,1,1,0,0,0,1,0
3568,303.3,True,14,Apartamento,9.0,,,,,,29.0,,,,,Moderado,parcial,1,1,0,0,0,0,0
3569,813.0,False,21,Comercio,9.4,,,,,,,,,,,Eficiente,basico,0,0,0,0,0,0,1
3570,516.1,True,16,Casa,9.2,2.0,129.0,3.0,0.0,468.8,30.0,258.05,4.0008,0.1009,0.1875,Ineficiente,avanzado,1,1,0,1,1,0,0
3571,724.6,False,13,Comercio,7.5,7.0,151.3,2.0,7.5,629.9,30.0,103.5143,4.7892,0.1503,0.1538,Moderado,avanzado,0,1,1,0,0,0,0
3572,520.2,True,12,Casa,5.2,2.0,70.9,5.0,0.0,569.3,29.0,260.1,7.3371,-0.0862,0.4167,Ineficiente,avanzado,1,0,0,0,0,1,0
3573,476.6,True,7,Casa,4.9,6.0,61.3,,5.2,504.7,30.0,79.4333,7.7749,-0.0557,,Moderado,parcial,0,0,0,1,0,0,0
3574,383.2,True,9,Apartamento,3.3,4.0,86.2,0.0,8.7,340.3,30.0,95.8,4.4455,0.1261,0.0,Eficiente,avanzado,1,0,1,0,0,0,0
3575,290.5,True,3,Casa,4.7,2.0,81.7,2.0,5.6,254.6,28.0,145.25,3.5557,0.141,0.6667,Ineficiente,avanzado,1,1,1,0,0,0,0
3576,511.0,True,10,Casa,4.5,,177.7,3.0,,,,,2.8756,,0.3,Moderado,parcial,1,1,0,0,0,1,0
3577,462.9,False,9,Comercio,3.9,2.0,102.0,2.0,6.8,442.5,30.0,231.45,4.5382,0.0461,0.2222,Moderado,avanzado,1,0,1,0,0,0,0
3578,395.2,True,11,Casa,5.5,,,,,,,,,,,Eficiente,basico,1,0,0,1,0,0,0
3579,737.6,False,13,Comercio,6.3,,,,,,,,,,,Ineficiente,basico,0,1,1,0,0,0,0
3580,331.1,True,6,Casa,2.4,4.0,,1.0,,293.3,,82.775,,0.1289,0.1667,Eficiente,parcial,1,1,0,0,1,0,0
3581,742.8,True,17,Comercio,9.7,5.0,108.3,5.0,2.7,810.3,31.0,148.56,6.8587,-0.0833,0.2941,Ineficiente,avanzado,1,1,0,0,1,0,0
3582,1049.6,False,26,Comercio,9.9,,,,,1081.5,29.0,,,-0.0295,,Ineficiente,parcial,0,1,1,1,0,1,0
3583,287.8,False,7,Casa,2.3,4.0,165.1,1.0,0.0,256.6,31.0,71.95,1.7432,0.1216,0.1429,Eficiente,avanzado,1,0,1,0,1,0,0
3584,383.6,True,11,Apartamento,7.3,3.0,70.4,2.0,0.0,335.4,,127.8667,5.4489,0.1437,0.1818,Moderado,parcial,0,0,0,0,0,0,1
3585,1104.8,False,25,Oficina,9.7,11.0,173.4,8.0,11.4,1218.3,29.0,100.4364,6.3714,-0.0932,0.32,Moderado,avanzado,0,1,1,0,0,0,0
3586,1201.3,False,25,Comercio,12.3,11.0,165.8,11.0,6.4,1175.7,28.0,109.2091,7.2455,0.0218,0.44,Ineficiente,avanzado,0,1,1,0,0,1,0
3587,502.3,True,13,Casa,5.2,4.0,79.0,4.0,4.6,507.8,29.0,125.575,6.3582,-0.0108,0.3077,Ineficiente,avanzado,1,1,0,1,0,1,0
3588,162.4,True,3,Apartamento,3.7,1.0,87.1,1.0,0.0,,30.0,162.4,1.8645,,0.3333,Moderado,parcial,0,1,0,0,0,0,0
3589,793.4,True,22,Comercio,9.7,,,,,,,,,,,Ineficiente,basico,1,1,0,1,1,0,0
3590,584.2,True,14,Casa,6.2,6.0,25.2,3.0,4.9,586.3,29.0,97.3667,23.1825,-0.0036,0.2143,Ineficiente,avanzado,1,1,1,0,0,1,0
3591,816.6,False,28,Comercio,9.3,7.0,140.8,4.0,0.0,906.0,30.0,116.6571,5.7997,-0.0987,0.1429,Eficiente,avanzado,0,1,0,0,0,0,1
3592,606.6,False,17,Casa,8.8,5.0,63.9,5.0,8.7,571.0,30.0,121.32,9.493,0.0623,0.2941,Ineficiente,avanzado,0,0,1,0,0,0,0
3593,662.3,False,16,Comercio,5.8,,88.6,,4.0,,,,7.4752,,,Eficiente,parcial,1,0,0,1,0,1,0
3594,315.4,True,9,Casa,6.0,,,,,,,,,,,Eficiente,basico,1,0,0,0,0,1,0
3595,345.6,False,4,Casa,4.9,,,,,,,,,,,Moderado,basico,0,0,1,1,0,0,0
3596,1033.6,False,25,Oficina,9.3,,,,,,,,,,,Ineficiente,basico,0,0,1,1,0,1,0
3597,629.7,True,13,Comercio,4.4,,,,,,31.0,,,,,Moderado,parcial,0,1,0,0,0,1,0
3598,844.4,False,20,Oficina,11.2,9.0,139.5,5.0,6.7,817.5,28.0,93.8222,6.053,0.0329,0.25,Moderado,avanzado,0,1,1,0,1,0,0
3599,1180.8,False,37,Oficina,10.2,,,,,,,,,,,Moderado,basico,0,1,1,0,0,0,0
3600,506.4,True,15,Apartamento,4.3,,,,,,,,,,,Ineficiente,basico,1,1,0,1,0,1,0
3601,573.6,True,11,Casa,9.6,4.0,185.6,6.0,0.0,594.4,28.0,143.4,3.0905,-0.035,0.5455,Ineficiente,avanzado,1,1,0,0,0,1,0
3602,318.4,True,8,Casa,5.4,3.0,44.7,1.0,0.0,339.5,29.0,106.1333,7.123,-0.0622,0.125,Moderado,avanzado,1,1,0,0,0,0,0
3603,329.9,False,8,Apartamento,3.4,3.0,,2.0,0.0,,29.0,109.9667,,,0.25,Eficiente,parcial,0,1,0,0,0,0,0
3604,542.3,False,15,Casa,5.9,5.0,,,6.9,398.1,,108.46,,0.3622,,Moderado,parcial,0,0,1,0,0,0,0
3605,853.5,True,24,Oficina,13.0,,,,,,,,,,,Ineficiente,basico,0,1,1,1,0,1,0
3606,425.6,True,10,Casa,9.4,5.0,,,5.9,,,85.12,,,,Eficiente,parcial,1,0,0,1,0,0,0
3607,502.2,False,12,Casa,4.1,5.0,97.8,4.0,0.0,481.4,29.0,100.44,5.135,0.0432,0.3333,Eficiente,avanzado,0,0,0,0,0,1,1
3608,319.3,True,10,Casa,3.3,4.0,91.3,1.0,0.0,233.7,31.0,79.825,3.4973,0.3663,0.1,Eficiente,avanzado,1,0,1,0,1,0,0
3609,438.7,True,9,Casa,5.4,5.0,170.6,2.0,4.2,445.5,31.0,87.74,2.5715,-0.0153,0.2222,Eficiente,avanzado,1,1,1,0,0,0,0
3610,572.2,True,15,Casa,5.2,,,,,,31.0,,,,,Moderado,parcial,1,0,0,0,1,0,0
3611,416.1,True,5,Apartamento,5.4,,,,6.6,,,,,,,Ineficiente,parcial,0,1,1,0,0,1,0
3612,582.2,True,16,Casa,9.4,,163.3,2.0,5.4,610.9,,,3.5652,-0.047,0.125,Eficiente,parcial,1,1,0,0,0,1,0
3613,266.8,False,10,Apartamento,4.0,,,,0.0,,30.0,,,,,Moderado,parcial,0,0,0,0,0,0,1
3614,1137.3,True,29,Oficina,11.7,,,,,,,,,,,Ineficiente,basico,1,1,0,0,0,1,0
3615,443.0,True,9,Apartamento,7.1,,,,,,,,,,,Eficiente,basico,1,0,0,0,0,0,1
3616,333.6,False,6,Apartamento,3.7,1.0,92.9,0.0,9.0,393.6,28.0,333.6,3.591,-0.1524,0.0,Moderado,avanzado,0,1,1,1,0,0,0
3617,358.1,True,10,Casa,3.1,3.0,67.6,2.0,0.0,429.3,28.0,119.3667,5.2973,-0.1659,0.2,Moderado,avanzado,0,0,0,0,0,1,0
3618,344.7,False,8,Casa,3.1,4.0,147.0,1.0,2.2,264.3,30.0,86.175,2.3449,0.3042,0.125,Eficiente,avanzado,0,0,0,0,1,0,1
3619,615.5,True,13,Casa,8.5,4.0,106.6,3.0,12.8,490.5,31.0,153.875,5.7739,0.2548,0.2308,Ineficiente,avanzado,0,1,1,0,1,1,0
3620,1429.4,True,32,Oficina,16.5,,,,,,,,,,,Ineficiente,basico,1,1,1,0,0,1,0
3621,226.3,True,8,Apartamento,6.9,,,,,,,,,,,Ineficiente,basico,1,0,1,1,1,0,0
3622,448.0,True,9,Casa,3.8,,178.8,3.0,,,,,2.5056,,0.3333,Ineficiente,parcial,1,0,1,0,0,0,0
3623,332.0,True,6,Apartamento,2.7,,,,,,,,,,,Ineficiente,basico,0,0,0,1,1,1,0
3624,760.1,True,17,Comercio,9.4,4.0,126.9,5.0,0.0,690.7,30.0,190.025,5.9898,0.1005,0.2941,Ineficiente,avanzado,1,1,0,1,0,0,0
3625,190.4,True,3,Apartamento,2.3,,,,,,,,,,,Eficiente,basico,1,0,1,0,0,0,0
3626,289.0,False,6,Apartamento,5.1,2.0,99.0,3.0,0.0,315.8,30.0,144.5,2.9192,-0.0849,0.5,Moderado,avanzado,0,1,0,0,0,0,0
3627,1031.9,False,27,Oficina,5.2,10.0,110.3,9.0,1.4,1039.9,28.0,103.19,9.3554,-0.0077,0.3333,Moderado,avanzado,1,1,0,0,0,1,0
3628,411.1,True,9,Apartamento,7.9,,,,,,,,,,,Moderado,basico,1,0,0,1,0,0,0
3629,322.2,True,7,Apartamento,4.8,1.0,83.1,2.0,0.5,300.2,30.0,322.2,3.8773,0.0733,0.2857,Ineficiente,avanzado,1,1,1,1,0,0,0
3630,338.4,False,10,Casa,6.0,,,,5.1,,,,,,,Eficiente,parcial,0,0,0,1,1,0,0
3631,158.4,False,3,Casa,2.0,3.0,136.1,0.0,0.0,177.4,28.0,52.8,1.1639,-0.1071,0.0,Eficiente,avanzado,0,0,0,0,0,0,1
3632,710.2,False,20,Oficina,8.8,10.0,147.2,3.0,2.2,702.8,30.0,71.02,4.8247,0.0105,0.15,Eficiente,avanzado,0,0,0,1,0,1,0
3633,367.9,True,8,Apartamento,8.1,2.0,44.0,3.0,2.2,516.8,29.0,183.95,8.3614,-0.2881,0.375,Ineficiente,avanzado,1,1,1,1,1,0,0
3634,442.3,True,7,Casa,5.9,3.0,135.3,3.0,5.3,413.8,30.0,147.4333,3.269,0.0689,0.4286,Ineficiente,avanzado,1,1,0,0,0,1,0
3635,374.7,True,8,Apartamento,3.8,2.0,91.0,1.0,8.9,,31.0,187.35,4.1176,,0.125,Ineficiente,parcial,0,1,1,0,1,0,0
3636,429.8,False,7,Casa,1.5,3.0,182.4,2.0,5.7,406.3,28.0,143.2667,2.3564,0.0578,0.2857,Eficiente,avanzado,0,0,1,0,0,0,1
3637,1174.1,False,34,Comercio,10.7,8.0,232.2,12.0,3.6,988.7,28.0,146.7625,5.0564,0.1875,0.3529,Ineficiente,avanzado,1,1,0,1,1,1,0
3638,370.4,True,7,Casa,3.6,1.0,235.3,1.0,4.0,379.2,28.0,370.4,1.5742,-0.0232,0.1429,Ineficiente,avanzado,1,0,1,0,0,0,0
3639,874.7,True,17,Comercio,11.8,6.0,165.0,4.0,9.9,734.5,31.0,145.7833,5.3012,0.1909,0.2353,Ineficiente,avanzado,1,1,1,0,1,0,0
3640,562.8,True,12,Apartamento,5.7,2.0,91.3,5.0,0.0,589.1,29.0,281.4,6.1643,-0.0446,0.4167,Ineficiente,avanzado,1,1,0,1,1,0,0
3641,501.8,True,10,Casa,7.2,5.0,109.5,1.0,8.4,444.7,31.0,100.36,4.5826,0.1284,0.1,Moderado,avanzado,1,0,1,0,1,0,0
3642,589.0,True,15,Casa,4.6,6.0,214.1,3.0,3.6,751.0,31.0,98.1667,2.7511,-0.2157,0.2,Eficiente,avanzado,0,1,0,0,1,0,0
3643,808.1,False,21,Comercio,8.6,,,6.0,9.3,,29.0,,,,0.2857,Ineficiente,parcial,0,0,0,1,0,0,0
3644,566.3,False,18,Casa,5.5,6.0,212.2,3.0,0.0,510.6,31.0,94.3833,2.6687,0.1091,0.1667,Eficiente,avanzado,0,0,0,0,0,0,1
3645,584.6,False,10,Casa,5.5,4.0,206.9,2.0,8.6,493.5,31.0,146.15,2.8255,0.1846,0.2,Moderado,avanzado,0,0,1,1,1,0,0
3646,634.9,False,15,Comercio,4.5,1.0,116.3,6.0,2.8,660.3,31.0,634.9,5.4592,-0.0385,0.4,Ineficiente,avanzado,0,1,1,1,0,1,0
3647,391.9,False,6,Casa,5.8,1.0,178.5,2.0,7.7,354.2,31.0,391.9,2.1955,0.1064,0.3333,Ineficiente,avanzado,0,1,1,1,0,0,0
3648,286.1,False,6,Casa,5.1,2.0,,2.0,,,,143.05,,,0.3333,Moderado,parcial,1,0,1,0,0,0,0
3649,598.5,True,19,Casa,8.0,4.0,117.7,2.0,8.4,614.0,28.0,149.625,5.085,-0.0252,0.1053,Moderado,avanzado,0,0,1,1,0,0,0
3650,809.2,True,23,Comercio,6.6,6.0,156.6,5.0,7.9,687.8,31.0,134.8667,5.1673,0.1765,0.2174,Ineficiente,avanzado,1,0,1,0,1,0,0
3651,418.6,False,9,Casa,4.6,4.0,146.2,1.0,2.0,407.2,31.0,104.65,2.8632,0.028,0.1111,Eficiente,avanzado,0,0,1,0,0,1,0
3652,678.3,True,14,Casa,7.5,10.0,150.1,3.0,4.2,520.1,31.0,67.83,4.519,0.3042,0.2143,Moderado,avanzado,1,0,1,1,1,0,0
3653,373.6,True,11,Casa,7.2,5.0,197.8,1.0,0.0,397.9,28.0,74.72,1.8888,-0.0611,0.0909,Eficiente,avanzado,1,0,0,0,1,0,0
3654,556.2,True,18,Casa,6.1,,,,,,,,,,,Moderado,basico,1,1,0,1,0,0,0
3655,578.6,True,13,Casa,10.7,4.0,102.7,4.0,6.1,477.4,28.0,144.65,5.6339,0.212,0.3077,Ineficiente,avanzado,1,1,1,0,0,0,0
3656,668.9,True,16,Casa,6.7,6.0,166.2,6.0,0.0,650.1,30.0,111.4833,4.0247,0.0289,0.375,Moderado,avanzado,1,1,0,1,0,0,0
3657,480.4,True,11,Casa,10.1,5.0,61.6,1.0,6.3,423.6,28.0,96.08,7.7987,0.1341,0.0909,Moderado,avanzado,1,0,1,0,0,1,0
3658,538.5,True,12,Casa,5.5,,,,,,,,,,,Moderado,basico,1,1,0,0,0,0,0
3659,716.9,True,10,Comercio,7.0,5.0,147.0,5.0,0.3,658.3,29.0,143.38,4.8769,0.089,0.5,Ineficiente,avanzado,0,1,0,0,1,0,0
3660,449.1,False,15,Casa,2.2,5.0,162.6,2.0,3.2,594.6,29.0,89.82,2.762,-0.2447,0.1333,Eficiente,avanzado,0,1,0,0,0,0,0
3661,422.6,True,12,Casa,5.0,,,,,,,,,,,Eficiente,basico,1,0,0,0,0,0,0
3662,638.9,True,20,Oficina,7.7,,,,,,,,,,,Moderado,basico,1,1,0,0,0,0,0
3663,1368.1,False,36,Oficina,13.8,,,,,,,,,,,Ineficiente,basico,1,1,1,0,0,0,0
3664,305.4,True,3,Apartamento,4.4,2.0,61.2,1.0,6.8,229.1,31.0,152.7,4.9902,0.333,0.3333,Ineficiente,avanzado,1,0,0,0,1,0,0
3665,531.8,False,11,Casa,7.0,2.0,170.1,4.0,12.2,423.4,30.0,265.9,3.1264,0.256,0.3636,Ineficiente,avanzado,0,0,1,1,1,0,0
3666,448.1,True,9,Casa,7.6,,,,,,,,,,,Eficiente,basico,0,0,1,0,0,0,1
3667,503.2,True,14,Casa,7.9,1.0,,4.0,11.4,,,503.2,,,0.2857,Ineficiente,parcial,0,1,1,1,0,0,0
3668,536.4,True,17,Casa,6.3,,175.0,2.0,3.7,527.4,28.0,,3.0651,0.0171,0.1176,Eficiente,parcial,1,0,0,1,1,1,0
3669,417.5,False,13,Casa,4.5,6.0,184.1,1.0,0.0,321.7,30.0,69.5833,2.2678,0.2978,0.0769,Eficiente,avanzado,0,0,0,0,1,0,1
3670,599.0,False,17,Apartamento,7.6,5.0,55.0,5.0,6.5,686.3,31.0,119.8,10.8909,-0.1272,0.2941,Ineficiente,avanzado,0,1,1,0,0,0,0
3671,336.8,False,10,Casa,4.1,3.0,72.1,,6.7,,,112.2667,4.6713,,,Eficiente,parcial,0,0,1,0,0,0,1
3672,190.0,True,3,Apartamento,3.6,2.0,,1.0,,215.9,29.0,95.0,,-0.12,0.3333,Eficiente,parcial,0,1,0,0,0,0,1
3673,331.2,False,11,Casa,1.5,3.0,87.1,2.0,0.0,306.0,29.0,110.4,3.8025,0.0824,0.1818,Eficiente,avanzado,0,0,1,0,0,0,0
3674,482.8,True,8,Casa,9.3,3.0,81.4,3.0,4.0,465.0,28.0,160.9333,5.9312,0.0383,0.375,Ineficiente,avanzado,1,1,1,0,0,0,0
3675,935.2,True,25,Comercio,10.3,6.0,100.5,7.0,7.6,1006.8,28.0,155.8667,9.3055,-0.0711,0.28,Ineficiente,avanzado,0,1,0,0,0,1,0
3676,732.6,False,17,Comercio,6.7,,,,,,,,,,,Ineficiente,basico,0,1,0,1,0,1,0
3677,523.4,False,9,Casa,6.4,,,,,,,,,,,Moderado,basico,0,1,1,1,0,0,0
3678,252.3,False,10,Apartamento,1.3,2.0,137.0,1.0,,216.1,29.0,126.15,1.8416,0.1675,0.1,Eficiente,parcial,0,1,0,0,0,0,0
3679,235.7,False,5,Casa,2.1,1.0,,,0.0,,,235.7,,,,Moderado,parcial,0,1,0,0,0,0,0
3680,601.4,True,12,Casa,8.9,,,0.0,,,,,,,0.0,Moderado,parcial,1,0,1,0,0,0,0
3681,450.0,True,12,Apartamento,7.7,,,,,,,,,,,Ineficiente,basico,0,0,1,1,0,1,0
3682,412.9,True,11,Casa,5.3,,,,,,,,,,,Moderado,basico,0,0,0,0,1,1,0
3683,136.8,True,3,Apartamento,1.1,1.0,,0.0,0.0,107.4,29.0,136.8,,0.2737,0.0,Eficiente,parcial,0,0,1,0,0,0,1
3684,530.9,True,14,Apartamento,8.1,,,,,,,,,,,Ineficiente,basico,1,1,1,0,1,0,0
3685,501.7,True,14,Casa,5.3,,,,,,,,,,,Eficiente,basico,1,0,0,0,0,0,0
3686,494.9,True,8,Casa,4.9,,,,,,,,,,,Moderado,basico,1,0,1,1,0,0,0
3687,386.1,True,3,Casa,6.1,1.0,119.5,1.0,9.1,352.2,28.0,386.1,3.231,0.0963,0.3333,Ineficiente,avanzado,0,0,1,1,0,1,0
3688,817.7,False,22,Oficina,7.9,10.0,185.7,4.0,0.0,806.8,28.0,81.77,4.4033,0.0135,0.1818,Eficiente,avanzado,1,0,0,0,0,1,0
3689,403.9,True,11,Apartamento,4.4,3.0,108.5,3.0,0.0,524.4,29.0,134.6333,3.7226,-0.2298,0.2727,Moderado,avanzado,0,0,1,1,0,0,0
3690,419.6,False,7,Casa,2.1,,197.7,2.0,,320.6,,,2.1224,0.3088,0.2857,Moderado,parcial,0,0,0,1,1,0,0
3691,403.1,True,8,Casa,5.5,,,,,,,,,,,Ineficiente,basico,1,1,1,0,1,0,0
3692,264.1,False,8,Apartamento,4.4,,,,,,,,,,,Eficiente,basico,0,1,0,0,0,0,0
3693,588.0,True,12,Casa,6.7,6.0,164.8,4.0,0.0,,29.0,98.0,3.568,,0.3333,Moderado,parcial,1,0,0,0,0,0,0
3694,740.0,True,16,Apartamento,7.9,,,,10.0,,30.0,,,,,Ineficiente,parcial,1,0,1,0,0,0,0
3695,1401.4,False,33,Comercio,13.4,14.0,83.8,13.0,4.6,1340.7,30.0,100.1,16.7232,0.0453,0.3939,Ineficiente,avanzado,0,1,1,0,0,1,0
3696,607.1,True,16,Apartamento,7.2,5.0,77.4,3.0,9.0,546.3,31.0,121.42,7.8437,0.1113,0.1875,Ineficiente,avanzado,0,1,1,1,1,1,0
3697,331.6,True,6,Casa,3.3,2.0,,1.0,5.1,,28.0,165.8,,,0.1667,Moderado,parcial,1,0,1,0,0,0,0
3698,512.0,True,13,Casa,9.4,3.0,127.8,2.0,6.2,430.0,28.0,170.6667,4.0063,0.1907,0.1538,Ineficiente,avanzado,1,0,0,0,0,0,0
3699,515.6,False,11,Casa,7.2,,,,,,29.0,,,,,Eficiente,parcial,0,0,0,0,0,0,1
3700,658.1,True,16,Apartamento,7.4,,,,,,,,,,,Ineficiente,basico,1,0,0,0,0,0,0
3701,795.6,True,21,Oficina,8.9,7.0,122.8,5.0,0.0,584.0,31.0,113.6571,6.4788,0.3623,0.2381,Ineficiente,avanzado,1,1,1,0,1,0,0
3702,519.0,False,16,Casa,1.9,7.0,159.6,0.0,1.5,506.6,31.0,74.1429,3.2519,0.0245,0.0,Eficiente,avanzado,0,1,1,0,0,0,0
3703,314.9,True,12,Apartamento,7.5,1.0,90.4,1.0,0.0,289.0,30.0,314.9,3.4834,0.0896,0.0833,Ineficiente,avanzado,1,0,0,1,1,0,0
3704,407.0,True,10,Apartamento,6.6,,,,,466.0,,,,-0.1266,,Ineficiente,parcial,1,0,0,0,0,1,0
3705,570.4,True,11,Casa,6.4,,,,,,,,,,,Moderado,basico,1,1,0,0,0,0,0
3706,413.1,False,7,Casa,1.6,5.0,161.3,0.0,7.0,492.4,28.0,82.62,2.5611,-0.161,0.0,Eficiente,avanzado,0,0,0,1,0,0,0
3707,385.1,False,9,Casa,6.2,3.0,141.6,1.0,5.5,384.6,29.0,128.3667,2.7196,0.0013,0.1111,Eficiente,avanzado,0,1,0,1,0,0,0
3708,416.2,False,13,Apartamento,6.6,,,,,,,,,,,Eficiente,basico,0,0,1,0,1,0,0
3709,420.3,True,11,Apartamento,6.5,,,,,,,,,,,Moderado,basico,0,1,0,0,0,0,0
3710,218.5,False,5,Apartamento,4.4,1.0,99.2,1.0,0.0,247.2,30.0,218.5,2.2026,-0.1161,0.2,Eficiente,avanzado,0,0,0,0,0,0,1
3711,670.2,True,11,Comercio,8.1,4.0,48.7,7.0,0.0,579.4,30.0,167.55,13.7618,0.1567,0.6364,Ineficiente,avanzado,1,1,0,0,0,1,0
3712,1156.3,False,31,Comercio,9.0,12.0,215.7,9.0,5.5,1168.4,28.0,96.3583,5.3607,-0.0104,0.2903,Moderado,avanzado,0,1,0,0,0,0,0
3713,1114.7,False,31,Oficina,11.4,,153.8,8.0,,1125.7,,,7.2477,-0.0098,0.2581,Moderado,parcial,0,1,0,0,0,0,0
3714,786.0,False,15,Comercio,5.7,,,,,,,,,,,Ineficiente,basico,0,0,1,1,0,0,0
3715,835.9,False,18,Comercio,7.3,7.0,,,,,,119.4143,,,,Moderado,parcial,0,0,1,0,1,1,0
3716,520.9,True,13,Comercio,5.0,5.0,,2.0,,621.2,30.0,104.18,,-0.1615,0.1538,Eficiente,parcial,1,0,0,0,1,0,0
3717,333.9,False,10,Apartamento,1.9,4.0,,,,,,83.475,,,,Eficiente,parcial,0,0,1,1,0,0,0
3718,881.2,True,22,Comercio,8.3,9.0,94.4,5.0,6.4,631.5,29.0,97.9111,9.3347,0.3954,0.2273,Ineficiente,avanzado,1,1,1,1,1,1,0
3719,989.3,True,25,Oficina,8.3,11.0,162.2,7.0,3.2,864.5,28.0,89.9364,6.0993,0.1444,0.28,Moderado,avanzado,1,1,0,0,1,0,0
3720,338.8,True,12,Apartamento,3.2,3.0,115.8,1.0,0.0,325.1,29.0,112.9333,2.9257,0.0421,0.0833,Eficiente,avanzado,0,0,0,1,0,0,0
3721,326.3,False,10,Apartamento,6.1,1.0,43.9,3.0,10.2,292.9,31.0,326.3,7.4328,0.114,0.3,Ineficiente,avanzado,0,0,1,1,1,1,0
3722,409.8,True,6,Apartamento,6.5,,,,,,,,,,,Ineficiente,basico,1,1,0,0,0,0,0
3723,947.6,True,18,Comercio,12.3,6.0,138.9,9.0,0.0,760.0,30.0,157.9333,6.8222,0.2468,0.5,Ineficiente,avanzado,1,1,0,1,0,0,0
3724,525.6,True,14,Apartamento,8.2,,,,,,,,,,,Ineficiente,basico,1,0,1,0,0,1,0
3725,879.9,False,21,Comercio,10.3,,169.6,,,,28.0,,5.1881,,,Moderado,parcial,1,1,0,0,0,0,0
3726,708.6,False,20,Comercio,4.6,7.0,,2.0,,,,101.2286,,,0.1,Eficiente,parcial,0,0,1,0,1,0,0
3727,910.5,True,19,Oficina,13.3,6.0,153.9,5.0,11.8,817.5,28.0,151.75,5.9162,0.1138,0.2632,Ineficiente,avanzado,1,1,1,1,1,0,0
3728,371.9,False,8,Casa,2.8,3.0,87.5,2.0,0.0,323.6,31.0,123.9667,4.2503,0.1493,0.25,Eficiente,avanzado,0,0,0,0,0,0,1
3729,470.6,True,9,Apartamento,9.8,,,,3.4,,31.0,,,,,Ineficiente,parcial,1,1,1,0,0,0,0
3730,771.6,True,25,Comercio,6.7,,,,,,,,,,,Eficiente,basico,0,0,0,0,0,1,1
3731,816.7,False,18,Oficina,9.7,8.0,173.5,5.0,7.7,789.7,29.0,102.0875,4.7072,0.0342,0.2778,Moderado,avanzado,0,0,1,1,1,0,0
3732,1195.9,False,33,Oficina,9.4,,,,,,,,,,,Moderado,basico,0,1,1,0,0,0,0
3733,276.0,False,10,Apartamento,1.4,,,,0.0,282.1,,,,-0.0216,,Eficiente,parcial,0,0,0,0,1,0,0
3734,678.1,True,14,Apartamento,10.9,7.0,93.1,,1.0,821.5,,96.8714,7.2836,-0.1746,,Ineficiente,parcial,0,0,1,0,0,1,0
3735,530.4,False,13,Casa,4.9,4.0,128.1,4.0,6.6,489.3,30.0,132.6,4.1405,0.084,0.3077,Moderado,avanzado,0,0,1,0,0,0,0
3736,1029.3,False,29,Oficina,10.5,11.0,193.9,6.0,7.7,982.6,31.0,93.5727,5.3084,0.0475,0.2069,Moderado,avanzado,0,0,1,0,1,0,0
3737,398.4,True,8,Casa,2.3,,,,,,,,,,,Eficiente,basico,1,0,0,0,0,0,0
3738,479.8,False,15,Apartamento,4.9,4.0,100.4,3.0,0.0,632.9,31.0,119.95,4.7789,-0.2419,0.2,Eficiente,avanzado,0,0,0,1,0,0,1
3739,848.8,False,18,Comercio,10.4,7.0,99.6,4.0,5.1,996.4,30.0,121.2571,8.5221,-0.1481,0.2222,Moderado,avanzado,1,0,1,0,0,1,0
3740,296.8,False,7,Apartamento,4.1,1.0,87.7,2.0,,,,296.8,3.3843,,0.2857,Ineficiente,parcial,1,1,0,1,1,0,0
3741,535.5,True,15,Casa,5.8,,,4.0,0.0,763.9,31.0,,,-0.299,0.2667,Moderado,parcial,1,1,0,1,0,0,0
3742,469.1,False,14,Casa,4.1,,,,,,,,,,,Eficiente,basico,0,0,0,0,0,0,1
3743,843.1,False,16,Comercio,8.4,,101.0,,,,,,8.3475,,,Ineficiente,parcial,0,1,1,1,0,1,0
3744,287.6,True,6,Apartamento,4.4,3.0,69.2,0.0,3.0,298.8,30.0,95.8667,4.1561,-0.0375,0.0,Eficiente,avanzado,0,1,0,0,0,1,0
3745,515.4,True,10,Casa,8.4,,,,,471.7,28.0,,,0.0926,,Moderado,parcial,1,0,1,0,0,1,0
3746,410.2,False,13,Apartamento,5.9,4.0,113.7,3.0,0.0,490.9,30.0,102.55,3.6077,-0.1644,0.2308,Eficiente,avanzado,0,0,0,0,0,0,1
3747,662.0,False,12,Casa,4.7,,217.1,,8.2,660.6,28.0,,3.0493,0.0021,,Eficiente,parcial,0,0,1,0,0,0,0
3748,627.1,True,14,Comercio,8.4,2.0,197.7,,,526.9,28.0,313.55,3.172,0.1902,,Ineficiente,parcial,0,1,1,1,0,0,0
3749,430.9,False,10,Casa,0.8,,,,,,,,,,,Eficiente,basico,0,1,0,0,0,0,1
3750,754.7,False,17,Casa,8.8,,,,,,,,,,,Moderado,basico,0,0,1,0,0,0,0
3751,435.1,False,16,Casa,3.4,,,,,,,,,,,Eficiente,basico,0,1,0,0,0,0,0
3752,451.3,True,11,Apartamento,5.6,,90.5,,,337.6,,,4.9867,0.3368,,Moderado,parcial,1,0,1,0,0,0,0
3753,595.9,False,17,Apartamento,8.0,,,,,,,,,,,Moderado,basico,0,0,0,0,0,0,1
3754,570.8,True,7,Comercio,8.6,4.0,147.9,2.0,8.0,535.0,31.0,142.7,3.8594,0.0669,0.2857,Ineficiente,avanzado,0,0,1,0,1,1,0
3755,369.8,True,9,Apartamento,4.4,2.0,74.2,2.0,0.0,280.1,30.0,184.9,4.9838,0.3202,0.2222,Ineficiente,avanzado,1,1,1,1,1,1,0
3756,367.2,True,10,Casa,5.3,2.0,151.2,1.0,0.0,402.9,30.0,183.6,2.4286,-0.0886,0.1,Eficiente,avanzado,1,0,0,0,0,0,1
3757,355.9,True,4,Casa,5.1,4.0,103.4,1.0,4.8,292.1,31.0,88.975,3.442,0.2184,0.25,Moderado,avanzado,1,1,0,0,1,0,0
3758,235.5,True,4,Casa,0.3,,,,,,,,,,,Eficiente,basico,1,0,0,0,0,0,1
3759,808.5,True,15,Oficina,8.7,8.0,,,,,,101.0625,,,,Ineficiente,parcial,1,0,1,0,0,0,0
3760,361.8,True,6,Casa,7.8,3.0,116.0,0.0,3.2,261.5,28.0,120.6,3.119,0.3836,0.0,Moderado,avanzado,0,0,0,0,1,0,0
3761,936.3,True,24,Oficina,11.3,,,,,,,,,,,Moderado,basico,1,1,0,1,0,0,0
3762,426.4,False,8,Casa,4.9,1.0,163.3,2.0,10.3,419.7,31.0,426.4,2.6111,0.016,0.25,Ineficiente,avanzado,0,1,1,1,0,1,0
3763,314.2,True,9,Casa,4.2,2.0,146.0,2.0,0.0,303.3,30.0,157.1,2.1521,0.0359,0.2222,Moderado,avanzado,1,0,0,0,0,0,0
3764,322.2,False,15,Casa,3.2,2.0,155.6,1.0,0.0,265.7,30.0,161.1,2.0707,0.2126,0.0667,Eficiente,avanzado,0,0,0,0,0,0,1
3765,514.2,True,16,Casa,8.0,,,,,,,,,,,Eficiente,basico,1,0,0,0,0,1,0
3766,898.4,True,23,Comercio,10.3,7.0,25.0,5.0,8.0,,31.0,128.3429,35.936,,0.2174,Ineficiente,parcial,1,1,0,0,1,1,0
3767,240.9,True,6,Apartamento,1.5,1.0,57.0,1.0,0.0,347.1,30.0,240.9,4.2263,-0.306,0.1667,Moderado,avanzado,0,0,0,0,1,0,0
3768,274.9,True,8,Casa,5.5,2.0,164.7,1.0,0.0,245.5,28.0,137.45,1.6691,0.1198,0.125,Eficiente,avanzado,0,1,0,0,0,0,0
3769,345.8,True,7,Apartamento,5.5,3.0,57.9,2.0,0.0,390.3,31.0,115.2667,5.9724,-0.114,0.2857,Moderado,avanzado,1,1,0,0,0,0,0
3770,507.5,True,12,Apartamento,6.7,4.0,98.5,4.0,2.6,504.9,30.0,126.875,5.1523,0.0051,0.3333,Moderado,avanzado,1,0,0,0,0,0,0
3771,917.7,False,17,Oficina,9.1,8.0,188.8,6.0,10.7,921.4,31.0,114.7125,4.8607,-0.004,0.3529,Moderado,avanzado,0,1,1,0,0,0,0
3772,1129.3,True,29,Oficina,8.8,,,,,,,,,,,Moderado,basico,1,1,0,0,0,0,0
3773,291.7,False,11,Apartamento,6.8,,,,,,,,,,,Eficiente,basico,0,0,1,0,0,0,1
3774,965.3,True,20,Comercio,8.1,,,,,,,,,,,Ineficiente,basico,1,1,1,1,1,1,0
3775,1045.3,True,25,Comercio,11.6,6.0,162.3,8.0,8.3,1170.3,28.0,174.2167,6.4405,-0.1068,0.32,Ineficiente,avanzado,1,1,1,1,1,1,0
3776,358.0,True,6,Apartamento,4.9,4.0,93.0,1.0,4.0,336.7,29.0,89.5,3.8495,0.0633,0.1667,Eficiente,avanzado,1,0,0,1,0,0,0
3777,471.3,False,10,Apartamento,5.7,5.0,25.0,4.0,8.7,426.9,30.0,94.26,18.852,0.104,0.4,Ineficiente,avanzado,0,0,1,0,0,1,0
3778,374.3,False,10,Casa,3.3,4.0,104.2,0.0,1.1,386.2,30.0,93.575,3.5921,-0.0308,0.0,Eficiente,avanzado,0,1,0,0,0,0,0
3779,598.2,True,12,Comercio,5.1,,,,,562.5,,,,0.0635,,Ineficiente,parcial,0,1,1,0,0,1,0
3780,1176.6,True,31,Oficina,10.3,14.0,25.0,9.0,0.0,1162.1,31.0,84.0429,47.064,0.0125,0.2903,Ineficiente,avanzado,1,1,1,1,0,1,0
3781,493.2,True,13,Casa,5.9,4.0,114.2,1.0,10.8,367.7,29.0,123.3,4.3187,0.3413,0.0769,Moderado,avanzado,1,0,1,0,1,0,0
3782,515.9,True,10,Comercio,5.4,,,,,,,,,,,Moderado,basico,1,1,0,1,0,1,0
3783,977.2,True,28,Oficina,12.4,,,,,,,,,,,Ineficiente,basico,1,1,1,0,0,1,0
3784,439.9,True,9,Casa,5.8,,114.5,,0.0,,30.0,,3.8419,,,Moderado,parcial,1,0,0,0,1,1,0
3785,592.3,True,12,Apartamento,4.4,6.0,88.9,5.0,0.0,577.8,31.0,98.7167,6.6625,0.0251,0.4167,Ineficiente,avanzado,1,0,0,0,0,1,0
3786,853.1,True,14,Oficina,8.6,7.0,133.0,8.0,4.5,724.7,29.0,121.8714,6.4143,0.1772,0.5714,Ineficiente,avanzado,1,1,1,1,1,1,0
3787,1132.9,True,29,Oficina,11.3,12.0,,8.0,3.5,,29.0,94.4083,,,0.2759,Ineficiente,parcial,1,1,1,0,1,1,0
3788,392.2,True,12,Casa,4.7,,149.6,3.0,0.0,374.9,,,2.6217,0.0461,0.25,Moderado,parcial,1,1,0,0,0,0,0
3789,493.5,True,13,Casa,6.0,,,,,,,,,,,Eficiente,basico,0,0,1,0,0,0,1
3790,346.1,False,9,Apartamento,5.7,3.0,103.8,2.0,0.0,332.8,,115.3667,3.3343,0.04,0.2222,Eficiente,parcial,0,0,0,0,1,0,1
3791,546.3,True,16,Casa,4.5,,,,,,,,,,,Moderado,basico,0,1,0,0,0,0,0
3792,432.1,False,10,Casa,4.6,,,,,,,,,,,Eficiente,basico,0,0,0,0,0,0,1
3793,398.3,True,12,Casa,2.7,,,,,,,,,,,Eficiente,basico,1,0,1,0,1,1,0
3794,684.8,False,16,Casa,7.9,,,,,,,,,,,Moderado,basico,1,0,1,1,0,0,0
3795,552.8,False,22,Apartamento,5.0,,,,,,,,,,,Eficiente,basico,0,0,0,0,0,0,1
3796,361.7,True,7,Apartamento,6.6,,,,,353.0,,,,0.0246,,Moderado,parcial,1,1,0,0,0,0,0
3797,329.7,False,11,Apartamento,6.9,,,,,,,,,,,Eficiente,basico,0,0,0,0,0,0,1
3798,780.3,False,20,Comercio,7.7,,,5.0,,,28.0,,,,0.25,Moderado,parcial,0,1,0,0,1,0,0
3799,430.7,True,14,Casa,7.2,,63.0,,,,,,6.8365,,,Eficiente,parcial,1,0,0,0,0,0,1
3800,497.6,True,13,Casa,8.5,3.0,106.5,2.0,8.1,477.0,31.0,165.8667,4.6723,0.0432,0.1538,Moderado,avanzado,1,1,1,0,0,1,0
3801,482.7,True,9,Casa,7.3,2.0,187.6,1.0,9.2,431.3,30.0,241.35,2.573,0.1192,0.1111,Ineficiente,avanzado,1,1,1,1,0,0,0
3802,833.5,True,26,Casa,7.5,9.0,140.8,6.0,0.0,793.6,28.0,92.6111,5.9197,0.0503,0.2308,Moderado,avanzado,1,0,0,0,0,1,0
3803,708.0,True,22,Casa,10.9,,25.0,,8.9,784.6,28.0,,28.32,-0.0976,,Ineficiente,parcial,1,0,1,0,0,1,0
3804,453.6,False,12,Casa,4.3,,,,,,,,,,,Eficiente,basico,0,0,0,1,1,0,0
3805,411.5,True,10,Casa,4.2,2.0,,3.0,2.2,400.0,,205.75,,0.0288,0.3,Moderado,parcial,1,1,0,0,0,0,0
3806,281.5,True,6,Casa,2.4,,,,,,,,,,,Eficiente,basico,1,0,0,0,0,1,0
3807,413.8,False,13,Apartamento,3.6,4.0,90.6,3.0,0.0,533.2,30.0,103.45,4.5673,-0.2239,0.2308,Eficiente,avanzado,0,0,0,0,0,1,1
3808,374.9,False,13,Apartamento,2.6,5.0,68.5,1.0,1.5,390.4,30.0,74.98,5.473,-0.0397,0.0769,Eficiente,avanzado,0,0,1,0,0,0,0
3809,946.7,True,22,Oficina,10.3,,,,7.0,769.8,,,,0.2298,,Ineficiente,parcial,1,1,0,1,1,1,0
3810,1066.3,True,23,Comercio,11.9,9.0,,7.0,8.0,,,118.4778,,,0.3043,Ineficiente,parcial,1,0,1,0,0,0,0
3811,512.6,True,13,Apartamento,5.8,,,,,,,,,,,Ineficiente,basico,1,0,1,0,1,1,0
3812,475.5,True,10,Casa,6.2,,,,,,,,,,,Ineficiente,basico,1,0,1,0,0,0,0
3813,380.0,True,13,Apartamento,3.9,,,,,,,,,,,Eficiente,basico,1,1,0,0,0,0,0
3814,482.1,True,12,Casa,8.4,4.0,151.2,2.0,5.8,475.4,29.0,120.525,3.1885,0.0141,0.1667,Moderado,avanzado,0,1,1,0,1,0,0
3815,128.9,False,8,Apartamento,4.1,,,,,,,,,,,Eficiente,basico,0,0,0,0,0,0,1
3816,332.6,True,10,Casa,8.2,,,,,,,,,,,Eficiente,basico,1,0,0,0,0,0,1
3817,504.8,True,18,Apartamento,5.9,,,,,,,,,,,Moderado,basico,1,0,0,1,0,0,0
3818,425.9,True,10,Casa,4.1,5.0,113.5,2.0,4.7,344.7,31.0,85.18,3.7524,0.2356,0.2,Moderado,avanzado,1,0,0,0,1,0,0
3819,363.5,True,11,Apartamento,3.4,,91.5,3.0,0.0,,,,3.9727,,0.2727,Moderado,parcial,1,0,0,1,0,0,0
3820,823.9,True,18,Comercio,12.4,2.0,,7.0,9.0,,30.0,411.95,,,0.3889,Ineficiente,parcial,1,1,0,1,0,1,0
3821,763.6,True,22,Comercio,6.2,,,,,,,,,,,Moderado,basico,1,0,0,1,0,0,0
3822,242.2,True,7,Apartamento,3.8,1.0,,,,183.5,,242.2,,0.3199,,Ineficiente,parcial,1,0,0,1,1,0,0
3823,267.5,False,11,Apartamento,1.4,2.0,101.3,2.0,1.3,265.2,29.0,133.75,2.6407,0.0087,0.1818,Eficiente,avanzado,0,0,0,0,0,0,1
3824,300.1,True,3,Casa,3.2,2.0,82.2,0.0,0.0,272.1,31.0,150.05,3.6509,0.1029,0.0,Eficiente,avanzado,0,0,0,0,1,1,0
3825,284.0,True,8,Apartamento,5.6,,,,,,,,,,,Moderado,basico,1,0,0,0,1,0,0
3826,378.0,True,6,Apartamento,6.3,4.0,45.1,2.0,5.1,540.3,28.0,94.5,8.3814,-0.3004,0.3333,Ineficiente,avanzado,1,0,1,0,0,1,0
3827,542.1,True,14,Casa,7.0,,74.5,3.0,4.9,492.5,28.0,,7.2765,0.1007,0.2143,Ineficiente,parcial,0,1,1,1,1,1,0
3828,444.1,False,11,Casa,2.6,5.0,199.1,4.0,0.0,440.7,30.0,88.82,2.2305,0.0077,0.3636,Eficiente,avanzado,0,0,0,0,0,0,1
3829,942.8,True,24,Oficina,11.9,9.0,97.7,7.0,,1064.2,28.0,104.7556,9.6499,-0.1141,0.2917,Ineficiente,parcial,1,1,1,0,0,1,0
3830,337.1,True,9,Apartamento,5.8,3.0,51.0,2.0,3.6,241.0,28.0,112.3667,6.6098,0.3988,0.2222,Ineficiente,avanzado,1,0,0,1,1,0,0
3831,350.6,True,8,Apartamento,5.1,4.0,76.7,1.0,3.0,271.1,30.0,87.65,4.5711,0.2932,0.125,Moderado,avanzado,1,0,1,0,0,0,0
3832,316.4,True,9,Apartamento,3.0,,60.1,,,,,,5.2646,,,Eficiente,parcial,0,0,0,0,0,0,1
3833,617.1,True,12,Casa,7.8,4.0,230.0,4.0,4.4,571.6,28.0,154.275,2.683,0.0796,0.3333,Moderado,avanzado,1,0,1,1,0,0,0
3834,262.3,True,6,Apartamento,5.5,,71.4,,0.5,202.0,31.0,,3.6737,0.2985,,Ineficiente,parcial,1,0,0,1,1,1,0
3835,322.0,False,4,Casa,1.3,,,,,,,,,,,Eficiente,basico,0,1,0,0,1,0,0
3836,464.2,False,11,Apartamento,3.1,3.0,59.3,6.0,0.0,472.4,29.0,154.7333,7.828,-0.0174,0.5455,Ineficiente,avanzado,0,1,1,1,0,0,0
3837,230.5,False,7,Apartamento,4.0,2.0,38.1,1.0,0.0,219.0,31.0,115.25,6.0499,0.0525,0.1429,Eficiente,avanzado,0,0,0,0,0,0,1
3838,387.1,True,10,Casa,3.2,3.0,104.4,2.0,5.6,333.9,28.0,129.0333,3.7079,0.1593,0.2,Moderado,avanzado,1,1,0,0,0,0,0
3839,844.9,True,28,Comercio,8.4,5.0,120.5,6.0,2.1,892.4,30.0,168.98,7.0116,-0.0532,0.2143,Ineficiente,avanzado,1,0,0,0,0,1,0
3840,366.5,False,12,Casa,3.0,4.0,104.6,2.0,1.4,254.9,29.0,91.625,3.5038,0.4378,0.1667,Eficiente,avanzado,0,1,0,0,1,0,0
3841,330.0,False,10,Apartamento,3.6,4.0,39.6,1.0,7.9,283.6,29.0,82.5,8.3333,0.1636,0.1,Moderado,avanzado,1,0,1,0,0,1,0
3842,579.5,False,16,Apartamento,6.7,,81.3,4.0,0.0,604.4,31.0,,7.1279,-0.0412,0.25,Moderado,parcial,0,0,0,0,0,0,1
3843,330.4,True,14,Apartamento,7.7,,69.9,2.0,0.0,200.2,28.0,,4.7268,0.6503,0.1429,Ineficiente,parcial,1,1,0,1,1,0,0
3844,496.6,True,15,Apartamento,9.0,,,2.0,,,30.0,,,,0.1333,Ineficiente,parcial,1,0,0,1,0,1,0
3845,775.9,False,22,Oficina,5.2,7.0,150.1,5.0,0.0,647.5,31.0,110.8429,5.1692,0.1983,0.2273,Moderado,avanzado,0,0,0,0,1,0,0
3846,282.9,True,5,Apartamento,6.7,1.0,96.3,2.0,0.0,288.9,28.0,282.9,2.9377,-0.0208,0.4,Ineficiente,avanzado,1,1,0,1,0,0,0
3847,321.1,True,16,Apartamento,3.9,2.0,106.7,2.0,0.0,326.8,28.0,160.55,3.0094,-0.0174,0.125,Eficiente,avanzado,1,1,0,0,0,1,0
3848,237.5,False,4,Apartamento,3.6,,,,,,,,,,,Moderado,basico,1,0,1,0,0,1,0
3849,437.8,True,15,Casa,6.2,5.0,104.3,2.0,0.0,406.2,30.0,87.56,4.1975,0.0778,0.1333,Eficiente,avanzado,0,0,1,0,0,0,0
3850,432.2,False,10,Casa,6.4,3.0,,2.0,,,,144.0667,,,0.2,Moderado,parcial,0,0,0,0,0,0,1
3851,355.6,False,11,Apartamento,4.7,3.0,62.3,2.0,0.0,332.4,30.0,118.5333,5.7079,0.0698,0.1818,Eficiente,avanzado,0,0,0,0,0,0,1
3852,670.5,True,12,Casa,9.7,,,,,,,,,,,Ineficiente,basico,1,1,0,1,0,1,0
3853,262.2,False,10,Casa,1.8,,,,,,,,,,,Eficiente,basico,0,0,0,0,0,0,1
3854,397.1,True,9,Casa,7.5,,,,5.2,,,,,,,Ineficiente,parcial,1,0,0,1,1,0,0
3855,340.4,True,6,Apartamento,7.7,1.0,58.1,0.0,9.9,265.0,31.0,340.4,5.8589,0.2845,0.0,Ineficiente,avanzado,1,0,1,1,0,1,0
3856,516.2,True,17,Casa,7.1,,,,,,,,,,,Eficiente,basico,0,0,0,0,0,0,1
3857,1019.3,False,34,Comercio,8.6,11.0,25.0,4.0,6.8,1098.1,29.0,92.6636,40.772,-0.0718,0.1176,Ineficiente,avanzado,0,1,1,0,1,1,0
3858,563.1,True,13,Apartamento,7.5,,,,,,,,,,,Ineficiente,basico,1,1,0,1,0,1,0
3859,267.5,True,4,Apartamento,4.7,1.0,57.2,1.0,0.0,262.6,30.0,267.5,4.6766,0.0187,0.25,Ineficiente,avanzado,1,0,0,1,0,0,0
3860,886.2,False,31,Casa,11.2,11.0,62.7,5.0,6.7,975.7,30.0,80.5636,14.134,-0.0917,0.1613,Ineficiente,avanzado,0,1,1,1,0,1,0
3861,471.6,False,12,Apartamento,5.5,,,,,,,,,,,Ineficiente,basico,1,0,1,0,0,0,0
3862,384.8,True,11,Casa,3.8,4.0,59.3,1.0,4.2,375.9,29.0,96.2,6.489,0.0237,0.0909,Moderado,avanzado,1,0,0,0,0,0,0
3863,441.6,False,14,Apartamento,6.9,5.0,,3.0,,,,88.32,,,0.2143,Eficiente,parcial,0,1,0,0,0,0,1
3864,732.4,False,16,Casa,9.7,5.0,,,,,,146.48,,,,Ineficiente,parcial,0,0,0,0,1,0,0
3865,1339.7,False,37,Oficina,15.4,,,,,,,,,,,Ineficiente,basico,1,1,1,0,0,1,0
3866,545.1,True,14,Casa,9.2,6.0,,3.0,0.0,456.4,30.0,90.85,,0.1943,0.2143,Ineficiente,parcial,1,0,0,0,0,0,0
3867,224.2,True,3,Apartamento,4.5,,,,,,,,,,,Eficiente,basico,1,0,0,0,0,0,1
3868,364.7,True,8,Casa,2.3,5.0,103.0,1.0,2.6,354.8,28.0,72.94,3.5408,0.0279,0.125,Eficiente,avanzado,1,0,0,0,0,0,0
3869,321.6,False,9,Apartamento,5.6,3.0,97.4,1.0,0.0,450.4,29.0,107.2,3.3018,-0.286,0.1111,Eficiente,avanzado,0,0,0,0,0,0,1
3870,182.5,True,8,Apartamento,3.7,,,,,,,,,,,Eficiente,basico,0,0,0,0,1,0,1
3871,400.3,True,8,Casa,7.3,4.0,216.7,1.0,0.0,376.7,31.0,100.075,1.8473,0.0626,0.125,Eficiente,avanzado,1,0,0,0,0,0,0
3872,399.0,True,10,Casa,3.7,,,,,,,,,,,Eficiente,basico,1,0,0,0,0,0,1
3873,533.6,True,12,Casa,8.2,3.0,159.7,1.0,7.0,625.4,31.0,177.8667,3.3413,-0.1468,0.0833,Moderado,avanzado,1,0,1,1,0,0,0
3874,404.6,True,6,Casa,3.3,,,,,,,,,,,Ineficiente,basico,0,0,1,1,0,0,0
3875,1162.5,False,29,Oficina,12.5,,,,,,,,,,,Moderado,basico,0,0,0,0,0,0,1
3876,600.2,True,19,Casa,6.0,4.0,,,7.4,736.8,28.0,150.05,,-0.1854,,Moderado,parcial,1,0,0,0,0,0,0
3877,278.5,False,6,Casa,3.5,3.0,130.7,2.0,2.0,222.5,30.0,92.8333,2.1308,0.2517,0.3333,Eficiente,avanzado,0,1,0,0,1,1,0
3878,1452.1,True,40,Oficina,15.3,,,,,,,,,,,Ineficiente,basico,0,0,1,1,0,0,0
3879,386.6,True,8,Casa,3.4,4.0,107.9,0.0,2.4,322.2,29.0,96.65,3.5829,0.1999,0.0,Eficiente,avanzado,1,0,0,0,0,0,0
3880,401.4,False,11,Casa,4.7,,,,,,,,,,,Moderado,basico,0,1,1,1,1,0,0
3881,273.1,True,5,Apartamento,3.0,2.0,91.0,2.0,0.0,231.7,30.0,136.55,3.0011,0.1787,0.4,Moderado,avanzado,1,0,1,0,0,0,0
3882,686.1,False,20,Oficina,6.4,7.0,180.1,5.0,1.6,557.1,30.0,98.0143,3.8096,0.2316,0.25,Eficiente,avanzado,0,0,0,0,0,0,1
3883,212.8,True,3,Apartamento,3.8,1.0,92.3,0.0,,240.5,30.0,212.8,2.3055,-0.1152,0.0,Eficiente,parcial,0,0,0,1,0,1,0
3884,286.1,False,7,Apartamento,2.1,,,,,,,,,,,Eficiente,basico,0,0,1,0,1,0,0
3885,1001.7,True,25,Oficina,10.9,,,,,,,,,,,Ineficiente,basico,1,1,1,1,1,0,0
3886,699.1,False,17,Casa,8.7,7.0,175.3,6.0,5.1,605.3,30.0,99.8714,3.988,0.155,0.3529,Moderado,avanzado,0,0,0,1,0,0,0
3887,1362.5,True,29,Oficina,12.1,12.0,92.5,12.0,6.8,1007.8,29.0,113.5417,14.7297,0.352,0.4138,Ineficiente,avanzado,1,1,1,0,1,1,0
3888,787.6,True,18,Comercio,8.1,,,,,,,,,,,Moderado,basico,1,1,0,1,0,0,0
3889,593.2,False,20,Oficina,5.5,,,,,,,,,,,Ineficiente,basico,0,1,1,0,1,1,0
3890,342.4,True,7,Casa,7.0,,166.1,,,,,,2.0614,,,Eficiente,parcial,1,0,0,1,0,0,0
3891,297.6,False,10,Casa,4.4,4.0,102.1,2.0,0.0,223.9,29.0,74.4,2.9148,0.3292,0.2,Eficiente,avanzado,0,0,0,1,0,0,1
3892,431.1,True,15,Apartamento,3.6,,,,,,,,,,,Moderado,basico,1,0,0,1,0,0,0
3893,300.8,True,9,Apartamento,8.0,,,,,,,,,,,Ineficiente,basico,1,1,0,0,1,0,0
3894,390.8,True,19,Apartamento,6.8,,,,,,,,,,,Moderado,basico,1,0,0,0,1,0,0
3895,1129.2,False,24,Oficina,9.5,9.0,,,,,,125.4667,,,,Ineficiente,parcial,0,1,1,0,0,0,0
3896,321.3,True,11,Apartamento,9.0,2.0,40.7,1.0,0.0,357.2,29.0,160.65,7.8943,-0.1005,0.0909,Moderado,avanzado,1,0,0,0,1,1,0
3897,384.6,True,10,Casa,5.4,4.0,99.3,1.0,4.3,315.0,30.0,96.15,3.8731,0.221,0.1,Moderado,avanzado,0,0,0,0,1,1,0
3898,554.6,True,18,Casa,5.4,,144.6,1.0,9.6,,30.0,,3.8354,,0.0556,Moderado,parcial,1,0,1,0,1,1,0
3899,517.1,False,17,Casa,7.6,7.0,104.5,,3.1,519.1,28.0,73.8714,4.9483,-0.0039,,Eficiente,parcial,0,1,0,0,0,0,1
3900,390.8,False,11,Casa,4.0,5.0,170.1,1.0,0.0,469.3,29.0,78.16,2.2975,-0.1673,0.0909,Eficiente,avanzado,0,0,0,0,0,0,1
3901,702.3,True,20,Casa,10.8,7.0,128.0,4.0,4.4,693.9,31.0,100.3286,5.4867,0.0121,0.2,Moderado,avanzado,0,0,1,0,0,1,0
3902,783.5,False,18,Comercio,7.1,5.0,219.9,7.0,0.0,798.8,31.0,156.7,3.563,-0.0192,0.3889,Moderado,avanzado,0,1,0,0,1,0,0
3903,185.4,False,4,Apartamento,1.7,,,,,,,,,,,Eficiente,basico,0,0,0,0,0,0,1
3904,268.7,True,5,Apartamento,1.8,,,,,,,,,,,Moderado,basico,0,0,0,0,0,0,1
3905,409.5,False,9,Casa,3.3,2.0,94.8,5.0,0.0,331.4,31.0,204.75,4.3196,0.2357,0.5556,Ineficiente,avanzado,0,1,1,1,0,0,0
3906,319.6,True,8,Apartamento,3.9,2.0,124.5,0.0,5.0,274.9,30.0,159.8,2.5671,0.1626,0.0,Eficiente,avanzado,1,0,0,0,0,0,1
3907,468.5,False,9,Comercio,2.1,,,,,,,,,,,Ineficiente,basico,0,1,0,1,1,1,0
3908,845.0,False,23,Oficina,6.3,10.0,111.0,4.0,4.3,883.7,28.0,84.5,7.6126,-0.0438,0.1739,Moderado,avanzado,0,1,1,0,0,1,0
3909,316.5,False,11,Apartamento,3.5,4.0,43.9,2.0,0.0,360.7,31.0,79.125,7.2096,-0.1225,0.1818,Eficiente,avanzado,0,0,0,0,0,0,1
3910,819.5,True,17,Comercio,7.8,7.0,,6.0,2.4,,29.0,117.0714,,,0.3529,Ineficiente,parcial,1,1,0,1,0,1,0
3911,473.7,True,13,Apartamento,0.5,,,,,,,,,,,Eficiente,basico,0,1,0,1,0,0,0
3912,334.1,False,16,Apartamento,3.5,5.0,48.8,1.0,4.8,400.0,28.0,66.82,6.8463,-0.1647,0.0625,Eficiente,avanzado,0,0,0,0,0,1,1
3913,777.7,False,19,Comercio,5.7,9.0,226.8,4.0,0.0,716.8,31.0,86.4111,3.429,0.085,0.2105,Eficiente,avanzado,0,1,1,0,0,0,0
3914,608.0,True,14,Casa,6.9,6.0,105.7,4.0,6.9,577.8,31.0,101.3333,5.7521,0.0523,0.2857,Moderado,avanzado,0,0,0,0,0,0,1
3915,649.1,False,15,Casa,8.6,4.0,151.3,5.0,9.6,674.7,28.0,162.275,4.2902,-0.0379,0.3333,Moderado,avanzado,0,1,1,0,0,1,0
3916,329.5,False,9,Casa,2.5,1.0,161.1,2.0,0.0,384.7,29.0,329.5,2.0453,-0.1435,0.2222,Moderado,avanzado,0,1,0,1,0,0,0
3917,177.0,False,6,Apartamento,2.0,2.0,72.1,,0.0,208.7,28.0,88.5,2.4549,-0.1519,,Eficiente,parcial,0,0,0,0,0,0,1
3918,494.1,True,15,Apartamento,8.1,4.0,99.8,2.0,7.0,442.9,31.0,123.525,4.9509,0.1156,0.1333,Moderado,avanzado,1,0,1,0,0,0,0
3919,241.3,True,4,Apartamento,4.9,,,,,,,,,,,Eficiente,basico,1,0,0,0,0,0,1
3920,549.2,True,18,Apartamento,8.5,,86.1,,,,,,6.3786,,,Ineficiente,parcial,1,1,1,1,1,1,0
3921,467.5,True,14,Casa,2.8,,123.5,2.0,,,31.0,,3.7854,,0.1429,Eficiente,parcial,1,0,0,0,1,0,0
3922,914.7,False,30,Comercio,11.3,9.0,49.2,7.0,0.0,860.4,30.0,101.6333,18.5915,0.0631,0.2333,Ineficiente,avanzado,0,0,0,1,0,1,0
3923,492.9,True,12,Casa,7.5,,,,,,,,,,,Moderado,basico,1,0,1,0,1,0,0
3924,868.1,True,28,Oficina,7.9,,,,,,,,,,,Ineficiente,basico,0,1,0,0,1,1,0
3925,501.3,False,13,Casa,4.7,,,,,,,,,,,Eficiente,basico,0,0,0,0,0,0,1
3926,431.2,True,18,Apartamento,6.0,4.0,45.3,,3.5,336.4,29.0,107.8,9.5188,0.2818,,Ineficiente,parcial,1,0,0,0,0,1,0
3927,407.3,False,13,Apartamento,3.7,4.0,107.4,3.0,0.0,337.4,28.0,101.825,3.7924,0.2072,0.2308,Eficiente,avanzado,1,1,0,0,1,0,0
3928,611.9,False,13,Comercio,6.6,,,,,,30.0,,,,,Eficiente,parcial,0,0,1,0,0,0,1
3929,504.7,True,14,Casa,6.4,6.0,152.1,3.0,0.0,365.6,31.0,84.1167,3.3182,0.3805,0.2143,Moderado,avanzado,1,0,0,1,0,0,0
3930,818.5,True,23,Oficina,9.0,,,,,,,,,,,Ineficiente,basico,0,1,1,1,1,0,0
3931,251.4,True,8,Apartamento,5.1,1.0,70.6,1.0,0.0,235.7,30.0,251.4,3.5609,0.0666,0.125,Moderado,avanzado,1,0,1,1,0,0,0
3932,409.5,True,8,Apartamento,9.4,1.0,62.0,2.0,10.5,395.4,30.0,409.5,6.6048,0.0357,0.25,Ineficiente,avanzado,1,0,1,1,0,0,0
3933,424.6,True,12,Apartamento,7.4,3.0,128.5,1.0,5.5,447.6,29.0,141.5333,3.3043,-0.0514,0.0833,Eficiente,avanzado,1,1,0,1,0,0,0
3934,594.9,True,13,Casa,7.4,4.0,106.0,3.0,6.4,550.9,31.0,148.725,5.6123,0.0799,0.2308,Ineficiente,avanzado,0,0,1,0,0,1,0
3935,287.0,False,11,Apartamento,2.5,,105.7,,,313.7,30.0,,2.7152,-0.0851,,Eficiente,parcial,1,0,0,1,0,0,0
3936,412.6,True,9,Casa,5.4,,,,,,,,,,,Eficiente,basico,1,0,0,1,0,0,0
3937,288.5,False,7,Casa,2.6,4.0,182.8,0.0,3.4,231.2,28.0,72.125,1.5782,0.2478,0.0,Eficiente,avanzado,0,0,0,0,0,0,1
3938,426.8,True,13,Apartamento,7.2,4.0,63.7,1.0,8.4,356.8,28.0,106.7,6.7002,0.1962,0.0769,Moderado,avanzado,1,0,1,0,0,0,0
3939,402.8,True,8,Apartamento,4.1,4.0,,1.0,,339.1,31.0,100.7,,0.1879,0.125,Moderado,parcial,0,0,1,0,0,1,0
3940,810.4,True,17,Casa,9.6,,,,,,,,,,,Ineficiente,basico,1,1,1,0,0,0,0
3941,416.3,True,6,Casa,8.0,,,,,,,,,,,Ineficiente,basico,1,0,1,1,1,1,0
3942,427.6,True,9,Casa,6.5,1.0,115.5,2.0,7.1,453.4,29.0,427.6,3.7022,-0.0569,0.2222,Ineficiente,avanzado,1,0,1,1,0,1,0
3943,541.7,True,18,Casa,8.2,,,,,,,,,,,Moderado,basico,1,0,0,0,0,1,0
3944,359.5,True,10,Apartamento,2.8,2.0,89.3,2.0,3.2,335.5,28.0,179.75,4.0258,0.0715,0.2,Moderado,avanzado,1,0,1,0,0,0,0
3945,668.6,False,18,Casa,4.1,8.0,137.7,6.0,0.0,615.0,30.0,83.575,4.8555,0.0872,0.3333,Eficiente,avanzado,0,1,0,1,0,0,0
3946,1100.7,False,28,Oficina,6.9,15.0,153.8,7.0,2.3,1047.4,30.0,73.38,7.1567,0.0509,0.25,Moderado,avanzado,0,0,0,0,1,0,0
3947,440.1,False,10,Casa,3.4,,,,,,,,,,,Eficiente,basico,0,1,1,0,0,0,0
3948,430.1,False,13,Casa,4.4,4.0,136.4,4.0,0.8,475.9,30.0,107.525,3.1532,-0.0962,0.3077,Eficiente,avanzado,1,0,1,1,0,0,0
3949,1054.6,False,30,Comercio,9.6,,,,,,,,,,,Moderado,basico,0,0,0,1,1,0,0
3950,445.7,True,9,Casa,4.9,5.0,169.2,1.0,1.5,699.3,28.0,89.14,2.6342,-0.3626,0.1111,Eficiente,avanzado,1,0,0,0,1,0,0
3951,286.8,False,5,Apartamento,4.4,4.0,68.1,,,223.1,31.0,71.7,4.2115,0.2855,,Eficiente,parcial,0,0,0,0,1,0,1
3952,853.0,True,16,Oficina,10.6,6.0,139.8,4.0,12.3,569.7,30.0,142.1667,6.1016,0.4973,0.25,Ineficiente,avanzado,1,1,1,1,1,0,0
3953,1007.5,True,26,Oficina,13.2,,74.5,5.0,6.6,,,,13.5235,,0.1923,Ineficiente,parcial,1,1,1,0,1,1,0
3954,297.5,False,9,Apartamento,1.1,,,,,,,,,,,Eficiente,basico,0,0,0,0,0,1,1
3955,333.5,False,11,Casa,4.2,,,,,,,,,,,Eficiente,basico,1,1,0,0,0,0,0
3956,429.6,True,9,Apartamento,6.6,3.0,93.2,2.0,9.9,373.4,29.0,143.2,4.6094,0.1505,0.2222,Ineficiente,avanzado,1,1,1,0,0,1,0
3957,777.9,False,20,Oficina,7.9,7.0,111.1,5.0,1.7,721.5,29.0,111.1286,7.0018,0.0782,0.25,Moderado,avanzado,0,0,0,0,0,0,1
3958,802.8,True,22,Oficina,7.3,9.0,95.3,,4.7,,,89.2,8.4239,,,Moderado,parcial,1,0,1,0,0,0,0
3959,380.0,True,10,Casa,5.5,,,,,,,,,,,Moderado,basico,1,0,0,0,0,0,0
3960,349.6,True,7,Casa,3.7,3.0,117.3,2.0,0.0,491.3,30.0,116.5333,2.9804,-0.2884,0.2857,Eficiente,avanzado,0,0,0,1,0,0,1
3961,427.4,False,6,Casa,5.0,4.0,99.8,2.0,5.8,412.3,30.0,106.85,4.2826,0.0366,0.3333,Moderado,avanzado,0,1,1,0,0,0,0
3962,334.6,True,9,Casa,7.2,1.0,,,4.2,,,334.6,,,,Moderado,parcial,1,0,0,0,0,0,0
3963,373.8,False,9,Apartamento,1.9,4.0,,,,341.2,31.0,93.45,,0.0955,,Eficiente,parcial,1,0,1,1,0,0,0
3964,456.4,True,13,Casa,4.7,5.0,126.3,0.0,2.8,398.7,30.0,91.28,3.6136,0.1447,0.0,Eficiente,avanzado,0,0,0,0,0,0,1
3965,269.9,False,4,Casa,6.2,,,,,,,,,,,Eficiente,basico,0,0,0,1,0,1,0
3966,316.4,True,5,Casa,5.1,3.0,150.9,0.0,0.0,290.0,30.0,105.4667,2.0968,0.091,0.0,Eficiente,avanzado,1,0,0,0,0,0,0
3967,434.1,True,13,Apartamento,8.7,,,,,,,,,,,Ineficiente,basico,0,1,1,1,0,0,0
3968,292.7,False,8,Casa,1.9,,,,,,,,,,,Moderado,basico,0,0,0,0,0,0,1
3969,192.3,False,3,Apartamento,0.9,1.0,80.9,,,177.3,28.0,192.3,2.377,0.0846,,Eficiente,parcial,0,0,0,1,0,0,1
3970,394.6,True,6,Casa,4.8,4.0,109.5,1.0,,,31.0,98.65,3.6037,,0.1667,Eficiente,parcial,1,0,0,1,0,0,0
3971,1415.9,False,37,Oficina,12.3,18.0,118.8,,4.0,,,78.6611,11.9184,,,Ineficiente,parcial,0,1,1,0,1,1,0
3972,334.9,True,10,Casa,3.6,,,,,,,,,,,Eficiente,basico,1,0,0,0,0,0,1
3973,339.9,False,9,Apartamento,4.6,2.0,54.9,,9.0,242.8,,169.95,6.1913,0.3999,,Ineficiente,parcial,0,0,1,0,0,1,0
3974,740.1,True,18,Casa,12.1,,,,,,,,,,,Ineficiente,basico,1,1,0,1,0,1,0
3975,455.5,True,11,Casa,6.1,6.0,131.2,1.0,2.7,386.5,29.0,75.9167,3.4718,0.1785,0.0909,Eficiente,avanzado,1,0,0,0,1,0,0
3976,244.1,True,7,Casa,1.5,,,,,,,,,,,Moderado,basico,1,0,0,0,0,0,0
3977,494.3,True,15,Casa,11.5,,47.9,,,510.5,31.0,,10.3194,-0.0317,,Ineficiente,parcial,1,0,1,0,0,1,0
3978,499.5,False,10,Casa,5.5,3.0,118.6,3.0,11.1,407.6,29.0,166.5,4.2116,0.2255,0.3,Ineficiente,avanzado,0,1,1,1,1,1,0
3979,232.4,True,4,Apartamento,7.0,1.0,84.5,,2.6,204.2,29.0,232.4,2.7503,0.1381,,Moderado,parcial,1,0,1,1,1,0,0
3980,265.2,True,7,Apartamento,6.2,,,,,,,,,,,Eficiente,basico,1,0,0,0,0,0,1
3981,357.8,False,6,Casa,0.0,3.0,210.6,0.0,11.3,354.4,29.0,119.2667,1.699,0.0096,0.0,Eficiente,avanzado,0,0,1,0,1,0,0
3982,273.5,True,8,Apartamento,0.8,4.0,71.8,1.0,0.0,277.4,30.0,68.375,3.8092,-0.0141,0.125,Eficiente,avanzado,1,0,0,0,0,0,1
3983,479.9,True,13,Apartamento,5.9,4.0,125.3,3.0,0.0,419.8,28.0,119.975,3.83,0.1432,0.2308,Moderado,avanzado,0,0,0,0,1,0,0
3984,377.5,True,10,Casa,6.7,,,,,,,,,,,Moderado,basico,0,0,1,0,0,0,0
3985,296.5,False,14,Casa,4.6,2.0,169.2,0.0,0.0,315.3,31.0,148.25,1.7524,-0.0596,0.0,Eficiente,avanzado,0,0,0,0,1,0,1
3986,443.1,True,8,Casa,7.5,3.0,90.3,3.0,3.2,387.7,30.0,147.7,4.907,0.1429,0.375,Ineficiente,avanzado,0,0,0,0,0,1,0
3987,386.6,False,13,Casa,4.6,3.0,154.0,1.0,5.3,389.1,30.0,128.8667,2.5104,-0.0064,0.0769,Eficiente,avanzado,0,0,1,0,1,0,0
3988,519.1,True,14,Apartamento,5.7,2.0,99.6,2.0,11.2,455.8,31.0,259.55,5.2118,0.1389,0.1429,Ineficiente,avanzado,1,0,1,0,0,1,0
3989,1147.7,False,31,Oficina,10.3,,,,,,,,,,,Ineficiente,basico,1,0,1,0,0,0,0
3990,1294.1,False,34,Oficina,9.0,14.0,25.0,12.0,3.2,1125.7,29.0,92.4357,51.764,0.1496,0.3529,Ineficiente,avanzado,0,1,1,0,1,1,0
3991,870.1,True,17,Oficina,7.5,,,,,,,,,,,Moderado,basico,1,0,0,0,0,1,0
3992,352.7,True,3,Apartamento,6.9,,,,,,,,,,,Ineficiente,basico,1,0,1,1,0,0,0
3993,527.0,True,9,Casa,7.8,,,,,,,,,,,Moderado,basico,1,0,0,1,1,1,0
3994,312.2,True,5,Casa,4.0,,,,,,,,,,,Ineficiente,basico,1,0,0,1,1,0,0
3995,343.7,True,10,Casa,5.4,2.0,105.4,1.0,,467.1,30.0,171.85,3.2609,-0.2642,0.1,Eficiente,parcial,0,1,0,0,0,0,1
3996,421.9,False,11,Casa,2.6,2.0,85.8,5.0,0.0,430.4,29.0,210.95,4.9172,-0.0197,0.4545,Ineficiente,avanzado,0,1,0,0,1,0,0
3997,546.2,False,12,Casa,6.7,5.0,108.5,5.0,0.0,592.3,30.0,109.24,5.0341,-0.0778,0.4167,Moderado,avanzado,0,1,0,1,0,0,0
3998,393.2,True,9,Apartamento,4.5,4.0,142.0,2.0,4.1,416.4,30.0,98.3,2.769,-0.0557,0.2222,Eficiente,avanzado,1,0,1,0,1,0,0
3999,502.1,False,13,Casa,5.3,,,,,,,,,,,Moderado,basico,0,0,0,0,0,1,0
4000,465.4,True,11,Casa,7.0,4.0,78.9,2.0,2.8,406.6,29.0,116.35,5.8986,0.1446,0.1818,Moderado,avanzado,0,1,1,0,0,0,0
4001,265.6,False,11,Apartamento,3.1,,,,,321.9,29.0,,,-0.1749,,Eficiente,parcial,0,0,1,1,0,0,0
4002,627.8,True,12,Casa,9.0,3.0,217.9,3.0,11.1,530.0,30.0,209.2667,2.8811,0.1845,0.25,Ineficiente,avanzado,1,1,1,0,0,0,0
4003,749.6,False,15,Comercio,6.7,5.0,211.0,3.0,11.0,610.3,30.0,149.92,3.5526,0.2282,0.2,Moderado,avanzado,0,1,1,1,0,1,0
4004,540.4,False,13,Casa,5.3,,,,,,31.0,,,,,Eficiente,parcial,0,0,0,0,0,0,1
4005,238.7,True,6,Apartamento,4.8,1.0,68.8,1.0,3.8,219.1,29.0,238.7,3.4695,0.0895,0.1667,Moderado,avanzado,1,1,0,1,0,0,0
4006,551.4,True,10,Casa,9.2,,,,,,,,,,,Ineficiente,basico,1,1,1,0,1,1,0
4007,258.5,True,8,Apartamento,3.0,1.0,67.2,1.0,0.0,257.9,31.0,258.5,3.8467,0.0023,0.125,Moderado,avanzado,1,0,0,1,0,0,0
4008,456.2,True,11,Casa,6.5,4.0,129.8,2.0,0.0,434.8,30.0,114.05,3.5146,0.0492,0.1818,Eficiente,avanzado,0,0,0,0,0,0,1
4009,268.7,True,8,Casa,3.9,,,,,,,,,,,Moderado,basico,0,0,0,1,0,0,0
4010,497.4,True,12,Apartamento,7.4,,,,,,,,,,,Moderado,basico,0,0,1,1,1,0,0
4011,440.5,False,10,Casa,3.9,4.0,159.8,3.0,5.1,480.0,29.0,110.125,2.7566,-0.0823,0.3,Eficiente,avanzado,1,0,1,0,0,0,0
4012,585.4,True,14,Casa,9.1,6.0,105.1,4.0,0.0,667.7,31.0,97.5667,5.5699,-0.1233,0.2857,Moderado,avanzado,1,1,0,0,1,0,0
4013,942.1,False,20,Oficina,9.8,,,,,,,,,,,Ineficiente,basico,0,0,0,0,0,1,0
4014,563.7,True,13,Casa,4.4,7.0,84.4,2.0,4.7,522.8,28.0,80.5286,6.6789,0.0782,0.1538,Moderado,avanzado,1,1,0,0,0,1,0
4015,452.2,True,13,Apartamento,7.5,3.0,82.9,3.0,0.0,427.9,29.0,150.7333,5.4548,0.0568,0.2308,Moderado,avanzado,1,0,0,1,0,0,0
4016,459.0,True,12,Apartamento,9.4,4.0,80.5,1.0,4.8,402.4,28.0,114.75,5.7019,0.1407,0.0833,Moderado,avanzado,1,0,0,1,0,0,0
4017,405.9,False,6,Casa,2.4,,,,,,,,,,,Moderado,basico,0,1,0,0,0,0,0
4018,312.3,False,9,Apartamento,1.9,,,,,,,,,,,Eficiente,basico,0,0,0,0,0,0,1
4019,662.6,True,21,Casa,11.1,6.0,84.3,3.0,6.2,635.4,30.0,110.4333,7.86,0.0428,0.1429,Ineficiente,avanzado,1,0,1,0,0,0,0
4020,468.1,True,7,Apartamento,4.9,5.0,,,,,,93.62,,,,Ineficiente,parcial,1,1,0,0,0,1,0
4021,480.3,True,11,Casa,6.9,5.0,126.4,2.0,0.3,491.9,30.0,96.06,3.7998,-0.0236,0.1818,Eficiente,avanzado,1,0,0,0,0,0,0
4022,295.3,True,4,Casa,4.1,,70.5,1.0,0.0,,31.0,,4.1887,,0.25,Moderado,parcial,1,0,0,0,0,1,0
4023,718.1,True,21,Casa,8.5,,112.8,2.0,,,31.0,,6.3661,,0.0952,Moderado,parcial,1,1,1,1,0,0,0
4024,688.6,False,20,Oficina,6.6,,,,,643.8,30.0,,,0.0696,,Eficiente,parcial,0,0,1,1,0,0,0
4025,572.3,False,12,Comercio,6.7,2.0,125.8,4.0,0.0,492.8,31.0,286.15,4.5493,0.1613,0.3333,Ineficiente,avanzado,0,1,0,1,0,0,0
4026,1135.1,False,30,Oficina,11.5,13.0,106.6,6.0,10.0,1148.3,30.0,87.3154,10.6482,-0.0115,0.2,Ineficiente,avanzado,0,1,1,1,0,1,0
4027,233.3,True,10,Apartamento,3.4,1.0,76.8,2.0,0.0,167.5,31.0,233.3,3.0378,0.3928,0.2,Ineficiente,avanzado,1,0,1,0,1,0,0
4028,478.2,False,16,Apartamento,5.1,3.0,,,2.8,,29.0,159.4,,,,Moderado,parcial,1,0,0,1,0,0,0
4029,229.1,False,10,Apartamento,4.9,2.0,70.7,1.0,0.0,239.7,30.0,114.55,3.2405,-0.0442,0.1,Eficiente,avanzado,0,0,0,0,1,0,1
4030,969.9,True,18,Oficina,12.9,,,,,,,,,,,Ineficiente,basico,1,0,1,0,0,1,0
4031,214.5,False,5,Apartamento,5.3,1.0,25.0,2.0,5.8,346.0,30.0,214.5,8.58,-0.3801,0.4,Ineficiente,avanzado,0,1,0,0,0,1,0
4032,325.6,False,8,Casa,8.8,,,,,,,,,,,Ineficiente,basico,0,0,1,0,0,1,0
4033,401.1,True,10,Apartamento,4.3,,83.3,,0.0,,,,4.8151,,,Moderado,parcial,1,0,0,0,1,0,0
4034,508.1,False,10,Apartamento,6.8,3.0,99.2,2.0,8.5,465.3,30.0,169.3667,5.122,0.092,0.2,Moderado,avanzado,0,1,0,0,1,0,0
4035,347.9,True,4,Casa,4.2,4.0,56.6,1.0,0.0,357.3,30.0,86.975,6.1466,-0.0263,0.25,Moderado,avanzado,0,0,0,0,0,0,1
4036,414.8,False,13,Casa,6.8,,,,,,,,,,,Eficiente,basico,0,0,0,0,0,0,1
4037,585.2,True,18,Casa,7.4,7.0,175.5,3.0,2.2,753.1,31.0,83.6,3.3345,-0.2229,0.1667,Eficiente,avanzado,1,0,0,0,0,0,0
4038,677.5,True,16,Comercio,8.0,,,,0.0,,,,,,,Moderado,parcial,1,0,0,0,1,0,0
4039,542.6,True,17,Casa,7.6,,,2.0,6.5,,31.0,,,,0.1176,Moderado,parcial,1,0,1,0,0,0,0
4040,910.7,True,24,Comercio,9.6,4.0,139.6,6.0,8.3,940.6,31.0,227.675,6.5236,-0.0318,0.25,Ineficiente,avanzado,0,1,1,1,0,0,0
4041,467.7,False,9,Apartamento,7.8,,,5.0,0.9,506.0,,,,-0.0757,0.5556,Ineficiente,parcial,1,1,0,0,1,1,0
4042,431.7,True,8,Comercio,4.5,,,,,,,,,,,Ineficiente,basico,0,1,0,1,0,0,0
4043,372.9,False,9,Casa,5.1,1.0,75.2,1.0,7.5,318.9,28.0,372.9,4.9588,0.1693,0.1111,Ineficiente,avanzado,0,0,0,1,0,0,0
4044,692.4,False,15,Oficina,4.3,10.0,142.6,2.0,6.0,677.7,31.0,69.24,4.8555,0.0217,0.1333,Eficiente,avanzado,0,0,0,0,0,0,1
4045,419.5,False,12,Apartamento,5.6,5.0,,2.0,0.0,,,83.9,,,0.1667,Eficiente,parcial,0,1,0,0,0,0,1
4046,393.8,True,8,Casa,3.5,4.0,174.4,1.0,5.9,348.9,28.0,98.45,2.258,0.1287,0.125,Eficiente,avanzado,1,0,0,0,0,0,1
4047,487.6,True,12,Casa,4.1,,,4.0,0.0,,,,,,0.3333,Moderado,parcial,1,0,0,0,0,0,0
4048,473.8,True,9,Casa,7.4,,,,,,,,,,,Moderado,basico,1,0,0,0,0,0,0
4049,525.5,False,11,Casa,6.1,,132.7,,6.4,,,,3.9601,,,Moderado,parcial,0,0,1,0,0,0,0
4050,395.0,True,10,Apartamento,4.7,4.0,,1.0,,385.1,,98.75,,0.0257,0.1,Eficiente,parcial,1,0,0,0,0,0,1
4051,979.0,False,26,Oficina,7.6,11.0,,,,,,89.0,,,,Moderado,parcial,0,1,1,0,0,1,0
4052,236.4,False,5,Apartamento,3.7,,,,,,,,,,,Eficiente,basico,0,0,1,1,0,1,0
4053,275.4,False,4,Apartamento,3.8,,,,,242.8,,,,0.1343,,Eficiente,parcial,1,0,0,0,1,0,0
4054,333.9,False,6,Apartamento,4.4,,,,,,,,,,,Moderado,basico,0,0,1,0,0,0,0
4055,824.9,False,27,Comercio,4.9,8.0,178.5,5.0,0.8,663.6,31.0,103.1125,4.6213,0.2431,0.1852,Eficiente,avanzado,0,0,0,0,0,1,0
4056,899.5,False,20,Comercio,10.2,9.0,198.5,5.0,8.1,684.7,28.0,99.9444,4.5315,0.3137,0.25,Moderado,avanzado,0,0,1,0,1,0,0
4057,420.3,True,5,Casa,6.5,,,,,,,,,,,Ineficiente,basico,1,0,1,1,0,0,0
4058,701.3,False,21,Oficina,6.3,7.0,96.6,5.0,1.7,829.3,30.0,100.1857,7.2598,-0.1543,0.2381,Moderado,avanzado,0,1,0,0,0,1,0
4059,464.3,True,8,Casa,4.9,,,,,,,,,,,Moderado,basico,1,0,0,0,1,0,0
4060,572.6,True,12,Comercio,4.7,,143.4,,0.0,,29.0,,3.993,,,Ineficiente,parcial,1,1,0,0,1,1,0
4061,1092.3,False,22,Oficina,10.5,,,,,,,,,,,Ineficiente,basico,0,0,0,0,0,1,0
4062,306.5,True,7,Apartamento,3.8,3.0,52.2,1.0,0.0,289.5,29.0,102.1667,5.8716,0.0587,0.1429,Eficiente,avanzado,1,1,1,0,0,0,0
4063,503.6,True,9,Casa,6.0,5.0,134.4,1.0,0.0,471.5,28.0,100.72,3.747,0.0681,0.1111,Eficiente,avanzado,0,0,0,1,0,0,0
4064,446.6,False,10,Apartamento,6.2,,,,,,,,,,,Ineficiente,basico,1,1,1,0,1,1,0
4065,497.0,True,8,Casa,5.8,5.0,94.3,1.0,4.2,427.5,30.0,99.4,5.2704,0.1626,0.125,Moderado,avanzado,0,0,0,0,0,1,0
4066,733.2,True,15,Comercio,8.9,,,,,,,,,,,Moderado,basico,0,1,0,0,1,0,0
4067,521.0,True,16,Casa,8.9,5.0,70.1,2.0,6.2,406.6,29.0,104.2,7.4322,0.2814,0.125,Ineficiente,avanzado,1,0,0,0,1,0,0
4068,407.0,True,18,Apartamento,4.3,,90.9,,,362.7,,,4.4774,0.1221,,Eficiente,parcial,0,0,0,0,0,0,1
4069,1070.0,True,29,Oficina,13.2,,,,,,,,,,,Ineficiente,basico,0,0,1,1,1,1,0
4070,393.8,True,11,Casa,2.9,,,,,,,,,,,Eficiente,basico,0,0,1,0,0,0,0
4071,349.6,False,6,Casa,2.8,,,2.0,0.0,,31.0,,,,0.3333,Eficiente,parcial,0,0,0,0,1,0,1
4072,340.1,True,6,Apartamento,6.4,4.0,95.1,1.0,0.0,407.8,29.0,85.025,3.5762,-0.166,0.1667,Eficiente,avanzado,0,0,0,1,0,0,0
4073,441.8,True,11,Casa,6.5,,130.6,,,,31.0,,3.3828,,,Eficiente,parcial,0,0,1,0,0,1,0
4074,510.2,True,23,Casa,7.0,6.0,124.9,,2.3,430.2,31.0,85.0333,4.0849,0.186,,Eficiente,parcial,1,0,0,0,0,0,1
4075,422.4,False,13,Casa,4.2,,,,,,,,,,,Eficiente,basico,0,0,0,0,0,0,1
4076,384.6,False,10,Casa,1.8,5.0,,2.0,0.0,,,76.92,,,0.2,Eficiente,parcial,0,0,0,0,1,0,1
4077,720.9,True,23,Apartamento,12.3,5.0,111.1,5.0,3.8,699.5,29.0,144.18,6.4887,0.0306,0.2174,Ineficiente,avanzado,1,0,1,0,0,1,0
4078,488.8,True,17,Apartamento,5.2,,,,,,,,,,,Ineficiente,basico,1,1,1,0,0,1,0
4079,324.4,True,6,Casa,2.0,2.0,,,0.0,,,162.2,,,,Eficiente,parcial,1,0,0,1,0,0,0
4080,433.1,True,12,Apartamento,3.6,,,,,,,,,,,Ineficiente,basico,1,0,1,1,0,0,0
4081,328.6,False,5,Casa,4.8,5.0,77.6,0.0,0.0,338.1,31.0,65.72,4.2345,-0.0281,0.0,Eficiente,avanzado,0,0,0,0,0,1,1
4082,554.6,True,6,Casa,6.5,,,,,450.0,29.0,,,0.2324,,Ineficiente,parcial,1,1,1,0,0,0,0
4083,570.8,False,10,Apartamento,7.0,5.0,98.8,4.0,6.4,660.0,28.0,114.16,5.7773,-0.1352,0.4,Moderado,avanzado,0,1,1,0,0,1,0
4084,390.8,False,11,Casa,5.1,,114.8,1.0,2.9,373.2,28.0,,3.4042,0.0472,0.0909,Eficiente,parcial,0,0,0,1,0,0,0
4085,313.3,False,8,Apartamento,5.5,,,,,,,,,,,Moderado,basico,0,1,1,0,1,0,0
4086,1040.1,True,23,Oficina,10.2,11.0,,6.0,,,31.0,94.5545,,,0.2609,Ineficiente,parcial,0,1,1,0,1,0,0
4087,333.9,True,5,Apartamento,6.0,1.0,61.9,2.0,6.5,289.9,31.0,333.9,5.3942,0.1518,0.4,Ineficiente,avanzado,1,1,0,1,0,0,0
4088,236.0,False,9,Apartamento,4.9,3.0,30.1,0.0,0.0,261.2,30.0,78.6667,7.8405,-0.0965,0.0,Eficiente,avanzado,0,0,0,0,0,0,1
4089,245.6,True,6,Casa,4.3,,,,,,,,,,,Eficiente,basico,0,1,0,0,0,0,1
4090,507.0,True,17,Casa,5.9,4.0,129.9,4.0,0.0,514.5,29.0,126.75,3.903,-0.0146,0.2353,Moderado,avanzado,0,1,0,0,0,0,0
4091,591.2,True,12,Casa,8.9,,154.7,,7.7,,,,3.8216,,,Moderado,parcial,1,0,1,0,1,1,0
4092,939.5,True,16,Comercio,11.2,3.0,152.2,9.0,7.5,931.8,28.0,313.1667,6.1728,0.0083,0.5625,Ineficiente,avanzado,1,1,1,1,0,1,0
4093,900.6,True,18,Comercio,7.1,,193.0,7.0,,816.4,,,4.6663,0.1031,0.3889,Ineficiente,parcial,1,0,1,0,0,0,0
4094,592.4,True,13,Casa,6.9,5.0,,4.0,,,,118.48,,,0.3077,Ineficiente,parcial,0,1,1,0,0,0,0
4095,372.4,True,10,Casa,5.3,1.0,182.1,1.0,4.4,329.1,31.0,372.4,2.045,0.1316,0.1,Ineficiente,avanzado,1,0,1,1,0,0,0
4096,311.6,True,7,Casa,7.6,,,,,,,,,,,Ineficiente,basico,0,0,1,0,1,1,0
4097,427.9,False,11,Apartamento,4.3,7.0,50.7,3.0,0.0,370.9,30.0,61.1286,8.4398,0.1537,0.2727,Moderado,avanzado,0,0,1,1,1,0,0
4098,240.8,False,8,Apartamento,1.7,4.0,48.1,1.0,0.0,198.4,31.0,60.2,5.0062,0.2137,0.125,Eficiente,avanzado,0,0,0,0,0,0,1
4099,299.1,True,5,Apartamento,4.0,,,,,,,,,,,Ineficiente,basico,0,0,1,1,0,0,0
4100,924.4,False,26,Oficina,8.7,11.0,93.4,,0.0,1491.0,28.0,84.0364,9.8972,-0.38,,Moderado,parcial,0,1,0,0,0,1,0
4101,333.9,True,6,Casa,6.4,2.0,139.2,2.0,1.7,253.6,30.0,166.95,2.3987,0.3166,0.3333,Ineficiente,avanzado,0,0,0,0,0,0,1
4102,275.7,False,2,Apartamento,5.1,2.0,123.3,1.0,1.0,251.4,28.0,137.85,2.236,0.0967,0.5,Moderado,avanzado,0,0,0,0,0,0,1
4103,286.4,True,9,Apartamento,2.6,,,,,231.3,,,,0.2382,,Moderado,parcial,1,0,1,0,0,0,0
4104,552.8,True,11,Casa,7.6,5.0,131.5,,,,,110.56,4.2038,,,Moderado,parcial,0,0,1,0,0,1,0
4105,1018.3,True,22,Oficina,9.8,9.0,191.2,8.0,5.0,792.8,28.0,113.1444,5.3258,0.2844,0.3636,Ineficiente,avanzado,1,1,1,0,1,1,0
4106,567.2,True,13,Casa,7.7,,,2.0,10.5,,31.0,,,,0.1538,Ineficiente,parcial,1,1,1,1,1,0,0
4107,319.7,False,12,Apartamento,3.4,3.0,103.0,,2.9,236.9,31.0,106.5667,3.1039,0.3495,,Eficiente,parcial,0,0,0,1,1,0,0
4108,401.0,True,9,Apartamento,3.2,,,,,,,,,,,Moderado,basico,1,1,1,0,1,0,0
4109,925.2,False,19,Oficina,10.1,7.0,147.8,7.0,10.8,1238.9,30.0,132.1714,6.2598,-0.2532,0.3684,Ineficiente,avanzado,0,0,1,1,0,1,0
4110,386.3,False,6,Apartamento,4.3,1.0,128.2,2.0,8.8,421.9,30.0,386.3,3.0133,-0.0844,0.3333,Ineficiente,avanzado,0,1,1,0,1,0,0
4111,449.0,True,8,Casa,6.6,,,,,419.4,30.0,,,0.0706,,Moderado,parcial,1,0,0,1,0,0,0
4112,713.8,True,14,Comercio,7.2,,,,,,,,,,,Moderado,basico,1,0,0,0,0,0,0
4113,739.3,False,14,Comercio,10.6,,156.1,6.0,,,,,4.7361,,0.4286,Ineficiente,parcial,0,0,1,1,0,0,0
4114,328.1,True,7,Apartamento,6.9,4.0,67.6,1.0,2.6,278.6,29.0,82.025,4.8536,0.1777,0.1429,Moderado,avanzado,1,0,0,0,1,0,0
4115,857.2,True,23,Comercio,12.3,,,,,,,,,,,Moderado,basico,1,0,1,0,0,0,0
4116,376.3,True,12,Casa,3.5,5.0,130.7,1.0,0.0,,28.0,75.26,2.8791,,0.0833,Eficiente,parcial,1,0,0,1,0,0,0
4117,227.6,False,6,Apartamento,5.4,,,,,,,,,,,Moderado,basico,0,0,1,0,1,0,0
4118,882.0,False,20,Comercio,8.1,8.0,151.7,6.0,4.6,1081.1,30.0,110.25,5.8141,-0.1842,0.3,Moderado,avanzado,0,1,1,0,0,0,0
4119,281.7,True,7,Casa,6.6,,84.9,1.0,,,,,3.318,,0.1429,Ineficiente,parcial,0,1,0,1,0,0,0
4120,369.4,True,7,Apartamento,4.6,3.0,64.4,2.0,0.0,354.6,29.0,123.1333,5.736,0.0417,0.2857,Moderado,avanzado,1,0,0,0,0,0,0
4121,730.5,True,13,Oficina,8.6,6.0,68.3,5.0,7.0,757.3,31.0,121.75,10.6955,-0.0354,0.3846,Ineficiente,avanzado,1,1,1,0,0,1,0
4122,703.7,True,15,Comercio,5.7,,,,,,,,,,,Eficiente,basico,0,0,1,0,0,1,0
4123,787.3,True,14,Oficina,11.7,6.0,148.8,5.0,11.8,697.5,30.0,131.2167,5.291,0.1287,0.3571,Ineficiente,avanzado,1,0,1,0,0,0,0
4124,384.9,False,8,Casa,4.5,,129.9,1.0,,480.3,31.0,,2.963,-0.1986,0.125,Moderado,parcial,0,0,1,0,0,0,0
4125,824.6,False,20,Oficina,8.9,4.0,187.5,8.0,5.5,686.2,30.0,206.15,4.3979,0.2017,0.4,Ineficiente,avanzado,0,1,0,1,0,1,0
4126,453.4,True,12,Casa,6.8,7.0,98.7,0.0,4.1,353.3,29.0,64.7714,4.5937,0.2833,0.0,Eficiente,avanzado,0,0,0,0,1,0,0
4127,483.8,False,21,Apartamento,5.0,7.0,60.9,2.0,0.0,492.0,29.0,69.1143,7.9442,-0.0167,0.0952,Eficiente,avanzado,0,0,0,0,0,0,1
4128,237.0,True,8,Apartamento,5.7,2.0,42.5,0.0,0.0,210.1,28.0,118.5,5.5765,0.128,0.0,Eficiente,avanzado,1,0,0,0,0,0,0
4129,586.4,True,15,Comercio,6.2,4.0,228.4,2.0,3.7,501.7,29.0,146.6,2.5674,0.1688,0.1333,Moderado,avanzado,1,0,0,0,0,0,0
4130,1026.7,True,24,Oficina,10.6,8.0,174.1,8.0,,833.4,30.0,128.3375,5.8972,0.2319,0.3333,Ineficiente,parcial,1,1,0,0,0,0,0
4131,468.0,True,10,Apartamento,8.0,3.0,109.9,3.0,1.6,444.2,31.0,156.0,4.2584,0.0536,0.3,Moderado,avanzado,1,1,0,1,0,0,0
4132,203.0,False,3,Apartamento,0.9,1.0,116.0,0.0,0.0,171.6,29.0,203.0,1.75,0.183,0.0,Eficiente,avanzado,0,0,1,0,0,0,1
4133,322.5,False,8,Apartamento,5.1,3.0,67.8,2.0,0.0,283.4,30.0,107.5,4.7566,0.138,0.25,Eficiente,avanzado,0,0,0,0,0,0,1
4134,359.3,True,11,Apartamento,6.4,3.0,60.9,2.0,0.0,373.8,29.0,119.7667,5.8998,-0.0388,0.1818,Moderado,avanzado,0,0,0,0,0,0,1
4135,495.4,True,9,Apartamento,9.5,,,,,,,,,,,Ineficiente,basico,1,1,1,1,0,0,0
4136,249.2,True,7,Casa,3.2,,,,,,,,,,,Moderado,basico,0,0,0,0,0,0,1
4137,553.6,True,16,Apartamento,7.1,,,,,,,,,,,Ineficiente,basico,1,0,0,1,0,0,0
4138,977.2,False,26,Comercio,9.7,,,,,,,,,,,Ineficiente,basico,0,0,1,0,1,1,0
4139,289.2,True,2,Apartamento,3.9,2.0,52.1,1.0,4.5,267.2,29.0,144.6,5.5509,0.0823,0.5,Ineficiente,avanzado,1,1,1,0,0,0,0
4140,564.7,False,13,Comercio,6.5,,,,,,,,,,,Eficiente,basico,0,1,1,0,0,0,0
4141,458.7,False,12,Casa,4.3,,,,,,,,,,,Eficiente,basico,0,0,0,0,1,0,1
4142,424.8,True,12,Apartamento,3.8,,,,,,,,,,,Moderado,basico,1,0,0,0,0,0,0
4143,433.7,True,10,Casa,4.2,5.0,140.4,3.0,0.0,364.0,30.0,86.74,3.089,0.1915,0.3,Moderado,avanzado,1,1,0,1,1,1,0
4144,230.2,True,4,Casa,6.5,1.0,213.3,0.0,0.9,211.2,30.0,230.2,1.0792,0.09,0.0,Eficiente,avanzado,1,0,0,1,0,0,0
4145,393.6,True,6,Apartamento,5.5,,,,,,,,,,,Ineficiente,basico,1,1,0,1,1,1,0
4146,206.7,False,6,Casa,3.0,2.0,180.6,0.0,0.0,212.2,31.0,103.35,1.1445,-0.0259,0.0,Eficiente,avanzado,0,0,0,0,1,0,1
4147,222.9,True,5,Casa,3.2,1.0,151.0,0.0,3.6,222.4,29.0,222.9,1.4762,0.0022,0.0,Eficiente,avanzado,0,0,1,1,0,0,0
4148,304.0,True,5,Apartamento,3.9,,,,,,,,,,,Eficiente,basico,1,0,1,0,0,0,0
4149,309.4,True,4,Apartamento,6.1,,,1.0,2.7,370.9,30.0,,,-0.1658,0.25,Moderado,parcial,1,0,1,0,0,1,0
4150,578.8,True,12,Casa,8.2,5.0,107.1,3.0,8.6,528.0,28.0,115.76,5.4043,0.0962,0.25,Ineficiente,avanzado,1,0,1,0,0,0,0
4151,463.3,False,9,Casa,3.7,,,,,,,,,,,Eficiente,basico,0,0,1,0,0,0,1
4152,390.6,False,10,Apartamento,5.3,,,,,,,,,,,Ineficiente,basico,0,0,1,1,0,1,0
4153,421.1,True,8,Apartamento,7.1,,,,,,,,,,,Ineficiente,basico,1,0,1,0,0,0,0
4154,188.6,False,6,Apartamento,5.5,,,,,,,,,,,Eficiente,basico,0,0,0,1,0,0,1
4155,223.2,True,7,Apartamento,0.8,,,,,,,,,,,Moderado,basico,1,1,0,0,0,0,0
4156,447.1,True,11,Casa,7.5,3.0,168.2,2.0,1.6,351.6,31.0,149.0333,2.6581,0.2716,0.1818,Moderado,avanzado,0,0,0,0,1,0,0
4157,841.5,False,22,Oficina,7.7,,,,,,,,,,,Moderado,basico,0,0,1,1,1,0,0
4158,530.1,True,12,Casa,10.7,,,,,,,,,,,Ineficiente,basico,1,0,0,1,0,0,0
4159,511.6,True,14,Apartamento,10.5,,,,,,,,,,,Ineficiente,basico,1,0,1,0,0,0,0
4160,715.1,True,15,Casa,11.0,,,,,,,,,,,Moderado,basico,1,1,1,0,0,0,0
4161,298.7,False,8,Apartamento,2.8,,,,,,,,,,,Eficiente,basico,0,0,1,0,0,1,0
4162,199.6,False,5,Casa,0.0,,,,,,,,,,,Eficiente,basico,0,0,0,0,1,1,0
4163,843.7,False,21,Comercio,7.6,7.0,172.2,6.0,2.1,971.5,31.0,120.5286,4.8995,-0.1315,0.2857,Moderado,avanzado,0,1,0,0,0,0,0
4164,402.9,False,11,Casa,4.0,2.0,99.9,2.0,7.2,421.7,29.0,201.45,4.033,-0.0446,0.1818,Moderado,avanzado,0,0,1,0,0,0,0
4165,317.5,True,8,Apartamento,4.3,,,,,298.1,,,,0.0651,,Moderado,parcial,1,1,0,0,0,1,0
4166,489.3,True,10,Casa,4.4,3.0,89.9,2.0,6.7,551.0,31.0,163.1,5.4427,-0.112,0.2,Moderado,avanzado,0,1,1,0,1,0,0
4167,567.9,True,20,Casa,6.5,,,,,,,,,,,Moderado,basico,1,1,0,0,1,0,0
4168,483.8,False,12,Casa,6.5,8.0,98.7,2.0,0.0,398.4,31.0,60.475,4.9017,0.2144,0.1667,Eficiente,avanzado,0,0,0,0,1,0,1
4169,398.6,True,10,Apartamento,6.2,5.0,,,3.1,,29.0,79.72,,,,Moderado,parcial,0,0,0,1,0,1,0
4170,350.9,True,8,Apartamento,3.1,,25.0,,,298.3,30.0,,14.036,0.1763,,Ineficiente,parcial,0,0,1,0,1,1,0
4171,1120.9,False,29,Oficina,11.2,,,9.0,3.0,,,,,,0.3103,Moderado,parcial,0,1,0,0,0,0,0
4172,200.7,True,8,Apartamento,3.3,1.0,90.7,1.0,0.0,191.1,31.0,200.7,2.2128,0.0502,0.125,Eficiente,avanzado,0,0,0,0,0,1,1
4173,1082.1,False,26,Oficina,11.9,,,,,,,,,,,Ineficiente,basico,0,1,1,1,0,1,0
4174,607.5,False,13,Casa,8.3,,,,,,,,,,,Moderado,basico,0,0,1,0,0,0,0
4175,889.3,False,20,Comercio,10.7,,,,,1028.1,,,,-0.135,,Ineficiente,parcial,0,1,1,0,0,1,0
4176,234.1,True,3,Apartamento,6.1,,,,,,,,,,,Eficiente,basico,1,1,0,1,1,0,0
4177,411.0,True,12,Apartamento,5.5,3.0,93.9,3.0,0.0,400.2,28.0,137.0,4.377,0.027,0.25,Moderado,avanzado,1,0,0,0,0,0,0
4178,1072.1,False,29,Oficina,12.9,9.0,172.5,9.0,0.0,876.5,30.0,119.1222,6.2151,0.2232,0.3103,Ineficiente,avanzado,0,0,0,0,0,1,0
4179,388.4,True,8,Apartamento,6.5,2.0,63.6,3.0,2.6,316.3,28.0,194.2,6.1069,0.2279,0.375,Ineficiente,avanzado,1,1,1,1,0,0,0
4180,867.6,True,17,Oficina,10.4,9.0,72.8,,7.5,,,96.4,11.9176,,,Ineficiente,parcial,1,0,1,0,0,1,0
4181,166.8,True,7,Apartamento,0.1,2.0,82.0,0.0,0.0,163.7,30.0,83.4,2.0341,0.0189,0.0,Eficiente,avanzado,1,0,0,1,0,0,0
4182,423.0,False,6,Casa,4.4,,,1.0,,,,,,,0.1667,Eficiente,parcial,0,1,1,0,0,0,0
4183,281.2,True,4,Apartamento,3.3,3.0,65.3,1.0,0.0,316.3,30.0,93.7333,4.3063,-0.111,0.25,Eficiente,avanzado,1,0,0,0,0,0,1
4184,347.5,True,8,Apartamento,3.2,,,,,,,,,,,Moderado,basico,0,0,0,0,0,0,1
4185,529.2,False,12,Oficina,3.6,3.0,124.1,2.0,5.4,639.9,29.0,176.4,4.2643,-0.173,0.1667,Moderado,avanzado,0,0,0,1,0,0,0
4186,669.0,False,19,Comercio,8.4,5.0,,,,,30.0,133.8,,,,Eficiente,parcial,0,0,0,0,0,0,1
4187,511.5,False,12,Casa,5.8,6.0,,,1.5,,,85.25,,,,Eficiente,parcial,0,0,0,0,0,0,1
4188,418.0,True,11,Casa,6.4,5.0,163.8,2.0,0.0,368.8,29.0,83.6,2.5519,0.1334,0.1818,Eficiente,avanzado,1,0,0,0,0,0,0
4189,594.1,True,17,Casa,10.7,,,,,,,,,,,Moderado,basico,0,0,0,1,0,0,0
4190,456.8,True,11,Apartamento,6.5,6.0,90.3,3.0,0.0,404.7,31.0,76.1333,5.0587,0.1287,0.2727,Moderado,avanzado,0,1,1,0,0,0,0
4191,394.5,True,13,Casa,7.2,3.0,,0.0,0.0,,28.0,131.5,,,0.0,Eficiente,parcial,1,1,0,0,0,0,0
4192,417.3,True,13,Apartamento,6.1,4.0,90.6,2.0,0.0,350.6,28.0,104.325,4.606,0.1902,0.1538,Moderado,avanzado,1,0,0,1,0,0,0
4193,198.6,True,3,Apartamento,2.1,,,,,,,,,,,Eficiente,basico,1,0,0,0,0,0,0
4194,788.2,True,21,Comercio,7.7,8.0,218.5,3.0,1.4,560.1,29.0,98.525,3.6073,0.4072,0.1429,Moderado,avanzado,0,1,0,0,1,0,0
4195,565.2,True,11,Casa,7.2,5.0,137.5,4.0,0.0,486.3,28.0,113.04,4.1105,0.1622,0.3636,Moderado,avanzado,0,0,0,0,0,0,1
4196,447.2,True,10,Apartamento,4.0,1.0,46.6,4.0,3.7,458.6,30.0,447.2,9.5966,-0.0249,0.4,Ineficiente,avanzado,1,0,1,1,0,1,0
4197,610.3,True,15,Casa,8.7,,,,,,,,,,,Ineficiente,basico,1,0,1,1,0,0,0
4198,762.3,True,22,Oficina,9.5,,,,,,,,,,,Moderado,basico,1,0,0,0,0,0,0
4199,416.7,True,8,Casa,6.4,1.0,,2.0,13.1,,,416.7,,,0.25,Ineficiente,parcial,1,0,1,1,0,1,0
4200,474.2,True,9,Casa,4.1,3.0,163.8,3.0,4.8,567.1,31.0,158.0667,2.895,-0.1638,0.3333,Moderado,avanzado,1,1,0,0,0,0,0
4201,909.8,True,26,Casa,11.2,8.0,191.2,7.0,2.5,891.3,30.0,113.725,4.7584,0.0208,0.2692,Moderado,avanzado,1,1,0,0,0,1,0
4202,938.4,True,21,Comercio,10.5,9.0,151.3,5.0,10.2,1389.4,30.0,104.2667,6.2022,-0.3246,0.2381,Ineficiente,avanzado,1,1,1,0,0,1,0
4203,504.1,False,13,Casa,7.5,,,,,,,,,,,Moderado,basico,0,1,0,1,0,0,0
4204,460.3,False,12,Apartamento,6.1,,,,,,,,,,,Eficiente,basico,0,0,0,0,0,1,1
4205,714.2,False,17,Comercio,3.8,3.0,166.6,6.0,5.2,500.1,31.0,238.0667,4.2869,0.4281,0.3529,Ineficiente,avanzado,0,1,1,1,1,0,0
4206,828.6,False,24,Comercio,7.7,,,,,806.5,31.0,,,0.0274,,Eficiente,parcial,1,1,0,0,0,0,0
4207,436.3,False,11,Casa,6.4,2.0,100.1,3.0,4.0,433.1,29.0,218.15,4.3586,0.0074,0.2727,Moderado,avanzado,0,0,0,0,0,0,1
4208,466.7,True,11,Casa,4.8,,,,,,28.0,,,,,Moderado,parcial,0,0,0,0,0,0,1
4209,258.3,True,8,Apartamento,2.2,1.0,38.5,0.0,4.4,252.2,29.0,258.3,6.7091,0.0242,0.0,Moderado,avanzado,1,1,1,0,0,1,0
4210,323.5,False,5,Casa,4.6,,,,,,,,,,,Moderado,basico,1,1,0,1,1,0,0
4211,541.1,True,16,Apartamento,8.8,3.0,129.3,3.0,2.1,495.2,31.0,180.3667,4.1848,0.0927,0.1875,Moderado,avanzado,0,0,0,0,0,0,1
4212,563.0,False,14,Casa,5.5,,,,,,,,,,,Ineficiente,basico,0,1,0,1,1,0,0
4213,489.1,True,16,Apartamento,8.0,,,,,,,,,,,Ineficiente,basico,1,1,1,1,0,1,0
4214,200.0,False,7,Casa,0.8,4.0,101.2,,0.0,157.1,30.0,50.0,1.9763,0.2731,,Eficiente,parcial,0,0,1,0,1,0,0
4215,526.2,True,12,Apartamento,4.8,7.0,59.8,3.0,0.0,443.4,28.0,75.1714,8.7993,0.1867,0.25,Moderado,avanzado,1,1,0,0,0,1,0
4216,605.4,False,16,Casa,7.4,,,,,,,,,,,Moderado,basico,0,0,0,0,0,0,1
4217,348.8,True,7,Apartamento,6.3,,,,,,,,,,,Ineficiente,basico,1,0,1,1,1,0,0
4218,709.5,True,12,Casa,8.6,7.0,126.7,4.0,8.0,576.2,29.0,101.3571,5.5998,0.2313,0.3333,Ineficiente,avanzado,1,0,0,1,1,1,0
4219,762.8,False,21,Oficina,8.0,6.0,104.2,5.0,2.4,1095.5,31.0,127.1333,7.3205,-0.3037,0.2381,Moderado,avanzado,0,0,1,0,0,0,0
4220,471.6,True,19,Apartamento,10.6,4.0,66.6,2.0,0.0,497.7,29.0,117.9,7.0811,-0.0524,0.1053,Moderado,avanzado,1,0,0,0,0,0,0
4221,414.2,True,7,Casa,1.7,1.0,132.5,3.0,7.4,524.2,29.0,414.2,3.126,-0.2098,0.4286,Ineficiente,avanzado,0,0,1,1,0,0,0
4222,219.4,True,4,Casa,4.4,,,,,,,,,,,Eficiente,basico,1,0,0,0,0,0,1
4223,476.2,True,7,Casa,4.4,,,4.0,,,,,,,0.5714,Ineficiente,parcial,0,1,0,1,0,1,0
4224,416.1,False,10,Casa,3.6,,,,,,,,,,,Moderado,basico,0,0,0,0,0,0,1
4225,469.7,True,9,Casa,6.3,,,,,,,,,,,Moderado,basico,0,0,0,0,1,0,0
4226,1078.9,True,28,Comercio,11.6,8.0,,,,986.4,,134.8625,,0.0938,,Ineficiente,parcial,0,1,1,0,0,1,0
4227,440.7,True,13,Apartamento,7.3,,,,,,,,,,,Moderado,basico,1,1,0,0,1,0,0
4228,418.3,True,9,Casa,5.6,,,,,,,,,,,Moderado,basico,1,0,0,0,1,0,0
4229,305.8,False,13,Apartamento,2.7,1.0,91.2,2.0,0.0,307.5,28.0,305.8,3.3531,-0.0055,0.1538,Moderado,avanzado,0,0,0,1,0,0,0
4230,432.4,True,7,Casa,4.6,,,3.0,8.2,,30.0,,,,0.4286,Ineficiente,parcial,0,0,1,0,0,0,0
4231,781.5,False,18,Oficina,5.9,8.0,183.3,5.0,3.2,691.9,29.0,97.6875,4.2635,0.1295,0.2778,Moderado,avanzado,0,1,0,0,1,1,0
4232,391.5,False,12,Casa,4.8,,,,,,,,,,,Eficiente,basico,0,0,0,0,0,0,1
4233,547.3,False,15,Apartamento,7.5,7.0,78.6,1.0,7.9,520.2,28.0,78.1857,6.9631,0.0521,0.0667,Eficiente,avanzado,0,0,1,0,0,0,1
4234,633.2,False,15,Comercio,3.7,4.0,206.9,4.0,6.3,584.0,30.0,158.3,3.0604,0.0842,0.2667,Moderado,avanzado,0,1,0,0,0,0,0
4235,615.6,True,13,Casa,7.0,4.0,96.0,2.0,8.3,564.0,29.0,153.9,6.4125,0.0915,0.1538,Ineficiente,avanzado,1,1,1,0,0,1,0
4236,519.2,True,10,Casa,5.0,,,2.0,,,31.0,,,,0.2,Eficiente,parcial,1,0,0,1,0,0,0
4237,651.3,False,18,Casa,7.1,,,,,,,,,,,Moderado,basico,0,0,0,0,1,0,0
4238,1470.3,True,33,Comercio,14.2,,,,,,,,,,,Ineficiente,basico,1,1,1,1,1,1,0
4239,635.6,True,18,Apartamento,4.8,8.0,115.9,3.0,2.5,484.6,29.0,79.45,5.484,0.3116,0.1667,Moderado,avanzado,1,0,0,0,1,1,0
4240,263.9,True,5,Apartamento,3.6,,,2.0,,,29.0,,,,0.4,Moderado,parcial,1,0,0,0,1,0,0
4241,869.4,False,20,Comercio,9.0,,,,,,,,,,,Ineficiente,basico,0,0,0,0,0,0,1
4242,993.0,False,27,Comercio,6.0,6.0,226.3,10.0,0.0,1226.0,29.0,165.5,4.388,-0.19,0.3704,Moderado,avanzado,0,1,0,0,0,1,0
4243,369.8,False,8,Apartamento,2.1,,,,,,,,,,,Eficiente,basico,0,0,1,0,0,1,0
4244,489.9,True,12,Apartamento,6.5,,,2.0,,,,,,,0.1667,Moderado,parcial,1,1,0,0,0,0,0
4245,227.7,True,6,Apartamento,2.6,,,,,,,,,,,Eficiente,basico,0,1,0,1,0,0,0
4246,568.4,False,16,Casa,3.5,,,,,,,,,,,Ineficiente,basico,0,1,1,0,0,1,0
4247,779.4,False,24,Comercio,6.0,,202.5,,,,,,3.8489,,,Eficiente,parcial,0,0,0,0,0,0,1
4248,453.0,False,12,Casa,6.3,,,,,,,,,,,Eficiente,basico,1,0,1,1,1,1,0
4249,641.6,True,16,Casa,7.8,5.0,115.7,3.0,4.2,772.7,28.0,128.32,5.5454,-0.1697,0.1875,Moderado,avanzado,1,1,0,0,0,0,0
4250,751.6,True,16,Comercio,9.9,5.0,138.8,6.0,3.8,,28.0,150.32,5.415,,0.375,Ineficiente,parcial,0,1,0,1,0,0,0
4251,688.7,False,15,Casa,6.9,9.0,168.1,3.0,4.1,565.0,28.0,76.5222,4.097,0.2189,0.2,Eficiente,avanzado,0,0,0,0,1,0,1
4252,395.2,True,10,Casa,3.5,2.0,96.3,2.0,3.5,327.9,28.0,197.6,4.1038,0.2052,0.2,Ineficiente,avanzado,1,0,0,0,0,1,0
4253,401.0,True,9,Casa,6.5,,,,,,,,,,,Eficiente,basico,0,1,1,0,0,0,0
4254,259.8,True,3,Apartamento,5.5,,41.5,,,302.0,28.0,,6.2602,-0.1397,,Ineficiente,parcial,1,0,0,0,0,0,0
4255,890.1,True,21,Comercio,8.9,,183.3,5.0,7.6,831.4,28.0,,4.856,0.0706,0.2381,Moderado,parcial,0,0,1,0,0,0,0
4256,496.7,False,12,Casa,6.8,,167.4,,,,29.0,,2.9671,,,Eficiente,parcial,0,0,0,0,0,0,1
4257,331.3,True,8,Casa,3.3,3.0,166.4,1.0,,,,110.4333,1.991,,0.125,Eficiente,parcial,0,0,0,1,0,0,1
4258,404.6,False,8,Apartamento,6.7,,,,,,,,,,,Ineficiente,basico,0,0,1,1,0,0,0
4259,1084.1,True,33,Oficina,11.9,13.0,135.1,7.0,0.0,974.0,29.0,83.3923,8.0244,0.113,0.2121,Moderado,avanzado,1,0,0,1,0,0,0
4260,374.2,True,8,Casa,5.3,,,,,,,,,,,Moderado,basico,1,0,0,0,0,0,0
4261,959.9,True,21,Oficina,8.1,11.0,86.3,7.0,4.2,873.5,30.0,87.2636,11.1228,0.0989,0.3333,Ineficiente,avanzado,0,1,1,0,0,1,0
4262,615.0,False,17,Oficina,4.3,5.0,112.1,3.0,0.0,672.1,29.0,123.0,5.4862,-0.085,0.1765,Eficiente,avanzado,0,0,1,0,0,0,1
4263,322.2,True,8,Casa,3.5,6.0,94.6,0.0,2.9,257.1,30.0,53.7,3.4059,0.2532,0.0,Eficiente,avanzado,1,0,0,0,1,0,0
4264,876.0,False,29,Comercio,11.7,9.0,95.2,4.0,4.5,696.6,28.0,97.3333,9.2017,0.2575,0.1379,Moderado,avanzado,0,0,1,0,1,1,0
4265,241.5,True,6,Apartamento,5.5,2.0,121.3,0.0,0.0,235.1,30.0,120.75,1.9909,0.0272,0.0,Eficiente,avanzado,1,0,0,0,1,1,0
4266,409.4,False,12,Apartamento,6.5,4.0,36.7,4.0,0.0,356.2,29.0,102.35,11.1553,0.1494,0.3333,Ineficiente,avanzado,0,1,0,0,0,0,0
4267,587.8,True,15,Apartamento,9.2,3.0,105.0,6.0,5.4,471.2,31.0,195.9333,5.5981,0.2475,0.4,Ineficiente,avanzado,1,1,0,1,0,0,0
4268,947.3,False,21,Comercio,7.4,,,,,,,,,,,Ineficiente,basico,1,1,0,0,0,1,0
4269,772.2,False,18,Comercio,8.2,9.0,101.6,4.0,5.3,639.6,31.0,85.8,7.6004,0.2073,0.2222,Moderado,avanzado,0,1,0,0,1,0,0
4270,578.8,False,14,Comercio,4.7,,,,,,,,,,,Moderado,basico,1,0,1,0,1,0,0
4271,1083.6,False,33,Oficina,13.6,,,,,,,,,,,Ineficiente,basico,1,1,0,0,0,1,0
4272,186.0,True,5,Apartamento,0.9,2.0,,,,,,93.0,,,,Eficiente,parcial,0,0,0,0,0,0,1
4273,585.0,False,16,Comercio,4.7,1.0,201.5,3.0,6.6,535.8,29.0,585.0,2.9032,0.0918,0.1875,Ineficiente,avanzado,0,1,1,1,0,1,0
4274,647.0,True,15,Comercio,9.2,,,,,,,,,,,Ineficiente,basico,1,1,0,0,0,0,0
4275,346.2,True,9,Casa,3.6,4.0,248.7,0.0,0.0,245.9,30.0,86.55,1.392,0.4079,0.0,Eficiente,avanzado,0,1,0,0,1,0,0
4276,341.6,False,8,Casa,5.4,,,,,,,,,,,Eficiente,basico,1,0,0,0,0,0,1
4277,277.1,True,5,Casa,5.9,3.0,137.5,1.0,0.0,222.3,28.0,92.3667,2.0153,0.2465,0.2,Eficiente,avanzado,1,0,0,0,0,0,0
4278,858.9,True,24,Comercio,5.2,8.0,122.5,7.0,0.0,674.6,30.0,107.3625,7.0114,0.2732,0.2917,Ineficiente,avanzado,0,1,0,0,1,1,0
4279,627.9,True,13,Casa,5.3,8.0,101.2,3.0,3.6,630.3,30.0,78.4875,6.2045,-0.0038,0.2308,Moderado,avanzado,0,1,0,0,0,1,0
4280,205.5,True,8,Apartamento,2.5,1.0,65.2,0.0,0.0,168.7,31.0,205.5,3.1518,0.2181,0.0,Moderado,avanzado,0,0,0,0,0,0,1
4281,474.7,True,13,Casa,8.1,2.0,170.8,1.0,6.3,567.4,28.0,237.35,2.7793,-0.1634,0.0769,Moderado,avanzado,1,0,0,1,0,0,0
4282,606.9,True,21,Casa,4.6,,,,,,,,,,,Eficiente,basico,1,0,0,1,0,1,0
4283,339.3,True,14,Apartamento,1.6,3.0,109.0,2.0,,329.8,,113.1,3.1128,0.0288,0.1429,Eficiente,parcial,0,0,0,0,0,0,1
4284,451.4,True,9,Casa,4.6,3.0,104.9,2.0,6.5,483.6,30.0,150.4667,4.3031,-0.0666,0.2222,Moderado,avanzado,1,0,1,0,0,1,0
4285,493.5,True,13,Oficina,6.1,,,,,,,,,,,Eficiente,basico,1,0,0,0,0,0,1
4286,266.2,False,6,Casa,6.3,1.0,147.8,0.0,3.4,253.4,30.0,266.2,1.8011,0.0505,0.0,Eficiente,avanzado,0,0,1,1,0,0,0
4287,582.0,False,15,Oficina,3.9,1.0,165.8,5.0,5.1,651.2,29.0,582.0,3.5103,-0.1063,0.3333,Ineficiente,avanzado,1,1,0,1,0,0,0
4288,344.5,True,11,Casa,3.7,,,,,,,,,,,Eficiente,basico,1,1,0,0,0,0,0
4289,1166.4,True,28,Oficina,11.6,16.0,95.1,7.0,6.0,1045.6,28.0,72.9,12.265,0.1155,0.25,Ineficiente,avanzado,1,1,1,0,0,1,0
4290,242.1,True,8,Apartamento,5.8,3.0,90.9,0.0,0.0,224.6,28.0,80.7,2.6634,0.0779,0.0,Eficiente,avanzado,1,0,0,0,0,0,0
4291,513.1,True,12,Casa,10.3,3.0,171.7,1.0,8.2,555.1,28.0,171.0333,2.9884,-0.0757,0.0833,Moderado,avanzado,1,0,1,0,0,0,0
4292,462.1,True,12,Casa,6.9,4.0,109.0,2.0,4.1,391.2,30.0,115.525,4.2394,0.1812,0.1667,Moderado,avanzado,0,1,1,0,0,0,0
4293,510.3,True,9,Casa,8.0,,,,,,,,,,,Ineficiente,basico,1,1,0,0,0,0,0
4294,352.1,True,12,Apartamento,5.5,,,,,,,,,,,Moderado,basico,0,0,0,1,0,1,0
4295,1055.9,False,32,Comercio,12.2,,,,,,,,,,,Moderado,basico,0,1,1,0,0,0,0
4296,573.7,False,23,Casa,6.1,6.0,74.6,5.0,0.0,593.6,28.0,95.6167,7.6903,-0.0335,0.2174,Moderado,avanzado,1,1,0,0,0,0,0
4297,309.0,False,3,Apartamento,3.4,,,,,,,,,,,Ineficiente,basico,0,1,1,0,0,0,0
4298,222.0,True,5,Apartamento,1.1,,,,,,,,,,,Eficiente,basico,1,0,0,0,0,0,0
4299,362.2,True,8,Apartamento,7.2,2.0,67.3,1.0,7.1,301.9,31.0,181.1,5.3819,0.1997,0.125,Ineficiente,avanzado,1,0,0,0,0,0,0
4300,341.3,False,14,Apartamento,7.1,,,,,,,,,,,Eficiente,basico,0,0,0,0,0,0,1
4301,401.3,True,12,Apartamento,7.2,,,,,,,,,,,Moderado,basico,1,1,0,0,0,0,0
4302,274.6,True,10,Apartamento,3.5,2.0,71.5,0.0,2.0,243.5,29.0,137.3,3.8406,0.1277,0.0,Eficiente,avanzado,1,0,0,0,0,0,0
4303,771.6,True,15,Oficina,5.3,8.0,177.6,2.0,8.1,751.4,29.0,96.45,4.3446,0.0269,0.1333,Moderado,avanzado,1,0,1,0,0,0,0
4304,532.8,False,14,Casa,7.6,6.0,103.0,3.0,0.0,623.6,30.0,88.8,5.1728,-0.1456,0.2143,Eficiente,avanzado,0,1,0,0,0,1,0
4305,541.7,True,17,Casa,5.8,,,,,,,,,,,Eficiente,basico,1,0,0,0,0,0,1
4306,551.5,True,13,Casa,6.5,,,,,,,,,,,Moderado,basico,1,1,1,0,0,0,0
4307,440.5,True,13,Apartamento,4.0,3.0,,3.0,2.2,573.2,31.0,146.8333,,-0.2315,0.2308,Moderado,parcial,0,1,1,0,0,0,0
4308,588.7,True,17,Casa,9.1,4.0,107.3,5.0,4.2,583.3,29.0,147.175,5.4865,0.0093,0.2941,Ineficiente,avanzado,1,0,1,0,0,1,0
4309,968.7,False,23,Oficina,11.9,12.0,139.4,8.0,3.1,793.3,31.0,80.725,6.9491,0.2211,0.3478,Ineficiente,avanzado,0,1,0,0,1,0,0
4310,298.1,True,7,Apartamento,5.9,1.0,95.3,3.0,3.6,282.3,31.0,298.1,3.128,0.056,0.4286,Ineficiente,avanzado,1,0,0,1,1,0,0
4311,555.7,True,12,Apartamento,10.2,4.0,73.2,2.0,11.5,630.4,31.0,138.925,7.5915,-0.1185,0.1667,Ineficiente,avanzado,1,0,1,0,0,0,0
4312,940.5,True,20,Comercio,8.8,,121.7,,,1058.0,,,7.728,-0.1111,,Ineficiente,parcial,1,0,1,0,0,1,0
4313,674.2,True,15,Casa,7.8,5.0,104.0,5.0,4.3,471.7,30.0,134.84,6.4827,0.4293,0.3333,Ineficiente,avanzado,1,0,0,1,0,0,0
4314,649.3,False,11,Comercio,6.6,,,,9.6,,,,,,,Ineficiente,parcial,1,0,1,1,0,0,0
4315,254.5,True,6,Casa,2.3,2.0,,,,,28.0,127.25,,,,Eficiente,parcial,0,1,0,0,1,0,0
4316,450.5,False,12,Apartamento,3.0,,,,,,,,,,,Eficiente,basico,0,0,0,0,0,0,1
4317,856.0,True,21,Oficina,8.3,,,,,,,,,,,Ineficiente,basico,1,0,1,0,0,1,0
4318,965.5,True,21,Comercio,9.2,11.0,104.2,5.0,7.0,1237.9,30.0,87.7727,9.2658,-0.2201,0.2381,Ineficiente,avanzado,1,1,1,0,0,1,0
4319,618.7,False,11,Comercio,5.3,2.0,202.0,4.0,7.4,725.0,29.0,309.35,3.0629,-0.1466,0.3636,Ineficiente,avanzado,1,0,1,0,0,1,0
4320,302.4,True,12,Casa,7.2,3.0,106.4,1.0,0.0,319.9,31.0,100.8,2.8421,-0.0547,0.0833,Eficiente,avanzado,1,0,0,1,0,0,0
4321,1049.4,True,31,Comercio,7.4,,,,,,,,,,,Moderado,basico,0,0,0,0,0,1,0
4322,388.1,True,6,Apartamento,6.6,,,,,,,,,,,Ineficiente,basico,1,1,1,1,0,0,0
4323,236.5,False,5,Apartamento,0.4,,,,,,,,,,,Eficiente,basico,0,0,0,0,0,0,1
4324,338.1,False,8,Casa,5.9,3.0,123.5,1.0,5.6,273.0,29.0,112.7,2.7377,0.2385,0.125,Eficiente,avanzado,0,0,1,0,1,0,0
4325,383.2,False,12,Casa,3.9,,,,,,,,,,,Eficiente,basico,0,0,0,0,0,0,1
4326,294.9,False,8,Apartamento,3.9,,,,,,,,,,,Eficiente,basico,0,0,1,0,0,0,0
4327,458.7,True,7,Casa,7.8,2.0,109.5,2.0,4.6,411.6,29.0,229.35,4.189,0.1144,0.2857,Ineficiente,avanzado,0,1,1,1,0,1,0
4328,1125.3,True,24,Comercio,8.2,9.0,195.7,9.0,4.4,1031.4,31.0,125.0333,5.7501,0.091,0.375,Ineficiente,avanzado,0,1,1,0,1,1,0
4329,667.0,False,14,Comercio,9.4,,,,,,,,,,,Ineficiente,basico,1,1,1,1,0,0,0
4330,922.3,True,26,Oficina,10.5,8.0,98.7,7.0,0.0,796.2,31.0,115.2875,9.3445,0.1584,0.2692,Ineficiente,avanzado,1,0,1,0,0,0,0
4331,592.0,True,14,Casa,7.3,,,,,,,,,,,Ineficiente,basico,1,1,0,1,1,0,0
4332,402.1,True,10,Oficina,1.0,,161.4,,0.0,334.6,,,2.4913,0.2017,,Ineficiente,parcial,0,0,0,1,0,0,0
4333,468.2,True,11,Casa,10.3,,,,,,,,,,,Ineficiente,basico,1,1,1,0,0,0,0
4334,739.7,True,16,Apartamento,9.1,5.0,60.8,5.0,11.4,600.8,30.0,147.94,12.1661,0.2312,0.3125,Ineficiente,avanzado,0,0,1,1,0,0,0
4335,780.8,False,22,Comercio,10.1,4.0,89.6,4.0,11.6,1259.4,28.0,195.2,8.7143,-0.38,0.1818,Ineficiente,avanzado,0,1,1,0,1,1,0
4336,500.3,True,8,Casa,7.3,,,,,,,,,,,Moderado,basico,1,1,0,0,0,0,0
4337,376.3,True,8,Casa,8.4,,156.9,0.0,,323.9,28.0,,2.3983,0.1618,0.0,Eficiente,parcial,1,0,1,0,0,0,0
4338,484.7,True,15,Casa,5.9,2.0,121.0,1.0,10.1,525.3,31.0,242.35,4.0058,-0.0773,0.0667,Moderado,avanzado,0,0,1,0,0,0,0
4339,350.4,False,8,Apartamento,5.5,1.0,106.1,2.0,1.7,288.4,30.0,350.4,3.3025,0.215,0.25,Ineficiente,avanzado,0,0,0,1,0,1,0
4340,663.1,False,16,Comercio,8.2,5.0,156.6,3.0,0.0,965.7,30.0,132.62,4.2344,-0.3133,0.1875,Eficiente,avanzado,0,0,0,0,0,0,1
4341,452.6,False,12,Casa,3.1,,,,7.0,,,,,,,Eficiente,parcial,0,0,0,0,0,0,1
4342,506.1,True,12,Casa,5.1,6.0,,2.0,,,,84.35,,,0.1667,Eficiente,parcial,0,0,0,1,0,1,0
4343,306.8,True,8,Apartamento,5.3,3.0,68.3,2.0,0.0,474.0,30.0,102.2667,4.4919,-0.3527,0.25,Moderado,avanzado,1,0,0,1,1,0,0
4344,365.7,False,9,Casa,6.0,,,1.0,7.5,,,,,,0.1111,Eficiente,parcial,0,0,1,0,1,0,0
4345,606.4,True,16,Apartamento,9.2,6.0,,,,,30.0,101.0667,,,,Ineficiente,parcial,1,0,1,0,1,0,0
4346,1093.1,True,26,Oficina,13.7,8.0,118.4,9.0,6.6,1037.8,29.0,136.6375,9.2323,0.0533,0.3462,Ineficiente,avanzado,1,0,1,0,0,1,0
4347,911.1,False,21,Comercio,8.2,,,,,,,,,,,Moderado,basico,1,0,0,0,0,0,0
4348,687.3,True,17,Comercio,8.4,,,,,,,,,,,Ineficiente,basico,1,1,0,0,0,1,0
4349,163.2,False,7,Apartamento,0.7,2.0,93.1,1.0,,,29.0,81.6,1.753,,0.1429,Eficiente,parcial,0,0,0,0,0,0,1
4350,778.5,False,22,Comercio,6.3,5.0,,,,,,155.7,,,,Moderado,parcial,0,0,0,0,0,0,1
4351,872.3,False,18,Casa,7.8,9.0,94.8,6.0,6.6,850.8,28.0,96.9222,9.2015,0.0253,0.3333,Ineficiente,avanzado,0,1,0,0,0,1,0
4352,585.0,True,16,Casa,6.8,,138.3,1.0,7.7,723.7,28.0,,4.2299,-0.1917,0.0625,Eficiente,parcial,1,0,1,0,1,1,0
4353,273.7,False,7,Apartamento,3.9,2.0,41.1,1.0,0.0,284.6,30.0,136.85,6.6594,-0.0383,0.1429,Eficiente,avanzado,0,0,0,0,1,0,0
4354,239.7,True,6,Casa,0.5,1.0,177.3,0.0,0.0,226.4,28.0,239.7,1.3519,0.0587,0.0,Eficiente,avanzado,0,0,0,0,0,0,1
4355,480.3,True,8,Oficina,5.4,5.0,134.3,0.0,3.0,437.6,31.0,96.06,3.5763,0.0976,0.0,Eficiente,avanzado,1,1,0,0,0,0,0
4356,239.2,True,10,Apartamento,5.9,3.0,,0.0,1.2,,29.0,79.7333,,,0.0,Eficiente,parcial,1,0,0,0,0,0,1
4357,667.0,False,21,Oficina,3.1,7.0,87.9,5.0,0.8,673.4,31.0,95.2857,7.5882,-0.0095,0.2381,Eficiente,avanzado,0,0,0,0,0,0,1
4358,572.7,True,14,Casa,9.6,4.0,148.2,2.0,4.4,570.7,28.0,143.175,3.8644,0.0035,0.1429,Moderado,avanzado,1,0,1,1,0,0,0
4359,399.7,True,10,Apartamento,8.0,4.0,84.9,1.0,0.0,417.6,30.0,99.925,4.7079,-0.0429,0.1,Eficiente,avanzado,1,0,0,0,0,0,0
4360,1248.5,False,37,Comercio,13.8,13.0,,,,1360.6,31.0,96.0385,,-0.0824,,Ineficiente,parcial,0,1,0,0,0,1,0
4361,310.2,True,5,Casa,4.3,2.0,,,5.4,229.5,28.0,155.1,,0.3516,,Moderado,parcial,1,0,0,1,1,0,0
4362,327.6,False,6,Apartamento,4.1,1.0,50.9,1.0,8.9,264.4,28.0,327.6,6.4361,0.239,0.1667,Ineficiente,avanzado,0,0,1,0,1,1,0
4363,310.3,True,5,Apartamento,4.8,,,,,,,,,,,Ineficiente,basico,0,0,1,1,0,0,0
4364,1112.7,False,24,Oficina,7.9,,,,,,,,,,,Eficiente,basico,0,1,0,0,1,1,0
4365,1158.4,True,24,Comercio,9.7,13.0,297.1,9.0,1.7,1184.4,31.0,89.1077,3.899,-0.022,0.375,Moderado,avanzado,1,0,0,0,0,0,0
4366,499.5,False,7,Casa,6.2,,,,,,,,,,,Ineficiente,basico,0,0,1,0,0,0,0
4367,309.5,True,6,Apartamento,4.4,2.0,88.4,2.0,0.0,475.3,28.0,154.75,3.5011,-0.3488,0.3333,Moderado,avanzado,1,1,0,1,0,0,0
4368,172.5,False,6,Apartamento,3.6,,,,,,,,,,,Eficiente,basico,0,0,0,0,0,0,1
4369,398.7,False,11,Casa,2.8,,,1.0,,,,,,,0.0909,Eficiente,parcial,0,0,0,0,1,0,0
4370,399.5,True,7,Apartamento,3.9,2.0,50.4,1.0,6.7,342.0,29.0,199.75,7.9266,0.1681,0.1429,Ineficiente,avanzado,1,1,1,0,1,1,0
4371,333.4,True,7,Casa,7.5,1.0,,2.0,4.2,,30.0,333.4,,,0.2857,Ineficiente,parcial,1,0,0,0,0,1,0
4372,470.9,False,13,Casa,2.8,6.0,153.9,3.0,0.0,564.6,29.0,78.4833,3.0598,-0.166,0.2308,Eficiente,avanzado,0,1,0,0,0,0,1
4373,477.1,True,11,Apartamento,6.4,3.0,124.7,2.0,6.5,421.9,29.0,159.0333,3.826,0.1308,0.1818,Moderado,avanzado,0,0,1,1,0,0,0
4374,525.6,True,12,Casa,6.9,,,,,,,,,,,Moderado,basico,1,0,0,1,0,0,0
4375,231.7,True,5,Apartamento,3.6,3.0,79.1,0.0,0.0,229.6,29.0,77.2333,2.9292,0.0091,0.0,Eficiente,avanzado,1,0,0,0,0,1,0
4376,468.6,True,14,Casa,4.8,6.0,,,,512.0,,78.1,,-0.0848,,Eficiente,parcial,1,0,0,0,0,1,0
4377,415.7,True,10,Apartamento,5.5,4.0,69.5,4.0,1.1,321.5,29.0,103.925,5.9813,0.293,0.4,Ineficiente,avanzado,0,0,0,0,1,0,0
4378,523.4,True,10,Casa,6.9,,,,,,,,,,,Moderado,basico,1,1,0,0,0,1,0
4379,1287.4,False,35,Oficina,10.9,,,,,,,,,,,Ineficiente,basico,0,1,0,0,1,1,0
4380,534.4,False,12,Casa,5.7,5.0,137.6,2.0,9.3,521.8,31.0,106.88,3.8837,0.0241,0.1667,Eficiente,avanzado,0,0,1,0,0,1,0
4381,455.5,True,13,Apartamento,6.1,4.0,51.5,1.0,3.6,586.9,28.0,113.875,8.8447,-0.2239,0.0769,Moderado,avanzado,1,0,0,1,0,0,0
4382,331.0,False,11,Casa,0.0,,,0.0,,304.1,31.0,,,0.0885,0.0,Eficiente,parcial,0,1,0,0,0,0,1
4383,415.1,False,12,Casa,6.9,5.0,128.7,0.0,6.9,370.8,31.0,83.02,3.2253,0.1195,0.0,Eficiente,avanzado,0,0,1,0,0,0,1
4384,238.6,True,6,Apartamento,7.2,1.0,87.5,0.0,0.0,291.0,28.0,238.6,2.7269,-0.1801,0.0,Moderado,avanzado,1,0,0,1,0,0,0
4385,714.6,False,17,Comercio,8.5,4.0,226.9,4.0,8.3,577.6,30.0,178.65,3.1494,0.2372,0.2353,Moderado,avanzado,0,0,1,0,0,0,0
4386,728.5,False,19,Oficina,5.3,,,,,,,,,,,Moderado,basico,0,0,0,0,0,0,1
4387,436.3,True,8,Casa,4.5,5.0,122.6,,0.0,,29.0,87.26,3.5587,,,Moderado,parcial,1,0,0,0,1,0,0
4388,375.4,True,10,Casa,4.0,,,,,,,,,,,Eficiente,basico,1,0,1,0,0,0,0
4389,518.9,True,12,Apartamento,9.6,,,,,,,,,,,Ineficiente,basico,1,0,1,1,1,0,0
4390,150.8,False,6,Apartamento,0.3,3.0,51.2,1.0,0.0,158.7,29.0,50.2667,2.9453,-0.0498,0.1667,Eficiente,avanzado,0,1,1,0,0,0,0
4391,636.2,False,16,Casa,9.2,5.0,104.4,4.0,10.0,474.3,28.0,127.24,6.0939,0.3413,0.25,Ineficiente,avanzado,0,0,0,1,1,0,0
4392,530.1,False,15,Comercio,6.0,3.0,96.9,4.0,6.9,458.8,31.0,176.7,5.4706,0.1554,0.2667,Ineficiente,avanzado,1,1,1,0,0,0,0
4393,254.5,False,4,Apartamento,5.1,,,,,,,,,,,Moderado,basico,0,1,0,0,0,0,0
4394,245.8,False,7,Apartamento,4.3,,,,,,,,,,,Eficiente,basico,0,0,1,1,1,0,0
4395,456.8,False,13,Casa,5.3,5.0,147.9,1.0,0.0,387.5,30.0,91.36,3.0886,0.1788,0.0769,Eficiente,avanzado,0,0,1,1,0,0,0
4396,376.9,True,9,Apartamento,5.2,3.0,,,,304.4,30.0,125.6333,,0.2382,,Ineficiente,parcial,1,1,0,1,1,0,0
4397,532.7,True,18,Casa,9.6,5.0,216.9,1.0,3.3,404.6,29.0,106.54,2.456,0.3166,0.0556,Moderado,avanzado,0,0,0,0,0,0,1
4398,812.5,True,14,Comercio,5.1,,,,,,,,,,,Ineficiente,basico,1,1,0,0,1,1,0
4399,307.6,True,3,Casa,2.2,1.0,208.3,,5.6,222.1,31.0,307.6,1.4767,0.385,,Ineficiente,parcial,1,1,0,1,1,0,0
4400,689.2,False,23,Comercio,4.0,,,,,715.7,,,,-0.037,,Eficiente,parcial,0,0,0,0,0,1,0
4401,434.7,False,9,Comercio,3.5,3.0,150.6,1.0,5.4,463.0,31.0,144.9,2.8865,-0.0611,0.1111,Eficiente,avanzado,0,0,0,0,1,0,1
4402,898.2,False,15,Comercio,7.3,5.0,291.7,8.0,7.7,662.2,30.0,179.64,3.0792,0.3564,0.5333,Ineficiente,avanzado,0,1,1,1,1,0,0
4403,901.1,True,20,Casa,8.4,10.0,158.8,7.0,2.8,809.5,30.0,90.11,5.6744,0.1132,0.35,Ineficiente,avanzado,1,0,0,0,0,1,0
4404,751.2,False,17,Casa,10.7,6.0,,3.0,,733.9,31.0,125.2,,0.0236,0.1765,Moderado,parcial,0,0,1,0,0,0,0
4405,234.5,True,6,Apartamento,2.6,3.0,68.6,0.0,0.0,,29.0,78.1667,3.4184,,0.0,Eficiente,parcial,1,0,0,0,0,1,0
4406,371.7,False,11,Apartamento,6.5,2.0,102.8,2.0,5.1,335.7,31.0,185.85,3.6158,0.1072,0.1818,Moderado,avanzado,0,1,0,0,0,1,0
4407,825.0,True,19,Oficina,9.4,7.0,119.2,5.0,,,29.0,117.8571,6.9211,,0.2632,Ineficiente,parcial,1,0,1,0,0,0,0
4408,550.1,True,13,Casa,8.3,5.0,119.1,,,600.6,,110.02,4.6188,-0.0841,,Moderado,parcial,1,0,0,0,0,1,0
4409,943.0,True,23,Comercio,11.7,,,,,,,,,,,Ineficiente,basico,1,1,1,0,1,0,0
4410,682.5,True,23,Casa,8.3,10.0,103.3,3.0,0.0,623.1,28.0,68.25,6.607,0.0953,0.1304,Moderado,avanzado,1,1,0,0,1,1,0
4411,402.3,False,8,Casa,3.4,,105.8,2.0,,370.2,,,3.8025,0.0867,0.25,Moderado,parcial,0,1,0,1,0,0,0
4412,393.9,False,7,Casa,3.2,3.0,209.4,2.0,7.4,443.4,29.0,131.3,1.8811,-0.1116,0.2857,Eficiente,avanzado,0,1,1,1,0,0,0
4413,470.6,True,8,Comercio,3.4,3.0,227.5,1.0,8.1,478.6,30.0,156.8667,2.0686,-0.0167,0.125,Eficiente,avanzado,1,1,1,0,0,0,0
4414,500.5,True,7,Casa,6.2,5.0,144.9,1.0,4.6,416.2,30.0,100.1,3.4541,0.2025,0.1429,Moderado,avanzado,1,0,0,0,0,1,0
4415,575.6,True,12,Casa,10.2,,,,,,,,,,,Moderado,basico,0,1,1,0,1,1,0
4416,800.9,False,19,Comercio,6.8,5.0,130.8,5.0,6.5,607.9,29.0,160.18,6.1231,0.3175,0.2632,Ineficiente,avanzado,0,0,1,0,0,0,0
4417,234.8,False,9,Apartamento,3.1,,,,,,,,,,,Eficiente,basico,0,0,0,0,0,0,1
4418,443.7,True,10,Casa,3.7,1.0,210.1,,0.0,434.8,29.0,443.7,2.1119,0.0205,,Ineficiente,parcial,0,0,0,1,0,0,0
4419,408.0,True,11,Casa,5.9,,,,,,,,,,,Eficiente,basico,0,0,1,0,0,1,0
4420,262.6,False,8,Apartamento,2.4,3.0,95.9,1.0,0.0,296.8,29.0,87.5333,2.7383,-0.1152,0.125,Eficiente,avanzado,0,0,1,0,0,0,0
4421,634.2,True,14,Casa,6.2,,143.4,3.0,5.4,697.8,31.0,,4.4226,-0.0911,0.2143,Moderado,parcial,1,1,1,1,0,0,0
4422,731.3,True,20,Casa,7.6,6.0,97.8,3.0,,644.5,28.0,121.8833,7.4775,0.1347,0.15,Ineficiente,parcial,1,1,1,0,1,0,0
4423,487.2,True,17,Apartamento,8.0,4.0,,,0.0,,29.0,121.8,,,,Moderado,parcial,1,0,0,0,0,0,0
4424,439.0,True,4,Casa,6.2,3.0,89.8,3.0,0.0,410.5,30.0,146.3333,4.8886,0.0694,0.75,Ineficiente,avanzado,1,1,0,0,0,1,0
4425,235.6,False,5,Apartamento,4.8,2.0,106.7,1.0,0.0,222.4,30.0,117.8,2.2081,0.0594,0.2,Eficiente,avanzado,0,0,0,0,0,0,1
4426,492.7,True,13,Casa,7.9,6.0,103.6,2.0,4.0,587.8,29.0,82.1167,4.7558,-0.1618,0.1538,Eficiente,avanzado,1,1,0,0,0,0,0
4427,320.1,True,8,Casa,2.8,,,,,,,,,,,Eficiente,basico,1,0,0,0,0,0,1
4428,310.4,False,13,Casa,3.1,,,,,,31.0,,,,,Eficiente,parcial,0,0,0,1,1,0,0
4429,517.8,True,9,Casa,7.8,,,,,,,,,,,Ineficiente,basico,1,0,1,0,0,0,0
4430,415.0,True,8,Casa,4.6,5.0,125.8,2.0,5.4,417.2,28.0,83.0,3.2989,-0.0053,0.25,Eficiente,avanzado,1,0,0,0,0,0,1
4431,692.7,True,14,Casa,10.7,,,,,,,,,,,Ineficiente,basico,1,1,1,0,0,1,0
4432,997.8,False,26,Oficina,11.1,,,,,,,,,,,Ineficiente,basico,0,1,1,0,0,1,0
4433,1103.5,False,31,Comercio,10.1,,,,,,,,,,,Ineficiente,basico,0,0,1,0,1,1,0
4434,655.2,True,20,Casa,9.7,5.0,108.7,5.0,3.1,806.1,30.0,131.04,6.0276,-0.1872,0.25,Moderado,avanzado,1,1,0,0,0,1,0
4435,478.4,False,14,Apartamento,6.8,4.0,91.4,4.0,1.7,413.0,31.0,119.6,5.2341,0.1584,0.2857,Moderado,avanzado,1,0,1,0,0,0,0
4436,542.8,False,15,Apartamento,6.1,,,,,,,,,,,Eficiente,basico,1,0,0,0,0,1,0
4437,815.1,False,26,Comercio,9.7,2.0,232.4,5.0,3.5,741.8,28.0,407.55,3.5073,0.0988,0.1923,Ineficiente,avanzado,0,1,1,1,1,0,0
4438,692.1,True,18,Casa,8.8,,,,,,,,,,,Ineficiente,basico,1,1,1,1,1,1,0
4439,574.2,True,14,Casa,9.2,,,,,,,,,,,Moderado,basico,1,1,1,0,0,0,0
4440,172.7,False,2,Casa,3.3,1.0,73.3,,0.0,155.7,28.0,172.7,2.3561,0.1092,,Eficiente,parcial,0,0,0,1,0,0,1
4441,234.1,False,2,Casa,1.3,2.0,131.1,1.0,2.2,257.2,29.0,117.05,1.7857,-0.0898,0.5,Moderado,avanzado,0,1,0,0,1,0,0
4442,591.9,True,12,Casa,7.2,,,,,,,,,,,Ineficiente,basico,1,0,1,0,0,0,0
4443,687.8,False,18,Comercio,6.0,8.0,224.5,1.0,7.2,777.9,31.0,85.975,3.0637,-0.1158,0.0556,Eficiente,avanzado,1,0,1,0,0,0,0
4444,966.0,True,20,Oficina,10.1,10.0,115.0,7.0,6.8,1049.6,30.0,96.6,8.4,-0.0796,0.35,Ineficiente,avanzado,1,1,1,0,0,0,0
4445,464.0,True,7,Casa,4.9,,,,,,,,,,,Moderado,basico,1,0,0,0,0,0,0
4446,204.6,True,4,Apartamento,2.4,,61.8,,,,,,3.3107,,,Ineficiente,parcial,1,1,1,1,1,1,0
4447,271.0,True,8,Casa,3.6,,,,,,,,,,,Eficiente,basico,1,0,0,1,0,0,0
4448,532.1,True,8,Apartamento,5.6,2.0,125.7,3.0,7.4,519.6,28.0,266.05,4.2331,0.0241,0.375,Ineficiente,avanzado,1,0,1,1,0,1,0
4449,256.8,True,3,Apartamento,4.7,3.0,25.0,0.0,7.0,257.1,30.0,85.6,10.272,-0.0012,0.0,Moderado,avanzado,1,0,1,1,0,0,0
4450,431.3,True,11,Casa,2.4,5.0,133.0,0.0,8.5,339.6,29.0,86.26,3.2429,0.27,0.0,Eficiente,avanzado,1,0,1,0,1,0,0
4451,885.0,False,21,Comercio,10.7,5.0,237.8,5.0,10.1,729.0,28.0,177.0,3.7216,0.214,0.2381,Ineficiente,avanzado,0,0,0,0,0,0,1
4452,647.9,False,18,Oficina,5.7,5.0,120.3,3.0,3.9,737.7,28.0,129.58,5.3857,-0.1217,0.1667,Eficiente,avanzado,0,1,0,0,0,0,0
4453,283.1,True,6,Apartamento,4.5,,,1.0,,,,,,,0.1667,Eficiente,parcial,1,0,0,0,0,1,0
4454,172.5,False,6,Apartamento,0.0,,,,,,,,,,,Eficiente,basico,0,0,0,0,0,0,1
4455,483.1,True,15,Apartamento,6.8,,,,,,,,,,,Moderado,basico,1,1,0,1,0,1,0
4456,320.1,False,9,Casa,3.6,,,,,,,,,,,Moderado,basico,0,0,0,0,0,1,0
4457,362.6,True,7,Casa,4.1,3.0,174.3,1.0,0.0,365.9,31.0,120.8667,2.0803,-0.009,0.1429,Eficiente,avanzado,0,0,0,1,0,0,0
4458,236.4,True,5,Apartamento,4.2,,,,,,,,,,,Eficiente,basico,1,0,0,0,0,1,0
4459,634.6,False,14,Casa,5.3,8.0,132.4,5.0,3.5,612.1,31.0,79.325,4.7931,0.0368,0.3571,Moderado,avanzado,1,1,0,0,0,0,0
4460,659.5,False,15,Comercio,7.0,5.0,202.9,3.0,6.6,640.5,29.0,131.9,3.2504,0.0297,0.2,Eficiente,avanzado,0,0,0,1,1,1,0
4461,357.2,False,9,Apartamento,0.0,4.0,101.0,1.0,5.8,290.9,30.0,89.3,3.5366,0.2279,0.1111,Eficiente,avanzado,0,0,1,0,0,0,1
4462,300.3,False,8,Casa,3.0,,,,,246.0,,,,0.2207,,Eficiente,parcial,0,0,0,0,0,0,1
4463,534.8,True,10,Casa,7.4,3.0,,,4.2,623.7,,178.2667,,-0.1425,,Ineficiente,parcial,1,1,1,1,0,0,0
4464,1108.4,False,24,Oficina,14.0,8.0,170.1,11.0,8.6,1185.6,31.0,138.55,6.5162,-0.0651,0.4583,Ineficiente,avanzado,0,1,1,0,1,0,0
4465,490.9,False,7,Casa,6.0,4.0,115.6,2.0,10.7,450.2,29.0,122.725,4.2465,0.0904,0.2857,Moderado,avanzado,0,0,1,0,0,0,0
4466,418.1,True,15,Casa,2.0,4.0,184.9,0.0,3.8,305.5,28.0,104.525,2.2612,0.3686,0.0,Eficiente,avanzado,0,1,0,0,1,0,0
4467,177.4,False,3,Casa,1.4,2.0,91.7,0.0,2.0,161.2,28.0,88.7,1.9346,0.1005,0.0,Eficiente,avanzado,0,0,0,0,0,0,1
4468,271.9,True,4,Apartamento,3.3,,,,,,,,,,,Ineficiente,basico,1,1,0,1,0,1,0
4469,1039.4,False,36,Oficina,9.8,10.0,181.8,7.0,0.0,1073.5,29.0,103.94,5.7173,-0.0318,0.1944,Eficiente,avanzado,0,0,0,0,0,0,1
4470,326.1,True,10,Casa,4.7,,,,,,,,,,,Eficiente,basico,1,0,0,0,0,0,0
4471,687.0,False,21,Oficina,6.5,7.0,186.8,3.0,2.3,770.4,29.0,98.1429,3.6777,-0.1083,0.1429,Eficiente,avanzado,0,1,0,0,0,0,1
4472,375.8,True,5,Casa,2.6,,,,,,,,,,,Moderado,basico,1,1,0,0,0,0,0
4473,518.5,True,14,Apartamento,8.8,4.0,109.8,3.0,0.0,419.8,31.0,129.625,4.7222,0.2351,0.2143,Moderado,avanzado,1,0,0,1,1,0,0
4474,461.7,False,11,Casa,4.7,4.0,,2.0,5.1,,,115.425,,,0.1818,Eficiente,parcial,0,0,0,0,0,0,1
4475,382.0,True,9,Apartamento,8.2,1.0,,1.0,0.0,,,382.0,,,0.1111,Ineficiente,parcial,1,0,1,1,1,0,0
4476,421.8,True,15,Apartamento,4.1,3.0,83.6,2.0,2.4,436.8,30.0,140.6,5.0455,-0.0343,0.1333,Moderado,avanzado,1,0,1,0,0,0,0
4477,311.0,True,7,Apartamento,3.8,,,2.0,,,,,,,0.2857,Moderado,parcial,1,0,0,0,1,0,0
4478,277.0,False,10,Casa,4.2,,,,,,,,,,,Eficiente,basico,0,0,0,0,1,0,0
4479,831.7,False,21,Comercio,5.3,,,7.0,1.6,728.1,28.0,,,0.1423,0.3333,Moderado,parcial,0,1,1,0,0,0,0
4480,562.5,False,8,Oficina,7.2,4.0,138.4,2.0,8.4,553.6,30.0,140.625,4.0643,0.0161,0.25,Moderado,avanzado,0,0,1,1,0,0,0
4481,346.2,False,10,Apartamento,4.7,4.0,73.3,1.0,5.4,401.2,29.0,86.55,4.7231,-0.1371,0.1,Eficiente,avanzado,0,0,0,0,0,0,1
4482,259.1,False,5,Apartamento,3.4,1.0,82.5,1.0,3.4,225.4,29.0,259.1,3.1406,0.1495,0.2,Moderado,avanzado,0,0,0,1,0,1,0
4483,695.2,True,19,Comercio,9.9,5.0,94.7,2.0,5.0,628.0,29.0,139.04,7.3411,0.107,0.1053,Ineficiente,avanzado,0,1,0,0,0,1,0
4484,193.2,False,6,Casa,1.8,,,,,,,,,,,Eficiente,basico,0,0,1,1,0,0,0
4485,782.2,True,19,Comercio,8.5,6.0,102.2,6.0,6.3,678.4,31.0,130.3667,7.6536,0.153,0.3158,Ineficiente,avanzado,1,1,1,0,0,1,0
4486,350.2,True,9,Casa,3.9,5.0,98.0,0.0,2.3,393.3,29.0,70.04,3.5735,-0.1096,0.0,Eficiente,avanzado,0,0,0,0,0,0,1
4487,825.9,False,22,Comercio,6.3,7.0,214.9,4.0,1.6,632.1,30.0,117.9857,3.8432,0.3066,0.1818,Moderado,avanzado,0,1,0,1,1,0,0
4488,743.5,True,17,Casa,6.3,8.0,136.1,2.0,10.1,713.4,30.0,92.9375,5.4629,0.0422,0.1176,Moderado,avanzado,0,1,1,0,0,0,0
4489,668.7,True,18,Casa,9.7,9.0,103.8,6.0,5.1,565.1,28.0,74.3,6.4422,0.1833,0.3333,Ineficiente,avanzado,1,1,1,0,0,1,0
4490,607.0,False,21,Apartamento,6.8,5.0,74.4,4.0,5.1,486.9,31.0,121.4,8.1586,0.2467,0.1905,Moderado,avanzado,0,1,1,0,1,0,0
4491,416.2,True,12,Apartamento,5.1,,,,,,,,,,,Eficiente,basico,1,1,0,0,0,0,0
4492,666.3,False,14,Comercio,5.9,,,,,,,,,,,Ineficiente,basico,0,1,0,0,1,0,0
4493,883.1,True,18,Oficina,10.1,,,,,,,,,,,Ineficiente,basico,1,1,0,0,1,1,0
4494,332.9,False,10,Casa,5.1,3.0,89.2,0.0,7.6,259.5,28.0,110.9667,3.7321,0.2829,0.0,Eficiente,avanzado,0,0,0,1,0,0,1
4495,295.4,True,7,Casa,5.3,,,,,,,,,,,Ineficiente,basico,1,1,0,1,1,0,0
4496,778.2,True,16,Casa,9.7,6.0,97.2,6.0,10.8,661.8,28.0,129.7,8.0062,0.1759,0.375,Ineficiente,avanzado,1,1,0,1,1,1,0
4497,579.2,True,17,Apartamento,8.6,5.0,,6.0,,449.4,28.0,115.84,,0.2888,0.3529,Ineficiente,parcial,0,0,0,1,1,0,0
4498,484.5,True,11,Apartamento,11.0,,,,,,,,,,,Ineficiente,basico,1,0,1,0,1,1,0
4499,754.6,False,17,Comercio,9.1,5.0,,,,,,150.92,,,,Moderado,parcial,0,1,0,0,0,0,0
4500,1033.2,True,28,Comercio,9.0,,,,,,,,,,,Moderado,basico,1,0,0,0,0,0,0
4501,458.6,True,12,Casa,7.7,,,,,,,,,,,Moderado,basico,1,0,0,0,0,1,0
4502,380.3,False,8,Apartamento,5.3,3.0,64.4,1.0,7.2,254.7,31.0,126.7667,5.9053,0.4931,0.125,Moderado,avanzado,0,0,1,0,1,1,0
4503,357.5,True,13,Apartamento,5.1,4.0,83.0,0.0,1.0,387.3,31.0,89.375,4.3072,-0.0769,0.0,Eficiente,avanzado,1,0,0,0,0,0,0
4504,343.5,False,8,Apartamento,5.9,,,,,,,,,,,Ineficiente,basico,0,0,1,1,0,1,0
4505,301.3,True,10,Casa,5.4,3.0,109.4,0.0,0.0,310.1,28.0,100.4333,2.7541,-0.0284,0.0,Eficiente,avanzado,1,0,0,0,0,0,1
4506,648.3,True,12,Casa,7.5,7.0,190.6,,7.8,509.5,31.0,92.6143,3.4014,0.2724,,Moderado,parcial,1,0,1,0,1,1,0
4507,335.5,False,6,Casa,3.4,2.0,219.3,0.0,8.1,307.4,30.0,167.75,1.5299,0.0914,0.0,Eficiente,avanzado,0,0,0,1,1,0,0
4508,440.3,True,8,Casa,4.1,4.0,73.3,,,,,110.075,6.0068,,,Moderado,parcial,1,0,0,0,0,0,0
4509,858.5,False,22,Comercio,9.3,7.0,254.3,4.0,6.7,1155.7,30.0,122.6429,3.3759,-0.2572,0.1818,Eficiente,avanzado,0,0,1,0,0,0,1
4510,696.0,True,15,Casa,9.5,8.0,110.2,,12.1,,,87.0,6.3158,,,Moderado,parcial,0,0,1,0,0,1,0
4511,472.0,True,10,Apartamento,5.4,5.0,71.7,4.0,0.0,621.0,31.0,94.4,6.583,-0.2399,0.4,Moderado,avanzado,1,1,0,0,0,0,0
4512,305.8,True,8,Apartamento,4.7,,,,,,,,,,,Moderado,basico,1,0,0,0,0,0,0
4513,615.7,False,20,Comercio,5.1,,261.0,3.0,,,,,2.359,,0.15,Eficiente,parcial,0,1,0,0,0,0,1
4514,468.8,True,13,Casa,3.5,8.0,146.8,1.0,0.0,431.5,28.0,58.6,3.1935,0.0864,0.0769,Eficiente,avanzado,1,0,0,0,0,0,1
4515,413.7,False,7,Casa,7.0,5.0,152.3,2.0,8.0,365.6,31.0,82.74,2.7163,0.1316,0.2857,Eficiente,avanzado,0,0,0,1,1,0,0
4516,474.6,False,14,Casa,5.4,5.0,170.8,2.0,3.9,607.0,30.0,94.92,2.7787,-0.2181,0.1429,Eficiente,avanzado,0,0,0,1,1,1,0
4517,238.0,True,6,Apartamento,0.8,,,,,,,,,,,Moderado,basico,1,1,0,1,0,0,0
4518,555.8,True,12,Casa,7.1,,,,,,,,,,,Moderado,basico,0,1,0,0,0,0,0
4519,775.3,False,25,Comercio,8.8,4.0,228.1,5.0,4.2,628.7,30.0,193.825,3.3989,0.2332,0.2,Moderado,avanzado,0,0,1,1,0,0,0
4520,476.1,True,12,Casa,7.3,4.0,109.9,1.0,5.9,412.6,30.0,119.025,4.3321,0.1539,0.0833,Moderado,avanzado,1,0,1,0,1,1,0
4521,746.7,True,17,Casa,11.2,,,4.0,,,,,,,0.2353,Ineficiente,parcial,1,1,1,0,1,1,0
4522,356.7,False,12,Casa,4.3,3.0,211.6,0.0,5.9,347.6,30.0,118.9,1.6857,0.0262,0.0,Eficiente,avanzado,1,0,1,0,0,0,0
4523,1307.5,True,35,Comercio,14.9,13.0,100.7,10.0,10.4,1399.1,28.0,100.5769,12.9841,-0.0655,0.2857,Ineficiente,avanzado,1,1,1,0,1,1,0
4524,579.7,False,14,Comercio,3.5,5.0,131.9,2.0,6.2,441.8,28.0,115.94,4.395,0.3121,0.1429,Moderado,avanzado,0,0,1,0,0,0,0
4525,309.3,True,5,Apartamento,3.8,1.0,,,,,28.0,309.3,,,,Ineficiente,parcial,0,0,1,0,0,0,0
4526,414.1,False,7,Apartamento,6.7,2.0,65.9,1.0,10.7,499.1,31.0,207.05,6.2838,-0.1703,0.1429,Moderado,avanzado,0,0,1,1,0,1,0
4527,654.8,True,20,Apartamento,8.9,6.0,60.6,4.0,6.4,609.8,29.0,109.1333,10.8053,0.0738,0.2,Ineficiente,avanzado,0,1,1,0,0,1,0
4528,257.4,True,6,Apartamento,3.4,1.0,89.1,1.0,0.0,240.0,29.0,257.4,2.8889,0.0725,0.1667,Moderado,avanzado,1,1,0,1,0,0,0
4529,451.5,False,9,Casa,4.3,,,,,,,,,,,Eficiente,basico,0,0,0,0,1,1,0
4530,424.0,False,12,Apartamento,3.7,1.0,92.9,2.0,5.7,604.0,28.0,424.0,4.564,-0.298,0.1667,Ineficiente,avanzado,0,0,0,0,1,1,0
4531,502.1,False,8,Comercio,3.3,3.0,,2.0,,455.0,,167.3667,,0.1035,0.25,Moderado,parcial,0,0,1,0,0,0,0
4532,375.7,False,13,Casa,6.4,3.0,117.5,2.0,3.9,352.6,29.0,125.2333,3.1974,0.0655,0.1538,Eficiente,avanzado,0,1,0,0,0,0,1
4533,330.2,True,12,Apartamento,2.5,3.0,68.0,2.0,0.0,315.5,31.0,110.0667,4.8559,0.0466,0.1667,Eficiente,avanzado,0,1,0,0,0,0,1
4534,399.0,True,9,Apartamento,4.9,4.0,104.9,1.0,5.6,480.4,31.0,99.75,3.8036,-0.1694,0.1111,Eficiente,avanzado,1,0,1,0,0,0,0
4535,241.6,False,6,Apartamento,3.9,2.0,65.5,1.0,5.0,252.0,30.0,120.8,3.6885,-0.0413,0.1667,Eficiente,avanzado,0,0,0,0,1,0,1
4536,376.2,False,13,Casa,4.5,,,,,,,,,,,Eficiente,basico,0,0,1,0,0,0,1
4537,341.2,True,8,Apartamento,4.3,2.0,100.3,2.0,4.6,236.5,28.0,170.6,3.4018,0.4427,0.25,Ineficiente,avanzado,1,1,1,1,1,0,0
4538,907.1,True,21,Comercio,10.6,6.0,,6.0,5.7,784.7,31.0,151.1833,,0.156,0.2857,Ineficiente,parcial,1,1,0,1,0,0,0
4539,356.4,False,14,Casa,4.0,5.0,113.8,1.0,0.0,424.3,28.0,71.28,3.1318,-0.16,0.0714,Eficiente,avanzado,0,0,0,0,0,0,1
4540,429.8,True,11,Casa,7.8,,,,,,,,,,,Moderado,basico,1,0,0,1,1,1,0
4541,654.5,True,15,Casa,9.0,,,2.0,,,,,,,0.1333,Moderado,parcial,0,0,1,0,0,0,0
4542,528.4,True,14,Casa,6.0,7.0,,,,509.7,,75.4857,,0.0367,,Eficiente,parcial,1,0,1,0,0,0,0
4543,950.4,True,23,Oficina,12.3,9.0,156.4,4.0,11.0,,,105.6,6.0767,,0.1739,Ineficiente,parcial,1,0,1,1,0,0,0
4544,106.4,False,5,Apartamento,2.1,1.0,50.0,0.0,0.0,112.5,30.0,106.4,2.128,-0.0542,0.0,Eficiente,avanzado,1,0,0,0,0,0,1
4545,666.7,False,17,Casa,8.3,5.0,145.1,5.0,7.4,630.6,28.0,133.34,4.5948,0.0572,0.2941,Moderado,avanzado,0,0,1,0,0,0,0
4546,385.4,True,8,Casa,5.8,,,,,,,,,,,Ineficiente,basico,1,0,1,1,1,0,0
4547,618.7,False,15,Oficina,4.5,,101.2,,0.0,592.5,,,6.1136,0.0442,,Moderado,parcial,0,1,0,0,0,0,0
4548,541.2,True,14,Casa,3.8,4.0,109.7,2.0,2.6,529.0,28.0,135.3,4.9335,0.0231,0.1429,Moderado,avanzado,1,0,0,1,0,0,0
4549,306.5,True,3,Apartamento,3.6,,,,,,,,,,,Moderado,basico,0,1,0,0,0,0,0
4550,457.3,True,9,Casa,5.4,,187.2,2.0,2.3,,29.0,,2.4428,,0.2222,Moderado,parcial,0,0,0,0,0,0,1
4551,340.9,True,13,Casa,4.2,,,,,,,,,,,Eficiente,basico,0,0,1,0,0,0,1
4552,296.6,False,7,Apartamento,4.6,1.0,55.6,3.0,3.0,260.0,28.0,296.6,5.3345,0.1408,0.4286,Ineficiente,avanzado,0,0,1,1,0,0,0
4553,506.7,False,13,Casa,4.8,4.0,164.2,4.0,1.0,567.9,28.0,126.675,3.0859,-0.1078,0.3077,Eficiente,avanzado,0,0,1,0,0,1,0
4554,247.8,True,3,Apartamento,3.5,,,,,213.9,,,,0.1585,,Moderado,parcial,1,0,0,1,1,0,0
4555,378.5,False,5,Casa,6.8,,,,,431.4,,,,-0.1226,,Ineficiente,parcial,0,0,1,1,0,0,0
4556,525.3,True,10,Comercio,8.7,2.0,138.8,3.0,3.4,438.8,28.0,262.65,3.7846,0.1971,0.3,Ineficiente,avanzado,0,1,0,1,0,0,0
4557,734.2,False,23,Comercio,4.1,7.0,200.8,,0.0,,31.0,104.8857,3.6564,,,Eficiente,parcial,0,0,0,0,0,0,1
4558,260.7,True,7,Apartamento,2.6,1.0,45.0,1.0,1.5,,30.0,260.7,5.7933,,0.1429,Ineficiente,parcial,0,0,0,0,0,0,1
4559,455.8,False,7,Casa,3.9,,,,,,,,,,,Eficiente,basico,1,1,0,0,1,0,0
4560,323.8,True,9,Apartamento,4.7,,,,,,,,,,,Ineficiente,basico,0,1,1,1,0,0,0
4561,1408.4,True,30,Oficina,11.7,14.0,189.4,14.0,5.5,1488.8,29.0,100.6,7.4361,-0.054,0.4667,Ineficiente,avanzado,1,1,0,0,0,0,0
4562,670.5,True,22,Casa,10.3,,,4.0,8.2,620.0,30.0,,,0.0815,0.1818,Moderado,parcial,1,1,0,0,0,0,0
4563,495.3,False,16,Casa,4.5,,,,,,,,,,,Eficiente,basico,0,1,1,0,1,0,0
4564,409.7,False,11,Comercio,4.6,,,,,,,,,,,Eficiente,basico,0,0,1,0,0,1,0
4565,259.0,False,7,Casa,5.1,,,,4.7,278.0,28.0,,,-0.0683,,Moderado,parcial,0,0,1,1,0,1,0
4566,422.2,True,8,Apartamento,8.9,3.0,110.8,1.0,11.9,409.8,28.0,140.7333,3.8105,0.0303,0.125,Moderado,avanzado,1,0,1,0,0,0,0
4567,1053.2,False,23,Comercio,8.1,10.0,185.7,,0.0,733.6,29.0,105.32,5.6715,0.4357,,Ineficiente,parcial,0,1,0,1,1,0,0
4568,554.5,False,10,Casa,6.5,3.0,166.8,5.0,7.3,672.3,31.0,184.8333,3.3243,-0.1752,0.5,Ineficiente,avanzado,0,1,1,1,0,0,0
4569,742.6,True,15,Apartamento,10.7,,,,,,,,,,,Ineficiente,basico,1,0,1,0,0,1,0
4570,404.7,True,13,Apartamento,1.8,4.0,83.8,1.0,0.6,557.3,31.0,101.175,4.8294,-0.2738,0.0769,Eficiente,avanzado,1,1,0,0,1,0,0
4571,614.7,True,10,Casa,6.7,4.0,80.0,5.0,11.0,563.3,30.0,153.675,7.6838,0.0912,0.5,Ineficiente,avanzado,1,1,1,1,0,1,0
4572,1196.3,False,26,Comercio,12.2,,,,,,,,,,,Ineficiente,basico,1,1,1,1,0,1,0
4573,465.4,False,10,Casa,7.6,,95.5,2.0,,,,,4.8733,,0.2,Moderado,parcial,0,0,1,0,0,1,0
4574,340.7,True,8,Casa,0.0,5.0,345.3,0.0,0.0,,31.0,68.14,0.9867,,0.0,Eficiente,parcial,0,0,0,0,0,0,1
4575,697.0,True,16,Comercio,4.8,7.0,202.5,3.0,1.2,512.7,28.0,99.5714,3.442,0.3595,0.1875,Moderado,avanzado,0,0,0,0,0,0,1
4576,545.9,True,16,Casa,6.2,6.0,190.9,3.0,1.5,504.1,31.0,90.9833,2.8596,0.0829,0.1875,Eficiente,avanzado,1,0,1,0,0,0,0
4577,518.6,True,13,Comercio,6.1,5.0,,3.0,0.0,,,103.72,,,0.2308,Moderado,parcial,1,0,1,0,0,0,0
4578,447.0,True,13,Casa,9.5,,,,,,,,,,,Moderado,basico,1,0,1,0,1,0,0
4579,563.8,True,11,Apartamento,8.6,,,2.0,7.8,,,,,,0.1818,Moderado,parcial,1,0,0,0,0,0,0
4580,465.7,False,6,Casa,6.8,2.0,89.9,3.0,12.1,403.8,29.0,232.85,5.1802,0.1533,0.5,Ineficiente,avanzado,0,0,1,1,0,0,0
4581,253.8,False,8,Apartamento,2.0,,,,,,,,,,,Eficiente,basico,0,0,0,0,0,0,1
4582,511.0,True,12,Comercio,5.4,3.0,,,1.6,,,170.3333,,,,Eficiente,parcial,1,0,0,0,0,0,0
4583,872.3,False,27,Comercio,11.0,8.0,151.5,4.0,,1044.5,31.0,109.0375,5.7578,-0.1649,0.1481,Moderado,parcial,0,0,1,0,0,0,0
4584,1067.9,False,33,Oficina,9.8,11.0,109.1,7.0,10.2,994.1,28.0,97.0818,9.7883,0.0742,0.2121,Ineficiente,avanzado,0,1,0,0,0,1,0
4585,544.3,False,19,Apartamento,4.8,8.0,62.9,2.0,1.5,610.9,31.0,68.0375,8.6534,-0.109,0.1053,Eficiente,avanzado,0,0,0,0,0,0,1
4586,826.0,False,18,Comercio,7.7,,,,,,,,,,,Ineficiente,basico,0,1,1,1,0,1,0
4587,270.6,False,10,Apartamento,2.5,,,,,,,,,,,Eficiente,basico,0,0,0,0,0,1,1
4588,926.1,False,24,Oficina,10.7,8.0,63.6,9.0,3.4,898.8,30.0,115.7625,14.5613,0.0304,0.375,Ineficiente,avanzado,0,1,0,1,0,1,0
4589,280.0,False,11,Apartamento,4.6,4.0,79.1,0.0,0.0,263.3,29.0,70.0,3.5398,0.0634,0.0,Eficiente,avanzado,0,0,0,0,0,0,1
4590,541.6,True,10,Oficina,4.0,,177.2,3.0,,654.1,28.0,,3.0564,-0.172,0.3,Moderado,parcial,1,1,0,0,1,0,0
4591,609.1,True,14,Casa,5.6,,,3.0,,476.0,29.0,,,0.2796,0.2143,Moderado,parcial,1,1,1,0,0,0,0
4592,170.3,True,3,Apartamento,3.0,2.0,77.0,0.0,0.0,142.6,31.0,85.15,2.2117,0.1942,0.0,Eficiente,avanzado,0,0,0,0,0,0,1
4593,301.6,True,8,Apartamento,5.3,2.0,47.3,2.0,0.0,341.8,31.0,150.8,6.3763,-0.1176,0.25,Moderado,avanzado,1,0,0,1,0,1,0
4594,555.0,True,10,Casa,9.3,,,,,,,,,,,Moderado,basico,1,1,1,0,0,1,0
4595,508.2,False,12,Casa,4.5,6.0,164.5,0.0,5.6,359.1,29.0,84.7,3.0894,0.4152,0.0,Eficiente,avanzado,1,0,0,0,0,0,1
4596,944.8,True,21,Oficina,7.8,11.0,194.4,6.0,0.0,872.6,28.0,85.8909,4.8601,0.0827,0.2857,Moderado,avanzado,1,1,0,0,1,0,0
4597,324.5,True,3,Apartamento,4.2,,,,,,,,,,,Moderado,basico,1,1,1,0,0,0,0
4598,392.1,True,12,Casa,6.3,3.0,159.1,2.0,2.9,473.4,31.0,130.7,2.4645,-0.1717,0.1667,Eficiente,avanzado,1,1,0,0,0,1,0
4599,557.3,True,10,Casa,7.0,,,3.0,,,,,,,0.3,Ineficiente,parcial,0,1,1,1,0,1,0
4600,237.3,False,4,Casa,4.9,1.0,165.9,0.0,7.6,225.5,29.0,237.3,1.4304,0.0523,0.0,Eficiente,avanzado,0,0,1,0,0,0,1
4601,536.6,True,15,Apartamento,8.2,,,,,,,,,,,Ineficiente,basico,1,0,1,0,0,1,0
4602,1120.3,True,26,Oficina,11.2,,,,,,,,,,,Ineficiente,basico,1,1,1,0,0,1,0
4603,1116.5,True,27,Oficina,10.0,10.0,245.5,7.0,7.7,1039.9,30.0,111.65,4.5479,0.0737,0.2593,Moderado,avanzado,1,1,1,0,1,0,0
4604,266.7,False,6,Apartamento,4.5,2.0,76.9,2.0,3.6,207.7,28.0,133.35,3.4681,0.2841,0.3333,Moderado,avanzado,0,1,1,0,0,0,0
4605,426.2,False,19,Apartamento,4.2,6.0,,,,404.1,30.0,71.0333,,0.0547,,Eficiente,parcial,0,0,1,0,0,0,0
4606,496.2,True,10,Casa,6.6,,,,,,,,,,,Ineficiente,basico,1,1,0,0,1,1,0
4607,840.5,False,20,Comercio,6.0,,260.8,7.0,5.2,832.9,,,3.2228,0.0091,0.35,Moderado,parcial,0,0,1,0,0,0,0
4608,468.3,True,11,Casa,6.1,,,,,,,,,,,Moderado,basico,1,0,0,0,1,1,0
4609,315.4,True,7,Casa,5.9,2.0,69.2,1.0,2.1,276.7,28.0,157.7,4.5578,0.1399,0.1429,Moderado,avanzado,1,0,0,0,1,0,0
4610,1525.4,True,42,Oficina,16.2,17.0,129.8,10.0,11.6,1578.5,31.0,89.7294,11.7519,-0.0336,0.2381,Ineficiente,avanzado,1,0,1,1,0,1,0
4611,1011.1,True,26,Comercio,12.2,8.0,181.5,5.0,8.3,1086.7,30.0,126.3875,5.5708,-0.0696,0.1923,Ineficiente,avanzado,1,1,1,0,0,0,0
4612,543.9,True,12,Casa,7.2,,,,,,,,,,,Ineficiente,basico,1,1,0,0,0,1,0
4613,496.4,True,8,Apartamento,5.6,2.0,89.7,6.0,1.9,429.9,30.0,248.2,5.534,0.1547,0.75,Ineficiente,avanzado,1,1,1,1,0,1,0
4614,211.5,False,4,Apartamento,0.5,,,,,,,,,,,Eficiente,basico,0,0,0,1,1,0,0
4615,480.2,False,10,Casa,7.4,,,,10.9,,30.0,,,,,Eficiente,parcial,0,0,1,0,0,0,0
4616,470.1,True,13,Casa,5.0,,69.2,1.0,3.7,408.2,,,6.7934,0.1516,0.0769,Moderado,parcial,1,0,1,0,1,1,0
4617,386.7,True,14,Casa,5.6,4.0,91.5,1.0,2.1,524.4,29.0,96.675,4.2262,-0.2626,0.0714,Eficiente,avanzado,1,1,1,0,0,0,0
4618,303.7,True,8,Apartamento,3.8,2.0,75.0,2.0,0.0,278.1,29.0,151.85,4.0493,0.0921,0.25,Moderado,avanzado,1,1,1,0,1,0,0
4619,454.1,True,12,Apartamento,8.0,3.0,72.0,4.0,0.0,389.4,31.0,151.3667,6.3069,0.1662,0.3333,Ineficiente,avanzado,1,0,0,0,1,1,0
4620,350.7,True,7,Apartamento,2.6,2.0,72.5,1.0,10.6,317.4,31.0,175.35,4.8372,0.1049,0.1429,Moderado,avanzado,0,0,1,0,0,1,0
4621,483.3,True,13,Casa,8.3,,123.9,4.0,,410.7,30.0,,3.9007,0.1768,0.3077,Ineficiente,parcial,1,0,0,0,0,1,0
4622,1004.5,True,23,Oficina,9.0,11.0,58.4,,0.0,1123.5,29.0,91.3182,17.2003,-0.1059,,Ineficiente,parcial,1,0,0,1,0,1,0
4623,328.7,True,9,Apartamento,8.5,,97.3,,,,,,3.3782,,,Ineficiente,parcial,1,1,0,1,0,1,0
4624,1168.6,False,26,Oficina,13.3,,175.1,,12.3,,29.0,,6.6739,,,Ineficiente,parcial,0,1,1,0,0,0,0
4625,291.6,False,10,Casa,2.3,2.0,156.9,0.0,3.3,374.0,30.0,145.8,1.8585,-0.2203,0.0,Eficiente,avanzado,0,0,0,0,0,0,1
4626,373.6,True,4,Apartamento,7.2,2.0,88.3,1.0,3.9,316.0,31.0,186.8,4.231,0.1823,0.25,Ineficiente,avanzado,1,0,0,1,0,0,0
4627,437.3,False,8,Comercio,3.8,,,,,,,,,,,Moderado,basico,0,0,0,0,0,0,1
4628,375.6,True,7,Casa,6.3,3.0,109.5,2.0,3.5,,28.0,125.2,3.4301,,0.2857,Moderado,parcial,0,0,0,0,1,1,0
4629,629.2,True,12,Casa,9.1,4.0,92.3,5.0,8.0,506.1,30.0,157.3,6.8169,0.2432,0.4167,Ineficiente,avanzado,1,1,1,0,1,0,0
4630,480.5,True,12,Casa,10.2,,,,,,,,,,,Eficiente,basico,1,0,1,0,0,0,0
4631,352.0,True,11,Casa,3.6,,,,,,,,,,,Eficiente,basico,1,1,0,0,0,0,0
4632,94.5,False,3,Apartamento,0.0,1.0,38.1,0.0,0.0,152.4,31.0,94.5,2.4803,-0.3799,0.0,Eficiente,avanzado,0,0,0,1,0,0,1
4633,450.9,True,12,Casa,4.5,4.0,133.8,1.0,6.8,559.3,29.0,112.725,3.37,-0.1938,0.0833,Eficiente,avanzado,0,1,1,0,0,0,0
4634,333.3,False,9,Casa,3.9,,,,,,,,,,,Eficiente,basico,0,0,0,0,1,1,0
4635,419.8,True,8,Apartamento,5.4,2.0,,2.0,11.1,,28.0,209.9,,,0.25,Ineficiente,parcial,1,1,1,1,0,1,0
4636,284.8,False,5,Casa,1.7,1.0,141.0,2.0,5.7,269.1,28.0,284.8,2.0199,0.0583,0.4,Ineficiente,avanzado,0,1,0,1,0,1,0
4637,373.7,True,7,Casa,4.5,3.0,112.2,1.0,4.2,347.6,30.0,124.5667,3.3307,0.0751,0.1429,Eficiente,avanzado,1,0,1,0,0,1,0
4638,257.6,False,3,Apartamento,5.5,1.0,55.5,1.0,8.3,309.8,30.0,257.6,4.6414,-0.1685,0.3333,Ineficiente,avanzado,0,0,1,0,1,1,0
4639,546.9,True,15,Casa,2.4,6.0,158.6,3.0,4.8,580.0,29.0,91.15,3.4483,-0.0571,0.2,Eficiente,avanzado,1,1,1,1,0,0,0
4640,423.3,True,9,Casa,5.9,,,,,,,,,,,Eficiente,basico,0,0,0,0,0,0,1
4641,390.0,True,7,Casa,5.3,5.0,53.4,1.0,3.7,417.1,29.0,78.0,7.3034,-0.065,0.1429,Moderado,avanzado,0,0,1,0,0,0,0
4642,586.4,True,11,Casa,7.9,4.0,185.6,3.0,4.3,723.6,29.0,146.6,3.1595,-0.1896,0.2727,Moderado,avanzado,0,1,1,1,0,0,0
4643,301.6,False,6,Apartamento,3.0,3.0,55.4,1.0,9.9,253.3,28.0,100.5333,5.444,0.1907,0.1667,Moderado,avanzado,0,1,1,0,0,1,0
4644,620.7,True,9,Casa,9.0,,,,,,,,,,,Ineficiente,basico,1,1,1,0,0,1,0
4645,386.2,False,6,Casa,4.3,,,,,306.5,,,,0.26,,Moderado,parcial,0,0,1,1,1,0,0
4646,609.6,False,15,Oficina,6.8,3.0,195.9,,,693.2,,203.2,3.1118,-0.1206,,Moderado,parcial,0,0,0,0,0,0,1
4647,812.7,True,19,Oficina,7.4,10.0,124.8,4.0,,797.1,30.0,81.27,6.512,0.0196,0.2105,Moderado,parcial,1,0,1,0,0,1,0
4648,479.4,True,12,Casa,8.6,4.0,82.4,2.0,6.0,446.8,28.0,119.85,5.818,0.073,0.1667,Moderado,avanzado,1,0,0,1,0,1,0
4649,486.4,True,15,Casa,9.7,5.0,96.8,1.0,0.0,499.2,30.0,97.28,5.0248,-0.0256,0.0667,Eficiente,avanzado,1,1,0,0,0,0,0
4650,278.5,False,9,Apartamento,3.7,2.0,67.5,1.0,5.1,354.2,30.0,139.25,4.1259,-0.2137,0.1111,Eficiente,avanzado,1,1,1,0,0,0,0
4651,1302.0,False,22,Comercio,13.3,10.0,,13.0,,1170.1,,130.2,,0.1127,0.5909,Ineficiente,parcial,0,1,1,0,0,0,0
4652,926.1,False,21,Comercio,10.1,5.0,245.3,7.0,7.4,799.3,30.0,185.22,3.7754,0.1586,0.3333,Ineficiente,avanzado,0,1,1,1,0,0,0
4653,329.7,True,6,Casa,7.3,,,,,,,,,,,Ineficiente,basico,1,1,0,1,0,0,0
4654,279.1,True,9,Casa,6.2,3.0,162.3,1.0,0.0,227.6,28.0,93.0333,1.7197,0.2263,0.1111,Eficiente,avanzado,1,0,0,0,0,0,1
4655,458.8,False,14,Casa,5.5,4.0,126.2,1.0,2.9,505.0,28.0,114.7,3.6355,-0.0915,0.0714,Eficiente,avanzado,0,0,1,0,0,0,0
4656,507.4,True,10,Comercio,8.0,,,,,,,,,,,Ineficiente,basico,1,0,1,1,1,1,0
4657,802.2,True,20,Oficina,9.5,,,,,,,,,,,Ineficiente,basico,1,0,1,0,0,0,0
4658,430.3,True,10,Casa,7.8,1.0,148.6,1.0,6.2,418.5,30.0,430.3,2.8957,0.0282,0.1,Ineficiente,avanzado,1,0,1,1,0,0,0
4659,351.9,True,6,Apartamento,6.4,3.0,99.6,1.0,2.7,307.0,28.0,117.3,3.5331,0.1463,0.1667,Moderado,avanzado,1,0,0,0,0,0,0
4660,366.9,False,10,Casa,2.9,1.0,113.6,1.0,2.3,273.4,30.0,366.9,3.2298,0.342,0.1,Ineficiente,avanzado,1,0,0,1,1,0,0
4661,401.0,True,12,Apartamento,9.8,5.0,,1.0,0.0,398.8,,80.2,,0.0055,0.0833,Eficiente,parcial,1,0,0,0,0,0,1
4662,1190.8,True,36,Oficina,12.3,13.0,126.5,8.0,0.0,941.4,30.0,91.6,9.4134,0.2649,0.2222,Ineficiente,avanzado,1,1,1,1,1,0,0
4663,440.9,True,13,Apartamento,7.1,5.0,80.0,2.0,2.5,407.3,30.0,88.18,5.5112,0.0825,0.1538,Moderado,avanzado,1,1,0,0,0,0,0
4664,436.2,False,12,Casa,6.6,,,,,,,,,,,Eficiente,basico,0,0,1,1,0,0,0
4665,359.2,True,13,Apartamento,5.8,3.0,107.7,0.0,0.0,327.6,31.0,119.7333,3.3352,0.0965,0.0,Eficiente,avanzado,1,0,0,1,0,0,0
4666,314.8,True,7,Casa,6.2,,155.7,,,,,,2.0218,,,Ineficiente,parcial,0,0,0,0,0,1,0
4667,942.1,False,24,Comercio,6.2,10.0,161.4,5.0,0.0,734.7,31.0,94.21,5.8371,0.2823,0.2083,Moderado,avanzado,0,0,0,0,1,0,0
4668,432.3,True,11,Casa,5.0,,,,,,,,,,,Eficiente,basico,1,0,0,0,0,0,1
4669,526.5,False,17,Comercio,4.9,5.0,91.3,2.0,0.0,562.1,28.0,105.3,5.7667,-0.0633,0.1176,Eficiente,avanzado,0,0,0,1,0,0,1
4670,344.1,False,13,Casa,8.6,1.0,41.2,1.0,14.3,389.4,28.0,344.1,8.3519,-0.1163,0.0769,Ineficiente,avanzado,0,0,1,0,0,1,0
4671,524.9,True,14,Casa,6.7,,,,,,,,,,,Moderado,basico,1,0,0,0,0,0,0
4672,518.8,False,9,Casa,5.7,3.0,126.9,3.0,6.3,505.7,30.0,172.9333,4.0883,0.0259,0.3333,Moderado,avanzado,0,0,1,0,0,1,0
4673,725.6,False,21,Casa,7.6,9.0,157.3,3.0,5.5,662.8,29.0,80.6222,4.6128,0.0947,0.1429,Eficiente,avanzado,0,0,0,0,1,0,1
4674,280.3,True,4,Casa,6.2,1.0,128.1,0.0,2.3,246.0,28.0,280.3,2.1881,0.1394,0.0,Moderado,avanzado,1,0,0,0,0,0,0
4675,359.1,False,15,Apartamento,0.4,,,,,,,,,,,Eficiente,basico,0,0,0,1,0,1,0
4676,410.6,True,11,Casa,6.6,,,,,,,,,,,Ineficiente,basico,1,0,1,0,0,1,0
4677,371.5,True,8,Casa,4.1,3.0,157.1,2.0,0.0,299.8,30.0,123.8333,2.3647,0.2392,0.25,Moderado,avanzado,1,0,0,1,1,0,0
4678,329.2,False,4,Casa,0.3,,,,,,,,,,,Eficiente,basico,0,1,0,0,1,0,0
4679,379.7,True,7,Casa,2.8,4.0,169.2,2.0,0.0,328.4,30.0,94.925,2.2441,0.1562,0.2857,Eficiente,avanzado,1,0,0,0,0,0,1
4680,790.0,True,19,Comercio,6.4,8.0,166.7,4.0,4.0,743.9,31.0,98.75,4.7391,0.062,0.2105,Moderado,avanzado,1,0,1,0,0,0,0
4681,743.5,False,20,Oficina,6.9,,,,,,,,,,,Moderado,basico,0,0,1,0,1,0,0
4682,391.1,False,9,Casa,3.2,4.0,111.9,,,,28.0,97.775,3.4951,,,Eficiente,parcial,0,0,0,0,0,0,1
4683,533.6,False,8,Comercio,3.8,,,,,,,,,,,Moderado,basico,1,1,0,0,0,0,0
4684,606.2,True,12,Apartamento,7.9,,,,,,,,,,,Ineficiente,basico,1,1,0,0,0,0,0
4685,797.9,False,22,Oficina,9.2,4.0,176.7,6.0,7.8,749.4,30.0,199.475,4.5156,0.0647,0.2727,Ineficiente,avanzado,0,1,1,1,0,0,0
4686,680.4,True,17,Casa,5.1,10.0,152.5,2.0,0.0,684.5,28.0,68.04,4.4616,-0.006,0.1176,Eficiente,avanzado,0,0,0,0,0,0,1
4687,544.7,False,15,Casa,5.2,6.0,155.1,3.0,0.0,519.3,30.0,90.7833,3.5119,0.0489,0.2,Eficiente,avanzado,0,0,0,0,0,1,1
4688,222.0,False,6,Apartamento,4.3,1.0,84.5,1.0,2.9,231.6,29.0,222.0,2.6272,-0.0415,0.1667,Eficiente,avanzado,0,1,0,1,0,0,0
4689,822.2,True,20,Comercio,9.2,9.0,153.1,3.0,0.0,929.3,30.0,91.3556,5.3703,-0.1152,0.15,Moderado,avanzado,0,0,0,0,0,1,0
4690,360.5,True,7,Apartamento,4.7,1.0,99.6,1.0,8.6,353.2,30.0,360.5,3.6195,0.0207,0.1429,Ineficiente,avanzado,1,1,1,1,0,0,0
4691,402.6,True,11,Apartamento,8.1,3.0,37.8,2.0,0.0,401.1,31.0,134.2,10.6508,0.0037,0.1818,Ineficiente,avanzado,1,0,0,0,0,1,0
4692,608.7,True,18,Casa,9.1,7.0,108.6,3.0,,,28.0,86.9571,5.605,,0.1667,Moderado,parcial,1,1,1,0,1,0,0
4693,430.2,False,11,Apartamento,4.5,,,,,,,,,,,Eficiente,basico,0,1,1,0,0,1,0
4694,701.5,True,16,Comercio,6.0,6.0,123.3,5.0,0.0,851.1,31.0,116.9167,5.6894,-0.1758,0.3125,Moderado,avanzado,0,1,0,0,0,1,0
4695,281.6,True,8,Casa,2.1,1.0,131.7,1.0,0.0,,30.0,281.6,2.1382,,0.125,Moderado,parcial,0,0,0,1,0,0,0
4696,681.7,True,17,Apartamento,5.4,7.0,111.3,6.0,0.0,655.4,29.0,97.3857,6.1249,0.0401,0.3529,Moderado,avanzado,0,1,0,0,0,0,0
4697,364.8,True,7,Casa,7.7,2.0,129.7,1.0,2.2,278.4,31.0,182.4,2.8126,0.3103,0.1429,Moderado,avanzado,1,0,0,0,1,0,0
4698,420.9,False,16,Apartamento,7.4,,,2.0,,,29.0,,,,0.125,Moderado,parcial,0,0,0,1,0,0,0
4699,393.3,True,7,Apartamento,6.3,,,,5.0,,,,,,,Moderado,parcial,1,1,1,0,0,0,0
4700,370.7,True,6,Comercio,2.3,,,,,,,,,,,Eficiente,basico,0,0,1,0,0,0,0
4701,1275.9,True,28,Oficina,12.2,13.0,,,,1637.6,28.0,98.1462,,-0.2209,,Ineficiente,parcial,1,1,1,0,0,0,0
4702,549.8,True,18,Apartamento,5.3,,,4.0,,,,,,,0.2222,Ineficiente,parcial,1,1,1,0,0,1,0
4703,565.5,False,18,Casa,5.5,7.0,129.7,2.0,6.8,544.8,,80.7857,4.3601,0.038,0.1111,Eficiente,parcial,0,0,1,0,0,0,1
4704,446.2,True,12,Casa,3.1,,,,,,,,,,,Moderado,basico,1,0,0,1,0,0,0
4705,539.9,True,14,Casa,7.3,4.0,116.9,3.0,,439.7,31.0,134.975,4.6185,0.2279,0.2143,Ineficiente,parcial,1,0,1,0,0,1,0
4706,470.7,True,11,Casa,5.1,6.0,81.2,0.0,5.8,526.8,31.0,78.45,5.7968,-0.1065,0.0,Eficiente,avanzado,0,0,1,0,0,1,0
4707,297.5,True,10,Casa,3.6,3.0,114.8,1.0,0.0,230.2,29.0,99.1667,2.5915,0.2924,0.1,Eficiente,avanzado,0,0,0,0,1,0,0
4708,776.1,True,13,Apartamento,8.5,,,9.0,,,,,,,0.6923,Ineficiente,parcial,1,1,0,1,0,1,0
4709,450.7,True,10,Casa,6.5,4.0,124.3,0.0,11.2,396.2,28.0,112.675,3.6259,0.1376,0.0,Moderado,avanzado,0,0,1,0,0,0,0
4710,495.1,True,5,Casa,7.3,3.0,113.3,2.0,10.0,423.4,29.0,165.0333,4.3698,0.1693,0.4,Ineficiente,avanzado,0,1,1,0,0,0,0
4711,1116.1,True,25,Comercio,13.7,,,,,,,,,,,Ineficiente,basico,1,0,1,0,1,0,0
4712,523.7,True,13,Casa,6.3,,,,,,,,,,,Ineficiente,basico,0,0,1,1,0,0,0
4713,417.7,True,10,Apartamento,8.7,2.0,36.2,2.0,12.2,365.3,29.0,208.85,11.5387,0.1434,0.2,Ineficiente,avanzado,1,0,1,1,0,1,0
4714,1159.2,False,34,Oficina,11.4,,,,,,28.0,,,,,Moderado,parcial,1,1,0,0,1,1,0
4715,213.2,True,8,Apartamento,4.6,,,,,,,,,,,Eficiente,basico,1,0,0,0,0,1,0
4716,509.2,True,12,Casa,8.4,5.0,,,10.3,436.9,28.0,101.84,,0.1655,,Eficiente,parcial,1,0,1,0,1,0,0
4717,367.1,False,5,Casa,5.2,,,,11.4,335.4,,,,0.0945,,Ineficiente,parcial,1,0,1,1,0,1,0
4718,368.8,True,9,Apartamento,5.2,,,,,,,,,,,Ineficiente,basico,1,1,1,0,0,0,0
4719,372.4,True,9,Apartamento,7.5,,,,,,,,,,,Moderado,basico,1,0,1,1,0,1,0
4720,512.3,True,10,Casa,10.0,,,,,,,,,,,Ineficiente,basico,0,1,1,1,0,0,0
4721,390.1,True,13,Apartamento,2.6,,,,,,,,,,,Eficiente,basico,1,0,0,1,1,0,0
4722,211.0,True,5,Apartamento,4.1,3.0,79.5,1.0,0.0,197.7,28.0,70.3333,2.6541,0.0673,0.2,Eficiente,avanzado,1,1,0,0,0,0,0
4723,428.1,False,12,Casa,4.5,2.0,114.0,3.0,4.1,,30.0,214.05,3.7553,,0.25,Moderado,parcial,0,0,1,1,0,0,0
4724,489.7,False,12,Apartamento,4.7,4.0,62.4,3.0,10.0,406.9,30.0,122.425,7.8478,0.2035,0.25,Ineficiente,avanzado,0,1,1,1,0,0,0
4725,400.3,True,12,Casa,7.1,5.0,192.1,1.0,,,,80.06,2.0838,,0.0833,Eficiente,parcial,1,1,1,0,0,0,0
4726,509.9,True,13,Casa,5.4,5.0,154.5,3.0,0.0,447.1,30.0,101.98,3.3003,0.1405,0.2308,Moderado,avanzado,1,0,0,0,0,0,0
4727,730.9,True,16,Comercio,8.7,3.0,202.3,4.0,12.1,748.5,30.0,243.6333,3.613,-0.0235,0.25,Ineficiente,avanzado,1,0,1,0,1,0,0
4728,440.1,True,8,Casa,6.1,,,,,,,,,,,Ineficiente,basico,1,1,0,0,0,0,0
4729,479.4,True,14,Apartamento,7.5,4.0,86.2,3.0,0.0,630.5,29.0,119.85,5.5615,-0.2397,0.2143,Moderado,avanzado,1,1,0,0,0,1,0
4730,335.9,False,12,Casa,1.8,3.0,90.4,1.0,0.0,445.4,28.0,111.9667,3.7157,-0.2458,0.0833,Eficiente,avanzado,0,0,1,0,1,0,0
4731,313.3,False,10,Casa,3.6,,,,,,,,,,,Eficiente,basico,0,1,0,0,1,0,0
4732,1092.0,True,25,Oficina,12.3,,,8.0,,,,,,,0.32,Moderado,parcial,1,1,0,1,0,0,0
4733,211.6,False,3,Casa,2.4,1.0,143.7,1.0,0.0,187.4,28.0,211.6,1.4725,0.1291,0.3333,Moderado,avanzado,0,0,0,0,0,0,1
4734,520.9,True,18,Casa,6.9,6.0,138.3,3.0,1.5,424.8,31.0,86.8167,3.7664,0.2262,0.1667,Moderado,avanzado,1,0,0,0,0,0,0
4735,1108.2,False,33,Oficina,10.9,11.0,231.6,8.0,6.2,1161.9,29.0,100.7455,4.785,-0.0462,0.2424,Moderado,avanzado,0,1,1,0,0,1,0
4736,671.8,False,17,Comercio,3.1,4.0,99.0,3.0,6.0,743.4,30.0,167.95,6.7859,-0.0963,0.1765,Moderado,avanzado,0,1,1,0,1,1,0
4737,255.1,False,11,Apartamento,0.3,,,,,,,,,,,Eficiente,basico,0,0,0,0,0,1,1
4738,418.4,True,14,Casa,8.1,,,,,,,,,,,Moderado,basico,1,0,0,0,0,0,0
4739,403.7,True,9,Casa,7.9,,,,,,,,,,,Eficiente,basico,1,1,0,0,0,0,0
4740,425.0,False,9,Apartamento,7.1,,,,,,,,,,,Eficiente,basico,1,0,0,0,0,1,0
4741,483.4,True,13,Casa,9.6,,,,,,,,,,,Eficiente,basico,1,0,0,0,0,0,0
4742,475.7,True,15,Casa,6.6,5.0,170.4,2.0,5.5,418.8,29.0,95.14,2.7917,0.1359,0.1333,Eficiente,avanzado,1,0,1,0,0,0,0
4743,613.9,False,14,Comercio,6.0,6.0,25.0,2.0,8.6,630.1,28.0,102.3167,24.556,-0.0257,0.1429,Ineficiente,avanzado,0,0,1,0,0,1,0
4744,745.1,True,15,Casa,6.1,6.0,252.6,,,673.8,,124.1833,2.9497,0.1058,,Moderado,parcial,0,1,1,0,0,1,0
4745,443.1,True,11,Casa,5.0,,,,6.9,,,,,,,Moderado,parcial,1,1,1,0,0,0,0
4746,668.2,True,15,Casa,8.9,,,,,,,,,,,Moderado,basico,1,0,1,1,0,0,0
4747,371.0,True,7,Apartamento,5.6,1.0,91.1,1.0,11.7,327.5,29.0,371.0,4.0724,0.1328,0.1429,Ineficiente,avanzado,1,1,1,1,1,1,0
4748,548.5,True,13,Apartamento,6.0,5.0,,0.0,9.7,,,109.7,,,0.0,Moderado,parcial,1,0,1,0,1,0,0
4749,584.9,False,13,Comercio,4.7,5.0,,3.0,3.1,508.8,,116.98,,0.1496,0.2308,Eficiente,parcial,0,0,0,1,0,1,0
4750,471.7,False,13,Casa,7.6,3.0,88.3,2.0,8.3,492.9,28.0,157.2333,5.342,-0.043,0.1538,Moderado,avanzado,0,0,1,0,0,1,0
4751,374.0,True,10,Casa,5.1,2.0,80.9,2.0,0.0,401.6,31.0,187.0,4.623,-0.0687,0.2,Moderado,avanzado,1,0,0,0,0,0,0
4752,181.9,False,8,Apartamento,1.9,1.0,74.0,1.0,0.0,207.1,31.0,181.9,2.4581,-0.1217,0.125,Eficiente,avanzado,0,0,1,1,0,0,0
4753,527.6,True,12,Casa,7.5,4.0,76.7,3.0,7.5,485.2,31.0,131.9,6.8787,0.0874,0.25,Ineficiente,avanzado,1,1,1,0,1,1,0
4754,393.0,True,8,Apartamento,7.9,1.0,117.5,2.0,7.4,383.7,29.0,393.0,3.3447,0.0242,0.25,Ineficiente,avanzado,1,0,0,1,0,1,0
4755,895.9,False,25,Oficina,8.3,,,,,,,,,,,Ineficiente,basico,1,1,1,1,0,1,0
4756,240.8,False,9,Apartamento,1.8,3.0,128.2,2.0,0.0,294.2,31.0,80.2667,1.8783,-0.1815,0.2222,Eficiente,avanzado,0,0,0,0,0,0,1
4757,284.3,True,7,Casa,3.4,,,,,,,,,,,Eficiente,basico,1,0,1,0,0,0,0
4758,1259.3,False,35,Oficina,14.4,12.0,116.7,10.0,0.5,1066.4,29.0,104.9417,10.7909,0.1809,0.2857,Ineficiente,avanzado,0,1,0,0,0,0,0
4759,317.0,False,4,Casa,2.8,,159.8,0.0,,,,,1.9837,,0.0,Eficiente,parcial,0,0,1,0,0,0,0
4760,1311.8,True,31,Oficina,14.9,,,,,,,,,,,Ineficiente,basico,1,1,1,0,0,1,0
4761,317.6,True,12,Apartamento,1.4,,,,,,,,,,,Eficiente,basico,1,0,1,0,0,0,0
4762,316.7,True,7,Apartamento,8.5,1.0,,2.0,0.0,265.4,28.0,316.7,,0.1933,0.2857,Ineficiente,parcial,1,0,0,1,0,0,0
4763,867.2,True,19,Oficina,9.1,,,,,,,,,,,Ineficiente,basico,1,1,0,1,1,0,0
4764,237.0,False,10,Apartamento,4.1,,,,,,,,,,,Eficiente,basico,0,0,0,0,0,0,1
4765,305.5,True,6,Apartamento,5.8,,,0.0,10.5,,28.0,,,,0.0,Ineficiente,parcial,1,0,1,0,0,0,0
4766,276.5,True,9,Casa,4.3,3.0,111.9,0.0,6.4,231.3,,92.1667,2.471,0.1954,0.0,Eficiente,parcial,1,0,0,0,1,0,0
4767,226.7,True,6,Apartamento,5.2,,,,,,,,,,,Moderado,basico,1,0,0,0,0,0,0
4768,236.2,True,7,Apartamento,2.8,1.0,94.7,0.0,0.0,225.7,31.0,236.2,2.4942,0.0465,0.0,Eficiente,avanzado,0,0,0,1,0,0,0
4769,634.6,True,13,Casa,9.5,,,,,,,,,,,Ineficiente,basico,1,1,1,1,0,0,0
4770,471.9,False,9,Apartamento,10.2,4.0,66.2,2.0,10.3,366.0,31.0,117.975,7.1284,0.2893,0.2222,Ineficiente,avanzado,0,1,1,0,0,0,0
4771,382.4,False,11,Apartamento,7.4,,75.8,1.0,11.4,309.9,31.0,,5.0449,0.2339,0.0909,Moderado,parcial,1,0,1,0,0,0,0
4772,253.5,False,5,Casa,1.0,,181.7,,0.0,183.0,,,1.3952,0.3852,,Eficiente,parcial,0,1,0,0,1,0,0
4773,400.6,False,12,Casa,5.6,2.0,139.9,4.0,5.4,477.3,28.0,200.3,2.8635,-0.1607,0.3333,Moderado,avanzado,0,1,1,0,0,0,0
4774,386.2,False,10,Apartamento,1.9,2.0,77.9,,,,28.0,193.1,4.9576,,,Ineficiente,parcial,0,0,1,1,0,0,0
4775,264.0,True,6,Casa,0.0,,,,,,,,,,,Eficiente,basico,0,0,0,0,0,0,1
4776,582.2,True,9,Casa,3.7,,,,,,,,,,,Moderado,basico,1,0,1,1,0,0,0
4777,395.9,False,12,Apartamento,4.7,,,,,,,,,,,Moderado,basico,0,0,0,0,1,0,0
4778,547.7,True,10,Casa,8.0,,,,,,,,,,,Ineficiente,basico,1,1,1,1,0,0,0
4779,367.3,False,9,Casa,4.4,,,,,,,,,,,Eficiente,basico,0,0,1,0,0,0,0
4780,263.1,True,3,Apartamento,4.3,,,,,,,,,,,Eficiente,basico,1,0,0,0,0,0,0
4781,322.8,False,9,Casa,3.8,,,,,,,,,,,Eficiente,basico,0,0,0,0,0,1,1
4782,984.0,True,20,Oficina,12.0,8.0,181.8,7.0,9.0,802.7,28.0,123.0,5.4125,0.2259,0.35,Ineficiente,avanzado,0,1,1,0,0,0,0
4783,789.9,True,23,Oficina,9.5,6.0,,,6.9,,31.0,131.65,,,,Moderado,parcial,1,1,1,1,0,1,0
4784,125.6,False,4,Apartamento,1.0,1.0,53.9,1.0,0.0,148.9,31.0,125.6,2.3302,-0.1565,0.25,Eficiente,avanzado,0,1,0,0,0,0,1
4785,988.9,True,29,Oficina,12.0,,,,,,,,,,,Moderado,basico,1,1,0,0,0,0,0
4786,793.0,True,15,Comercio,7.3,,,,,,,,,,,Ineficiente,basico,1,0,0,1,1,0,0
4787,697.0,True,17,Casa,6.7,,,,,,,,,,,Moderado,basico,1,1,1,0,0,0,0
4788,881.9,True,18,Comercio,12.2,6.0,244.0,8.0,0.0,,29.0,146.9833,3.6143,,0.4444,Ineficiente,parcial,0,0,0,1,1,0,0
4789,627.6,True,12,Casa,5.2,,,,,,,,,,,Moderado,basico,1,0,0,1,0,0,0
4790,543.6,True,17,Apartamento,9.3,,75.5,,7.0,464.8,,,7.2,0.1695,,Ineficiente,parcial,1,0,1,0,0,0,0
4791,562.9,True,14,Apartamento,8.5,5.0,67.7,3.0,6.4,664.2,30.0,112.58,8.3146,-0.1525,0.2143,Ineficiente,avanzado,1,0,1,0,0,0,0
4792,326.6,True,8,Casa,4.0,,,,,,,,,,,Ineficiente,basico,1,0,0,0,1,0,0
4793,324.3,True,4,Casa,9.0,,132.1,0.0,5.1,309.3,31.0,,2.455,0.0485,0.0,Ineficiente,parcial,1,0,0,1,1,0,0
4794,1060.4,True,26,Oficina,10.3,,,,,,,,,,,Ineficiente,basico,1,1,1,0,0,0,0
4795,439.9,True,11,Casa,6.0,,,,,,,,,,,Eficiente,basico,0,0,1,0,0,0,1
4796,208.7,False,2,Casa,1.8,,,,,,,,,,,Eficiente,basico,0,1,1,1,0,0,0
4797,272.2,True,8,Casa,5.1,,,,0.0,207.0,31.0,,,0.315,,Moderado,parcial,1,0,0,0,0,0,0
4798,211.0,True,2,Apartamento,3.1,1.0,84.2,0.0,6.0,241.6,31.0,211.0,2.5059,-0.1267,0.0,Eficiente,avanzado,0,0,0,0,1,0,0
4799,722.3,True,14,Comercio,6.0,4.0,116.0,4.0,8.6,633.1,30.0,180.575,6.2267,0.1409,0.2857,Ineficiente,avanzado,0,1,1,1,0,1,0
4800,889.5,False,24,Comercio,7.6,11.0,162.5,3.0,0.0,842.2,30.0,80.8636,5.4738,0.0562,0.125,Eficiente,avanzado,0,1,0,0,0,0,1
4801,376.0,True,5,Apartamento,3.6,,,,,,,,,,,Ineficiente,basico,1,0,0,1,1,1,0
4802,251.7,False,7,Casa,0.4,3.0,209.4,1.0,0.7,323.1,28.0,83.9,1.202,-0.221,0.1429,Eficiente,avanzado,0,0,0,0,0,0,1
4803,695.2,True,16,Casa,7.6,6.0,130.7,5.0,6.6,784.1,29.0,115.8667,5.3191,-0.1134,0.3125,Ineficiente,avanzado,1,0,1,0,0,1,0
4804,261.0,True,6,Apartamento,7.6,,111.2,,,,,,2.3471,,,Moderado,parcial,1,0,0,0,1,0,0
4805,664.7,False,13,Comercio,6.3,8.0,171.9,4.0,9.5,889.8,31.0,83.0875,3.8668,-0.253,0.3077,Moderado,avanzado,0,0,1,0,0,0,0
4806,305.1,True,5,Apartamento,6.7,,,,,,,,,,,Eficiente,basico,1,0,0,0,0,0,1
4807,359.9,True,10,Casa,4.1,5.0,120.1,0.0,0.0,397.2,29.0,71.98,2.9967,-0.0939,0.0,Eficiente,avanzado,1,0,0,0,1,0,0
4808,529.5,False,11,Apartamento,4.0,8.0,71.7,2.0,0.0,521.2,29.0,66.1875,7.3849,0.0159,0.1818,Eficiente,avanzado,0,0,0,0,0,1,1
4809,260.3,False,11,Apartamento,3.5,3.0,99.4,0.0,0.0,333.0,28.0,86.7667,2.6187,-0.2183,0.0,Eficiente,avanzado,1,0,1,0,0,0,0
4810,554.5,True,16,Apartamento,6.4,5.0,60.5,1.0,8.2,479.2,28.0,110.9,9.1653,0.1571,0.0625,Ineficiente,avanzado,1,0,1,0,0,1,0
4811,486.8,True,12,Apartamento,6.4,,,3.0,,,,,,,0.25,Moderado,parcial,0,0,1,0,0,0,0
4812,258.1,False,8,Apartamento,3.9,1.0,112.6,1.0,0.0,334.3,30.0,258.1,2.2922,-0.2279,0.125,Eficiente,avanzado,0,0,0,1,0,0,0
4813,510.4,False,12,Apartamento,7.6,1.0,63.8,4.0,11.1,425.2,31.0,510.4,8.0,0.2004,0.3333,Ineficiente,avanzado,1,1,1,1,0,1,0
4814,767.4,False,16,Oficina,5.6,6.0,203.0,4.0,5.8,678.9,31.0,127.9,3.7803,0.1304,0.25,Moderado,avanzado,0,0,0,0,1,1,0
4815,657.3,True,13,Apartamento,8.7,,103.2,,,,,,6.3692,,,Ineficiente,parcial,0,1,0,0,0,1,0
4816,284.4,True,8,Casa,0.7,,,,,,,,,,,Eficiente,basico,1,0,0,0,0,1,0
4817,465.6,True,9,Casa,7.4,5.0,108.3,3.0,4.7,392.3,28.0,93.12,4.2992,0.1868,0.3333,Moderado,avanzado,1,1,1,0,0,0,0
4818,295.5,True,9,Apartamento,5.2,1.0,75.1,1.0,0.0,272.6,29.0,295.5,3.9348,0.084,0.1111,Ineficiente,avanzado,1,1,0,0,0,0,0
4819,524.9,True,22,Apartamento,7.2,3.0,75.1,2.0,0.0,,31.0,174.9667,6.9893,,0.0909,Moderado,parcial,1,1,0,1,1,1,0
4820,300.8,True,10,Apartamento,7.0,2.0,128.2,2.0,,,28.0,150.4,2.3463,,0.2,Moderado,parcial,1,0,0,0,1,0,0
4821,468.3,True,11,Apartamento,6.5,3.0,77.8,,2.9,446.9,31.0,156.1,6.0193,0.0479,,Moderado,parcial,1,0,0,0,0,0,0
4822,415.4,True,14,Casa,1.3,4.0,127.3,3.0,0.0,349.1,28.0,103.85,3.2632,0.1899,0.2143,Eficiente,avanzado,1,0,0,1,0,0,0
4823,352.1,True,8,Apartamento,5.7,,,,,,,,,,,Moderado,basico,1,0,0,0,0,0,0
4824,372.9,True,10,Apartamento,6.0,2.0,54.7,2.0,4.4,336.4,29.0,186.45,6.8172,0.1085,0.2,Ineficiente,avanzado,1,0,0,1,0,0,0
4825,539.2,True,14,Casa,6.0,6.0,106.3,2.0,0.0,536.1,31.0,89.8667,5.0724,0.0058,0.1429,Eficiente,avanzado,0,1,1,0,0,0,0
4826,463.2,False,8,Casa,6.0,,,,,,,,,,,Eficiente,basico,0,1,1,0,0,0,0
4827,244.6,True,5,Casa,3.6,,,,,,,,,,,Moderado,basico,1,0,1,1,0,0,0
4828,626.7,True,18,Casa,5.8,7.0,107.0,4.0,2.4,487.0,28.0,89.5286,5.857,0.2869,0.2222,Moderado,avanzado,1,1,0,0,0,1,0
4829,708.5,False,18,Comercio,6.4,7.0,,,,,,101.2143,,,,Ineficiente,parcial,0,1,1,0,1,1,0
4830,1007.8,True,21,Oficina,11.9,8.0,212.3,6.0,8.9,1279.6,28.0,125.975,4.7471,-0.2124,0.2857,Ineficiente,avanzado,1,1,1,0,0,0,0
4831,445.0,True,13,Apartamento,5.9,3.0,80.6,2.0,1.9,362.0,28.0,148.3333,5.5211,0.2293,0.1538,Moderado,avanzado,1,0,1,1,0,1,0
4832,413.4,False,10,Casa,5.2,3.0,148.0,2.0,5.6,436.5,28.0,137.8,2.7932,-0.0529,0.2,Eficiente,avanzado,0,0,1,0,0,1,0
4833,392.2,False,9,Apartamento,5.2,,,,,,,,,,,Eficiente,basico,0,0,0,0,0,0,1
4834,722.0,True,16,Comercio,8.2,3.0,237.0,5.0,6.2,786.3,30.0,240.6667,3.0464,-0.0818,0.3125,Ineficiente,avanzado,1,1,1,1,0,0,0
4835,434.3,False,9,Casa,6.1,5.0,198.1,3.0,1.8,436.5,30.0,86.86,2.1923,-0.005,0.3333,Eficiente,avanzado,0,0,0,0,0,0,1
4836,636.5,False,15,Comercio,6.3,5.0,,,6.5,955.2,28.0,127.3,,-0.3336,,Eficiente,parcial,1,0,0,0,0,1,0
4837,548.7,True,11,Casa,4.8,,,3.0,,,,,,,0.2727,Moderado,parcial,1,0,0,0,0,0,0
4838,395.7,False,9,Casa,4.9,2.0,158.2,1.0,10.5,438.9,31.0,197.85,2.5013,-0.0984,0.1111,Moderado,avanzado,1,0,1,1,0,0,0
4839,665.1,False,15,Casa,5.3,,,4.0,,886.3,28.0,,,-0.2496,0.2667,Eficiente,parcial,0,1,0,1,1,0,0
4840,388.2,False,7,Casa,4.6,4.0,171.6,1.0,7.9,295.5,31.0,97.05,2.2622,0.3137,0.1429,Eficiente,avanzado,0,0,1,0,1,0,0
4841,615.5,False,14,Comercio,2.9,5.0,206.2,3.0,0.0,629.3,28.0,123.1,2.985,-0.0219,0.2143,Eficiente,avanzado,0,0,0,0,0,0,1
4842,252.2,True,7,Apartamento,7.2,2.0,101.1,1.0,0.0,187.5,29.0,126.1,2.4946,0.3451,0.1429,Moderado,avanzado,0,0,0,0,1,1,0
4843,330.1,True,9,Casa,6.1,,,,,,,,,,,Eficiente,basico,1,0,0,1,0,0,0
4844,315.3,True,13,Apartamento,5.2,3.0,99.9,0.0,0.0,282.4,,105.1,3.1562,0.1165,0.0,Eficiente,parcial,1,0,0,0,0,1,0
4845,368.4,False,11,Casa,3.2,5.0,,,,340.8,,73.68,,0.081,,Eficiente,parcial,0,1,0,1,0,0,0
4846,726.3,False,19,Casa,8.7,7.0,29.6,7.0,0.0,784.2,29.0,103.7571,24.5372,-0.0738,0.3684,Ineficiente,avanzado,0,1,0,1,0,1,0
4847,535.8,True,9,Casa,3.4,5.0,115.6,5.0,0.0,471.5,29.0,107.16,4.6349,0.1364,0.5556,Ineficiente,avanzado,1,1,0,0,1,0,0
4848,207.0,True,5,Apartamento,4.0,,,,,,,,,,,Eficiente,basico,1,0,0,1,1,0,0
4849,403.2,False,9,Casa,2.2,,,1.0,5.4,,,,,,0.1111,Eficiente,parcial,0,0,1,0,0,0,1
4850,971.1,False,25,Comercio,10.5,10.0,217.0,7.0,3.9,994.1,28.0,97.11,4.4751,-0.0231,0.28,Moderado,avanzado,0,1,1,0,1,0,0
4851,403.4,True,13,Casa,5.4,3.0,143.1,3.0,4.0,367.4,28.0,134.4667,2.819,0.098,0.2308,Moderado,avanzado,1,1,0,0,1,0,0
4852,389.9,True,7,Apartamento,4.3,5.0,126.2,0.0,0.0,333.0,29.0,77.98,3.0895,0.1709,0.0,Eficiente,avanzado,1,1,0,0,0,0,0
4853,699.4,True,16,Comercio,10.7,,,,4.3,697.4,,,,0.0029,,Moderado,parcial,1,1,1,0,0,1,0
4854,839.3,True,20,Casa,11.8,,,,,,,,,,,Ineficiente,basico,1,1,1,1,0,1,0
4855,405.6,False,15,Casa,2.9,6.0,146.7,0.0,4.2,416.5,28.0,67.6,2.7648,-0.0262,0.0,Eficiente,avanzado,1,1,1,0,0,0,0
4856,826.8,True,19,Oficina,8.1,,118.8,5.0,0.0,744.4,30.0,,6.9596,0.1107,0.2632,Moderado,parcial,1,0,0,0,1,0,0
4857,478.5,False,11,Apartamento,4.7,,,,,,,,,,,Ineficiente,basico,0,1,0,1,0,0,0
4858,683.2,False,17,Apartamento,7.4,,,,,,,,,,,Ineficiente,basico,0,1,1,0,0,1,0
4859,429.0,True,8,Casa,8.8,,,,,,,,,,,Moderado,basico,1,1,1,0,0,0,0
4860,668.6,False,23,Casa,8.0,7.0,106.2,3.0,8.2,589.7,28.0,95.5143,6.2957,0.1338,0.1304,Moderado,avanzado,0,0,1,0,0,1,0
4861,417.5,True,11,Apartamento,9.9,1.0,,,,,,417.5,,,,Ineficiente,parcial,1,0,0,1,0,0,0
4862,984.0,False,20,Oficina,8.6,8.0,151.0,8.0,9.5,958.2,31.0,123.0,6.5166,0.0269,0.4,Ineficiente,avanzado,0,1,1,0,0,0,0
4863,508.1,False,12,Casa,4.7,,,,,,,,,,,Eficiente,basico,0,0,0,0,0,0,1
4864,851.2,False,22,Comercio,8.6,6.0,264.1,8.0,2.5,982.0,29.0,141.8667,3.223,-0.1332,0.3636,Moderado,avanzado,0,0,0,0,0,0,1
4865,334.1,True,7,Apartamento,6.5,1.0,70.9,1.0,8.3,410.9,31.0,334.1,4.7123,-0.1869,0.1429,Ineficiente,avanzado,1,0,1,1,0,0,0
4866,387.6,False,7,Casa,5.9,2.0,83.3,1.0,8.2,371.2,28.0,193.8,4.6531,0.0442,0.1429,Moderado,avanzado,0,0,1,0,0,0,0
4867,243.5,False,7,Casa,5.0,,79.3,1.0,,,,,3.0706,,0.1429,Eficiente,parcial,0,0,0,0,0,1,1
4868,754.4,True,19,Casa,9.3,,,,,,,,,,,Ineficiente,basico,0,1,1,0,0,1,0
4869,549.2,True,21,Apartamento,7.0,4.0,38.6,3.0,0.0,475.8,28.0,137.3,14.228,0.1543,0.1429,Ineficiente,avanzado,0,0,1,0,1,0,0
4870,506.1,True,9,Apartamento,7.0,,,,,,,,,,,Ineficiente,basico,1,1,1,1,0,1,0
4871,669.3,True,12,Apartamento,10.3,,,5.0,,677.8,,,,-0.0125,0.4167,Ineficiente,parcial,1,0,1,1,1,0,0
4872,390.9,True,7,Casa,2.8,3.0,182.5,,,371.1,,130.3,2.1419,0.0534,,Eficiente,parcial,1,1,0,0,0,0,0
4873,380.9,False,10,Apartamento,3.3,4.0,109.0,,0.0,346.2,31.0,95.225,3.4945,0.1002,,Eficiente,parcial,1,1,0,0,0,0,0
4874,382.5,True,8,Apartamento,8.3,4.0,93.8,1.0,4.0,426.2,30.0,95.625,4.0778,-0.1025,0.125,Eficiente,avanzado,1,0,0,0,0,0,1
4875,507.7,True,14,Apartamento,3.1,5.0,77.9,3.0,2.5,558.5,28.0,101.54,6.5173,-0.091,0.2143,Moderado,avanzado,1,0,0,1,0,0,0
4876,358.9,True,9,Apartamento,7.7,2.0,64.3,1.0,7.4,298.2,30.0,179.45,5.5816,0.2036,0.1111,Ineficiente,avanzado,1,1,1,0,1,1,0
4877,473.1,True,12,Casa,7.1,5.0,151.3,1.0,0.0,402.2,31.0,94.62,3.1269,0.1763,0.0833,Eficiente,avanzado,1,1,0,0,0,0,0
4878,310.2,True,4,Apartamento,6.0,,120.8,,,254.7,,,2.5679,0.2179,,Ineficiente,parcial,1,1,0,1,0,0,0
4879,450.4,False,10,Casa,2.8,,140.9,,,,,,3.1966,,,Eficiente,parcial,0,0,1,0,0,1,0
4880,307.3,False,8,Casa,5.2,,,,,,,,,,,Eficiente,basico,0,0,0,1,0,0,0
4881,428.2,True,11,Casa,7.1,2.0,128.4,1.0,5.4,575.2,28.0,214.1,3.3349,-0.2556,0.0909,Moderado,avanzado,1,0,1,1,0,0,0
4882,386.6,False,12,Apartamento,6.0,3.0,,2.0,4.5,,30.0,128.8667,,,0.1667,Eficiente,parcial,0,1,0,0,0,1,0
4883,283.2,False,5,Apartamento,1.0,1.0,91.2,1.0,2.1,218.4,31.0,283.2,3.1053,0.2967,0.2,Moderado,avanzado,0,1,0,1,0,0,0
4884,476.0,True,18,Casa,6.7,,,,,,,,,,,Moderado,basico,1,0,0,0,0,0,0
4885,556.5,False,15,Comercio,4.7,,,,,,,,,,,Eficiente,basico,0,0,0,0,0,0,1
4886,1380.1,True,36,Comercio,18.7,12.0,200.2,10.0,8.2,1696.0,31.0,115.0083,6.8936,-0.1863,0.2778,Ineficiente,avanzado,1,1,1,0,0,0,0
4887,506.6,True,15,Casa,4.3,7.0,149.4,0.0,5.6,639.3,29.0,72.3714,3.3909,-0.2076,0.0,Eficiente,avanzado,1,0,0,0,0,0,1
4888,401.5,False,14,Apartamento,5.0,,,,,,,,,,,Moderado,basico,0,1,0,0,0,1,0
4889,751.7,False,20,Casa,8.1,9.0,128.7,,,,29.0,83.5222,5.8407,,,Moderado,parcial,0,1,0,0,0,1,0
4890,1302.0,True,29,Oficina,13.9,,,,,,,,,,,Ineficiente,basico,1,1,0,0,0,1,0
4891,345.7,False,12,Casa,4.3,4.0,131.9,2.0,0.0,303.3,29.0,86.425,2.6209,0.1398,0.1667,Eficiente,avanzado,1,0,0,0,0,0,1
4892,506.8,True,13,Casa,4.6,,,,,,,,,,,Ineficiente,basico,1,1,1,0,0,1,0
4893,307.3,False,7,Apartamento,3.2,1.0,107.8,1.0,0.0,363.6,30.0,307.3,2.8506,-0.1548,0.1429,Moderado,avanzado,0,0,0,1,0,0,0
4894,528.9,True,14,Casa,4.9,,,,,,,,,,,Moderado,basico,0,0,0,0,0,0,1
4895,291.7,False,4,Apartamento,4.5,2.0,39.2,1.0,10.5,268.0,29.0,145.85,7.4413,0.0884,0.25,Ineficiente,avanzado,0,0,1,0,0,0,0
4896,224.8,True,10,Apartamento,4.4,,46.1,,,,30.0,,4.8764,,,Moderado,parcial,1,0,0,0,0,0,0
4897,290.5,True,4,Casa,6.9,1.0,,1.0,4.5,316.8,,290.5,,-0.083,0.25,Ineficiente,parcial,1,0,0,1,0,1,0
4898,176.5,True,5,Apartamento,1.1,,,,,,,,,,,Moderado,basico,1,1,0,0,0,0,0
4899,628.4,False,16,Oficina,1.5,,,3.0,,766.2,,,,-0.1798,0.1875,Eficiente,parcial,0,0,0,1,0,1,0
4900,711.1,False,20,Comercio,5.4,6.0,235.0,4.0,1.7,682.7,30.0,118.5167,3.026,0.0416,0.2,Eficiente,avanzado,0,0,0,0,0,1,1
4901,281.2,True,7,Apartamento,6.3,,,,,,,,,,,Eficiente,basico,0,0,0,0,1,0,1
4902,387.3,True,10,Casa,5.6,4.0,84.8,2.0,0.0,430.7,28.0,96.825,4.5672,-0.1008,0.2,Eficiente,avanzado,0,1,0,0,0,1,0
4903,324.0,False,10,Casa,3.6,,,,,,,,,,,Eficiente,basico,0,1,0,0,0,0,1
4904,831.5,True,16,Comercio,10.5,,,,,,,,,,,Moderado,basico,1,0,1,1,0,0,0
4905,409.8,True,14,Apartamento,5.5,,,,,,,,,,,Moderado,basico,1,0,0,0,0,0,0
4906,363.7,True,6,Apartamento,3.7,5.0,98.1,1.0,3.0,396.0,31.0,72.74,3.7074,-0.0816,0.1667,Eficiente,avanzado,1,1,0,0,0,0,0
4907,543.0,False,10,Comercio,5.5,,,,,,,,,,,Moderado,basico,0,0,0,1,0,0,0
4908,492.2,True,6,Casa,5.4,4.0,125.5,3.0,0.0,516.4,30.0,123.05,3.9219,-0.0469,0.5,Ineficiente,avanzado,1,1,0,0,0,0,0
4909,277.2,False,10,Apartamento,2.1,2.0,79.2,1.0,0.0,262.2,30.0,138.6,3.5,0.0572,0.1,Eficiente,avanzado,0,1,1,1,0,1,0
4910,259.3,True,6,Casa,3.1,3.0,50.2,1.0,0.0,255.6,28.0,86.4333,5.1653,0.0145,0.1667,Eficiente,avanzado,1,0,0,1,0,1,0
4911,494.8,True,9,Casa,5.4,,,,,,,,,,,Moderado,basico,1,0,1,0,0,0,0
4912,330.6,True,11,Apartamento,3.0,1.0,92.0,,0.0,,,330.6,3.5935,,,Ineficiente,parcial,1,0,0,1,0,0,0
4913,684.6,True,11,Casa,7.6,,,,,,,,,,,Ineficiente,basico,0,1,1,1,0,1,0
4914,820.6,False,23,Oficina,4.3,8.0,197.4,7.0,0.0,878.8,28.0,102.575,4.157,-0.0662,0.3043,Eficiente,avanzado,0,1,0,0,0,1,0
4915,292.5,True,4,Casa,4.1,,,,,,,,,,,Eficiente,basico,1,0,0,0,1,0,0
4916,1012.3,True,22,Comercio,9.7,,,,,,,,,,,Moderado,basico,1,0,1,0,0,0,0
4917,1050.0,False,29,Comercio,9.4,9.0,251.5,8.0,0.0,1210.4,28.0,116.6667,4.175,-0.1325,0.2759,Eficiente,avanzado,0,1,0,0,0,0,1
4918,247.8,True,5,Apartamento,6.2,2.0,78.6,0.0,2.9,272.0,28.0,123.9,3.1527,-0.089,0.0,Eficiente,avanzado,0,0,1,0,0,0,1
4919,802.7,True,21,Oficina,8.8,7.0,161.6,,7.6,688.2,,114.6714,4.9672,0.1664,,Moderado,parcial,1,0,1,0,0,0,0
4920,412.2,True,10,Casa,4.0,,,,,,,,,,,Moderado,basico,1,0,1,0,0,0,0
4921,482.6,True,9,Casa,6.8,,,,,,,,,,,Ineficiente,basico,1,0,1,0,0,0,0
4922,388.4,True,17,Casa,3.8,6.0,158.8,,0.0,447.7,29.0,64.7333,2.4458,-0.1325,,Eficiente,parcial,1,0,0,0,0,0,0
4923,397.1,False,7,Casa,4.0,,,,,,,,,,,Eficiente,basico,1,1,0,0,1,0,0
4924,916.1,False,22,Comercio,10.9,6.0,69.4,7.0,8.8,846.0,31.0,152.6833,13.2003,0.0829,0.3182,Ineficiente,avanzado,0,1,1,0,0,1,0
4925,417.8,True,14,Apartamento,7.1,3.0,116.0,2.0,0.0,673.9,28.0,139.2667,3.6017,-0.38,0.1429,Eficiente,avanzado,0,0,0,0,0,0,1
4926,581.8,True,15,Casa,8.9,5.0,,4.0,,424.0,30.0,116.36,,0.3722,0.2667,Moderado,parcial,1,0,0,0,1,1,0
4927,699.4,True,20,Casa,6.3,7.0,207.3,5.0,4.8,533.3,29.0,99.9143,3.3739,0.3115,0.25,Moderado,avanzado,0,0,0,0,1,0,0
4928,145.4,False,2,Apartamento,1.1,,,,,,,,,,,Moderado,basico,0,0,1,0,0,0,0
4929,280.1,False,8,Apartamento,7.1,3.0,110.8,0.0,0.0,247.6,30.0,93.3667,2.528,0.1313,0.0,Eficiente,avanzado,0,0,0,0,0,0,1
4930,344.3,True,10,Casa,6.6,2.0,183.8,1.0,,,,172.15,1.8732,,0.1,Eficiente,parcial,1,0,0,0,0,0,0
4931,569.5,True,11,Comercio,7.3,4.0,122.9,1.0,7.1,693.6,31.0,142.375,4.6338,-0.1789,0.0909,Moderado,avanzado,1,1,0,0,0,1,0
4932,343.1,False,9,Apartamento,4.5,2.0,65.8,2.0,5.6,403.9,28.0,171.55,5.2143,-0.1505,0.2222,Moderado,avanzado,0,0,0,0,1,0,0
4933,774.0,False,23,Comercio,9.5,,,,0.0,,,,,,,Moderado,parcial,0,1,0,1,0,0,0
4934,438.3,True,8,Casa,6.1,5.0,94.4,2.0,8.9,412.1,29.0,87.66,4.643,0.0636,0.25,Moderado,avanzado,1,0,0,1,0,0,0
4935,327.8,False,7,Apartamento,3.4,1.0,,2.0,5.3,292.2,,327.8,,0.1218,0.2857,Ineficiente,parcial,0,0,1,1,0,0,0
4936,219.2,False,9,Casa,3.2,,,,,,,,,,,Eficiente,basico,0,0,0,1,1,0,0
4937,395.0,True,7,Casa,4.8,,,,,,,,,,,Moderado,basico,1,1,0,0,1,0,0
4938,236.7,False,8,Apartamento,2.7,2.0,46.1,1.0,4.0,194.6,31.0,118.35,5.1345,0.2163,0.125,Eficiente,avanzado,0,0,1,1,1,0,0
4939,390.0,True,7,Apartamento,4.1,,,,,,,,,,,Ineficiente,basico,1,0,0,0,0,0,0
4940,203.1,True,8,Casa,5.7,1.0,117.8,0.0,0.0,204.7,30.0,203.1,1.7241,-0.0078,0.0,Eficiente,avanzado,1,0,0,1,0,0,0
4941,952.1,True,22,Comercio,10.9,10.0,243.2,5.0,0.0,887.0,,95.21,3.9149,0.0734,0.2273,Moderado,parcial,1,1,0,1,0,0,0
4942,366.9,False,14,Casa,6.2,,,,,,,,,,,Moderado,basico,0,0,0,1,1,0,0
4943,295.6,False,3,Apartamento,2.2,,,,3.3,,,,,,,Ineficiente,parcial,1,1,0,0,0,0,0
4944,885.9,False,23,Oficina,6.4,14.0,190.2,4.0,0.0,1027.1,29.0,63.2786,4.6577,-0.1375,0.1739,Eficiente,avanzado,0,1,0,0,0,0,1
4945,274.6,True,7,Apartamento,2.5,3.0,66.8,1.0,0.0,278.3,31.0,91.5333,4.1108,-0.0133,0.1429,Eficiente,avanzado,1,1,0,0,0,0,0
4946,665.9,True,16,Comercio,4.4,,252.9,3.0,0.0,,29.0,,2.6331,,0.1875,Eficiente,parcial,1,0,0,0,0,0,0
4947,324.4,False,9,Apartamento,3.5,5.0,,1.0,0.0,,,64.88,,,0.1111,Eficiente,parcial,0,0,0,0,0,0,1
4948,929.7,True,20,Comercio,9.0,,,,,,,,,,,Moderado,basico,1,1,1,0,1,0,0
4949,149.9,True,2,Apartamento,5.0,,,,,,,,,,,Eficiente,basico,1,0,0,0,0,0,1
4950,403.4,False,15,Apartamento,7.2,,,,,,,,,,,Eficiente,basico,1,0,0,0,0,0,0
4951,418.9,False,11,Casa,1.6,,,,,,,,,,,Eficiente,basico,0,0,0,1,0,1,0
4952,683.4,True,12,Comercio,10.2,3.0,,5.0,5.2,681.1,,227.8,,0.0034,0.4167,Ineficiente,parcial,1,1,1,1,0,0,0
4953,356.5,False,13,Casa,2.7,5.0,138.1,0.0,0.0,,28.0,71.3,2.5815,,0.0,Eficiente,parcial,0,0,0,0,0,0,1
4954,716.2,False,18,Oficina,5.8,9.0,143.6,4.0,,623.0,,79.5778,4.9875,0.1496,0.2222,Eficiente,parcial,1,1,0,0,0,0,0
4955,574.8,True,14,Casa,6.5,5.0,98.6,3.0,3.5,674.5,31.0,114.96,5.8296,-0.1478,0.2143,Moderado,avanzado,1,0,0,0,0,0,0
4956,542.3,True,8,Casa,5.5,,,,,,,,,,,Ineficiente,basico,1,1,0,0,0,1,0
4957,724.2,True,20,Comercio,5.5,,58.3,5.0,,,30.0,,12.422,,0.25,Ineficiente,parcial,1,1,0,0,1,1,0
4958,572.7,False,21,Casa,6.8,5.0,147.6,3.0,0.0,395.3,29.0,114.54,3.8801,0.4488,0.1429,Moderado,avanzado,1,0,0,0,1,0,0
4959,535.0,True,15,Casa,4.7,,,,,,,,,,,Ineficiente,basico,1,0,0,0,1,1,0
4960,211.5,True,6,Apartamento,1.7,2.0,95.4,0.0,0.0,182.4,30.0,105.75,2.217,0.1595,0.0,Eficiente,avanzado,0,0,0,0,0,0,1
4961,409.5,True,10,Casa,7.7,3.0,156.3,2.0,4.1,499.5,,136.5,2.62,-0.1802,0.2,Moderado,parcial,1,0,0,0,0,0,0
4962,687.4,True,22,Casa,6.7,,,,,,,,,,,Moderado,basico,1,0,1,0,1,0,0
4963,495.8,True,15,Apartamento,6.9,6.0,102.6,3.0,0.0,677.3,30.0,82.6333,4.8324,-0.268,0.2,Eficiente,avanzado,1,0,1,0,0,0,0
4964,257.4,False,5,Casa,1.7,3.0,124.1,0.0,2.1,360.7,31.0,85.8,2.0741,-0.2864,0.0,Eficiente,avanzado,0,1,0,0,1,0,0
4965,489.8,True,10,Casa,8.2,3.0,152.6,1.0,6.1,469.0,28.0,163.2667,3.2097,0.0443,0.1,Moderado,avanzado,1,0,0,1,0,0,0
4966,224.1,False,7,Casa,4.3,,,2.0,,,,,,,0.2857,Eficiente,parcial,0,0,0,0,0,0,1
4967,532.3,False,13,Casa,6.3,6.0,40.8,3.0,0.0,540.4,31.0,88.7167,13.0466,-0.015,0.2308,Moderado,avanzado,1,1,0,0,0,0,0
4968,431.8,True,8,Casa,2.9,2.0,125.1,3.0,5.6,371.6,29.0,215.9,3.4516,0.162,0.375,Ineficiente,avanzado,1,1,1,0,0,1,0
4969,356.2,True,9,Casa,3.9,1.0,152.8,2.0,0.0,405.7,30.0,356.2,2.3312,-0.122,0.2222,Ineficiente,avanzado,1,0,1,1,0,0,0
4970,636.6,False,16,Apartamento,7.0,4.0,100.8,6.0,5.4,588.8,30.0,159.15,6.3155,0.0812,0.375,Ineficiente,avanzado,0,1,1,1,0,0,0
4971,466.9,False,16,Apartamento,6.9,,,,,,,,,,,Moderado,basico,0,0,1,0,1,1,0
4972,524.2,False,14,Casa,7.4,,,,,,,,,,,Eficiente,basico,0,0,0,1,0,0,1
4973,292.5,False,7,Casa,0.0,2.0,,,0.0,,30.0,146.25,,,,Eficiente,parcial,1,0,0,0,0,0,0
4974,763.9,False,11,Comercio,6.6,7.0,157.1,4.0,7.1,693.6,29.0,109.1286,4.8625,0.1014,0.3636,Moderado,avanzado,0,1,1,1,1,0,0
4975,342.1,False,13,Apartamento,2.3,,,,,,,,,,,Eficiente,basico,0,0,0,0,0,0,1
4976,387.8,True,10,Casa,6.0,,,0.0,,,28.0,,,,0.0,Eficiente,parcial,1,0,1,0,0,0,0
4977,334.3,False,8,Apartamento,2.9,1.0,,,,,29.0,334.3,,,,Ineficiente,parcial,0,1,1,1,0,0,0
4978,468.4,True,8,Casa,10.2,2.0,112.6,2.0,4.3,730.1,29.0,234.2,4.1599,-0.3584,0.25,Ineficiente,avanzado,1,0,1,1,0,0,0
4979,818.8,True,14,Comercio,10.0,,,,,,,,,,,Ineficiente,basico,1,0,1,0,1,0,0
4980,1453.0,False,44,Oficina,14.6,14.0,110.9,14.0,4.5,1032.2,29.0,103.7857,13.1019,0.4077,0.3182,Ineficiente,avanzado,0,1,1,0,1,1,0
4981,858.5,True,22,Oficina,7.9,8.0,176.2,7.0,0.0,867.6,30.0,107.3125,4.8723,-0.0105,0.3182,Moderado,avanzado,1,0,0,0,0,0,0
4982,431.4,False,15,Casa,5.7,5.0,,,,,,86.28,,,,Eficiente,parcial,0,0,0,0,0,0,1
4983,637.0,True,12,Casa,6.3,,,,,,,,,,,Moderado,basico,1,0,1,0,0,0,0
4984,284.3,True,3,Casa,4.5,4.0,145.2,1.0,1.6,260.0,28.0,71.075,1.958,0.0935,0.3333,Eficiente,avanzado,1,1,0,0,0,0,0
4985,302.0,False,9,Casa,5.2,2.0,107.0,0.0,8.8,287.1,29.0,151.0,2.8224,0.0519,0.0,Eficiente,avanzado,0,0,1,0,1,0,0
4986,219.5,True,6,Casa,2.8,1.0,114.1,0.0,0.0,197.2,28.0,219.5,1.9238,0.1131,0.0,Eficiente,avanzado,0,0,0,1,0,0,1
4987,227.6,True,3,Apartamento,6.2,,25.0,0.0,,162.4,,,9.104,0.4015,0.0,Ineficiente,parcial,1,0,0,1,1,0,0
4988,451.0,True,12,Casa,5.7,3.0,170.2,1.0,8.2,415.5,29.0,150.3333,2.6498,0.0854,0.0833,Moderado,avanzado,1,0,0,0,1,1,0
4989,827.9,True,23,Oficina,6.7,,,,,,,,,,,Moderado,basico,1,0,0,0,0,0,0
4990,309.3,False,8,Casa,4.9,,,,,,,,,,,Moderado,basico,0,0,0,0,1,0,0
4991,498.9,True,12,Casa,7.1,5.0,212.0,2.0,0.0,472.1,30.0,99.78,2.3533,0.0568,0.1667,Eficiente,avanzado,1,1,0,0,0,0,0
4992,608.6,True,17,Comercio,4.8,4.0,116.1,4.0,0.0,,29.0,152.15,5.242,,0.2353,Moderado,parcial,1,0,0,0,0,1,0
4993,381.2,True,10,Apartamento,10.1,2.0,65.6,3.0,3.8,363.9,30.0,190.6,5.811,0.0475,0.3,Ineficiente,avanzado,0,0,1,1,0,0,0
4994,277.3,False,5,Casa,2.4,,,,,,,,,,,Eficiente,basico,0,0,1,0,0,1,0
4995,261.9,False,6,Apartamento,3.1,,,,,,,,,,,Eficiente,basico,0,0,0,1,0,1,0
4996,485.2,True,10,Casa,9.7,,,,,,29.0,,,,,Eficiente,parcial,1,1,0,0,0,0,0
4997,612.3,True,22,Casa,4.8,8.0,191.0,2.0,0.0,473.9,28.0,76.5375,3.2058,0.292,0.0909,Eficiente,avanzado,0,0,0,0,1,0,1
4998,347.1,False,10,Apartamento,3.0,2.0,109.8,1.0,7.4,347.1,29.0,173.55,3.1612,0.0,0.1,Eficiente,avanzado,0,0,1,0,1,0,0
4999,579.2,False,13,Casa,9.7,,,,,,,,,,,Moderado,basico,0,0,1,0,0,1,0
5000,421.1,False,8,Apartamento,7.5,1.0,118.1,2.0,6.9,570.5,29.0,421.1,3.5656,-0.2619,0.25,Ineficiente,avanzado,0,1,0,1,0,0,0
5001,380.5,True,10,Casa,2.2,3.0,126.8,2.0,0.0,337.5,29.0,126.8333,3.0008,0.1274,0.2,Eficiente,avanzado,1,0,0,0,1,1,0
5002,225.4,True,5,Apartamento,2.2,3.0,41.0,,0.0,,29.0,75.1333,5.4976,,,Eficiente,parcial,1,0,0,0,0,1,0
5003,679.8,False,17,Comercio,5.5,,138.6,5.0,1.5,844.4,28.0,,4.9048,-0.1949,0.2941,Moderado,parcial,0,0,0,0,1,0,0
5004,404.7,False,7,Casa,3.7,,,,,,,,,,,Moderado,basico,1,0,1,0,0,0,0
5005,513.3,True,12,Casa,7.7,4.0,107.9,2.0,7.3,402.1,30.0,128.325,4.7572,0.2765,0.1667,Ineficiente,avanzado,1,0,1,0,0,1,0
5006,562.9,True,17,Apartamento,7.6,3.0,81.5,2.0,5.0,478.9,31.0,187.6333,6.9067,0.1754,0.1176,Ineficiente,avanzado,1,0,1,1,1,0,0
5007,1055.8,False,31,Comercio,8.4,11.0,,7.0,8.5,1247.4,,95.9818,,-0.1536,0.2258,Moderado,parcial,1,0,1,0,0,0,0
5008,431.1,True,9,Apartamento,9.3,1.0,87.9,1.0,11.0,359.6,31.0,431.1,4.9044,0.1988,0.1111,Ineficiente,avanzado,1,1,1,1,0,0,0
5009,312.4,False,8,Apartamento,1.8,4.0,93.7,2.0,,254.1,30.0,78.1,3.334,0.2294,0.25,Eficiente,parcial,0,0,0,0,1,0,1
5010,408.2,False,11,Casa,6.2,,,,9.4,448.2,,,,-0.0892,,Ineficiente,parcial,0,0,1,1,0,0,0
5011,430.3,True,11,Casa,1.1,7.0,104.5,1.0,1.1,384.7,29.0,61.4714,4.1177,0.1185,0.0909,Eficiente,avanzado,0,0,0,0,0,1,0
5012,316.1,True,10,Apartamento,4.5,2.0,42.7,2.0,5.5,255.4,29.0,158.05,7.4028,0.2377,0.2,Ineficiente,avanzado,0,1,1,0,1,1,0
5013,358.3,False,5,Casa,1.8,,,,,,,,,,,Moderado,basico,0,1,0,0,1,0,0
5014,546.5,True,15,Apartamento,11.1,3.0,65.1,2.0,7.1,724.0,31.0,182.1667,8.3948,-0.2452,0.1333,Ineficiente,avanzado,1,1,1,0,0,1,0
5015,254.0,True,6,Casa,2.5,2.0,130.0,0.0,0.0,272.2,29.0,127.0,1.9538,-0.0669,0.0,Eficiente,avanzado,0,1,0,1,0,0,0
5016,296.2,True,5,Casa,4.5,,,,,,,,,,,Moderado,basico,1,1,0,0,0,0,0
5017,442.0,True,12,Apartamento,7.3,4.0,41.6,,,430.7,28.0,110.5,10.625,0.0262,,Moderado,parcial,1,0,1,0,1,1,0
5018,404.5,True,10,Apartamento,6.2,,,,,,,,,,,Eficiente,basico,1,0,1,1,1,0,0
5019,546.6,True,15,Apartamento,7.6,5.0,38.7,2.0,11.5,624.0,29.0,109.32,14.124,-0.124,0.1333,Ineficiente,avanzado,1,0,1,0,0,1,0
5020,551.1,False,12,Apartamento,4.9,,,,,,,,,,,Moderado,basico,0,0,1,0,0,0,0
5021,917.7,False,23,Oficina,9.9,,,,,,,,,,,Ineficiente,basico,0,0,0,0,0,0,1
5022,723.3,False,18,Comercio,7.3,,,,,,,,,,,Moderado,basico,1,0,0,1,0,0,0
5023,708.1,False,12,Comercio,9.1,4.0,170.3,5.0,5.0,748.0,30.0,177.025,4.158,-0.0533,0.4167,Ineficiente,avanzado,0,1,1,1,0,0,0
5024,391.0,True,9,Apartamento,2.9,,,,,,,,,,,Moderado,basico,1,0,1,1,0,0,0
5025,493.0,False,10,Apartamento,8.3,,,,,,,,,,,Moderado,basico,1,0,1,0,0,0,0
5026,373.5,True,9,Apartamento,6.3,,51.6,,6.4,320.8,,,7.2384,0.1643,,Moderado,parcial,0,0,1,0,1,0,0
5027,350.3,True,7,Apartamento,7.7,2.0,56.8,1.0,1.9,332.4,28.0,175.15,6.1673,0.0539,0.1429,Moderado,avanzado,1,0,0,0,0,0,0
5028,366.5,False,7,Casa,7.3,2.0,,1.0,2.2,,31.0,183.25,,,0.1429,Eficiente,parcial,0,0,0,0,0,0,1
5029,329.8,True,6,Apartamento,5.5,,72.6,,,,,,4.5427,,,Ineficiente,parcial,1,1,0,1,0,1,0
5030,546.9,True,9,Casa,7.0,,,,,,,,,,,Moderado,basico,1,1,0,0,0,1,0
5031,225.7,False,4,Casa,2.1,,,,,,,,,,,Eficiente,basico,0,0,1,0,0,1,0
5032,807.9,False,27,Comercio,10.8,,,,,,,,,,,Eficiente,basico,0,1,1,0,0,0,0
5033,496.4,True,13,Casa,8.8,,,,,,,,,,,Ineficiente,basico,1,0,1,0,0,1,0
5034,383.6,True,8,Apartamento,5.1,3.0,105.6,1.0,6.1,324.0,28.0,127.8667,3.6326,0.184,0.125,Moderado,avanzado,1,0,1,0,1,0,0
5035,259.4,True,3,Apartamento,4.4,,67.1,0.0,0.0,248.7,29.0,,3.8659,0.043,0.0,Eficiente,parcial,1,0,0,0,0,0,0
5036,624.7,False,21,Casa,5.8,,,,,,,,,,,Eficiente,basico,0,0,0,0,0,1,1
5037,1161.7,True,23,Oficina,10.9,,,,,,,,,,,Ineficiente,basico,1,1,1,0,0,1,0
5038,478.9,True,11,Casa,7.1,3.0,123.9,,4.3,600.1,28.0,159.6333,3.8652,-0.202,,Moderado,parcial,1,0,1,0,0,1,0
5039,976.0,True,19,Oficina,9.9,,,,,,31.0,,,,,Ineficiente,parcial,0,1,1,0,1,0,0
5040,1039.7,True,23,Comercio,13.2,8.0,,,11.8,,31.0,129.9625,,,,Ineficiente,parcial,1,1,1,1,0,1,0
5041,437.4,False,14,Casa,3.8,,,,,,,,,,,Eficiente,basico,0,1,0,0,1,0,0
5042,376.8,True,8,Casa,5.4,2.0,171.6,1.0,6.4,348.4,29.0,188.4,2.1958,0.0815,0.125,Moderado,avanzado,1,1,0,0,0,0,0
5043,194.2,False,8,Casa,0.4,1.0,113.0,0.0,2.6,216.3,28.0,194.2,1.7186,-0.1022,0.0,Eficiente,avanzado,0,0,0,0,0,0,1
5044,571.1,True,20,Casa,7.3,,,,,,,,,,,Eficiente,basico,0,0,1,0,0,0,1
5045,587.8,True,23,Casa,7.5,8.0,125.5,2.0,0.0,400.7,29.0,73.475,4.6837,0.4669,0.087,Moderado,avanzado,1,1,1,0,1,1,0
5046,1181.0,False,31,Oficina,9.5,12.0,176.8,10.0,7.4,1310.3,30.0,98.4167,6.6799,-0.0987,0.3226,Moderado,avanzado,0,0,1,0,0,1,0
5047,500.4,False,11,Casa,2.7,5.0,,4.0,2.4,516.8,30.0,100.08,,-0.0317,0.3636,Eficiente,parcial,0,1,0,0,0,1,0
5048,733.6,True,14,Comercio,10.1,,,,,,,,,,,Ineficiente,basico,0,1,1,1,0,0,0
5049,500.4,False,12,Casa,7.6,4.0,121.4,0.0,9.7,558.4,30.0,125.1,4.1219,-0.1039,0.0,Eficiente,avanzado,0,0,1,1,0,0,0
5050,955.6,True,23,Oficina,7.8,10.0,203.5,7.0,0.0,940.2,28.0,95.56,4.6958,0.0164,0.3043,Moderado,avanzado,1,0,0,0,0,0,0
5051,516.4,True,15,Casa,7.3,5.0,179.3,2.0,7.1,572.0,30.0,103.28,2.8801,-0.0972,0.1333,Eficiente,avanzado,1,0,0,0,0,0,0
5052,325.5,False,8,Apartamento,1.4,2.0,86.8,3.0,1.2,349.7,30.0,162.75,3.75,-0.0692,0.375,Moderado,avanzado,0,1,0,0,0,0,0
5053,437.3,True,9,Apartamento,7.9,1.0,81.6,2.0,6.5,430.6,30.0,437.3,5.3591,0.0156,0.2222,Ineficiente,avanzado,1,0,1,1,0,0,0
5054,417.7,True,11,Casa,7.4,,,,,,,,,,,Eficiente,basico,0,0,0,0,1,0,1
5055,1379.8,False,37,Comercio,10.8,,,,,,,,,,,Moderado,basico,0,1,1,1,0,0,0
5056,340.7,False,6,Casa,1.5,3.0,142.6,2.0,4.2,422.6,30.0,113.5667,2.3892,-0.1938,0.3333,Eficiente,avanzado,0,0,0,0,0,1,1
5057,294.4,True,5,Apartamento,5.0,,,,,,28.0,,,,,Ineficiente,parcial,1,1,1,1,0,0,0
5058,177.3,True,6,Apartamento,4.0,1.0,86.6,0.0,0.0,190.8,,177.3,2.0473,-0.0708,0.0,Eficiente,parcial,1,0,0,1,0,1,0
5059,265.6,True,4,Apartamento,2.7,,,1.0,,341.8,29.0,,,-0.2229,0.25,Ineficiente,parcial,0,1,1,1,1,0,0
5060,488.2,True,14,Casa,5.2,,,,,,,,,,,Moderado,basico,0,0,0,0,1,0,0
5061,619.7,True,18,Casa,10.5,5.0,81.6,2.0,10.5,619.3,30.0,123.94,7.5944,0.0006,0.1111,Ineficiente,avanzado,1,0,1,0,0,0,0
5062,262.4,False,6,Casa,0.0,3.0,,0.0,3.1,423.2,,87.4667,,-0.38,0.0,Eficiente,parcial,0,0,0,0,0,0,1
5063,322.9,True,8,Casa,1.8,2.0,76.2,1.0,0.0,331.1,29.0,161.45,4.2375,-0.0248,0.125,Eficiente,avanzado,1,1,0,1,0,1,0
5064,374.7,False,14,Casa,4.9,,,,,,,,,,,Eficiente,basico,0,0,1,0,0,0,1
5065,636.5,True,12,Oficina,8.9,,128.7,3.0,0.0,600.4,,,4.9456,0.0601,0.25,Moderado,parcial,1,1,0,0,0,0,0
5066,296.0,True,6,Apartamento,2.8,,,,,,,,,,,Eficiente,basico,1,0,0,0,0,0,1
5067,299.3,True,11,Apartamento,3.7,2.0,108.9,,4.1,265.5,29.0,149.65,2.7484,0.1273,,Eficiente,parcial,0,0,0,1,0,0,1
5068,311.2,False,8,Casa,3.8,3.0,216.5,1.0,0.0,278.5,30.0,103.7333,1.4374,0.1174,0.125,Eficiente,avanzado,0,0,0,1,0,0,1
5069,410.5,False,12,Casa,7.6,1.0,139.3,2.0,7.6,,30.0,410.5,2.9469,,0.1667,Ineficiente,parcial,1,0,1,1,0,1,0
5070,416.0,False,16,Apartamento,7.4,4.0,72.7,3.0,0.0,323.0,30.0,104.0,5.7221,0.2879,0.1875,Moderado,avanzado,0,0,0,0,1,0,0
5071,679.2,True,16,Casa,9.8,,167.7,2.0,14.0,,,,4.0501,,0.125,Ineficiente,parcial,1,0,1,0,0,0,0
5072,329.9,False,7,Casa,5.2,1.0,99.1,0.0,8.1,278.9,28.0,329.9,3.329,0.1829,0.0,Moderado,avanzado,0,0,1,1,0,0,0
5073,484.2,True,12,Apartamento,8.0,4.0,54.8,,,558.0,30.0,121.05,8.8358,-0.1323,,Ineficiente,parcial,1,0,1,0,0,0,0
5074,498.4,True,9,Apartamento,7.8,,,,,,,,,,,Ineficiente,basico,0,1,1,0,1,0,0
5075,883.4,True,19,Oficina,13.2,,143.4,6.0,,809.3,31.0,,6.1604,0.0916,0.3158,Ineficiente,parcial,1,1,1,1,0,1,0
5076,520.7,True,9,Casa,7.5,5.0,,,11.5,,,104.14,,,,Ineficiente,parcial,1,1,1,0,0,1,0
5077,424.0,False,15,Apartamento,4.4,,,,,,,,,,,Eficiente,basico,0,0,0,0,0,1,1
5078,432.2,False,10,Casa,6.4,,145.1,,,697.1,,,2.9786,-0.38,,Eficiente,parcial,0,1,0,0,0,1,0
5079,460.8,True,7,Casa,6.1,5.0,168.5,2.0,5.5,426.3,28.0,92.16,2.7347,0.0809,0.2857,Moderado,avanzado,0,0,0,1,1,0,0
5080,276.5,True,10,Apartamento,8.0,2.0,40.3,1.0,0.0,271.3,31.0,138.25,6.861,0.0192,0.1,Moderado,avanzado,0,1,0,1,0,0,0
5081,635.9,True,15,Casa,11.4,3.0,107.1,5.0,4.6,822.8,30.0,211.9667,5.9374,-0.2272,0.3333,Ineficiente,avanzado,1,0,0,0,1,1,0
5082,280.5,True,8,Apartamento,2.9,1.0,60.8,0.0,2.3,306.9,30.0,280.5,4.6135,-0.086,0.0,Moderado,avanzado,0,0,0,0,0,0,1
5083,685.7,True,17,Casa,9.7,,,,,,,,,,,Moderado,basico,1,0,1,0,0,0,0
5084,509.8,True,12,Casa,6.6,,,,,414.0,,,,0.2314,,Ineficiente,parcial,1,1,0,1,0,0,0
5085,1233.8,False,33,Oficina,12.9,,,,,,,,,,,Ineficiente,basico,1,1,1,1,1,1,0
5086,497.5,False,15,Casa,7.3,,,,,,,,,,,Eficiente,basico,1,0,0,0,0,0,0
5087,656.1,True,15,Comercio,7.0,,,,,,,,,,,Moderado,basico,0,1,0,0,1,0,0
5088,598.0,False,14,Casa,4.2,,,,,,,,,,,Eficiente,basico,1,1,0,0,0,0,0
5089,1067.2,True,27,Oficina,9.2,,,,,,,,,,,Ineficiente,basico,1,0,0,0,1,0,0
5090,620.9,True,13,Casa,7.7,5.0,96.9,5.0,5.6,710.4,30.0,124.18,6.4076,-0.126,0.3846,Ineficiente,avanzado,1,1,1,0,0,1,0
5091,536.6,True,15,Casa,4.9,6.0,55.8,4.0,7.3,576.5,31.0,89.4333,9.6165,-0.0692,0.2667,Ineficiente,avanzado,0,1,1,0,0,1,0
5092,655.2,True,12,Comercio,6.6,4.0,170.6,4.0,4.9,912.8,30.0,163.8,3.8406,-0.2822,0.3333,Ineficiente,avanzado,1,1,1,1,0,0,0
5093,261.5,False,4,Casa,2.2,1.0,164.0,1.0,0.0,253.8,28.0,261.5,1.5945,0.0303,0.25,Moderado,avanzado,0,0,1,1,0,0,0
5094,529.3,True,8,Casa,7.9,,87.1,,,591.7,,,6.0769,-0.1055,,Ineficiente,parcial,1,1,0,1,0,1,0
5095,1120.4,True,31,Oficina,10.3,9.0,,9.0,,,28.0,124.4889,,,0.2903,Moderado,parcial,0,1,1,1,0,0,0
5096,368.7,True,14,Apartamento,6.1,,,,,,,,,,,Eficiente,basico,1,0,0,0,0,1,0
5097,240.3,True,6,Apartamento,4.5,1.0,35.4,2.0,0.0,179.6,28.0,240.3,6.7881,0.338,0.3333,Ineficiente,avanzado,0,0,0,0,1,0,0
5098,265.0,True,5,Apartamento,5.3,3.0,,,,,,88.3333,,,,Eficiente,parcial,1,0,0,0,1,0,0
5099,699.5,False,16,Comercio,8.5,4.0,148.6,,,604.8,,174.875,4.7073,0.1566,,Ineficiente,parcial,1,1,0,1,0,0,0
5100,630.3,True,18,Comercio,6.8,3.0,95.2,5.0,0.0,881.2,31.0,210.1,6.6208,-0.2847,0.2778,Ineficiente,avanzado,1,0,0,1,0,1,0
5101,304.1,True,9,Apartamento,6.7,2.0,101.0,0.0,2.7,280.1,31.0,152.05,3.0109,0.0857,0.0,Eficiente,avanzado,1,0,1,0,0,0,0
5102,521.6,True,11,Casa,9.1,4.0,,2.0,10.1,441.4,29.0,130.4,,0.1817,0.1818,Moderado,parcial,1,0,1,0,1,1,0
5103,447.6,False,12,Casa,4.5,4.0,,4.0,1.5,,30.0,111.9,,,0.3333,Moderado,parcial,0,0,1,0,0,0,0
5104,270.8,True,9,Apartamento,5.9,,,,,,,,,,,Eficiente,basico,1,0,1,0,1,0,0
5105,566.2,True,13,Comercio,6.9,,177.6,2.0,4.2,,,,3.1881,,0.1538,Moderado,parcial,1,0,0,1,0,0,0
5106,413.4,True,12,Apartamento,6.6,4.0,76.4,1.0,1.5,379.0,28.0,103.35,5.411,0.0908,0.0833,Eficiente,avanzado,0,0,0,0,0,0,1
5107,485.4,True,10,Casa,7.6,,,,,,,,,,,Moderado,basico,0,1,1,1,1,0,0
5108,293.0,False,13,Casa,3.3,3.0,128.8,2.0,0.0,314.9,29.0,97.6667,2.2748,-0.0695,0.1538,Eficiente,avanzado,0,1,0,1,0,1,0
5109,266.9,True,7,Apartamento,3.3,1.0,100.5,0.0,2.6,247.5,28.0,266.9,2.6557,0.0784,0.0,Moderado,avanzado,0,0,0,0,0,0,1
5110,1287.1,True,25,Comercio,15.9,9.0,190.4,,10.4,910.7,31.0,143.0111,6.76,0.4133,,Ineficiente,parcial,0,1,1,0,1,1,0
5111,255.8,True,9,Casa,3.7,,,,,,,,,,,Moderado,basico,1,0,0,1,0,1,0
5112,262.8,False,8,Apartamento,1.0,1.0,,,,248.7,28.0,262.8,,0.0567,,Ineficiente,parcial,0,0,1,0,0,0,0
5113,754.8,True,20,Comercio,7.5,,,,,,,,,,,Ineficiente,basico,1,1,0,1,1,1,0
5114,609.1,True,14,Oficina,8.6,4.0,79.8,4.0,0.0,577.3,30.0,152.275,7.6328,0.0551,0.2857,Ineficiente,avanzado,1,1,0,1,1,0,0
5115,511.5,True,12,Casa,9.7,,,,,,,,,,,Ineficiente,basico,1,0,0,1,1,0,0
5116,838.8,True,19,Oficina,11.9,5.0,123.3,6.0,8.3,635.4,28.0,167.76,6.8029,0.3201,0.3158,Ineficiente,avanzado,1,1,1,0,0,1,0
5117,419.5,True,9,Apartamento,6.7,1.0,76.4,4.0,7.6,425.8,28.0,419.5,5.4908,-0.0148,0.4444,Ineficiente,avanzado,1,1,1,1,0,1,0
5118,577.2,True,13,Comercio,5.4,,,,,,,,,,,Moderado,basico,0,0,0,0,0,0,1
5119,566.0,True,16,Casa,8.8,6.0,133.0,1.0,11.1,524.4,30.0,94.3333,4.2556,0.0793,0.0625,Moderado,avanzado,1,0,1,0,0,0,0
5120,445.4,False,11,Apartamento,5.6,4.0,105.4,,,525.5,30.0,111.35,4.2258,-0.1524,,Moderado,parcial,0,0,0,0,0,0,1
5121,464.8,True,10,Apartamento,3.5,2.0,37.8,2.0,8.7,505.6,31.0,232.4,12.2963,-0.0807,0.2,Ineficiente,avanzado,0,0,0,1,0,1,0
5122,284.5,True,7,Casa,3.5,2.0,149.0,1.0,4.0,245.8,31.0,142.25,1.9094,0.1574,0.1429,Eficiente,avanzado,0,0,1,1,0,1,0
5123,397.2,True,9,Apartamento,4.7,6.0,85.9,1.0,0.0,344.2,30.0,66.2,4.624,0.154,0.1111,Eficiente,avanzado,1,0,0,1,0,1,0
5124,312.1,False,9,Apartamento,3.4,4.0,47.7,1.0,3.7,279.4,30.0,78.025,6.543,0.117,0.1111,Eficiente,avanzado,0,0,1,0,0,0,1
5125,597.5,False,20,Apartamento,6.5,6.0,,,9.7,,31.0,99.5833,,,,Moderado,parcial,0,0,1,0,0,0,0
5126,488.9,True,14,Casa,6.5,6.0,150.6,2.0,0.0,550.8,31.0,81.4833,3.2463,-0.1124,0.1429,Eficiente,avanzado,0,0,0,0,0,1,1
5127,249.3,False,5,Apartamento,3.0,1.0,77.0,0.0,8.8,178.6,30.0,249.3,3.2377,0.3959,0.0,Moderado,avanzado,0,0,1,0,1,0,0
5128,461.0,True,9,Casa,2.9,3.0,,1.0,7.3,,31.0,153.6667,,,0.1111,Ineficiente,parcial,1,0,1,0,0,1,0
5129,969.1,False,23,Oficina,9.1,,,,,,,,,,,Eficiente,basico,0,1,0,1,0,0,0
5130,1300.8,False,32,Oficina,12.8,11.0,155.9,11.0,9.6,1369.0,31.0,118.2545,8.3438,-0.0498,0.3438,Ineficiente,avanzado,0,0,1,0,0,1,0
5131,509.1,True,10,Casa,7.8,2.0,152.0,4.0,6.5,523.4,31.0,254.55,3.3493,-0.0273,0.4,Ineficiente,avanzado,1,1,0,1,0,0,0
5132,290.1,False,13,Casa,2.1,4.0,25.0,1.0,0.7,308.7,29.0,72.525,11.604,-0.0603,0.0769,Eficiente,avanzado,0,0,0,0,0,1,1
5133,313.3,False,4,Casa,1.6,4.0,112.7,,2.9,304.5,31.0,78.325,2.7799,0.0289,,Eficiente,parcial,0,0,1,0,1,0,0
5134,301.3,True,5,Apartamento,2.4,1.0,43.6,0.0,8.9,258.1,28.0,301.3,6.9106,0.1674,0.0,Ineficiente,avanzado,1,0,1,1,0,1,0
5135,809.9,True,16,Comercio,9.2,7.0,245.2,4.0,7.8,690.0,28.0,115.7,3.303,0.1738,0.25,Moderado,avanzado,1,0,0,0,1,0,0
5136,375.0,True,10,Apartamento,4.9,5.0,,,,,30.0,75.0,,,,Eficiente,parcial,1,0,0,1,0,1,0
5137,322.1,True,5,Casa,6.7,1.0,197.1,0.0,5.8,395.5,31.0,322.1,1.6342,-0.1856,0.0,Moderado,avanzado,1,0,1,0,0,0,0
5138,475.7,False,10,Casa,3.0,,,,,,,,,,,Eficiente,basico,0,0,0,0,0,0,1
5139,333.0,True,7,Casa,2.5,,,,,,,,,,,Eficiente,basico,1,0,1,0,0,0,0
5140,887.1,True,24,Comercio,7.6,7.0,235.4,5.0,3.6,964.0,28.0,126.7286,3.7685,-0.0798,0.2083,Moderado,avanzado,1,0,0,0,0,0,0
5141,320.5,True,4,Apartamento,6.6,2.0,55.3,2.0,5.8,292.5,30.0,160.25,5.7957,0.0957,0.5,Ineficiente,avanzado,1,1,1,0,0,1,0
5142,314.0,True,2,Apartamento,8.5,1.0,59.6,1.0,5.8,305.8,30.0,314.0,5.2685,0.0268,0.5,Ineficiente,avanzado,1,0,0,0,0,0,0
5143,431.0,False,7,Casa,4.1,1.0,173.7,1.0,9.0,464.1,29.0,431.0,2.4813,-0.0713,0.1429,Ineficiente,avanzado,0,0,1,1,0,0,0
5144,949.3,True,27,Oficina,10.9,,99.9,6.0,,,28.0,,9.5025,,0.2222,Ineficiente,parcial,1,1,0,1,0,1,0
5145,381.8,True,10,Casa,4.6,4.0,79.3,1.0,3.6,340.7,30.0,95.45,4.8146,0.1206,0.1,Eficiente,avanzado,1,0,0,0,0,0,1
5146,1153.7,True,28,Comercio,11.7,,,9.0,,,,,,,0.3214,Ineficiente,parcial,0,1,1,0,0,1,0
5147,726.6,False,17,Oficina,3.9,9.0,102.7,4.0,1.5,750.8,31.0,80.7333,7.075,-0.0322,0.2353,Eficiente,avanzado,0,0,0,0,0,0,1
5148,134.1,True,3,Apartamento,3.3,,,,,,,,,,,Eficiente,basico,0,0,0,0,0,0,1
5149,990.6,True,23,Oficina,9.4,,,,,,,,,,,Ineficiente,basico,1,1,0,1,0,1,0
5150,482.8,False,9,Casa,2.7,6.0,110.8,4.0,0.0,468.0,31.0,80.4667,4.3574,0.0316,0.4444,Eficiente,avanzado,0,0,0,0,0,0,1
5151,268.4,False,6,Apartamento,5.0,,,1.0,2.0,,31.0,,,,0.1667,Eficiente,parcial,0,0,0,0,0,0,1
5152,552.0,True,7,Casa,9.0,3.0,149.2,3.0,11.7,455.4,28.0,184.0,3.6997,0.2121,0.4286,Ineficiente,avanzado,1,0,0,1,1,0,0
5153,258.5,True,2,Apartamento,6.4,,,,,,,,,,,Ineficiente,basico,1,0,1,1,1,0,0
5154,446.1,True,12,Casa,6.6,,,,,,,,,,,Eficiente,basico,1,1,0,0,0,0,0
5155,517.7,True,15,Casa,6.2,6.0,95.1,1.0,9.1,471.7,31.0,86.2833,5.4437,0.0975,0.0667,Moderado,avanzado,1,0,1,0,1,0,0
5156,477.8,False,13,Casa,5.3,9.0,74.7,,4.2,,28.0,53.0889,6.3963,,,Eficiente,parcial,0,0,0,0,0,0,1
5157,437.0,True,10,Casa,7.9,2.0,119.1,,,363.6,,218.5,3.6692,0.2019,,Ineficiente,parcial,1,0,1,1,0,0,0
5158,381.7,True,9,Apartamento,3.4,3.0,85.6,2.0,0.0,365.1,30.0,127.2333,4.4591,0.0455,0.2222,Moderado,avanzado,0,0,0,0,0,1,0
5159,356.0,True,7,Apartamento,8.3,,,,,,,,,,,Moderado,basico,1,0,0,0,0,0,0
5160,676.5,True,20,Casa,7.9,6.0,177.3,4.0,1.9,583.3,31.0,112.75,3.8156,0.1598,0.2,Moderado,avanzado,1,0,1,0,0,1,0
5161,1110.9,True,29,Oficina,11.4,,,,4.2,993.5,,,,0.1182,,Ineficiente,parcial,1,0,1,0,0,0,0
5162,1015.3,False,24,Oficina,9.4,9.0,156.4,10.0,0.0,818.2,31.0,112.8111,6.4917,0.2409,0.4167,Ineficiente,avanzado,1,1,0,1,1,1,0
5163,431.5,True,7,Casa,6.8,1.0,156.3,,6.5,341.4,29.0,431.5,2.7607,0.2639,,Ineficiente,parcial,1,0,1,0,1,0,0
5164,522.9,False,8,Casa,5.4,,76.7,,,,28.0,,6.8175,,,Ineficiente,parcial,0,1,1,1,1,1,0
5165,255.4,False,6,Apartamento,5.1,,,,,,,,,,,Ineficiente,basico,0,1,0,1,1,0,0
5166,274.7,True,7,Apartamento,6.6,,,,,,,,,,,Moderado,basico,0,0,0,1,1,1,0
5167,295.1,False,4,Casa,0.0,,,,,,,,,,,Moderado,basico,0,1,1,0,0,0,0
5168,924.3,False,33,Comercio,10.0,8.0,101.4,6.0,6.0,881.3,31.0,115.5375,9.1154,0.0488,0.1818,Moderado,avanzado,0,0,1,0,0,1,0
5169,712.9,True,20,Casa,11.0,5.0,138.4,3.0,9.1,845.8,29.0,142.58,5.151,-0.1571,0.15,Moderado,avanzado,1,1,0,0,0,0,0
5170,405.6,True,8,Casa,5.5,4.0,128.1,2.0,0.0,462.9,29.0,101.4,3.1663,-0.1238,0.25,Eficiente,avanzado,1,0,1,0,0,0,0
5171,342.7,False,10,Apartamento,1.4,5.0,92.4,1.0,0.0,363.1,30.0,68.54,3.7089,-0.0562,0.1,Eficiente,avanzado,0,0,0,0,0,0,1
5172,346.6,True,11,Apartamento,4.9,,,,,,,,,,,Moderado,basico,0,0,0,0,0,1,0
5173,984.9,True,23,Comercio,12.9,7.0,193.0,6.0,6.8,842.8,28.0,140.7,5.1031,0.1686,0.2609,Ineficiente,avanzado,1,1,0,1,0,0,0
5174,592.7,True,14,Casa,4.6,,90.1,,2.1,,,,6.5782,,,Ineficiente,parcial,1,0,0,0,0,1,0
5175,338.5,False,6,Casa,3.2,5.0,94.5,2.0,0.0,316.6,29.0,67.7,3.582,0.0692,0.3333,Eficiente,avanzado,0,0,0,0,0,1,0
5176,478.1,True,10,Casa,4.5,6.0,129.0,1.0,0.0,,30.0,79.6833,3.7062,,0.1,Eficiente,parcial,1,0,0,0,0,0,0
5177,409.4,True,7,Casa,5.0,2.0,185.2,0.0,8.6,411.0,28.0,204.7,2.2106,-0.0039,0.0,Moderado,avanzado,1,0,1,0,0,0,0
5178,367.8,True,9,Casa,5.2,2.0,99.7,0.0,7.3,274.7,28.0,183.9,3.6891,0.3389,0.0,Moderado,avanzado,1,0,1,0,0,0,0
5179,265.1,True,6,Apartamento,5.9,,,,,,,,,,,Ineficiente,basico,1,0,1,1,1,0,0
5180,384.8,True,14,Apartamento,6.9,,,,,,,,,,,Moderado,basico,0,1,0,0,0,0,0
5181,306.0,True,10,Apartamento,5.9,,,,,,,,,,,Eficiente,basico,1,0,1,0,0,0,0
5182,575.5,True,13,Casa,8.2,4.0,213.5,2.0,7.2,683.0,31.0,143.875,2.6956,-0.1574,0.1538,Moderado,avanzado,1,0,0,1,0,0,0
5183,335.2,False,6,Casa,4.6,2.0,151.3,1.0,10.1,265.9,30.0,167.6,2.2155,0.2606,0.1667,Moderado,avanzado,0,0,1,0,0,0,0
5184,505.4,True,11,Apartamento,8.0,,,,,,,,,,,Ineficiente,basico,1,1,0,0,1,1,0
5185,532.4,True,10,Casa,7.1,,,3.0,,,29.0,,,,0.3,Ineficiente,parcial,1,1,0,0,1,0,0
5186,637.6,True,17,Comercio,4.9,6.0,262.4,1.0,0.0,543.7,31.0,106.2667,2.4299,0.1727,0.0588,Eficiente,avanzado,0,0,0,1,0,0,1
5187,577.4,False,10,Casa,7.1,,,,,,,,,,,Ineficiente,basico,0,1,1,1,0,1,0
5188,237.0,True,5,Apartamento,6.3,1.0,72.5,1.0,3.0,244.1,31.0,237.0,3.269,-0.0291,0.2,Moderado,avanzado,1,0,0,0,0,0,0
5189,646.4,True,17,Oficina,7.7,5.0,125.5,5.0,0.0,583.9,28.0,129.28,5.1506,0.107,0.2941,Moderado,avanzado,1,1,0,0,0,0,0
5190,531.2,True,11,Apartamento,5.9,4.0,94.7,1.0,12.1,446.0,29.0,132.8,5.6093,0.191,0.0909,Moderado,avanzado,1,0,1,0,0,0,0
5191,454.9,True,12,Apartamento,4.1,3.0,65.4,2.0,8.3,579.2,29.0,151.6333,6.9557,-0.2146,0.1667,Moderado,avanzado,1,1,1,0,0,0,0
5192,352.7,False,9,Apartamento,5.4,2.0,98.9,1.0,5.2,266.9,29.0,176.35,3.5662,0.3215,0.1111,Moderado,avanzado,0,0,0,1,1,0,0
5193,426.5,False,11,Casa,2.3,3.0,179.6,2.0,1.3,384.2,31.0,142.1667,2.3747,0.1101,0.1818,Eficiente,avanzado,0,0,0,0,0,0,1
5194,394.0,False,13,Apartamento,2.8,2.0,92.7,2.0,0.0,321.8,29.0,197.0,4.2503,0.2244,0.1538,Moderado,avanzado,0,0,0,1,0,0,0
5195,880.1,True,23,Oficina,7.8,12.0,134.2,4.0,4.9,712.4,29.0,73.3417,6.5581,0.2354,0.1739,Moderado,avanzado,1,0,1,0,0,1,0
5196,789.0,False,22,Oficina,5.7,7.0,77.9,5.0,2.5,901.8,30.0,112.7143,10.1284,-0.1251,0.2273,Moderado,avanzado,0,1,0,0,0,1,0
5197,395.6,False,11,Apartamento,3.6,7.0,72.6,3.0,0.0,434.6,31.0,56.5143,5.449,-0.0897,0.2727,Eficiente,avanzado,0,0,0,0,0,0,1
5198,422.0,True,7,Casa,7.4,1.0,106.9,1.0,14.0,393.8,31.0,422.0,3.9476,0.0716,0.1429,Ineficiente,avanzado,1,0,1,1,0,0,0
5199,632.3,True,17,Comercio,6.5,3.0,116.7,6.0,0.0,628.7,30.0,210.7667,5.4182,0.0057,0.3529,Ineficiente,avanzado,1,1,1,0,0,0,0
5200,423.0,False,12,Apartamento,3.1,,,,,,,,,,,Eficiente,basico,0,0,0,0,0,0,1
5201,584.0,True,10,Casa,5.2,5.0,155.1,4.0,0.0,481.4,31.0,116.8,3.7653,0.2131,0.4,Moderado,avanzado,1,1,0,0,0,0,0
5202,317.0,True,6,Casa,4.8,2.0,108.8,1.0,5.4,403.1,30.0,158.5,2.9136,-0.2136,0.1667,Moderado,avanzado,0,0,0,1,0,0,0
5203,362.9,False,8,Casa,4.5,4.0,77.3,4.0,0.0,369.6,28.0,90.725,4.6947,-0.0181,0.5,Moderado,avanzado,0,0,0,0,0,0,1
5204,207.3,False,7,Apartamento,3.8,2.0,55.0,0.0,4.8,175.4,31.0,103.65,3.7691,0.1819,0.0,Eficiente,avanzado,0,0,1,0,0,0,1
5205,421.2,True,12,Casa,3.4,6.0,206.0,1.0,2.0,527.4,28.0,70.2,2.0447,-0.2014,0.0833,Eficiente,avanzado,1,0,0,0,0,0,0
5206,262.7,False,8,Casa,4.7,4.0,158.0,1.0,1.4,,30.0,65.675,1.6627,,0.125,Eficiente,parcial,0,0,0,0,1,0,0
5207,471.1,True,8,Casa,3.6,4.0,94.8,3.0,4.0,383.4,29.0,117.775,4.9694,0.2287,0.375,Ineficiente,avanzado,0,0,1,0,0,1,0
5208,658.5,False,14,Oficina,5.9,,206.9,5.0,0.0,754.4,,,3.1827,-0.1271,0.3571,Eficiente,parcial,0,1,0,0,0,1,0
5209,343.4,True,6,Casa,5.6,2.0,124.9,0.0,10.1,300.3,28.0,171.7,2.7494,0.1435,0.0,Moderado,avanzado,1,0,1,1,0,0,0
5210,302.5,False,7,Casa,5.8,,,,,,,,,,,Moderado,basico,0,0,0,0,1,0,0
5211,331.9,True,8,Apartamento,3.9,2.0,,2.0,0.0,293.1,28.0,165.95,,0.1324,0.25,Moderado,parcial,0,0,0,1,0,0,0
5212,442.7,False,7,Casa,3.6,,158.8,,,,,,2.7878,,,Eficiente,parcial,0,0,1,1,0,0,0
5213,751.2,False,17,Oficina,7.9,5.0,185.2,4.0,9.8,664.0,28.0,150.24,4.0562,0.1313,0.2353,Moderado,avanzado,0,0,1,0,0,0,0
5214,731.5,False,23,Oficina,7.1,,216.3,,,,,,3.3819,,,Eficiente,parcial,0,0,0,0,0,0,1
5215,440.9,False,9,Casa,6.3,2.0,116.6,4.0,0.0,410.4,28.0,220.45,3.7813,0.0743,0.4444,Ineficiente,avanzado,0,1,0,1,0,0,0
5216,314.3,False,8,Apartamento,4.4,4.0,111.6,1.0,4.4,263.1,31.0,78.575,2.8163,0.1946,0.125,Eficiente,avanzado,0,0,1,0,0,0,1
5217,605.1,False,18,Casa,9.3,,,,,,,,,,,Eficiente,basico,0,1,0,0,0,0,0
5218,367.2,True,4,Casa,3.6,,,,,,,,,,,Ineficiente,basico,1,1,0,1,0,0,0
5219,421.0,False,10,Casa,6.1,3.0,135.4,3.0,0.0,510.0,30.0,140.3333,3.1093,-0.1745,0.3,Eficiente,avanzado,0,0,0,1,0,1,0
5220,430.9,False,10,Casa,3.7,6.0,173.7,1.0,0.0,531.7,31.0,71.8167,2.4807,-0.1896,0.1,Eficiente,avanzado,0,0,0,1,0,0,1
5221,331.3,True,7,Casa,6.1,,121.1,,,512.5,,,2.7358,-0.3536,,Moderado,parcial,1,0,1,0,0,1,0
5222,436.1,True,10,Apartamento,3.6,4.0,,1.0,4.4,451.1,30.0,109.025,,-0.0333,0.1,Eficiente,parcial,1,0,0,0,0,0,1
5223,299.7,False,10,Casa,5.4,3.0,190.7,1.0,5.2,339.5,31.0,99.9,1.5716,-0.1172,0.1,Eficiente,avanzado,0,0,1,1,0,0,0
5224,279.7,False,4,Casa,1.9,,136.7,1.0,,280.0,,,2.0461,-0.0011,0.25,Moderado,parcial,0,0,0,0,0,0,1
5225,305.9,True,8,Apartamento,3.9,,,,,,,,,,,Eficiente,basico,0,0,0,1,0,0,1
5226,152.0,True,2,Apartamento,2.9,1.0,102.0,0.0,0.0,162.2,28.0,152.0,1.4902,-0.0629,0.0,Eficiente,avanzado,1,0,0,1,0,0,0
5227,369.9,True,9,Casa,5.8,4.0,47.0,2.0,0.0,312.9,28.0,92.475,7.8702,0.1822,0.2222,Moderado,avanzado,1,1,0,0,1,1,0
5228,524.8,True,8,Casa,8.3,5.0,166.1,2.0,7.3,462.4,28.0,104.96,3.1595,0.1349,0.25,Moderado,avanzado,1,1,1,0,0,0,0
5229,474.8,True,8,Casa,5.5,,100.4,0.0,8.6,,31.0,,4.7291,,0.0,Eficiente,parcial,1,0,1,1,0,0,0
5230,336.9,False,9,Casa,3.3,3.0,187.8,3.0,0.0,480.7,30.0,112.3,1.7939,-0.2991,0.3333,Eficiente,avanzado,1,1,0,0,0,1,0
5231,552.6,True,15,Comercio,7.1,2.0,79.1,4.0,0.0,529.5,,276.3,6.9861,0.0436,0.2667,Ineficiente,parcial,1,0,0,0,0,1,0
5232,1457.2,False,39,Oficina,12.1,13.0,113.2,16.0,0.0,1679.0,28.0,112.0923,12.8728,-0.1321,0.4103,Ineficiente,avanzado,0,1,1,0,0,1,0
5233,565.2,False,18,Casa,4.3,4.0,153.4,3.0,1.8,473.7,30.0,141.3,3.6845,0.1932,0.1667,Eficiente,avanzado,0,1,0,0,1,0,0
5234,488.2,False,17,Casa,6.9,2.0,160.3,5.0,0.0,436.1,29.0,244.1,3.0455,0.1195,0.2941,Moderado,avanzado,0,0,0,0,0,0,1
5235,383.1,False,15,Apartamento,4.9,,,,,,,,,,,Ineficiente,basico,0,0,1,1,0,0,0
5236,509.6,True,6,Apartamento,8.2,,70.0,3.0,,441.2,,,7.28,0.155,0.5,Ineficiente,parcial,0,1,1,1,1,0,0
5237,720.0,True,15,Casa,8.1,6.0,175.0,4.0,7.5,666.0,30.0,120.0,4.1143,0.0811,0.2667,Moderado,avanzado,1,0,1,1,1,0,0
5238,493.6,False,7,Casa,3.8,6.0,177.3,1.0,7.5,413.1,,82.2667,2.784,0.1949,0.1429,Eficiente,parcial,0,0,0,0,0,0,1
5239,346.4,True,11,Apartamento,7.8,,,0.0,6.2,369.5,30.0,,,-0.0625,0.0,Eficiente,parcial,0,0,1,1,0,0,0
5240,498.5,False,10,Apartamento,3.6,,,,,,,,,,,Ineficiente,basico,0,1,0,0,1,0,0
5241,525.1,False,20,Casa,5.7,3.0,77.5,3.0,0.0,469.1,28.0,175.0333,6.7755,0.1194,0.15,Moderado,avanzado,0,0,0,1,0,0,0
5242,186.4,False,6,Casa,1.5,,,,,,,,,,,Eficiente,basico,0,0,0,0,0,0,1
5243,617.5,True,16,Casa,7.5,,,3.0,,,,,,,0.1875,Moderado,parcial,0,1,0,0,0,0,0
5244,522.8,False,14,Casa,5.7,7.0,141.4,,3.0,,,74.6857,3.6973,,,Eficiente,parcial,0,0,0,0,0,1,0
5245,582.8,True,21,Apartamento,8.6,7.0,55.8,1.0,8.3,543.9,29.0,83.2571,10.4444,0.0715,0.0476,Ineficiente,avanzado,1,0,1,0,0,1,0
5246,514.7,True,9,Apartamento,7.3,2.0,120.9,5.0,6.0,570.9,30.0,257.35,4.2572,-0.0984,0.5556,Ineficiente,avanzado,1,1,0,1,0,0,0
5247,550.9,True,13,Apartamento,7.5,,,,,,,,,,,Ineficiente,basico,1,0,1,0,0,1,0
5248,624.0,True,12,Casa,7.9,5.0,171.9,2.0,9.5,586.9,29.0,124.8,3.63,0.0632,0.1667,Moderado,avanzado,1,0,1,0,0,0,0
5249,654.8,False,21,Casa,7.6,7.0,144.1,4.0,2.7,642.0,31.0,93.5429,4.5441,0.0199,0.1905,Eficiente,avanzado,0,0,0,1,1,1,0
5250,800.9,True,15,Comercio,10.3,3.0,194.1,6.0,9.5,761.5,29.0,266.9667,4.1262,0.0517,0.4,Ineficiente,avanzado,1,1,1,0,0,0,0
5251,191.7,True,8,Apartamento,4.6,,,,,,,,,,,Eficiente,basico,1,0,1,0,0,0,0
5252,364.2,True,9,Casa,3.9,2.0,128.6,2.0,0.0,388.4,29.0,182.1,2.832,-0.0623,0.2222,Moderado,avanzado,1,0,0,1,0,0,0
5253,279.4,False,12,Casa,3.4,4.0,147.3,1.0,0.0,279.5,28.0,69.85,1.8968,-0.0004,0.0833,Eficiente,avanzado,0,0,0,0,0,0,1
5254,721.0,False,17,Comercio,7.0,4.0,159.7,6.0,6.5,1162.9,28.0,180.25,4.5147,-0.38,0.3529,Moderado,avanzado,0,0,1,0,0,1,0
5255,735.5,False,18,Comercio,8.9,,,8.0,,599.9,,,,0.226,0.4444,Ineficiente,parcial,0,1,1,0,1,1,0
5256,868.3,True,16,Comercio,7.5,,,7.0,,,,,,,0.4375,Moderado,parcial,1,1,0,0,0,0,0
5257,376.2,True,9,Apartamento,3.7,,,0.0,0.0,391.7,,,,-0.0396,0.0,Eficiente,parcial,0,0,0,0,0,0,1
5258,315.0,False,10,Apartamento,6.1,1.0,78.8,2.0,0.0,263.5,28.0,315.0,3.9975,0.1954,0.2,Ineficiente,avanzado,0,0,0,1,0,1,0
5259,174.5,True,3,Apartamento,3.3,,,,,,,,,,,Moderado,basico,1,0,0,0,1,0,0
5260,478.4,True,8,Casa,2.8,,,,,,,,,,,Moderado,basico,1,0,0,1,0,0,0
5261,429.5,True,13,Apartamento,9.2,,,,,,,,,,,Ineficiente,basico,1,1,0,1,0,0,0
5262,206.4,False,6,Apartamento,3.0,,,,,,,,,,,Eficiente,basico,0,1,0,1,0,0,0
5263,362.3,False,6,Casa,3.9,2.0,170.7,2.0,6.4,345.2,29.0,181.15,2.1224,0.0495,0.3333,Moderado,avanzado,0,1,1,0,0,0,0
5264,918.9,True,20,Oficina,7.5,12.0,167.2,3.0,4.2,712.4,30.0,76.575,5.4958,0.2899,0.15,Moderado,avanzado,1,0,0,0,1,0,0
5265,469.8,True,15,Casa,5.4,7.0,92.6,1.0,2.0,524.2,29.0,67.1143,5.0734,-0.1038,0.0667,Eficiente,avanzado,1,0,0,0,0,0,1
5266,597.1,False,16,Casa,7.9,,,,,,,,,,,Eficiente,basico,0,0,0,0,0,0,1
5267,333.9,False,5,Casa,3.2,1.0,147.4,,6.1,270.3,28.0,333.9,2.2653,0.2353,,Ineficiente,parcial,0,0,1,1,1,1,0
5268,717.5,False,20,Comercio,6.2,7.0,109.3,4.0,4.6,1157.3,30.0,102.5,6.5645,-0.38,0.2,Moderado,avanzado,0,1,0,0,0,1,0
5269,1092.0,True,27,Oficina,11.2,8.0,168.5,10.0,2.2,850.9,29.0,136.5,6.4807,0.2833,0.3704,Ineficiente,avanzado,1,1,0,0,1,1,0
5270,279.2,False,7,Apartamento,1.4,2.0,86.2,0.0,7.5,341.3,28.0,139.6,3.239,-0.182,0.0,Eficiente,avanzado,0,0,1,0,0,0,0
5271,752.8,False,21,Oficina,6.7,,140.8,7.0,0.0,,,,5.3466,,0.3333,Moderado,parcial,1,1,0,0,0,0,0
5272,928.7,True,23,Comercio,11.7,,188.8,6.0,5.5,1107.0,28.0,,4.919,-0.1611,0.2609,Ineficiente,parcial,0,1,1,0,0,0,0
5273,881.8,False,25,Comercio,9.4,5.0,,9.0,,868.6,31.0,176.36,,0.0152,0.36,Moderado,parcial,0,1,0,1,0,1,0
5274,859.6,True,23,Comercio,10.1,,221.7,,2.0,902.7,28.0,,3.8773,-0.0477,,Moderado,parcial,1,0,0,0,0,0,0
5275,507.3,False,11,Casa,4.9,4.0,,,,511.2,,126.825,,-0.0076,,Eficiente,parcial,0,0,1,0,0,0,1
5276,653.3,False,12,Comercio,2.9,7.0,148.2,5.0,2.1,735.5,28.0,93.3286,4.4082,-0.1118,0.4167,Moderado,avanzado,0,1,0,0,0,0,0
5277,247.0,False,4,Apartamento,3.7,,,,,,,,,,,Ineficiente,basico,0,0,0,1,0,1,0
5278,384.7,True,10,Apartamento,3.4,4.0,106.6,2.0,0.0,393.2,31.0,96.175,3.6088,-0.0216,0.2,Eficiente,avanzado,1,1,0,0,0,0,0
5279,550.8,True,15,Casa,4.1,5.0,161.5,4.0,0.0,479.1,31.0,110.16,3.4105,0.1497,0.2667,Moderado,avanzado,1,0,1,0,0,0,0
5280,420.1,True,11,Apartamento,3.2,6.0,70.2,0.0,0.0,383.3,30.0,70.0167,5.9843,0.096,0.0,Eficiente,avanzado,1,0,0,0,0,0,1
5281,861.6,False,25,Oficina,7.0,10.0,147.7,7.0,0.0,845.1,28.0,86.16,5.8334,0.0195,0.28,Eficiente,avanzado,1,1,0,0,0,0,0
5282,318.5,False,8,Casa,1.1,4.0,205.0,,0.0,288.1,29.0,79.625,1.5537,0.1055,,Eficiente,parcial,0,0,0,0,0,0,1
5283,1010.6,False,28,Oficina,9.9,8.0,,,2.1,969.5,,126.325,,0.0424,,Moderado,parcial,1,1,0,0,0,0,0
5284,541.8,True,16,Casa,9.7,5.0,141.4,2.0,0.0,732.2,30.0,108.36,3.8317,-0.26,0.125,Eficiente,avanzado,1,0,0,0,0,0,1
5285,301.2,False,7,Casa,3.5,2.0,182.9,0.0,5.6,276.6,31.0,150.6,1.6468,0.0889,0.0,Eficiente,avanzado,0,0,0,0,0,0,1
5286,333.3,True,6,Casa,4.1,3.0,112.2,1.0,5.3,343.4,28.0,111.1,2.9706,-0.0294,0.1667,Eficiente,avanzado,1,0,0,0,0,0,0
5287,1014.6,False,32,Comercio,10.2,,,,,,,,,,,Moderado,basico,0,1,0,0,0,0,0
5288,433.6,True,10,Apartamento,7.4,,123.0,2.0,,504.2,28.0,,3.5252,-0.14,0.2,Moderado,parcial,1,1,0,1,1,0,0
5289,464.3,True,11,Casa,2.8,,162.4,,,,,,2.859,,,Eficiente,parcial,1,1,1,0,0,1,0
5290,427.5,False,5,Apartamento,3.2,,,,,,,,,,,Ineficiente,basico,0,1,0,1,0,0,0
5291,402.1,True,10,Casa,5.9,4.0,,3.0,,,30.0,100.525,,,0.3,Moderado,parcial,1,0,0,0,0,0,0
5292,387.5,False,6,Apartamento,5.2,4.0,66.6,1.0,9.2,333.7,28.0,96.875,5.8183,0.1612,0.1667,Moderado,avanzado,0,0,1,0,0,0,0
5293,772.7,False,15,Comercio,6.3,,,,,,,,,,,Ineficiente,basico,0,1,1,1,1,0,0
5294,377.9,True,12,Apartamento,3.5,,34.1,,0.0,359.5,28.0,,11.0821,0.0512,,Ineficiente,parcial,1,1,1,1,0,1,0
5295,934.6,True,17,Comercio,10.5,6.0,176.2,7.0,9.0,672.9,31.0,155.7667,5.3042,0.3889,0.4118,Ineficiente,avanzado,1,1,0,1,1,1,0
5296,412.2,True,15,Apartamento,4.6,,102.7,,0.0,370.9,31.0,,4.0136,0.1114,,Eficiente,parcial,1,0,0,1,0,0,0
5297,812.9,False,23,Oficina,2.1,11.0,172.0,4.0,0.0,862.4,29.0,73.9,4.7262,-0.0574,0.1739,Eficiente,avanzado,1,0,0,0,0,0,0
5298,529.0,False,15,Casa,5.1,5.0,46.7,3.0,0.0,701.1,31.0,105.8,11.3276,-0.2455,0.2,Moderado,avanzado,0,0,0,0,0,0,1
5299,510.0,True,15,Casa,7.2,,78.5,,5.9,,,,6.4968,,,Moderado,parcial,1,0,1,0,0,1,0
5300,346.1,False,11,Casa,3.8,3.0,130.2,3.0,0.0,384.8,28.0,115.3667,2.6582,-0.1006,0.2727,Eficiente,avanzado,0,1,0,0,0,0,1
5301,498.5,False,12,Apartamento,9.3,4.0,89.4,3.0,9.5,523.6,31.0,124.625,5.5761,-0.0479,0.25,Moderado,avanzado,0,1,1,1,0,0,0
5302,287.0,True,8,Apartamento,5.1,3.0,90.3,1.0,0.0,205.3,31.0,95.6667,3.1783,0.398,0.125,Moderado,avanzado,1,0,0,0,1,0,0
5303,374.6,False,16,Apartamento,4.5,5.0,77.9,,,,,74.92,4.8087,,,Eficiente,parcial,0,1,0,0,0,0,0
5304,394.4,True,5,Casa,7.0,2.0,165.7,0.0,4.8,438.8,29.0,197.2,2.3802,-0.1012,0.0,Eficiente,avanzado,1,0,0,0,0,0,1
5305,346.2,True,8,Casa,7.5,2.0,,,,343.6,,173.1,,0.0076,,Eficiente,parcial,1,0,1,1,0,0,0
5306,183.2,True,3,Apartamento,4.6,2.0,74.9,0.0,0.0,201.7,28.0,91.6,2.4459,-0.0917,0.0,Eficiente,avanzado,1,0,0,0,0,0,1
5307,1009.9,True,23,Oficina,10.1,9.0,170.8,4.0,12.8,965.7,28.0,112.2111,5.9128,0.0458,0.1739,Ineficiente,avanzado,1,1,1,0,0,0,0
5308,586.8,False,19,Casa,7.7,4.0,107.8,4.0,4.8,624.8,28.0,146.7,5.4434,-0.0608,0.2105,Moderado,avanzado,1,0,0,0,0,0,0
5309,467.3,True,13,Casa,7.2,4.0,161.7,0.0,4.5,428.1,31.0,116.825,2.8899,0.0916,0.0,Eficiente,avanzado,0,0,0,0,0,0,1
5310,469.3,True,18,Casa,2.7,5.0,,3.0,0.0,474.9,29.0,93.86,,-0.0118,0.1667,Eficiente,parcial,1,0,0,0,0,0,1
5311,406.0,True,12,Apartamento,3.4,3.0,89.7,2.0,0.0,315.7,28.0,135.3333,4.5262,0.286,0.1667,Moderado,avanzado,1,0,0,0,1,0,0
5312,206.6,True,3,Casa,4.1,1.0,154.4,0.0,0.0,168.5,31.0,206.6,1.3381,0.2261,0.0,Eficiente,avanzado,1,0,0,1,1,0,0
5313,497.0,True,8,Casa,5.7,4.0,122.4,5.0,0.0,541.4,,124.25,4.0605,-0.082,0.625,Ineficiente,parcial,1,1,0,0,0,0,0
5314,420.1,False,18,Apartamento,6.3,,,,,447.9,31.0,,,-0.0621,,Eficiente,parcial,0,0,0,0,0,0,1
5315,539.8,True,13,Casa,8.1,,199.8,,,,,,2.7017,,,Moderado,parcial,1,1,0,0,0,1,0
5316,228.8,False,7,Casa,1.4,,,,,,,,,,,Eficiente,basico,0,1,0,0,0,0,1
5317,376.3,True,8,Casa,4.4,,,0.0,,,31.0,,,,0.0,Eficiente,parcial,0,1,0,0,1,0,0
5318,664.1,False,16,Oficina,6.6,,,,,,28.0,,,,,Eficiente,parcial,0,0,1,1,0,0,0
5319,203.0,False,5,Casa,3.5,4.0,,0.0,0.0,,29.0,50.75,,,0.0,Eficiente,parcial,0,0,0,0,1,0,0
5320,423.6,True,7,Casa,6.7,3.0,168.6,1.0,4.8,363.1,29.0,141.2,2.5125,0.1666,0.1429,Moderado,avanzado,1,1,0,0,1,0,0
5321,493.7,True,17,Casa,3.5,,,,,,,,,,,Eficiente,basico,1,1,0,0,0,1,0
5322,215.7,True,10,Apartamento,1.1,,,1.0,,169.1,,,,0.2756,0.1,Moderado,parcial,1,0,0,0,1,0,0
5323,605.7,False,15,Comercio,3.8,,,,,,,,,,,Ineficiente,basico,0,0,1,0,1,1,0
5324,392.3,False,7,Casa,6.7,1.0,195.7,3.0,5.4,,28.0,392.3,2.0046,,0.4286,Ineficiente,parcial,0,0,1,1,0,0,0
5325,337.1,True,6,Casa,3.6,,,,,,,,,,,Moderado,basico,1,0,1,1,0,0,0
5326,233.4,True,4,Casa,7.3,,,,,,,,,,,Moderado,basico,0,1,0,0,0,0,0
5327,488.0,False,9,Apartamento,4.0,4.0,58.5,3.0,10.7,508.9,29.0,122.0,8.3419,-0.0411,0.3333,Ineficiente,avanzado,0,1,1,0,0,0,0
5328,1070.6,True,21,Oficina,9.6,,,,8.0,,,,,,,Ineficiente,parcial,1,1,1,0,0,1,0
5329,142.6,True,5,Apartamento,2.7,,72.5,1.0,0.0,,31.0,,1.9669,,0.2,Eficiente,parcial,1,0,0,0,0,1,0
5330,460.6,True,13,Casa,4.3,,,,,,,,,,,Eficiente,basico,0,0,0,1,0,0,0
5331,829.7,True,13,Comercio,7.3,,,,,,,,,,,Ineficiente,basico,1,1,1,1,0,0,0
5332,965.5,False,22,Comercio,10.1,5.0,210.4,10.0,4.2,724.4,29.0,193.1,4.5889,0.3328,0.4545,Ineficiente,avanzado,0,1,1,1,1,1,0
5333,344.6,True,5,Casa,4.2,,121.0,1.0,1.3,256.3,29.0,,2.8479,0.3445,0.2,Moderado,parcial,1,0,0,0,0,0,0
5334,474.0,False,8,Casa,3.4,,,,,,,,,,,Moderado,basico,0,1,1,1,1,1,0
5335,492.3,True,12,Casa,6.3,4.0,87.7,1.0,5.4,449.5,29.0,123.075,5.6135,0.0952,0.0833,Moderado,avanzado,0,0,0,0,1,0,0
5336,642.2,True,16,Comercio,6.1,3.0,244.1,5.0,0.0,529.9,29.0,214.0667,2.6309,0.2119,0.3125,Ineficiente,avanzado,1,1,0,1,1,1,0
5337,331.1,True,11,Apartamento,6.5,,,,,,,,,,,Moderado,basico,1,0,0,1,0,0,0
5338,369.5,False,12,Apartamento,6.2,,82.2,,9.3,,31.0,,4.4951,,,Moderado,parcial,0,0,1,1,0,0,0
5339,735.2,True,19,Comercio,8.6,5.0,195.5,5.0,0.0,550.3,31.0,147.04,3.7606,0.336,0.2632,Ineficiente,avanzado,1,1,0,0,0,0,0
5340,330.6,True,9,Casa,5.3,,,,,,,,,,,Moderado,basico,0,1,0,0,0,0,0
5341,559.9,True,13,Casa,7.1,6.0,121.4,,,,30.0,93.3167,4.612,,,Moderado,parcial,1,0,1,1,0,0,0
5342,582.0,False,15,Casa,5.5,6.0,,2.0,,,,97.0,,,0.1333,Eficiente,parcial,0,1,1,0,0,0,0
5343,672.5,True,19,Comercio,12.5,,,,,,,,,,,Ineficiente,basico,1,1,1,1,1,1,0
5344,185.4,True,9,Apartamento,3.6,,,,0.0,,,,,,,Eficiente,parcial,1,0,0,0,1,0,0
5345,369.7,True,11,Casa,5.9,3.0,179.3,1.0,0.0,399.4,28.0,123.2333,2.0619,-0.0744,0.0909,Eficiente,avanzado,1,0,1,0,0,0,0
5346,545.6,False,12,Casa,7.2,7.0,210.4,2.0,9.7,542.7,31.0,77.9429,2.5932,0.0053,0.1667,Eficiente,avanzado,1,0,0,0,0,0,1
5347,305.0,True,6,Apartamento,8.8,1.0,36.7,1.0,3.5,281.7,30.0,305.0,8.3106,0.0827,0.1667,Ineficiente,avanzado,1,1,1,1,0,0,0
5348,660.7,False,14,Comercio,8.2,5.0,166.0,3.0,6.8,779.8,28.0,132.14,3.9801,-0.1527,0.2143,Moderado,avanzado,0,1,0,0,0,1,0
5349,356.4,True,6,Apartamento,1.4,2.0,90.0,2.0,0.3,341.9,29.0,178.2,3.96,0.0424,0.3333,Moderado,avanzado,1,1,0,0,0,0,0
5350,584.3,True,11,Casa,6.5,4.0,171.7,,,,28.0,146.075,3.403,,,Moderado,parcial,1,1,1,0,0,0,0
5351,986.9,False,30,Oficina,6.8,,,,,1216.2,,,,-0.1885,,Ineficiente,parcial,0,1,1,1,0,1,0
5352,741.8,True,18,Comercio,8.5,6.0,185.9,6.0,0.0,673.0,31.0,123.6333,3.9903,0.1022,0.3333,Moderado,avanzado,1,0,0,1,0,0,0
5353,382.3,False,4,Apartamento,5.9,,,,,,,,,,,Ineficiente,basico,1,1,1,0,0,0,0
5354,322.8,False,8,Apartamento,3.1,3.0,71.2,2.0,1.5,,29.0,107.6,4.5337,,0.25,Eficiente,parcial,0,0,0,1,0,0,0
5355,784.1,True,19,Oficina,7.8,9.0,244.3,2.0,3.1,744.4,29.0,87.1222,3.2096,0.0533,0.1053,Eficiente,avanzado,1,0,0,0,1,1,0
5356,709.3,True,16,Oficina,8.9,,,,,,,,,,,Moderado,basico,1,1,0,0,0,0,0
5357,497.3,False,16,Apartamento,4.5,,,,,,,,,,,Eficiente,basico,0,0,0,0,1,0,1
5358,440.7,True,8,Casa,5.0,2.0,129.9,3.0,7.6,332.3,29.0,220.35,3.3926,0.3262,0.375,Ineficiente,avanzado,0,1,1,0,0,0,0
5359,467.2,False,10,Casa,4.7,4.0,145.1,2.0,9.0,505.0,30.0,116.8,3.2198,-0.0749,0.2,Eficiente,avanzado,1,1,1,0,0,0,0
5360,630.9,False,10,Comercio,6.0,6.0,199.3,2.0,6.9,618.8,29.0,105.15,3.1656,0.0196,0.2,Eficiente,avanzado,0,1,1,1,0,0,0
5361,405.5,False,11,Apartamento,5.4,,,,,,,,,,,Moderado,basico,0,1,0,0,0,0,0
5362,574.4,True,12,Casa,8.7,,,,,,,,,,,Ineficiente,basico,1,1,1,0,0,0,0
5363,303.9,True,6,Casa,2.9,,141.4,1.0,5.4,313.1,31.0,,2.1492,-0.0294,0.1667,Eficiente,parcial,0,0,0,0,0,0,1
5364,923.0,False,23,Oficina,11.0,8.0,154.0,5.0,11.5,1139.5,29.0,115.375,5.9935,-0.19,0.2174,Moderado,avanzado,0,0,1,0,0,0,0
5365,925.8,False,24,Oficina,10.6,9.0,65.9,6.0,3.9,967.6,29.0,102.8667,14.0486,-0.0432,0.25,Ineficiente,avanzado,0,0,0,0,0,1,0
5366,1145.2,True,26,Oficina,14.7,11.0,99.2,11.0,1.1,1055.5,30.0,104.1091,11.5444,0.085,0.4231,Ineficiente,avanzado,1,1,0,0,0,1,0
5367,305.6,False,5,Apartamento,3.7,,,1.0,,,,,,,0.2,Eficiente,parcial,0,0,1,1,0,0,0
5368,1076.6,True,26,Comercio,12.2,8.0,136.4,10.0,5.1,877.8,29.0,134.575,7.893,0.2265,0.3846,Ineficiente,avanzado,1,0,0,0,1,1,0
5369,1082.7,False,25,Comercio,11.8,,,,,,,,,,,Ineficiente,basico,0,1,1,1,0,0,0
5370,548.9,True,11,Casa,7.0,3.0,175.4,3.0,6.6,556.8,29.0,182.9667,3.1294,-0.0142,0.2727,Moderado,avanzado,0,0,0,1,0,1,0
5371,488.1,True,10,Casa,5.4,3.0,154.0,1.0,9.6,452.6,31.0,162.7,3.1695,0.0784,0.1,Moderado,avanzado,0,1,1,1,1,1,0
5372,513.3,True,9,Oficina,3.3,6.0,,,,,,85.55,,,,Eficiente,parcial,0,0,0,0,0,0,1
5373,556.0,True,21,Casa,6.8,6.0,167.5,5.0,0.0,696.9,29.0,92.6667,3.3194,-0.2022,0.2381,Eficiente,avanzado,1,0,0,0,0,0,0
5374,534.0,False,12,Apartamento,8.8,,82.4,2.0,,,29.0,,6.4806,,0.1667,Ineficiente,parcial,0,0,1,0,0,1,0
5375,407.7,False,12,Apartamento,5.4,3.0,44.1,1.0,5.6,450.0,30.0,135.9,9.2449,-0.094,0.0833,Moderado,avanzado,0,0,1,0,1,1,0
5376,156.7,False,7,Apartamento,0.8,,94.0,,0.0,,30.0,,1.667,,,Eficiente,parcial,0,0,0,0,0,0,1
5377,694.6,True,16,Casa,8.1,,,,,,,,,,,Moderado,basico,1,0,0,1,0,0,0
5378,270.2,False,9,Apartamento,4.4,1.0,63.8,2.0,0.0,241.0,31.0,270.2,4.2351,0.1212,0.2222,Moderado,avanzado,0,0,0,1,1,0,0
5379,391.3,True,7,Casa,5.8,,,,,,,,,,,Moderado,basico,1,1,0,0,0,1,0
5380,736.6,True,13,Comercio,6.5,,,,,,,,,,,Ineficiente,basico,1,0,1,1,0,1,0
5381,311.4,True,5,Casa,4.0,,208.9,0.0,3.2,237.4,31.0,,1.4907,0.3117,0.0,Moderado,parcial,0,0,0,1,0,0,0
5382,336.9,True,12,Apartamento,2.6,3.0,79.9,2.0,0.0,,,112.3,4.2165,,0.1667,Eficiente,parcial,0,1,0,0,0,0,1
5383,1099.2,False,29,Comercio,12.7,9.0,,9.0,,997.3,,122.1333,,0.1022,0.3103,Ineficiente,parcial,0,0,1,0,0,0,0
5384,344.1,True,5,Casa,1.0,3.0,135.8,1.0,4.4,293.7,29.0,114.7,2.5339,0.1716,0.2,Eficiente,avanzado,1,0,1,0,0,1,0
5385,465.0,True,11,Casa,5.2,7.0,114.1,2.0,2.0,371.7,31.0,66.4286,4.0754,0.251,0.1818,Moderado,avanzado,1,0,0,0,1,0,0
5386,712.1,False,19,Comercio,5.0,9.0,297.3,4.0,0.0,987.5,30.0,79.1222,2.3952,-0.2789,0.2105,Eficiente,avanzado,0,0,0,0,0,0,1
5387,738.2,True,14,Casa,9.6,,,,,,,,,,,Moderado,basico,1,0,0,0,0,0,0
5388,490.1,True,7,Casa,9.0,,,,,,,,,,,Ineficiente,basico,1,1,1,0,0,1,0
5389,423.3,True,13,Apartamento,3.6,6.0,89.1,1.0,0.0,416.8,30.0,70.55,4.7508,0.0156,0.0769,Eficiente,avanzado,1,0,0,0,0,0,1
5390,1050.1,True,27,Oficina,10.1,9.0,131.1,9.0,0.0,1087.8,30.0,116.6778,8.0099,-0.0347,0.3333,Ineficiente,avanzado,1,1,0,1,1,0,0
5391,259.3,False,9,Apartamento,0.5,1.0,96.7,1.0,3.4,265.2,29.0,259.3,2.6815,-0.0222,0.1111,Eficiente,avanzado,0,0,0,0,0,0,1
5392,509.6,True,18,Casa,6.5,,,,,,,,,,,Eficiente,basico,1,0,1,1,0,0,0
5393,858.2,True,23,Oficina,6.6,,168.3,5.0,,827.9,,,5.0992,0.0366,0.2174,Moderado,parcial,1,0,0,0,0,0,0
5394,348.2,True,8,Apartamento,5.9,3.0,63.2,1.0,4.5,340.7,30.0,116.0667,5.5095,0.022,0.125,Moderado,avanzado,1,1,0,0,0,1,0
5395,262.9,True,8,Apartamento,5.4,1.0,38.1,1.0,0.0,231.0,30.0,262.9,6.9003,0.1381,0.125,Ineficiente,avanzado,1,0,1,1,0,1,0
5396,522.9,True,19,Casa,5.4,,100.0,,,,,,5.229,,,Moderado,parcial,0,0,0,0,0,0,1
5397,378.8,True,12,Casa,8.4,2.0,103.8,1.0,5.1,287.8,30.0,189.4,3.6493,0.3162,0.0833,Moderado,avanzado,1,0,1,0,1,0,0
5398,506.9,True,9,Casa,9.7,,,,6.9,,,,,,,Moderado,parcial,1,0,1,0,0,0,0
5399,244.9,True,2,Apartamento,3.5,,,,,,,,,,,Ineficiente,basico,1,0,0,1,0,1,0
5400,526.8,False,17,Casa,4.0,8.0,73.5,3.0,0.0,495.9,30.0,65.85,7.1673,0.0623,0.1765,Eficiente,avanzado,0,0,0,0,0,0,1
5401,273.9,True,6,Apartamento,5.8,,,,,,,,,,,Moderado,basico,1,0,0,1,0,0,0
5402,393.0,True,13,Casa,5.7,1.0,151.3,3.0,0.0,423.9,31.0,393.0,2.5975,-0.0729,0.2308,Ineficiente,avanzado,1,0,0,1,0,1,0
5403,766.1,True,14,Casa,9.1,,,,,,,,,,,Ineficiente,basico,1,0,1,0,1,0,0
5404,430.7,True,11,Casa,6.1,,,,,,,,,,,Moderado,basico,1,1,0,1,1,0,0
5405,536.0,True,12,Apartamento,8.2,,,,,,,,,,,Ineficiente,basico,1,1,1,1,0,1,0
5406,287.4,True,10,Apartamento,8.5,,92.7,,,262.8,,,3.1003,0.0936,,Eficiente,parcial,1,0,0,0,0,1,0
5407,616.9,True,15,Casa,7.9,6.0,142.0,2.0,11.7,685.7,31.0,102.8167,4.3444,-0.1003,0.1333,Moderado,avanzado,1,0,1,1,1,0,0
5408,240.3,True,4,Casa,4.5,,,,,,,,,,,Moderado,basico,1,1,0,0,1,0,0
5409,355.3,True,6,Casa,2.6,,,,,,,,,,,Eficiente,basico,0,0,0,0,0,0,1
5410,803.6,False,28,Comercio,5.3,7.0,113.5,6.0,1.8,836.5,31.0,114.8,7.0802,-0.0393,0.2143,Moderado,avanzado,0,0,0,1,0,0,0
5411,444.6,True,5,Casa,7.1,,180.6,2.0,,,,,2.4618,,0.4,Moderado,parcial,1,0,1,0,0,0,0
5412,571.9,False,11,Comercio,5.2,5.0,145.7,3.0,8.4,607.9,31.0,114.38,3.9252,-0.0592,0.2727,Moderado,avanzado,0,1,1,0,0,0,0
5413,469.8,True,6,Casa,7.7,,,,,,,,,,,Ineficiente,basico,1,1,1,1,0,0,0
5414,526.8,False,11,Casa,6.9,,,4.0,,520.0,,,,0.0131,0.3636,Moderado,parcial,1,1,1,0,1,0,0
5415,190.1,True,8,Apartamento,5.2,1.0,,0.0,,252.4,31.0,190.1,,-0.2468,0.0,Eficiente,parcial,1,0,0,1,0,0,0
5416,285.1,False,7,Apartamento,2.7,2.0,82.4,3.0,0.0,308.7,30.0,142.55,3.46,-0.0764,0.4286,Moderado,avanzado,0,0,0,1,0,0,0
5417,332.7,True,3,Casa,4.9,,,,,,,,,,,Moderado,basico,0,0,0,0,0,0,1
5418,862.1,False,16,Oficina,9.7,7.0,218.7,,3.0,939.1,,123.1571,3.9419,-0.082,,Moderado,parcial,0,1,0,0,0,0,0
5419,371.7,False,9,Casa,4.6,,,,,,,,,,,Ineficiente,basico,0,0,1,0,0,0,0
5420,449.4,True,7,Casa,7.5,4.0,144.2,,8.7,549.2,30.0,112.35,3.1165,-0.1817,,Eficiente,parcial,1,0,1,0,0,0,0
5421,398.1,False,8,Casa,4.2,3.0,118.0,1.0,8.7,368.6,31.0,132.7,3.3737,0.08,0.125,Eficiente,avanzado,0,0,1,0,0,0,1
5422,181.0,False,8,Apartamento,2.2,2.0,105.1,0.0,,,28.0,90.5,1.7222,,0.0,Eficiente,parcial,0,0,0,0,1,0,0
5423,851.7,True,20,Comercio,10.9,,,,,,,,,,,Ineficiente,basico,1,1,0,0,0,1,0
5424,454.8,True,14,Casa,5.6,,,,,,,,,,,Ineficiente,basico,1,0,0,0,0,0,0
5425,1632.1,True,35,Oficina,14.8,,,,,,,,,,,Ineficiente,basico,1,1,0,0,0,0,0
5426,238.9,False,11,Apartamento,3.1,,,,,291.6,29.0,,,-0.1807,,Moderado,parcial,0,0,0,0,0,0,1
5427,704.6,False,12,Oficina,4.9,6.0,191.1,3.0,9.3,1033.7,29.0,117.4333,3.6871,-0.3184,0.25,Moderado,avanzado,0,1,1,1,0,0,0
5428,980.5,True,29,Comercio,11.3,10.0,250.5,6.0,2.3,800.1,28.0,98.05,3.9142,0.2255,0.2069,Moderado,avanzado,1,1,0,0,0,0,0
5429,1343.5,False,38,Oficina,12.3,14.0,,9.0,6.4,1246.7,31.0,95.9643,,0.0776,0.2368,Ineficiente,parcial,0,0,0,0,0,0,1
5430,318.0,False,10,Apartamento,4.7,4.0,56.9,1.0,3.6,,31.0,79.5,5.5888,,0.1,Eficiente,parcial,1,0,1,0,0,1,0
5431,413.8,True,8,Casa,5.2,2.0,161.5,1.0,,,29.0,206.9,2.5622,,0.125,Moderado,parcial,0,1,1,0,0,0,0
5432,403.3,False,15,Apartamento,4.5,,,,,,,,,,,Eficiente,basico,0,0,0,0,0,1,1
5433,277.8,True,15,Apartamento,6.3,3.0,86.2,,0.0,,,92.6,3.2227,,,Eficiente,parcial,0,0,0,0,1,0,1
5434,401.7,True,11,Apartamento,4.8,5.0,60.1,1.0,3.7,382.4,29.0,80.34,6.6839,0.0505,0.0909,Moderado,avanzado,1,0,1,0,0,0,0
5435,388.2,True,14,Apartamento,6.9,,,,1.8,,,,,,,Eficiente,parcial,1,0,0,0,1,0,0
5436,415.1,True,16,Casa,5.1,4.0,76.8,0.0,0.0,420.2,29.0,103.775,5.4049,-0.0121,0.0,Eficiente,avanzado,1,0,0,0,0,0,1
5437,911.8,True,24,Comercio,10.3,9.0,104.6,6.0,3.6,820.9,29.0,101.3111,8.717,0.1107,0.25,Ineficiente,avanzado,1,1,1,0,1,0,0
5438,572.1,False,11,Casa,9.6,4.0,124.1,2.0,8.7,569.1,29.0,143.025,4.61,0.0053,0.1818,Moderado,avanzado,0,0,1,0,0,0,0
5439,1227.3,True,29,Oficina,13.5,,,,,,,,,,,Ineficiente,basico,0,1,0,0,0,0,0
5440,282.6,True,8,Casa,6.7,,,,,248.6,29.0,,,0.1368,,Moderado,parcial,1,0,0,0,0,0,0
5441,376.3,False,14,Casa,2.3,4.0,145.5,1.0,0.0,427.0,30.0,94.075,2.5863,-0.1187,0.0714,Eficiente,avanzado,0,1,0,0,0,0,0
5442,1044.1,False,24,Comercio,11.3,,,,,,,,,,,Ineficiente,basico,0,1,1,0,0,1,0
5443,685.6,False,18,Comercio,10.1,3.0,151.7,5.0,6.1,556.7,29.0,228.5333,4.5194,0.2315,0.2778,Ineficiente,avanzado,0,1,1,0,1,0,0
5444,445.5,True,10,Apartamento,7.1,4.0,26.2,4.0,,,30.0,111.375,17.0038,,0.4,Ineficiente,parcial,1,1,1,1,0,1,0
5445,1147.7,False,31,Oficina,11.3,11.0,150.0,8.0,9.3,1439.9,31.0,104.3364,7.6513,-0.2029,0.2581,Moderado,avanzado,0,0,1,0,0,1,0
5446,401.3,True,3,Casa,5.0,1.0,211.2,1.0,8.1,384.1,29.0,401.3,1.9001,0.0448,0.3333,Ineficiente,avanzado,1,1,1,1,0,0,0
5447,603.1,True,10,Comercio,4.0,6.0,193.4,1.0,3.4,575.7,28.0,100.5167,3.1184,0.0476,0.1,Eficiente,avanzado,1,0,1,0,0,0,0
5448,788.0,False,18,Casa,6.7,9.0,135.7,8.0,0.0,983.4,31.0,87.5556,5.8069,-0.1987,0.4444,Moderado,avanzado,0,0,0,0,0,0,1
5449,387.2,True,14,Apartamento,4.7,,,,,,,,,,,Moderado,basico,1,0,0,0,0,0,0
5450,396.1,True,7,Apartamento,4.5,1.0,91.9,2.0,5.0,543.5,28.0,396.1,4.3101,-0.2712,0.2857,Ineficiente,avanzado,1,0,1,1,0,0,0
5451,470.8,True,16,Casa,7.5,5.0,143.8,0.0,5.6,380.0,28.0,94.16,3.274,0.2389,0.0,Eficiente,avanzado,1,0,0,0,0,0,1
5452,150.7,True,4,Apartamento,2.6,,,,,,,,,,,Eficiente,basico,1,0,0,0,0,0,0
5453,1074.8,True,23,Comercio,12.2,11.0,97.0,7.0,9.1,1224.1,28.0,97.7091,11.0804,-0.122,0.3043,Ineficiente,avanzado,1,0,0,1,0,1,0
5454,525.2,True,19,Casa,6.0,7.0,140.1,0.0,0.0,429.8,29.0,75.0286,3.7488,0.222,0.0,Eficiente,avanzado,1,0,0,0,0,1,0
5455,1212.4,False,27,Oficina,14.6,13.0,,8.0,,1102.4,30.0,93.2615,,0.0998,0.2963,Ineficiente,parcial,0,1,1,1,0,1,0
5456,226.6,False,7,Apartamento,2.9,1.0,86.9,1.0,2.1,208.5,29.0,226.6,2.6076,0.0868,0.1429,Eficiente,avanzado,0,0,0,1,0,1,0
5457,231.9,False,5,Casa,3.5,,,,,,,,,,,Moderado,basico,0,1,0,1,0,0,0
5458,418.0,True,14,Apartamento,6.1,3.0,68.6,3.0,4.8,448.4,30.0,139.3333,6.0933,-0.0678,0.2143,Moderado,avanzado,1,0,0,0,1,1,0
5459,404.4,False,11,Casa,3.9,,,,,,,,,,,Eficiente,basico,1,0,0,0,1,0,0
5460,442.7,True,5,Casa,5.2,,,,,,,,,,,Eficiente,basico,1,0,0,0,0,0,1
5461,346.1,True,12,Apartamento,5.8,5.0,77.3,2.0,0.0,263.0,31.0,69.22,4.4774,0.316,0.1667,Moderado,avanzado,0,0,0,1,1,0,0
5462,307.7,False,7,Casa,4.1,2.0,44.3,2.0,4.8,270.5,31.0,153.85,6.9458,0.1375,0.2857,Moderado,avanzado,0,1,1,0,0,0,0
5463,408.5,False,6,Casa,3.8,1.0,,,11.3,397.4,28.0,408.5,,0.0279,,Ineficiente,parcial,0,0,1,1,1,0,0
5464,347.0,False,12,Apartamento,5.4,,,,,,,,,,,Eficiente,basico,0,0,0,1,0,0,1
5465,404.7,False,6,Casa,5.6,,,,,339.5,,,,0.192,,Moderado,parcial,0,0,1,1,1,0,0
5466,712.8,False,18,Comercio,7.9,,,,,,,,,,,Moderado,basico,0,1,0,0,0,0,0
5467,1069.1,False,23,Comercio,9.2,,215.0,6.0,8.1,,31.0,,4.9726,,0.2609,Moderado,parcial,0,1,1,0,0,0,0
5468,344.8,False,5,Casa,5.1,2.0,,0.0,3.2,309.2,30.0,172.4,,0.1151,0.0,Eficiente,parcial,0,1,0,0,1,0,0
5469,347.3,False,9,Apartamento,4.2,3.0,104.3,2.0,4.4,409.0,31.0,115.7667,3.3298,-0.1509,0.2222,Eficiente,avanzado,0,0,0,0,0,0,1
5470,259.4,True,7,Casa,2.4,3.0,177.6,1.0,3.4,272.0,28.0,86.4667,1.4606,-0.0463,0.1429,Eficiente,avanzado,1,0,1,0,1,0,0
5471,326.5,True,7,Apartamento,6.9,1.0,,0.0,,,31.0,326.5,,,0.0,Ineficiente,parcial,1,0,1,1,0,0,0
5472,383.6,False,11,Casa,0.0,4.0,114.9,,,,,95.9,3.3386,,,Eficiente,parcial,0,0,0,0,0,0,1
5473,964.2,True,15,Oficina,9.7,,,,,,,,,,,Ineficiente,basico,0,1,1,0,0,1,0
5474,484.6,False,8,Casa,6.2,5.0,131.4,3.0,9.2,466.8,29.0,96.92,3.688,0.0381,0.375,Moderado,avanzado,0,1,0,0,0,1,0
5475,294.0,False,7,Apartamento,0.0,2.0,86.8,3.0,0.0,261.8,30.0,147.0,3.3871,0.123,0.4286,Moderado,avanzado,0,1,0,0,0,0,0
5476,419.4,True,7,Casa,3.0,4.0,129.5,1.0,9.8,364.7,28.0,104.85,3.2386,0.15,0.1429,Moderado,avanzado,1,1,1,1,0,0,0
5477,398.1,False,13,Casa,3.3,5.0,116.7,,,331.7,28.0,79.62,3.4113,0.2002,,Eficiente,parcial,0,0,0,0,0,1,1
5478,557.2,True,10,Apartamento,8.7,3.0,72.2,,10.1,670.3,31.0,185.7333,7.7175,-0.1687,,Ineficiente,parcial,0,0,1,0,0,0,0
5479,305.9,False,11,Apartamento,1.6,,,2.0,0.0,255.0,,,,0.1996,0.1818,Eficiente,parcial,0,0,0,0,0,0,1
5480,1115.7,True,24,Oficina,12.7,,,,,,,,,,,Ineficiente,basico,1,1,0,0,0,0,0
5481,322.1,False,8,Casa,1.0,3.0,132.2,1.0,0.0,357.5,30.0,107.3667,2.4365,-0.099,0.125,Eficiente,avanzado,0,1,0,0,0,0,1
5482,315.6,True,6,Casa,5.8,,,,,,,,,,,Ineficiente,basico,1,0,0,0,0,0,0
5483,510.8,True,13,Casa,3.3,4.0,158.8,3.0,4.0,565.9,31.0,127.7,3.2166,-0.0974,0.2308,Moderado,avanzado,0,1,0,0,0,0,0
5484,472.3,True,11,Casa,8.1,,,2.0,,501.6,31.0,,,-0.0584,0.1818,Eficiente,parcial,1,0,0,1,0,0,0
5485,1168.7,False,33,Oficina,12.5,13.0,225.4,7.0,7.8,1083.7,30.0,89.9,5.185,0.0784,0.2121,Moderado,avanzado,0,1,1,0,0,0,0
5486,1045.1,False,22,Oficina,6.9,,,8.0,7.9,,30.0,,,,0.3636,Moderado,parcial,0,0,1,0,1,0,0
5487,914.8,True,23,Oficina,10.0,9.0,120.9,6.0,4.8,823.7,30.0,101.6444,7.5666,0.1106,0.2609,Ineficiente,avanzado,1,1,0,0,0,1,0
5488,556.3,False,13,Casa,6.7,5.0,143.3,3.0,5.4,623.5,28.0,111.26,3.8821,-0.1078,0.2308,Eficiente,avanzado,0,0,0,1,0,0,1
5489,359.4,True,8,Casa,6.8,4.0,185.9,1.0,0.0,432.4,31.0,89.85,1.9333,-0.1688,0.125,Eficiente,avanzado,1,0,0,0,0,0,1
5490,596.8,False,16,Comercio,3.1,5.0,125.3,2.0,4.3,622.2,30.0,119.36,4.763,-0.0408,0.125,Eficiente,avanzado,0,1,0,0,0,0,1
5491,800.4,True,18,Casa,11.8,8.0,103.6,3.0,9.7,751.8,29.0,100.05,7.7259,0.0646,0.1667,Ineficiente,avanzado,1,0,1,0,0,0,0
5492,259.8,False,11,Apartamento,4.2,,,,,,,,,,,Eficiente,basico,0,0,1,0,0,0,1
5493,350.3,False,5,Casa,7.7,1.0,164.0,2.0,4.6,352.8,29.0,350.3,2.136,-0.0071,0.4,Ineficiente,avanzado,0,1,0,1,1,0,0
5494,670.4,True,12,Casa,9.9,5.0,180.1,3.0,,667.7,28.0,134.08,3.7224,0.004,0.25,Moderado,parcial,1,0,0,0,0,0,0
5495,570.0,True,18,Comercio,1.4,5.0,184.6,,0.0,447.2,29.0,114.0,3.0878,0.2746,,Moderado,parcial,1,1,0,0,0,0,0
5496,460.4,False,10,Casa,5.4,7.0,124.3,2.0,2.8,598.7,28.0,65.7714,3.7039,-0.231,0.2,Eficiente,avanzado,0,0,0,0,0,0,1
5497,1167.2,True,29,Oficina,11.6,,80.6,8.0,6.1,,28.0,,14.4814,,0.2759,Ineficiente,parcial,1,1,1,0,0,1,0
5498,434.2,False,11,Casa,6.3,3.0,140.7,2.0,4.1,436.6,29.0,144.7333,3.086,-0.0055,0.1818,Eficiente,avanzado,0,0,0,0,1,0,1
5499,372.6,False,10,Casa,4.5,4.0,186.7,1.0,0.9,341.1,31.0,93.15,1.9957,0.0923,0.1,Eficiente,avanzado,0,0,0,0,1,0,1
5500,372.9,False,10,Casa,5.0,4.0,187.2,1.0,5.5,339.9,31.0,93.225,1.992,0.0971,0.1,Eficiente,avanzado,0,0,0,0,1,0,0
5501,494.5,True,10,Casa,6.7,4.0,,,0.0,,,123.625,,,,Moderado,parcial,1,0,0,1,0,0,0
5502,491.5,True,8,Apartamento,4.9,3.0,96.9,3.0,6.8,472.0,28.0,163.8333,5.0722,0.0413,0.375,Ineficiente,avanzado,1,1,0,0,0,0,0
5503,699.3,True,18,Casa,6.0,,,,,684.4,,,,0.0218,,Eficiente,parcial,1,0,1,1,0,0,0
5504,234.7,False,11,Apartamento,4.7,2.0,40.8,0.0,2.7,216.8,31.0,117.35,5.7525,0.0826,0.0,Eficiente,avanzado,0,0,1,0,0,0,1
5505,769.3,True,15,Comercio,8.9,,,,,,,,,,,Moderado,basico,1,1,0,0,0,0,0
5506,770.9,True,21,Casa,12.0,7.0,95.7,5.0,8.5,703.7,28.0,110.1286,8.0554,0.0955,0.2381,Ineficiente,avanzado,1,1,1,0,0,1,0
5507,266.3,False,4,Casa,3.6,1.0,200.2,2.0,0.0,248.0,28.0,266.3,1.3302,0.0738,0.5,Ineficiente,avanzado,0,0,0,1,0,0,0
5508,398.9,True,16,Casa,5.4,4.0,111.8,2.0,0.4,374.5,28.0,99.725,3.568,0.0652,0.125,Eficiente,avanzado,0,0,0,0,0,1,0
5509,623.3,False,15,Comercio,5.8,5.0,227.5,4.0,0.0,654.6,31.0,124.66,2.7398,-0.0478,0.2667,Eficiente,avanzado,0,0,0,0,0,0,1
5510,400.0,True,8,Apartamento,7.9,2.0,67.2,2.0,3.7,363.8,31.0,200.0,5.9524,0.0995,0.25,Ineficiente,avanzado,1,1,0,1,0,0,0
5511,436.0,False,9,Casa,4.3,,,,,,,,,,,Eficiente,basico,1,0,0,0,0,0,1
5512,280.8,True,12,Apartamento,1.1,4.0,75.4,,0.0,244.9,30.0,70.2,3.7241,0.1466,,Eficiente,parcial,1,0,0,0,0,0,1
5513,450.7,False,9,Apartamento,8.9,,,,,,,,,,,Ineficiente,basico,0,0,1,1,1,1,0
5514,356.1,False,9,Casa,2.8,2.0,149.0,1.0,6.6,334.3,31.0,178.05,2.3899,0.0652,0.1111,Eficiente,avanzado,0,0,1,0,0,1,0
5515,676.8,True,16,Casa,7.0,,,,,,,,,,,Ineficiente,basico,0,1,0,0,0,0,0
5516,734.6,False,20,Oficina,4.7,10.0,139.8,4.0,1.8,766.5,31.0,73.46,5.2546,-0.0416,0.2,Eficiente,avanzado,0,0,0,0,1,0,1
5517,441.1,False,11,Casa,5.7,3.0,172.4,2.0,7.1,398.3,31.0,147.0333,2.5586,0.1075,0.1818,Eficiente,avanzado,0,0,1,0,0,1,0
5518,616.0,True,15,Casa,6.8,7.0,178.6,5.0,1.8,451.4,28.0,88.0,3.449,0.3646,0.3333,Moderado,avanzado,1,1,0,0,1,1,0
5519,491.9,True,15,Casa,7.0,,,,,,,,,,,Moderado,basico,1,1,0,0,0,0,0
5520,360.5,True,5,Apartamento,6.3,,,,,,,,,,,Ineficiente,basico,1,0,0,1,0,0,0
5521,314.1,True,9,Apartamento,3.1,,,,,,,,,,,Moderado,basico,1,0,1,0,0,0,0
5522,346.3,True,6,Casa,1.5,2.0,116.9,1.0,5.7,312.5,31.0,173.15,2.9624,0.1082,0.1667,Moderado,avanzado,1,0,0,0,0,0,0
5523,262.1,False,4,Apartamento,2.5,,,,,,,,,,,Moderado,basico,0,0,0,1,1,0,0
5524,479.3,True,12,Apartamento,7.8,5.0,102.9,2.0,,475.6,30.0,95.86,4.6579,0.0078,0.1667,Moderado,parcial,1,0,1,1,0,0,0
5525,443.5,True,10,Casa,5.7,4.0,159.8,2.0,0.0,433.0,30.0,110.875,2.7753,0.0242,0.2,Eficiente,avanzado,1,0,0,1,0,0,0
5526,949.7,True,29,Oficina,12.4,7.0,154.7,7.0,4.4,959.6,31.0,135.6714,6.139,-0.0103,0.2414,Ineficiente,avanzado,1,0,0,1,0,0,0
5527,616.5,True,15,Casa,5.4,7.0,25.0,3.0,5.5,442.9,28.0,88.0714,24.66,0.392,0.2,Ineficiente,avanzado,1,1,1,0,1,1,0
5528,307.4,False,12,Casa,1.5,4.0,94.4,1.0,0.0,291.1,31.0,76.85,3.2564,0.056,0.0833,Eficiente,avanzado,0,0,0,0,0,0,1
5529,1397.4,True,35,Oficina,13.7,20.0,177.6,8.0,4.0,1189.4,31.0,69.87,7.8682,0.1749,0.2286,Ineficiente,avanzado,1,1,1,0,1,1,0
5530,655.6,False,22,Comercio,4.1,,,,,,,,,,,Eficiente,basico,0,1,1,0,0,1,0
5531,376.7,False,6,Casa,4.2,3.0,156.6,2.0,3.1,383.7,31.0,125.5667,2.4055,-0.0182,0.3333,Eficiente,avanzado,0,0,1,0,0,0,1
5532,719.7,True,15,Comercio,5.2,,,,,516.0,,,,0.3948,,Ineficiente,parcial,1,1,1,0,1,0,0
5533,268.5,True,7,Apartamento,5.3,1.0,75.3,,6.7,256.9,28.0,268.5,3.5657,0.0452,,Ineficiente,parcial,1,1,1,1,0,1,0
5534,456.5,True,10,Casa,5.3,3.0,,,,390.6,28.0,152.1667,,0.1687,,Ineficiente,parcial,1,0,0,1,1,0,0
5535,577.7,False,17,Comercio,6.6,3.0,119.3,4.0,0.0,690.3,31.0,192.5667,4.8424,-0.1631,0.2353,Moderado,avanzado,0,0,0,0,0,0,1
5536,946.1,False,30,Comercio,6.5,7.0,207.5,8.0,0.0,916.4,29.0,135.1571,4.5595,0.0324,0.2667,Moderado,avanzado,0,1,1,0,0,0,0
5537,648.7,True,16,Casa,9.2,7.0,187.8,2.0,7.4,885.1,29.0,92.6714,3.4542,-0.2671,0.125,Eficiente,avanzado,1,1,1,0,0,0,0
5538,228.7,False,9,Apartamento,3.3,2.0,28.0,1.0,0.0,241.3,31.0,114.35,8.1679,-0.0522,0.1111,Eficiente,avanzado,0,0,0,0,0,1,1
5539,510.4,False,7,Casa,6.4,3.0,138.4,3.0,6.4,497.7,28.0,170.1333,3.6879,0.0255,0.4286,Ineficiente,avanzado,0,1,1,0,0,0,0
5540,477.6,False,14,Casa,4.1,6.0,73.4,,,,30.0,79.6,6.5068,,,Eficiente,parcial,0,0,1,0,0,1,0
5541,818.8,False,25,Oficina,10.4,,,,,816.7,29.0,,,0.0026,,Moderado,parcial,0,0,0,0,0,0,1
5542,357.3,True,11,Apartamento,4.2,2.0,74.2,,,343.1,,178.65,4.8154,0.0414,,Moderado,parcial,1,0,0,1,0,0,0
5543,432.7,True,10,Apartamento,7.5,4.0,134.6,2.0,0.0,478.7,31.0,108.175,3.2147,-0.0961,0.2,Eficiente,avanzado,1,1,0,0,0,0,0
5544,251.8,True,9,Apartamento,1.7,,,,,,,,,,,Eficiente,basico,1,0,0,0,0,0,0
5545,269.3,False,8,Apartamento,0.9,1.0,103.2,2.0,1.4,234.5,31.0,269.3,2.6095,0.1484,0.25,Moderado,avanzado,0,1,0,1,0,0,0
5546,404.1,False,8,Casa,3.8,,,,,,,,,,,Eficiente,basico,0,1,0,0,0,0,0
5547,798.6,True,22,Oficina,9.1,7.0,135.6,4.0,,670.4,29.0,114.0857,5.8894,0.1912,0.1818,Moderado,parcial,1,0,1,0,1,0,0
5548,404.4,True,13,Apartamento,7.5,3.0,80.9,0.0,11.0,390.7,28.0,134.8,4.9988,0.0351,0.0,Moderado,avanzado,1,0,1,0,0,0,0
5549,235.8,True,3,Apartamento,6.3,1.0,78.0,0.0,,221.2,29.0,235.8,3.0231,0.066,0.0,Moderado,parcial,0,0,0,0,0,0,1
5550,212.9,False,4,Apartamento,0.0,,,,,,,,,,,Moderado,basico,0,0,0,1,1,0,0
5551,414.6,True,9,Casa,8.2,,,,,,,,,,,Moderado,basico,1,0,0,0,0,1,0
5552,539.4,True,23,Casa,6.9,7.0,117.8,1.0,0.8,628.1,29.0,77.0571,4.5789,-0.1412,0.0435,Eficiente,avanzado,0,0,0,0,1,1,0
5553,479.1,True,10,Casa,7.7,,,,,,,,,,,Moderado,basico,1,1,1,1,0,1,0
5554,703.2,True,20,Casa,9.8,6.0,114.0,3.0,11.6,767.7,30.0,117.2,6.1684,-0.084,0.15,Moderado,avanzado,0,1,1,1,0,1,0
5555,429.3,False,15,Apartamento,7.0,,,,,,28.0,,,,,Moderado,parcial,0,1,0,0,0,0,0
5556,875.7,False,19,Comercio,14.2,7.0,175.0,6.0,6.1,692.4,31.0,125.1,5.004,0.2647,0.3158,Ineficiente,avanzado,1,1,1,0,1,0,0
5557,347.8,False,6,Casa,2.3,3.0,153.6,0.0,8.1,346.5,31.0,115.9333,2.2643,0.0038,0.0,Eficiente,avanzado,0,0,1,1,0,0,0
5558,638.4,False,18,Casa,6.2,,,,,,,,,,,Eficiente,basico,0,0,1,0,0,0,1
5559,362.0,True,12,Apartamento,5.5,1.0,59.5,3.0,0.0,350.8,29.0,362.0,6.084,0.0319,0.25,Ineficiente,avanzado,1,0,0,1,0,0,0
5560,550.0,False,14,Casa,8.2,5.0,152.9,4.0,4.2,649.5,30.0,110.0,3.5971,-0.1532,0.2857,Eficiente,avanzado,0,0,0,0,0,0,1
5561,899.9,False,19,Oficina,8.4,,,,,,,,,,,Eficiente,basico,0,0,0,0,0,0,1
5562,388.2,False,10,Casa,6.4,3.0,114.6,2.0,4.4,385.3,30.0,129.4,3.3874,0.0075,0.2,Eficiente,avanzado,0,1,1,0,0,0,0
5563,395.0,False,10,Casa,3.8,,,,,,,,,,,Eficiente,basico,0,1,0,1,0,0,0
5564,429.3,True,14,Casa,7.6,4.0,116.3,,0.8,,29.0,107.325,3.6913,,,Moderado,parcial,1,1,0,0,1,1,0
5565,767.9,False,19,Oficina,5.6,,,,,,,,,,,Moderado,basico,0,1,0,0,0,0,0
5566,570.3,True,17,Casa,6.0,5.0,183.1,3.0,1.3,,29.0,114.06,3.1147,,0.1765,Eficiente,parcial,1,0,0,0,0,0,1
5567,486.4,True,11,Apartamento,8.6,3.0,94.7,3.0,4.9,491.3,,162.1333,5.1362,-0.01,0.2727,Ineficiente,parcial,1,1,0,1,0,1,0
5568,337.9,True,4,Casa,5.5,,,,,,,,,,,Moderado,basico,1,0,0,0,1,1,0
5569,301.1,False,13,Casa,5.2,4.0,,0.0,0.0,,30.0,75.275,,,0.0,Eficiente,parcial,0,0,0,0,0,1,1
5570,737.7,True,25,Comercio,7.3,5.0,162.8,5.0,0.0,579.4,28.0,147.54,4.5313,0.2732,0.2,Moderado,avanzado,1,1,0,0,0,1,0
5571,666.9,False,18,Casa,8.5,6.0,194.4,4.0,6.6,553.2,28.0,111.15,3.4306,0.2055,0.2222,Moderado,avanzado,0,1,1,0,0,0,0
5572,255.5,False,10,Casa,1.6,,,,,,,,,,,Eficiente,basico,0,1,0,0,0,1,0
5573,314.4,False,10,Apartamento,3.8,,105.6,2.0,,231.8,31.0,,2.9773,0.3563,0.2,Moderado,parcial,0,0,0,0,0,0,1
5574,929.7,True,21,Comercio,10.4,10.0,184.9,7.0,0.9,941.6,29.0,92.97,5.0281,-0.0126,0.3333,Moderado,avanzado,0,0,0,0,0,0,1
5575,685.5,True,17,Casa,8.1,,,,,,,,,,,Moderado,basico,0,0,1,0,0,0,0
5576,588.9,True,11,Casa,9.0,7.0,135.2,3.0,6.2,438.1,30.0,84.1286,4.3558,0.3442,0.2727,Ineficiente,avanzado,0,1,1,0,0,0,0
5577,993.1,True,28,Oficina,7.6,11.0,185.8,4.0,6.3,839.7,30.0,90.2818,5.345,0.1827,0.1429,Moderado,avanzado,0,1,0,0,0,0,0
5578,302.6,False,5,Apartamento,4.4,,,,,,28.0,,,,,Ineficiente,parcial,0,0,1,1,1,0,0
5579,985.4,True,25,Comercio,8.2,,,,,,,,,,,Ineficiente,basico,0,1,1,0,0,0,0
5580,793.3,False,16,Comercio,7.7,4.0,,,,663.5,,198.325,,0.1956,,Ineficiente,parcial,0,1,1,0,1,0,0
5581,408.3,True,16,Apartamento,6.1,,,,,,,,,,,Eficiente,basico,1,1,0,0,0,0,0
5582,605.7,True,10,Casa,6.7,,,,,,,,,,,Eficiente,basico,0,0,0,0,0,0,1
5583,497.7,False,11,Casa,6.7,4.0,,2.0,,630.1,,124.425,,-0.2101,0.1818,Moderado,parcial,0,0,1,0,0,0,0
5584,398.6,False,12,Apartamento,6.5,5.0,67.6,0.0,7.4,418.0,29.0,79.72,5.8964,-0.0464,0.0,Eficiente,avanzado,0,0,1,0,1,1,0
5585,223.1,False,9,Apartamento,2.1,5.0,86.0,0.0,0.9,208.6,31.0,44.62,2.5942,0.0695,0.0,Eficiente,avanzado,0,0,0,0,0,0,1
5586,1365.4,False,45,Oficina,14.7,14.0,,11.0,4.0,,31.0,97.5286,,,0.2444,Ineficiente,parcial,1,1,1,0,0,1,0
5587,336.6,True,9,Apartamento,8.0,2.0,48.6,1.0,3.1,341.9,28.0,168.3,6.9259,-0.0155,0.1111,Moderado,avanzado,0,0,1,1,0,0,0
5588,317.4,True,8,Casa,7.1,,,,,,,,,,,Eficiente,basico,0,0,0,1,0,0,1
5589,303.1,False,8,Apartamento,4.1,,,,,,,,,,,Ineficiente,basico,0,1,0,1,1,0,0
5590,368.9,True,12,Apartamento,6.1,,,,,,,,,,,Eficiente,basico,0,0,0,0,1,0,1
5591,332.0,False,7,Apartamento,3.1,,,,,,,,,,,Eficiente,basico,0,0,0,0,0,0,1
5592,881.7,True,19,Comercio,4.4,7.0,290.8,5.0,2.9,795.9,29.0,125.9571,3.032,0.1078,0.2632,Moderado,avanzado,1,0,1,0,1,0,0
5593,411.5,True,9,Apartamento,4.8,3.0,114.6,2.0,9.2,400.1,31.0,137.1667,3.5908,0.0285,0.2222,Moderado,avanzado,1,1,1,1,0,0,0
5594,306.5,True,5,Casa,3.7,2.0,124.9,2.0,1.7,351.2,29.0,153.25,2.454,-0.1273,0.4,Moderado,avanzado,1,0,0,1,0,0,0
5595,443.8,False,11,Apartamento,4.7,,,,,,,,,,,Moderado,basico,0,0,1,0,0,1,0
5596,170.4,True,3,Apartamento,2.5,3.0,83.5,0.0,0.0,212.7,31.0,56.8,2.0407,-0.1989,0.0,Eficiente,avanzado,1,0,0,0,0,0,0
5597,1050.6,False,29,Oficina,9.0,9.0,257.7,9.0,3.4,990.8,28.0,116.7333,4.0768,0.0604,0.3103,Moderado,avanzado,0,1,0,1,0,1,0
5598,365.5,True,6,Casa,4.7,1.0,191.2,3.0,0.0,329.1,28.0,365.5,1.9116,0.1106,0.5,Ineficiente,avanzado,1,1,0,1,1,0,0
5599,264.4,False,8,Apartamento,2.2,3.0,77.9,0.0,,295.8,28.0,88.1333,3.3941,-0.1062,0.0,Eficiente,parcial,0,1,0,0,1,0,0
5600,466.3,True,17,Apartamento,6.7,,,,,,,,,,,Moderado,basico,1,0,0,0,0,0,0
5601,273.4,True,5,Apartamento,3.4,,,,,,,,,,,Eficiente,basico,1,0,0,0,0,0,1
5602,408.3,False,11,Casa,4.0,4.0,55.2,3.0,4.4,482.4,29.0,102.075,7.3967,-0.1536,0.2727,Moderado,avanzado,1,0,0,0,0,0,0
5603,1055.4,True,28,Oficina,13.6,8.0,196.0,,,,,131.925,5.3847,,,Ineficiente,parcial,1,0,1,0,1,1,0
5604,1488.5,True,35,Oficina,15.0,,,,,,,,,,,Ineficiente,basico,1,1,1,1,1,1,0
5605,317.3,True,8,Apartamento,4.4,3.0,,1.0,,,30.0,105.7667,,,0.125,Eficiente,parcial,1,0,1,0,1,0,0
5606,533.4,False,14,Apartamento,8.1,4.0,80.2,,9.6,,28.0,133.35,6.6509,,,Moderado,parcial,0,1,1,0,0,0,0
5607,301.9,True,7,Casa,3.0,3.0,152.4,0.0,0.0,311.2,28.0,100.6333,1.981,-0.0299,0.0,Eficiente,avanzado,1,0,0,0,0,0,1
5608,387.7,False,10,Apartamento,4.4,4.0,58.9,3.0,3.4,413.3,29.0,96.925,6.5823,-0.0619,0.3,Moderado,avanzado,0,1,1,0,0,0,0
5609,296.5,True,10,Apartamento,4.5,,,,,,,,,,,Eficiente,basico,1,0,0,0,0,0,1
5610,556.3,False,13,Apartamento,9.4,,,,,,,,,,,Ineficiente,basico,0,1,1,1,1,0,0
5611,483.6,True,10,Casa,6.2,5.0,168.4,2.0,3.0,491.1,30.0,96.72,2.8717,-0.0153,0.2,Eficiente,avanzado,1,0,0,0,0,0,0
5612,675.2,True,15,Apartamento,8.8,,,5.0,,654.1,,,,0.0323,0.3333,Ineficiente,parcial,1,0,1,0,0,1,0
5613,313.5,True,9,Casa,7.7,2.0,63.6,0.0,5.7,217.9,30.0,156.75,4.9292,0.4387,0.0,Moderado,avanzado,0,0,0,0,1,1,0
5614,323.1,False,6,Apartamento,3.9,,,,,,,,,,,Ineficiente,basico,0,0,1,1,1,1,0
5615,292.1,False,11,Apartamento,2.0,,,,,,,,,,,Eficiente,basico,0,1,1,0,0,0,0
5616,328.9,True,11,Casa,5.0,,,,,,,,,,,Ineficiente,basico,1,0,1,1,0,0,0
5617,516.2,False,12,Apartamento,2.5,5.0,106.3,5.0,0.0,509.4,30.0,103.24,4.8561,0.0133,0.4167,Moderado,avanzado,0,1,0,0,0,1,0
5618,838.8,True,21,Comercio,8.5,5.0,214.8,5.0,7.6,1076.5,28.0,167.76,3.905,-0.2208,0.2381,Moderado,avanzado,1,0,0,1,1,0,0
5619,279.4,False,4,Apartamento,3.7,1.0,54.8,0.0,11.6,218.4,30.0,279.4,5.0985,0.2793,0.0,Ineficiente,avanzado,0,0,1,1,0,0,0
5620,495.5,False,15,Casa,4.0,,,,,,,,,,,Eficiente,basico,0,1,1,0,0,1,0
5621,204.3,True,6,Apartamento,2.8,1.0,75.5,1.0,0.0,196.7,29.0,204.3,2.706,0.0386,0.1667,Moderado,avanzado,1,0,0,0,0,0,0
5622,341.7,True,10,Casa,3.3,3.0,79.4,,0.0,283.6,28.0,113.9,4.3035,0.2049,,Moderado,parcial,1,1,1,0,1,0,0
5623,319.1,False,7,Apartamento,5.0,,,,,,,,,,,Eficiente,basico,0,0,0,0,1,0,0
5624,244.8,False,7,Apartamento,0.4,2.0,79.7,2.0,0.0,264.5,31.0,122.4,3.0715,-0.0745,0.2857,Eficiente,avanzado,0,0,0,1,0,1,0
5625,451.2,True,12,Casa,4.2,1.0,147.8,3.0,2.5,388.2,31.0,451.2,3.0528,0.1623,0.25,Ineficiente,avanzado,1,1,0,1,1,0,0
5626,403.2,True,12,Apartamento,5.5,,,,,,,,,,,Ineficiente,basico,1,0,0,0,1,0,0
5627,422.0,True,11,Apartamento,3.2,,,,,,,,,,,Ineficiente,basico,0,1,0,1,0,1,0
5628,669.9,False,17,Comercio,6.1,8.0,169.4,3.0,2.7,736.7,29.0,83.7375,3.9545,-0.0907,0.1765,Eficiente,avanzado,1,0,1,0,0,0,0
5629,641.9,True,17,Casa,5.8,5.0,188.8,4.0,3.4,582.2,28.0,128.38,3.3999,0.1025,0.2353,Moderado,avanzado,1,1,0,1,0,0,0
5630,467.6,True,11,Casa,8.1,4.0,46.9,3.0,8.0,510.6,30.0,116.9,9.9701,-0.0842,0.2727,Ineficiente,avanzado,1,0,1,0,0,0,0
5631,322.1,True,6,Apartamento,4.5,1.0,85.8,1.0,7.3,333.2,28.0,322.1,3.7541,-0.0333,0.1667,Ineficiente,avanzado,1,0,1,1,1,1,0
5632,230.8,False,8,Casa,1.8,3.0,85.5,,0.0,205.6,31.0,76.9333,2.6994,0.1226,,Eficiente,parcial,0,0,0,0,0,1,1
5633,328.3,True,5,Apartamento,6.3,,,,,,,,,,,Ineficiente,basico,0,1,1,1,0,0,0
5634,559.3,True,14,Casa,7.2,,169.3,,7.9,445.3,,,3.3036,0.256,,Moderado,parcial,1,0,1,0,0,1,0
5635,268.6,True,6,Casa,0.8,,,,0.0,,,,,,,Eficiente,parcial,1,0,0,0,0,0,0
5636,328.3,True,6,Apartamento,5.0,3.0,57.5,1.0,4.1,320.1,30.0,109.4333,5.7096,0.0256,0.1667,Moderado,avanzado,1,0,0,0,0,0,0
5637,666.9,False,13,Casa,5.2,9.0,146.1,3.0,5.0,779.1,29.0,74.1,4.5647,-0.144,0.2308,Eficiente,avanzado,0,0,0,1,0,1,0
5638,527.2,True,10,Apartamento,5.4,4.0,87.0,3.0,2.4,400.2,30.0,131.8,6.0598,0.3173,0.3,Ineficiente,avanzado,0,0,0,0,0,1,0
5639,404.2,True,10,Casa,4.6,3.0,,,,,,134.7333,,,,Ineficiente,parcial,1,0,0,0,0,0,0
5640,297.7,False,3,Apartamento,2.2,1.0,81.5,2.0,5.9,294.5,31.0,297.7,3.6528,0.0109,0.6667,Ineficiente,avanzado,0,1,0,1,1,0,0
5641,449.0,True,7,Casa,7.0,1.0,160.8,1.0,11.0,409.9,29.0,449.0,2.7923,0.0954,0.1429,Ineficiente,avanzado,1,0,1,1,0,1,0
5642,826.7,True,16,Comercio,8.3,7.0,77.3,5.0,10.0,773.5,28.0,118.1,10.6947,0.0688,0.3125,Ineficiente,avanzado,1,1,1,0,0,1,0
5643,804.4,True,17,Comercio,11.4,,202.3,,7.9,829.6,,,3.9763,-0.0304,,Moderado,parcial,1,0,1,0,0,0,0
5644,579.2,True,10,Casa,9.8,4.0,139.2,,,572.6,30.0,144.8,4.1609,0.0115,,Ineficiente,parcial,1,0,1,0,0,0,0
5645,532.4,True,15,Apartamento,8.1,5.0,111.2,3.0,8.7,529.3,31.0,106.48,4.7878,0.0059,0.2,Moderado,avanzado,0,0,1,0,1,0,0
5646,214.6,False,3,Casa,3.6,1.0,117.6,0.0,2.1,193.2,31.0,214.6,1.8248,0.1108,0.0,Eficiente,avanzado,0,0,0,0,0,0,1
5647,285.4,True,2,Apartamento,5.1,1.0,82.3,0.0,11.6,314.1,29.0,285.4,3.4678,-0.0914,0.0,Ineficiente,avanzado,1,0,1,1,0,1,0
5648,414.0,False,13,Casa,4.2,3.0,149.3,2.0,3.6,385.5,30.0,138.0,2.7729,0.0739,0.1538,Eficiente,avanzado,0,0,0,0,1,0,1
5649,497.0,True,5,Apartamento,6.7,,25.0,4.0,8.0,643.6,31.0,,19.88,-0.2278,0.8,Ineficiente,parcial,0,1,1,0,0,1,0
5650,692.9,True,16,Casa,7.5,4.0,120.1,6.0,6.8,597.7,28.0,173.225,5.7694,0.1593,0.375,Ineficiente,avanzado,1,0,1,1,0,0,0
5651,553.8,False,11,Oficina,2.7,8.0,149.1,3.0,0.0,643.4,28.0,69.225,3.7143,-0.1393,0.2727,Eficiente,avanzado,0,1,0,0,0,0,1
5652,337.6,False,7,Apartamento,7.8,,,,,,,,,,,Ineficiente,basico,1,0,1,0,0,1,0
5653,386.8,True,6,Apartamento,6.2,2.0,94.2,1.0,10.7,369.5,29.0,193.4,4.1062,0.0468,0.1667,Ineficiente,avanzado,1,0,1,0,0,0,0
5654,451.9,True,11,Casa,6.9,,138.6,1.0,,458.7,,,3.2605,-0.0148,0.0909,Eficiente,parcial,0,0,0,0,0,0,1
5655,506.9,True,13,Casa,7.2,,,,,,,,,,,Ineficiente,basico,0,1,0,1,1,0,0
5656,261.2,True,4,Casa,2.2,,,,,,,,,,,Eficiente,basico,1,0,0,0,0,0,1
5657,1053.8,False,28,Oficina,7.5,11.0,125.3,8.0,,,,95.8,8.4102,,0.2857,Moderado,parcial,0,0,0,0,0,1,0
5658,709.5,True,22,Comercio,11.1,,,,,830.3,30.0,,,-0.1455,,Moderado,parcial,1,0,0,0,0,1,0
5659,453.5,True,8,Casa,6.8,4.0,171.3,0.0,11.3,326.3,28.0,113.375,2.6474,0.3898,0.0,Moderado,avanzado,1,1,1,0,0,0,0
5660,423.4,True,10,Comercio,5.1,,,,,,29.0,,,,,Moderado,parcial,1,0,0,0,0,1,0
5661,521.0,False,13,Casa,6.8,,,,,,,,,,,Moderado,basico,0,0,1,1,1,0,0
5662,380.3,False,11,Casa,5.4,1.0,,2.0,,298.5,31.0,380.3,,0.274,0.1818,Ineficiente,parcial,0,1,1,1,0,0,0
5663,523.0,True,11,Apartamento,7.3,7.0,79.5,3.0,0.0,452.3,31.0,74.7143,6.5786,0.1563,0.2727,Moderado,avanzado,0,1,0,0,1,0,0
5664,850.5,False,20,Casa,9.5,,,,,,,,,,,Moderado,basico,0,1,0,0,0,0,0
5665,425.3,False,9,Casa,3.5,5.0,120.6,2.0,0.0,414.0,30.0,85.06,3.5265,0.0273,0.2222,Eficiente,avanzado,0,1,1,1,0,0,0
5666,269.9,False,12,Apartamento,3.3,6.0,54.5,0.0,0.0,260.2,30.0,44.9833,4.9523,0.0373,0.0,Eficiente,avanzado,0,0,0,0,1,0,1
5667,341.5,True,7,Casa,7.0,,,,,,,,,,,Ineficiente,basico,1,0,0,1,1,0,0
5668,799.9,False,17,Oficina,5.3,5.0,214.2,9.0,1.8,649.3,31.0,159.98,3.7344,0.2319,0.5294,Ineficiente,avanzado,0,1,0,0,1,0,0
5669,364.2,True,13,Apartamento,5.7,,,,,,,,,,,Ineficiente,basico,1,0,0,1,0,0,0
5670,939.7,True,24,Comercio,8.3,,,,,,,,,,,Moderado,basico,1,1,1,0,1,0,0
5671,255.2,False,11,Apartamento,0.2,4.0,114.9,0.0,0.0,246.3,28.0,63.8,2.2211,0.0361,0.0,Eficiente,avanzado,0,0,0,0,0,0,1
5672,625.0,False,14,Comercio,4.2,6.0,118.9,3.0,3.3,688.8,29.0,104.1667,5.2565,-0.0926,0.2143,Eficiente,avanzado,0,0,1,1,0,0,0
5673,594.8,True,15,Casa,6.0,7.0,100.6,3.0,7.4,650.2,30.0,84.9714,5.9125,-0.0852,0.2,Moderado,avanzado,1,0,1,0,0,0,0
5674,603.5,True,13,Apartamento,8.5,4.0,74.9,4.0,5.5,531.8,29.0,150.875,8.0574,0.1348,0.3077,Ineficiente,avanzado,1,1,0,0,0,0,0
5675,491.4,False,10,Apartamento,2.7,2.0,,,,,,245.7,,,,Ineficiente,parcial,0,0,1,1,0,0,0
5676,771.8,False,14,Oficina,10.5,,,,,,,,,,,Ineficiente,basico,0,1,1,1,0,1,0
5677,353.7,True,8,Casa,4.1,,,,,,,,,,,Ineficiente,basico,1,1,0,0,0,0,0
5678,532.4,True,15,Apartamento,7.7,,,,,,,,,,,Moderado,basico,1,1,0,0,0,1,0
5679,958.9,False,24,Comercio,8.2,10.0,,,,,,95.89,,,,Ineficiente,parcial,0,0,1,0,0,0,0
5680,507.7,True,14,Casa,6.0,5.0,89.2,2.0,7.0,454.9,31.0,101.54,5.6917,0.1161,0.1429,Moderado,avanzado,1,0,0,1,1,0,0
5681,955.5,True,18,Comercio,9.9,6.0,192.6,7.0,10.1,841.9,28.0,159.25,4.9611,0.1349,0.3889,Ineficiente,avanzado,1,1,1,0,0,1,0
5682,728.9,True,23,Casa,7.3,,,,,,,,,,,Moderado,basico,1,1,0,0,0,1,0
5683,412.3,True,8,Casa,4.7,3.0,,,,339.4,31.0,137.4333,,0.2148,,Moderado,parcial,1,0,0,0,0,0,0
5684,574.2,False,12,Apartamento,7.0,,,,,,,,,,,Ineficiente,basico,0,1,1,1,1,1,0
5685,463.6,False,10,Apartamento,4.4,,,,,,,,,,,Eficiente,basico,0,1,1,0,0,0,0
5686,537.7,True,13,Casa,7.3,3.0,144.9,2.0,6.1,534.9,29.0,179.2333,3.7108,0.0052,0.1538,Moderado,avanzado,1,0,1,0,0,0,0
5687,291.4,True,12,Casa,5.4,6.0,108.7,0.0,0.0,308.0,28.0,48.5667,2.6808,-0.0539,0.0,Eficiente,avanzado,1,0,0,0,0,0,1
5688,365.5,True,7,Casa,6.2,3.0,,1.0,0.0,400.8,31.0,121.8333,,-0.0881,0.1429,Eficiente,parcial,1,1,0,0,0,0,0
5689,1278.6,True,24,Comercio,13.4,10.0,316.8,10.0,12.4,1372.2,28.0,127.86,4.036,-0.0682,0.4167,Ineficiente,avanzado,1,1,1,1,0,1,0
5690,1157.1,True,30,Oficina,11.9,13.0,150.1,7.0,2.4,1469.7,31.0,89.0077,7.7089,-0.2127,0.2333,Moderado,avanzado,1,0,0,0,0,0,0
5691,605.8,True,20,Apartamento,10.3,,,,,,,,,,,Ineficiente,basico,1,1,0,1,1,1,0
5692,377.8,True,12,Casa,4.1,1.0,162.0,2.0,0.0,306.7,30.0,377.8,2.3321,0.2318,0.1667,Ineficiente,avanzado,0,1,0,1,0,0,0
5693,352.1,True,10,Apartamento,6.1,,,,,,,,,,,Moderado,basico,0,0,0,1,0,0,0
5694,747.8,False,13,Comercio,5.5,4.0,206.9,7.0,3.1,728.0,30.0,186.95,3.6143,0.0272,0.5385,Ineficiente,avanzado,0,1,0,1,1,0,0
5695,494.9,False,15,Comercio,4.4,,,,,,,,,,,Moderado,basico,0,0,0,0,0,1,0
5696,139.1,True,4,Casa,3.4,1.0,96.5,0.0,0.0,120.6,30.0,139.1,1.4415,0.1534,0.0,Eficiente,avanzado,0,0,1,0,1,0,0
5697,394.3,False,11,Casa,0.0,3.0,,,4.7,,28.0,131.4333,,,,Eficiente,parcial,0,1,0,1,1,0,0
5698,832.5,False,22,Oficina,7.7,,,,,,,,,,,Moderado,basico,0,1,0,0,0,0,0
5699,604.1,True,13,Comercio,4.6,5.0,142.3,3.0,0.0,684.2,29.0,120.82,4.2453,-0.1171,0.2308,Moderado,avanzado,1,1,0,0,0,0,0
5700,417.4,False,9,Casa,3.2,2.0,111.6,,8.4,,30.0,208.7,3.7401,,,Moderado,parcial,0,1,0,0,0,1,0
5701,1180.0,True,33,Comercio,14.3,,,,,,,,,,,Ineficiente,basico,1,1,0,1,0,0,0
5702,742.8,True,18,Casa,6.8,,,,,,,,,,,Eficiente,basico,1,1,1,0,0,0,0
5703,490.7,False,18,Casa,5.9,,,,,,,,,,,Eficiente,basico,0,0,0,0,0,0,1
5704,743.8,False,16,Comercio,8.0,7.0,116.1,2.0,9.2,1122.0,30.0,106.2571,6.4065,-0.3371,0.125,Moderado,avanzado,1,1,1,0,0,0,0
5705,414.6,True,5,Apartamento,6.8,,,,,,,,,,,Moderado,basico,1,0,1,0,1,0,0
5706,486.5,True,5,Casa,10.4,1.0,138.3,3.0,8.2,566.4,28.0,486.5,3.5177,-0.1411,0.6,Ineficiente,avanzado,0,1,0,1,0,0,0
5707,851.5,False,22,Oficina,5.4,11.0,,,,837.7,,77.4091,,0.0165,,Eficiente,parcial,0,0,0,0,1,0,1
5708,941.4,True,20,Comercio,8.5,4.0,,12.0,,,29.0,235.35,,,0.6,Ineficiente,parcial,0,1,0,1,1,1,0
5709,339.3,False,10,Casa,8.2,1.0,149.6,2.0,4.0,387.6,29.0,339.3,2.268,-0.1246,0.2,Ineficiente,avanzado,0,1,0,1,0,0,0
5710,220.7,False,6,Apartamento,2.6,1.0,,1.0,2.1,,30.0,220.7,,,0.1667,Eficiente,parcial,1,0,0,1,0,0,0
5711,998.4,True,20,Comercio,10.3,7.0,151.5,8.0,7.5,1125.8,28.0,142.6286,6.5901,-0.1132,0.4,Ineficiente,avanzado,1,1,1,1,1,0,0
5712,311.2,True,8,Apartamento,5.8,4.0,97.4,1.0,0.0,306.9,28.0,77.8,3.1951,0.014,0.125,Eficiente,avanzado,1,0,0,0,0,0,1
5713,718.3,True,20,Oficina,7.1,10.0,,,,,,71.83,,,,Eficiente,parcial,1,1,0,0,1,1,0
5714,348.3,False,16,Apartamento,3.9,5.0,80.3,1.0,0.0,309.1,30.0,69.66,4.3375,0.1268,0.0625,Eficiente,avanzado,0,1,0,0,0,1,0
5715,603.0,True,14,Casa,8.0,5.0,167.0,4.0,0.0,547.2,31.0,120.6,3.6108,0.102,0.2857,Moderado,avanzado,0,0,0,0,0,0,1
5716,553.0,True,13,Casa,4.8,5.0,102.7,3.0,4.6,489.7,28.0,110.6,5.3846,0.1293,0.2308,Moderado,avanzado,1,0,0,0,0,0,0
5717,925.8,True,19,Comercio,7.7,8.0,104.9,5.0,9.0,839.5,30.0,115.725,8.8255,0.1028,0.2632,Ineficiente,avanzado,1,0,1,0,1,0,0
5718,755.2,True,12,Oficina,6.5,8.0,165.8,4.0,1.9,799.6,31.0,94.4,4.5549,-0.0555,0.3333,Moderado,avanzado,1,0,0,1,0,0,0
5719,413.7,False,10,Casa,2.1,3.0,66.2,2.0,7.8,370.3,31.0,137.9,6.2492,0.1172,0.2,Moderado,avanzado,0,1,1,0,0,0,0
5720,594.9,True,20,Casa,6.5,,,,,,,,,,,Moderado,basico,1,1,0,0,0,1,0
5721,1017.2,False,22,Comercio,11.8,,,,,1229.3,31.0,,,-0.1725,,Ineficiente,parcial,0,1,0,0,1,1,0
5722,647.8,False,20,Casa,4.0,7.0,198.8,4.0,2.5,558.2,29.0,92.5429,3.2586,0.1605,0.2,Eficiente,avanzado,1,0,0,0,0,0,1
5723,259.3,False,4,Casa,2.2,,,1.0,,,,,,,0.25,Moderado,parcial,0,1,0,0,0,0,0
5724,1176.8,True,29,Oficina,14.7,9.0,214.8,9.0,10.9,942.7,30.0,130.7556,5.4786,0.2483,0.3103,Ineficiente,avanzado,1,1,1,0,1,0,0
5725,630.2,True,15,Comercio,8.9,,151.9,3.0,4.4,561.0,,,4.1488,0.1234,0.2,Moderado,parcial,0,0,0,0,0,1,0
5726,1378.4,True,27,Oficina,15.1,10.0,132.8,15.0,7.1,1517.1,30.0,137.84,10.3795,-0.0914,0.5556,Ineficiente,avanzado,1,1,1,1,0,1,0
5727,227.5,False,8,Apartamento,2.8,3.0,98.8,0.0,5.3,220.0,29.0,75.8333,2.3026,0.0341,0.0,Eficiente,avanzado,0,0,0,0,0,0,1
5728,363.3,False,12,Casa,2.1,3.0,,,,,29.0,121.1,,,,Eficiente,parcial,0,0,0,0,0,0,1
5729,631.3,True,15,Oficina,8.1,,,,,,,,,,,Ineficiente,basico,1,1,1,0,0,1,0
5730,406.3,True,10,Casa,6.7,2.0,118.0,5.0,0.0,323.3,29.0,203.15,3.4432,0.2567,0.5,Ineficiente,avanzado,1,1,0,1,0,0,0
5731,486.1,True,11,Casa,4.7,,,,,,,,,,,Ineficiente,basico,1,0,1,0,1,1,0
5732,824.0,False,20,Oficina,7.5,10.0,258.2,5.0,0.0,854.3,31.0,82.4,3.1913,-0.0355,0.25,Eficiente,avanzado,1,0,0,0,0,0,1
5733,532.1,True,22,Apartamento,8.3,6.0,37.8,3.0,3.9,694.8,29.0,88.6833,14.0767,-0.2342,0.1364,Ineficiente,avanzado,1,1,1,0,1,1,0
5734,546.6,False,15,Oficina,3.6,8.0,87.3,2.0,0.9,605.3,30.0,68.325,6.2612,-0.097,0.1333,Eficiente,avanzado,0,0,0,0,0,0,1
5735,538.4,False,19,Casa,6.2,,,,,,,,,,,Eficiente,basico,0,1,0,0,0,0,0
5736,787.8,False,21,Oficina,9.5,,,,,,,,,,,Eficiente,basico,1,0,0,0,0,0,1
5737,282.2,True,6,Apartamento,4.7,3.0,55.9,1.0,1.9,211.8,28.0,94.0667,5.0483,0.3324,0.1667,Moderado,avanzado,1,0,1,1,1,0,0
5738,368.9,False,10,Apartamento,5.7,,35.9,,,,,,10.2758,,,Ineficiente,parcial,0,0,1,1,0,0,0
5739,1112.8,True,26,Oficina,10.9,8.0,206.1,12.0,0.0,868.8,30.0,139.1,5.3993,0.2808,0.4615,Ineficiente,avanzado,1,1,0,1,0,1,0
5740,140.0,True,5,Casa,0.6,1.0,91.0,0.0,0.0,116.4,30.0,140.0,1.5385,0.2027,0.0,Eficiente,avanzado,0,0,1,0,1,0,0
5741,465.9,True,12,Apartamento,6.3,4.0,66.2,3.0,9.1,379.9,29.0,116.475,7.0378,0.2264,0.25,Ineficiente,avanzado,0,1,1,0,1,1,0
5742,312.0,False,5,Apartamento,4.4,,,,,,,,,,,Ineficiente,basico,1,0,1,0,0,1,0
5743,962.8,False,26,Comercio,7.0,10.0,98.5,5.0,8.5,968.4,31.0,96.28,9.7746,-0.0058,0.1923,Moderado,avanzado,0,1,1,0,0,1,0
5744,1097.7,False,40,Oficina,10.3,9.0,189.4,,,,28.0,121.9667,5.7957,,,Moderado,parcial,0,1,0,0,0,0,0
5745,290.3,True,6,Apartamento,2.4,2.0,78.5,2.0,0.0,208.0,31.0,145.15,3.6981,0.3957,0.3333,Ineficiente,avanzado,1,0,0,0,1,0,0
5746,720.9,True,18,Casa,8.1,,,,,,,,,,,Ineficiente,basico,1,1,0,0,0,1,0
5747,392.3,True,10,Casa,7.6,,,,,,,,,,,Ineficiente,basico,1,1,1,1,0,0,0
5748,952.5,True,24,Oficina,10.4,9.0,207.3,,1.5,1043.7,29.0,105.8333,4.5948,-0.0874,,Moderado,parcial,1,1,0,0,0,0,0
5749,790.2,True,25,Oficina,12.0,8.0,131.6,3.0,7.3,784.0,29.0,98.775,6.0046,0.0079,0.12,Moderado,avanzado,1,1,0,0,0,0,0
5750,1087.8,True,22,Oficina,8.2,,,,,,,,,,,Ineficiente,basico,1,1,0,0,0,1,0
5751,413.1,True,9,Casa,8.0,2.0,134.6,1.0,8.8,301.6,30.0,206.55,3.0691,0.3697,0.1111,Ineficiente,avanzado,0,0,1,1,1,0,0
5752,469.4,True,9,Casa,6.9,3.0,61.3,1.0,8.8,438.6,28.0,156.4667,7.6574,0.0702,0.1111,Ineficiente,avanzado,1,0,1,0,0,0,0
5753,548.4,False,17,Comercio,5.9,2.0,211.3,3.0,0.0,513.1,31.0,274.2,2.5954,0.0688,0.1765,Moderado,avanzado,0,0,0,1,0,0,0
5754,650.5,True,12,Comercio,10.0,3.0,231.6,4.0,6.0,494.3,31.0,216.8333,2.8087,0.316,0.3333,Ineficiente,avanzado,1,1,0,1,1,1,0
5755,457.3,False,12,Casa,2.3,,,,,,29.0,,,,,Eficiente,parcial,0,1,0,0,0,0,0
5756,567.5,True,13,Apartamento,7.7,,,,,,,,,,,Ineficiente,basico,1,1,1,0,0,1,0
5757,696.6,True,24,Casa,8.9,7.0,,,,,31.0,99.5143,,,,Ineficiente,parcial,1,1,1,0,1,1,0
5758,458.8,True,12,Apartamento,4.1,5.0,93.3,3.0,0.0,425.1,28.0,91.76,4.9175,0.0793,0.25,Moderado,avanzado,0,0,0,1,0,0,0
5759,665.9,True,19,Casa,7.7,,,,,,,,,,,Moderado,basico,1,0,0,1,1,1,0
5760,442.4,True,9,Casa,7.0,,,,,,,,,,,Ineficiente,basico,0,1,0,1,0,1,0
5761,353.2,True,7,Casa,5.1,,,,,,,,,,,Eficiente,basico,1,0,1,1,0,0,0
5762,813.8,False,22,Oficina,5.3,,,,,852.9,,,,-0.0458,,Moderado,parcial,0,1,0,1,0,1,0
5763,735.7,False,16,Comercio,7.9,,,,,,,,,,,Ineficiente,basico,0,1,1,1,0,0,0
5764,843.8,False,22,Oficina,7.8,,,,,,,,,,,Ineficiente,basico,0,1,1,0,1,1,0
5765,509.3,True,13,Apartamento,5.6,,,4.0,,,,,,,0.3077,Moderado,parcial,1,0,0,0,0,1,0
5766,319.9,True,5,Casa,3.7,1.0,142.3,2.0,4.9,290.9,30.0,319.9,2.2481,0.0997,0.4,Ineficiente,avanzado,1,1,1,1,0,0,0
5767,359.8,False,10,Casa,5.8,,,,0.0,,,,,,,Eficiente,parcial,0,0,0,0,0,0,1
5768,250.4,False,9,Apartamento,2.3,,,,,,,,,,,Eficiente,basico,0,0,0,0,0,0,1
5769,408.7,True,7,Casa,4.6,,,,,,,,,,,Moderado,basico,1,0,1,1,0,1,0
5770,851.7,False,24,Comercio,8.3,6.0,161.8,8.0,0.0,919.8,29.0,141.95,5.2639,-0.074,0.3333,Moderado,avanzado,1,1,1,0,0,1,0
5771,667.4,False,21,Comercio,5.6,,,,,,,,,,,Eficiente,basico,0,0,1,0,0,0,1
5772,878.6,True,17,Comercio,10.7,5.0,141.6,7.0,3.9,682.6,29.0,175.72,6.2048,0.2871,0.4118,Ineficiente,avanzado,1,0,0,1,0,0,0
5773,274.5,True,9,Casa,5.5,2.0,100.2,1.0,0.0,239.5,31.0,137.25,2.7395,0.1461,0.1111,Eficiente,avanzado,0,0,0,0,0,0,1
5774,467.9,True,12,Apartamento,6.8,,,,,,,,,,,Ineficiente,basico,1,1,1,0,0,1,0
5775,496.9,True,15,Casa,6.5,5.0,122.7,1.0,5.0,396.9,31.0,99.38,4.0497,0.252,0.0667,Moderado,avanzado,1,0,0,0,0,0,0
5776,549.8,False,19,Casa,7.0,7.0,173.4,4.0,0.0,575.7,31.0,78.5429,3.1707,-0.045,0.2105,Eficiente,avanzado,0,1,0,0,0,0,1
5777,640.9,False,13,Apartamento,6.0,7.0,114.7,,2.8,,,91.5571,5.5876,,,Moderado,parcial,0,0,0,0,1,0,0
5778,548.8,True,12,Apartamento,7.5,8.0,109.8,2.0,3.2,378.3,30.0,68.6,4.9982,0.4507,0.1667,Moderado,avanzado,0,0,0,0,1,0,0
5779,201.7,False,6,Apartamento,2.6,3.0,40.5,0.0,0.0,210.6,29.0,67.2333,4.9802,-0.0423,0.0,Eficiente,avanzado,0,1,0,0,1,0,0
5780,328.8,True,10,Casa,4.6,3.0,95.5,0.0,6.2,304.2,30.0,109.6,3.4429,0.0809,0.0,Eficiente,avanzado,1,0,1,0,0,0,0
5781,867.9,True,25,Oficina,9.4,8.0,176.6,7.0,0.0,778.3,29.0,108.4875,4.9145,0.1151,0.28,Moderado,avanzado,1,0,0,0,0,0,0
5782,1154.5,True,29,Oficina,13.5,11.0,207.4,10.0,4.1,1331.0,28.0,104.9545,5.5665,-0.1326,0.3448,Ineficiente,avanzado,0,1,1,0,0,0,0
5783,341.1,True,7,Apartamento,4.8,2.0,54.8,2.0,0.0,279.1,28.0,170.55,6.2245,0.2221,0.2857,Ineficiente,avanzado,1,0,0,0,1,1,0
5784,814.0,True,19,Comercio,6.7,7.0,176.4,6.0,0.0,762.5,28.0,116.2857,4.6145,0.0675,0.3158,Moderado,avanzado,1,0,1,1,1,0,0
5785,489.5,True,12,Casa,9.1,,,,,,,,,,,Moderado,basico,1,0,0,0,0,0,0
5786,252.5,True,7,Apartamento,4.5,2.0,84.6,0.0,6.6,239.2,30.0,126.25,2.9846,0.0556,0.0,Eficiente,avanzado,0,0,0,0,0,0,1
5787,567.4,True,12,Comercio,6.7,,,,,,,,,,,Moderado,basico,1,0,0,0,1,0,0
5788,996.8,False,26,Comercio,9.9,7.0,176.3,8.0,6.2,857.2,29.0,142.4,5.654,0.1629,0.3077,Ineficiente,avanzado,0,1,1,0,1,1,0
5789,795.3,True,22,Comercio,12.5,5.0,89.9,5.0,3.2,627.1,31.0,159.06,8.8465,0.2682,0.2273,Ineficiente,avanzado,1,1,0,0,1,1,0
5790,458.0,True,11,Apartamento,6.6,,,,,,,,,,,Ineficiente,basico,1,1,0,1,0,1,0
5791,835.6,True,19,Comercio,10.5,5.0,357.1,6.0,4.1,776.2,30.0,167.12,2.34,0.0765,0.3158,Ineficiente,avanzado,1,1,0,0,0,0,0
5792,193.6,True,4,Apartamento,5.1,1.0,79.7,1.0,0.0,157.3,31.0,193.6,2.4291,0.2308,0.25,Moderado,avanzado,1,0,0,0,1,0,0
5793,543.3,True,13,Casa,4.0,5.0,224.7,3.0,0.0,533.5,28.0,108.66,2.4179,0.0184,0.2308,Eficiente,avanzado,1,0,0,1,0,0,0
5794,298.8,False,9,Casa,6.4,2.0,198.4,0.0,4.1,292.4,30.0,149.4,1.506,0.0219,0.0,Eficiente,avanzado,0,0,1,0,0,1,0
5795,990.2,False,23,Comercio,9.2,,,,,,,,,,,Ineficiente,basico,0,1,1,0,0,1,0
5796,340.9,False,8,Apartamento,3.4,,,,,343.9,31.0,,,-0.0087,,Eficiente,parcial,0,1,0,0,0,0,1
5797,281.8,False,4,Apartamento,2.8,,,,,,,,,,,Eficiente,basico,0,1,0,0,0,1,0
5798,1191.5,False,32,Oficina,15.3,10.0,130.8,9.0,7.1,1268.2,30.0,119.15,9.1093,-0.0605,0.2812,Ineficiente,avanzado,1,1,1,0,0,0,0
5799,418.0,True,11,Apartamento,5.6,2.0,32.8,3.0,0.0,378.8,28.0,209.0,12.7439,0.1035,0.2727,Ineficiente,avanzado,1,1,1,1,1,1,0
5800,453.2,True,7,Casa,6.4,,,,,,,,,,,Ineficiente,basico,0,0,1,0,0,0,0
5801,433.3,True,10,Casa,7.7,4.0,99.1,1.0,7.6,398.0,30.0,108.325,4.3724,0.0887,0.1,Moderado,avanzado,0,1,1,0,1,1,0
5802,414.1,True,11,Apartamento,6.1,1.0,64.9,3.0,,,29.0,414.1,6.3806,,0.2727,Ineficiente,parcial,1,1,0,1,1,1,0
5803,602.5,True,10,Comercio,8.5,4.0,167.4,1.0,8.6,610.2,30.0,150.625,3.5992,-0.0126,0.1,Moderado,avanzado,0,0,0,0,1,0,0
5804,203.9,True,4,Apartamento,4.7,2.0,53.1,0.0,3.2,211.0,30.0,101.95,3.8399,-0.0336,0.0,Eficiente,avanzado,1,0,0,0,0,0,1
5805,337.4,False,6,Apartamento,5.3,3.0,81.6,,1.4,324.1,31.0,112.4667,4.1348,0.041,,Moderado,parcial,1,0,0,0,0,0,0
5806,354.4,False,9,Apartamento,6.9,2.0,,2.0,10.6,402.3,28.0,177.2,,-0.1191,0.2222,Moderado,parcial,1,0,1,0,0,0,0
5807,233.4,True,7,Apartamento,4.1,,84.6,,,239.6,,,2.7589,-0.0259,,Eficiente,parcial,1,0,0,0,0,0,1
5808,435.6,False,12,Comercio,6.2,,,,,,,,,,,Eficiente,basico,0,0,0,0,0,0,1
5809,430.6,False,8,Casa,6.3,,,,,,,,,,,Eficiente,basico,0,0,1,0,0,0,1
5810,698.3,False,18,Comercio,7.5,5.0,,4.0,8.7,592.9,30.0,139.66,,0.1778,0.2222,Ineficiente,parcial,0,0,1,0,0,1,0
5811,296.7,True,11,Apartamento,4.1,3.0,100.8,1.0,1.8,245.1,28.0,98.9,2.9435,0.2105,0.0909,Eficiente,avanzado,1,0,1,0,0,0,0
5812,477.0,False,11,Casa,6.2,,,,,,,,,,,Ineficiente,basico,0,1,1,0,0,1,0
5813,403.0,True,9,Apartamento,8.1,4.0,115.2,1.0,6.6,371.0,30.0,100.75,3.4983,0.0863,0.1111,Moderado,avanzado,1,0,0,0,0,0,0
5814,362.2,True,10,Apartamento,4.0,,96.5,1.0,,414.9,31.0,,3.7534,-0.127,0.1,Eficiente,parcial,0,0,0,1,0,0,0
5815,513.4,False,11,Apartamento,5.4,4.0,91.4,3.0,6.5,609.7,29.0,128.35,5.6171,-0.1579,0.2727,Moderado,avanzado,0,0,1,0,0,0,0
5816,810.0,False,19,Comercio,8.6,,,,,,,,,,,Ineficiente,basico,0,0,1,0,0,0,0
5817,686.5,True,29,Casa,9.3,10.0,134.9,0.0,0.0,686.5,30.0,68.65,5.089,0.0,0.0,Eficiente,avanzado,0,0,0,0,0,0,1
5818,367.5,True,8,Casa,2.5,,,,,,,,,,,Eficiente,basico,0,1,0,0,0,1,0
5819,325.5,False,7,Casa,5.9,2.0,95.4,0.0,8.0,,,162.75,3.4119,,0.0,Eficiente,parcial,0,0,1,0,0,0,1
5820,422.4,True,9,Casa,6.1,1.0,208.6,3.0,8.6,313.0,28.0,422.4,2.0249,0.3495,0.3333,Ineficiente,avanzado,0,1,1,1,1,0,0
5821,235.8,True,5,Apartamento,3.9,1.0,,,,,,235.8,,,,Moderado,parcial,0,1,0,1,0,0,0
5822,799.7,True,14,Comercio,10.4,6.0,95.9,5.0,9.4,643.8,28.0,133.2833,8.3389,0.2422,0.3571,Ineficiente,avanzado,1,1,1,0,0,0,0
5823,426.0,True,9,Apartamento,8.1,,,,,,,,,,,Ineficiente,basico,0,1,1,1,0,0,0
5824,428.5,True,15,Casa,8.2,4.0,149.4,1.0,,,,107.125,2.8681,,0.0667,Eficiente,parcial,1,0,0,0,0,0,1
5825,582.9,True,14,Casa,5.4,,,,,,,,,,,Eficiente,basico,1,0,0,0,0,0,1
5826,277.3,True,4,Casa,3.6,1.0,97.3,0.0,8.7,218.1,,277.3,2.8499,0.2714,0.0,Ineficiente,parcial,0,0,1,1,0,1,0
5827,493.1,True,8,Apartamento,10.0,4.0,95.7,2.0,9.4,406.5,29.0,123.275,5.1526,0.213,0.25,Ineficiente,avanzado,1,1,1,1,1,0,0
5828,767.6,True,18,Casa,7.6,5.0,,8.0,4.8,724.3,,153.52,,0.0598,0.4444,Ineficiente,parcial,1,1,0,1,0,0,0
5829,302.4,True,5,Apartamento,7.7,2.0,85.7,0.0,6.1,238.8,31.0,151.2,3.5286,0.2663,0.0,Moderado,avanzado,1,0,1,0,1,0,0
5830,1137.6,False,27,Comercio,11.6,,,,,,,,,,,Ineficiente,basico,0,1,0,1,1,0,0
5831,136.7,False,3,Apartamento,3.2,,,,,,,,,,,Eficiente,basico,0,0,0,0,0,0,1
5832,732.8,False,17,Casa,8.6,9.0,155.2,,11.2,,,81.4222,4.7216,,,Moderado,parcial,1,0,1,0,1,0,0
5833,535.0,False,13,Casa,3.4,,,,,,,,,,,Eficiente,basico,0,0,0,0,1,0,1
5834,289.5,False,6,Apartamento,3.9,,,,8.1,,,,,,,Moderado,parcial,0,0,0,1,0,1,0
5835,424.5,True,13,Apartamento,9.6,,,,,,,,,,,Moderado,basico,1,1,0,0,0,0,0
5836,528.7,False,16,Casa,4.0,,,,,,,,,,,Eficiente,basico,0,1,1,0,0,0,0
5837,996.8,False,29,Comercio,13.6,,,,,,,,,,,Ineficiente,basico,0,1,0,0,1,1,0
5838,488.3,True,10,Apartamento,8.5,,,,,,,,,,,Moderado,basico,1,1,0,1,0,0,0
5839,501.8,True,13,Apartamento,6.4,,,,10.4,475.2,30.0,,,0.056,,Ineficiente,parcial,1,0,1,1,0,1,0
5840,454.7,False,15,Casa,6.2,4.0,118.6,2.0,0.0,418.7,31.0,113.675,3.8339,0.086,0.1333,Eficiente,avanzado,0,0,0,0,0,0,1
5841,543.3,False,19,Casa,8.2,,,,,,,,,,,Eficiente,basico,0,0,0,0,0,0,1
5842,605.6,False,12,Casa,10.2,,,,,,,,,,,Ineficiente,basico,0,0,1,0,0,1,0
5843,792.4,False,17,Casa,5.9,,228.4,6.0,,,,,3.4694,,0.3529,Ineficiente,parcial,0,1,1,1,0,0,0
5844,195.7,True,7,Apartamento,5.6,,,,,,,,,,,Eficiente,basico,1,0,0,0,0,0,0
5845,249.7,False,5,Apartamento,3.4,3.0,86.6,2.0,0.0,227.8,30.0,83.2333,2.8834,0.0961,0.4,Eficiente,avanzado,0,0,0,0,0,0,1
5846,1352.1,True,29,Oficina,16.3,,,,,,,,,,,Ineficiente,basico,1,1,1,0,1,1,0
5847,1041.7,False,22,Oficina,8.9,13.0,114.0,7.0,1.7,817.8,31.0,80.1308,9.1377,0.2738,0.3182,Ineficiente,avanzado,0,0,0,0,1,1,0
5848,608.8,True,21,Casa,8.6,5.0,180.2,4.0,3.1,490.4,30.0,121.76,3.3785,0.2414,0.1905,Moderado,avanzado,1,0,0,1,1,0,0
5849,368.4,False,5,Casa,6.5,,,,,,,,,,,Eficiente,basico,0,1,0,0,0,0,1
5850,779.6,True,11,Comercio,8.5,4.0,211.7,6.0,5.6,789.4,28.0,194.9,3.6826,-0.0124,0.5455,Ineficiente,avanzado,1,1,1,0,0,0,0
5851,1400.4,False,40,Oficina,17.0,14.0,110.2,,4.5,1657.8,30.0,100.0286,12.7078,-0.1553,,Ineficiente,parcial,1,0,1,0,0,1,0
5852,1038.5,False,32,Comercio,11.2,,,,,,,,,,,Moderado,basico,1,1,0,0,0,0,0
5853,436.8,False,11,Casa,3.0,,134.6,,,372.9,31.0,,3.2452,0.1714,,Eficiente,parcial,0,1,0,1,0,0,0
5854,522.9,True,14,Casa,8.4,3.0,182.4,2.0,7.9,476.1,30.0,174.3,2.8668,0.0983,0.1429,Moderado,avanzado,1,0,1,0,0,0,0
5855,371.6,True,8,Casa,7.2,3.0,112.3,1.0,0.0,301.3,30.0,123.8667,3.309,0.2333,0.125,Moderado,avanzado,1,0,0,1,0,1,0
5856,573.9,False,11,Comercio,3.5,,,,,501.7,,,,0.1439,,Eficiente,parcial,0,0,1,0,0,0,1
5857,265.8,False,5,Apartamento,3.8,2.0,86.1,0.0,5.7,240.7,31.0,132.9,3.0871,0.1043,0.0,Eficiente,avanzado,1,0,0,0,0,0,1
5858,207.5,False,4,Apartamento,0.0,1.0,75.0,0.0,3.2,201.4,28.0,207.5,2.7667,0.0303,0.0,Eficiente,avanzado,0,0,0,1,0,0,0
5859,485.9,True,11,Apartamento,4.8,7.0,72.2,2.0,4.8,613.0,30.0,69.4143,6.7299,-0.2073,0.1818,Moderado,avanzado,0,1,0,0,0,1,0
5860,153.8,True,6,Casa,1.8,1.0,134.7,1.0,,,28.0,153.8,1.1418,,0.1667,Eficiente,parcial,1,1,0,0,0,0,0
5861,518.3,False,14,Apartamento,3.9,,,,,,,,,,,Ineficiente,basico,0,0,0,1,1,1,0
5862,392.9,True,8,Casa,7.1,,,,,,,,,,,Eficiente,basico,1,0,1,0,0,0,0
5863,127.5,True,3,Apartamento,2.8,1.0,77.7,1.0,0.0,200.9,31.0,127.5,1.6409,-0.3654,0.3333,Eficiente,avanzado,1,0,1,0,0,0,0
5864,225.1,True,5,Apartamento,3.1,1.0,124.6,1.0,0.0,221.2,28.0,225.1,1.8066,0.0176,0.2,Moderado,avanzado,1,0,0,0,0,0,0
5865,383.4,True,9,Apartamento,5.4,2.0,67.6,1.0,9.7,322.7,28.0,191.7,5.6716,0.1881,0.1111,Ineficiente,avanzado,1,0,1,1,1,0,0
5866,553.6,False,17,Casa,7.8,,,,,,,,,,,Eficiente,basico,0,1,1,0,0,0,0
5867,681.0,True,20,Comercio,9.3,8.0,138.1,1.0,,596.5,28.0,85.125,4.9312,0.1417,0.05,Eficiente,parcial,1,0,0,1,0,0,0
5868,548.5,True,17,Apartamento,7.7,6.0,122.9,3.0,0.0,596.6,29.0,91.4167,4.463,-0.0806,0.1765,Eficiente,avanzado,0,0,0,0,0,0,1
5869,654.6,True,14,Casa,9.7,5.0,74.3,5.0,6.4,592.0,29.0,130.92,8.8102,0.1057,0.3571,Ineficiente,avanzado,1,1,0,0,1,1,0
5870,302.6,True,5,Casa,6.1,,,,,,,,,,,Ineficiente,basico,1,1,1,1,0,0,0
5871,318.9,True,4,Apartamento,4.5,,,,,,,,,,,Eficiente,basico,1,0,1,0,0,1,0
5872,261.7,True,8,Casa,1.9,,,,,,,,,,,Eficiente,basico,1,0,0,1,1,0,0
5873,446.7,True,7,Casa,7.7,4.0,246.0,1.0,7.0,382.5,28.0,111.675,1.8159,0.1678,0.1429,Moderado,avanzado,1,1,1,1,1,0,0
5874,426.1,True,13,Casa,4.9,4.0,95.9,1.0,0.7,563.6,31.0,106.525,4.4432,-0.244,0.0769,Eficiente,avanzado,1,0,0,0,0,1,0
5875,261.2,False,7,Casa,0.0,3.0,,,,291.7,,87.0667,,-0.1046,,Eficiente,parcial,0,0,0,0,0,0,1
5876,295.4,True,9,Apartamento,5.8,,,,,,,,,,,Moderado,basico,0,0,0,0,0,0,1
5877,631.0,True,22,Apartamento,11.4,7.0,,,0.0,,,90.1429,,,,Ineficiente,parcial,0,0,0,0,1,1,0
5878,432.7,False,10,Casa,8.1,2.0,141.0,1.0,11.8,431.8,28.0,216.35,3.0688,0.0021,0.1,Moderado,avanzado,0,0,0,0,0,0,1
5879,193.8,False,6,Apartamento,1.2,1.0,69.7,0.0,6.9,226.7,30.0,193.8,2.7805,-0.1451,0.0,Eficiente,avanzado,0,0,1,0,0,0,1
5880,429.1,False,12,Casa,4.9,,,,,,,,,,,Eficiente,basico,0,0,0,0,0,1,1
5881,449.4,True,11,Casa,3.4,6.0,180.4,0.0,0.0,464.2,30.0,74.9,2.4911,-0.0319,0.0,Eficiente,avanzado,1,0,0,0,0,0,1
5882,368.6,True,10,Casa,2.9,,,,,,,,,,,Eficiente,basico,1,0,0,0,0,0,0
5883,596.0,False,17,Comercio,6.1,3.0,25.0,4.0,3.1,574.7,31.0,198.6667,23.84,0.0371,0.2353,Ineficiente,avanzado,0,1,1,1,0,1,0
5884,1249.6,True,29,Oficina,13.0,,,,,,,,,,,Ineficiente,basico,0,1,1,0,1,0,0
5885,320.0,True,7,Apartamento,3.6,,,,,,,,,,,Ineficiente,basico,0,0,1,0,1,0,0
5886,395.4,True,10,Casa,4.6,4.0,143.2,0.0,4.3,303.4,28.0,98.85,2.7612,0.3032,0.0,Eficiente,avanzado,1,0,0,1,0,0,0
5887,505.9,False,12,Casa,6.1,4.0,127.3,2.0,11.8,442.2,31.0,126.475,3.9741,0.1441,0.1667,Moderado,avanzado,0,0,1,0,0,1,0
5888,311.7,True,5,Casa,3.2,1.0,98.8,2.0,3.1,271.9,30.0,311.7,3.1549,0.1464,0.4,Ineficiente,avanzado,1,1,0,1,0,1,0
5889,1019.8,False,28,Comercio,7.8,11.0,149.8,8.0,8.4,922.9,31.0,92.7091,6.8077,0.105,0.2857,Moderado,avanzado,0,0,1,0,1,0,0
5890,561.6,False,16,Casa,5.2,6.0,209.1,3.0,6.9,602.2,30.0,93.6,2.6858,-0.0674,0.1875,Eficiente,avanzado,0,1,0,0,1,0,0
5891,980.5,False,24,Oficina,7.4,7.0,143.0,9.0,6.8,1036.9,31.0,140.0714,6.8566,-0.0544,0.375,Ineficiente,avanzado,0,0,1,0,0,0,0
5892,374.4,True,8,Apartamento,6.5,2.0,93.7,2.0,5.6,,,187.2,3.9957,,0.25,Moderado,parcial,1,0,1,1,1,0,0
5893,257.1,True,7,Apartamento,4.2,,53.2,,,332.4,,,4.8327,-0.2265,,Eficiente,parcial,1,1,0,0,0,0,0
5894,586.0,True,14,Comercio,7.9,6.0,146.9,2.0,0.0,512.4,29.0,97.6667,3.9891,0.1436,0.1429,Eficiente,avanzado,0,0,0,0,0,1,1
5895,455.8,True,15,Casa,1.6,6.0,93.0,,0.0,,,75.9667,4.9011,,,Eficiente,parcial,1,0,0,0,1,0,0
5896,942.3,True,18,Comercio,11.7,6.0,245.2,4.0,,1041.6,31.0,157.05,3.843,-0.0953,0.2222,Ineficiente,parcial,1,0,1,0,1,0,0
5897,263.2,False,10,Casa,1.5,3.0,69.7,2.0,0.0,243.7,29.0,87.7333,3.7762,0.08,0.2,Eficiente,avanzado,0,0,0,0,0,0,1
5898,623.8,False,13,Comercio,6.4,,,,,,,,,,,Moderado,basico,0,1,0,0,0,0,0
5899,504.4,False,12,Apartamento,4.4,,,,,442.5,,,,0.1399,,Moderado,parcial,0,0,0,0,1,1,0
5900,318.3,False,12,Casa,1.9,2.0,,1.0,,328.7,31.0,159.15,,-0.0316,0.0833,Eficiente,parcial,0,0,0,0,0,0,1
5901,882.3,False,20,Comercio,8.4,9.0,25.0,6.0,4.8,961.7,29.0,98.0333,35.292,-0.0826,0.3,Ineficiente,avanzado,0,1,1,0,0,1,0
5902,332.8,True,7,Casa,4.7,,,,,,,,,,,Moderado,basico,0,0,0,0,0,1,0
5903,470.4,True,5,Casa,9.1,3.0,139.9,2.0,7.1,397.9,31.0,156.8,3.3624,0.1822,0.4,Ineficiente,avanzado,1,1,1,0,1,0,0
5904,606.4,False,17,Comercio,6.7,,,,,,,,,,,Moderado,basico,0,1,0,1,0,0,0
5905,388.7,True,9,Apartamento,5.2,,,,,,,,,,,Moderado,basico,1,0,1,1,1,1,0
5906,1238.1,True,25,Oficina,12.4,,,,,,,,,,,Ineficiente,basico,1,1,1,1,0,1,0
5907,296.3,True,7,Apartamento,3.7,2.0,52.7,0.0,4.9,297.9,28.0,148.15,5.6224,-0.0054,0.0,Eficiente,avanzado,1,0,1,0,0,0,0
5908,374.0,False,11,Apartamento,0.1,4.0,48.6,2.0,,397.8,30.0,93.5,7.6955,-0.0598,0.1818,Eficiente,parcial,0,0,0,0,0,0,1
5909,484.1,True,9,Casa,6.0,3.0,135.0,3.0,8.2,417.5,28.0,161.3667,3.5859,0.1595,0.3333,Ineficiente,avanzado,1,1,1,1,1,0,0
5910,306.2,True,8,Casa,5.2,2.0,,1.0,0.0,,29.0,153.1,,,0.125,Moderado,parcial,1,0,0,0,0,1,0
5911,775.5,True,18,Oficina,6.2,9.0,120.7,5.0,0.0,1153.5,29.0,86.1667,6.425,-0.3277,0.2778,Moderado,avanzado,1,1,0,0,0,0,0
5912,360.3,False,7,Casa,4.9,4.0,107.0,1.0,2.1,338.6,31.0,90.075,3.3673,0.0641,0.1429,Eficiente,avanzado,0,1,1,0,0,0,0
5913,455.7,True,9,Apartamento,6.7,3.0,77.4,2.0,8.3,343.0,28.0,151.9,5.8876,0.3286,0.2222,Ineficiente,avanzado,1,0,1,0,1,1,0
5914,493.7,False,6,Casa,6.2,2.0,235.3,3.0,7.2,477.6,,246.85,2.0982,0.0337,0.5,Ineficiente,parcial,0,1,1,1,1,0,0
5915,444.3,True,15,Casa,5.4,5.0,93.8,2.0,0.0,347.0,29.0,88.86,4.7367,0.2804,0.1333,Moderado,avanzado,1,0,0,1,1,0,0
5916,254.2,True,8,Apartamento,3.8,,87.8,3.0,,230.5,30.0,,2.8952,0.1028,0.375,Ineficiente,parcial,0,1,0,1,0,0,0
5917,711.9,True,21,Comercio,9.9,,178.7,,,,,,3.9838,,,Moderado,parcial,1,1,0,0,1,1,0
5918,1040.1,False,30,Comercio,10.4,6.0,199.7,11.0,0.0,770.4,30.0,173.35,5.2083,0.3501,0.3667,Ineficiente,avanzado,1,0,0,1,1,1,0
5919,1094.7,False,26,Comercio,11.7,,,,,,,,,,,Ineficiente,basico,1,1,0,0,1,1,0
5920,562.8,False,10,Casa,4.8,5.0,195.5,3.0,6.7,494.0,28.0,112.56,2.8788,0.1393,0.3,Moderado,avanzado,0,1,0,0,0,0,0
5921,304.6,False,12,Apartamento,0.0,,94.4,0.0,,,,,3.2267,,0.0,Eficiente,parcial,0,0,0,0,0,0,1
5922,559.8,True,11,Casa,8.4,8.0,164.5,2.0,0.9,653.7,28.0,69.975,3.403,-0.1436,0.1818,Eficiente,avanzado,1,0,0,0,0,0,1
5923,607.2,True,14,Comercio,5.5,,,,,,,,,,,Moderado,basico,1,0,1,0,0,1,0
5924,411.4,True,16,Casa,3.4,4.0,139.0,,0.0,,31.0,102.85,2.9597,,,Eficiente,parcial,1,1,0,0,1,0,0
5925,471.7,True,14,Apartamento,7.7,7.0,65.8,1.0,4.5,,28.0,67.3857,7.1687,,0.0714,Moderado,parcial,1,0,0,0,0,1,0
5926,385.3,False,15,Casa,1.9,,,,,,,,,,,Eficiente,basico,0,0,1,0,1,1,0
5927,628.2,True,15,Comercio,8.7,,,,,,,,,,,Moderado,basico,1,1,0,0,0,1,0
5928,832.1,False,17,Comercio,7.9,,,,,,,,,,,Moderado,basico,0,1,1,0,0,0,0
5929,815.1,True,19,Comercio,7.4,,,,,,,,,,,Eficiente,basico,1,0,0,0,0,1,0
5930,505.1,False,18,Casa,6.7,,,,,,,,,,,Eficiente,basico,0,0,0,0,1,0,1
5931,1115.5,False,30,Oficina,8.0,,,,,,,,,,,Moderado,basico,0,0,0,0,0,1,0
5932,375.1,False,7,Casa,1.5,4.0,147.3,,,380.3,28.0,93.775,2.5465,-0.0137,,Eficiente,parcial,0,0,0,1,0,0,1
5933,448.5,True,15,Casa,8.6,,,,,,,,,,,Moderado,basico,0,0,1,0,1,0,0
5934,438.4,True,12,Casa,4.6,4.0,121.4,2.0,1.3,,31.0,109.6,3.6112,,0.1667,Eficiente,parcial,1,0,0,1,0,0,0
5935,763.8,True,15,Casa,8.3,,,,,,,,,,,Ineficiente,basico,1,1,0,1,0,0,0
5936,158.3,False,4,Apartamento,2.1,1.0,59.3,0.0,0.0,147.2,29.0,158.3,2.6695,0.0754,0.0,Eficiente,avanzado,0,0,0,0,0,1,1
5937,301.9,False,7,Casa,4.0,,,,,,,,,,,Eficiente,basico,0,0,0,0,0,0,1
5938,354.9,False,7,Casa,0.3,2.0,149.9,2.0,0.0,461.1,,177.45,2.3676,-0.2303,0.2857,Eficiente,parcial,0,0,0,0,1,0,1
5939,486.7,True,11,Apartamento,7.0,3.0,115.0,2.0,4.5,605.9,31.0,162.2333,4.2322,-0.1967,0.1818,Moderado,avanzado,1,0,0,0,0,0,0
5940,536.3,True,18,Comercio,9.1,,,,,,,,,,,Moderado,basico,1,1,0,0,0,0,0
5941,492.4,True,6,Apartamento,6.8,4.0,,,,,,123.1,,,,Ineficiente,parcial,0,1,1,1,1,1,0
5942,454.6,True,7,Apartamento,9.5,1.0,,,,,,454.6,,,,Ineficiente,parcial,1,1,1,1,1,0,0
5943,288.3,False,4,Casa,3.4,,,,,289.5,,,,-0.0041,,Eficiente,parcial,0,0,1,0,0,0,1
5944,885.8,True,23,Comercio,6.6,6.0,,,0.0,1139.2,29.0,147.6333,,-0.2224,,Moderado,parcial,1,1,0,0,0,0,0
5945,356.3,True,7,Casa,4.7,,,,,,,,,,,Eficiente,basico,0,0,0,0,0,0,1
5946,361.3,True,9,Casa,4.9,4.0,162.6,2.0,0.0,386.9,30.0,90.325,2.222,-0.0662,0.2222,Eficiente,avanzado,1,0,0,0,0,0,1
5947,623.6,True,15,Casa,9.5,,,,,,,,,,,Moderado,basico,1,1,0,1,0,0,0
5948,449.8,True,12,Apartamento,6.2,5.0,85.7,3.0,0.0,476.4,31.0,89.96,5.2485,-0.0558,0.25,Moderado,avanzado,0,0,0,0,0,0,1
5949,472.7,False,10,Casa,5.8,3.0,222.5,0.0,6.4,490.4,30.0,157.5667,2.1245,-0.0361,0.0,Eficiente,avanzado,1,0,1,0,1,0,0
5950,425.5,True,11,Apartamento,6.5,,,,,,,,,,,Ineficiente,basico,1,1,0,0,0,1,0
5951,371.1,False,8,Casa,4.8,2.0,93.0,2.0,6.6,354.9,31.0,185.55,3.9903,0.0456,0.25,Moderado,avanzado,1,0,0,0,1,0,0
5952,442.2,True,13,Apartamento,9.1,2.0,,,,,,221.1,,,,Ineficiente,parcial,1,0,1,0,0,0,0
5953,403.8,False,12,Apartamento,5.5,,,,,,,,,,,Eficiente,basico,0,0,0,0,0,1,1
5954,346.2,True,11,Casa,10.1,,,,,,,,,,,Ineficiente,basico,1,0,1,1,0,1,0
5955,250.3,True,8,Apartamento,6.4,1.0,79.1,0.0,3.9,180.1,31.0,250.3,3.1643,0.3898,0.0,Ineficiente,avanzado,1,1,0,0,1,0,0
5956,421.0,True,13,Apartamento,7.1,5.0,82.1,1.0,8.0,461.3,30.0,84.2,5.1279,-0.0874,0.0769,Eficiente,avanzado,1,0,1,0,0,0,0
5957,163.8,True,4,Apartamento,3.9,,,,,,,,,,,Eficiente,basico,1,0,0,0,0,0,1
5958,621.8,False,14,Casa,7.2,8.0,142.5,1.0,9.2,614.3,29.0,77.725,4.3635,0.0122,0.0714,Eficiente,avanzado,0,1,1,0,0,1,0
5959,583.7,False,12,Apartamento,9.2,,,,,,,,,,,Ineficiente,basico,1,0,1,1,1,0,0
5960,368.3,True,6,Casa,5.5,,,,,,,,,,,Ineficiente,basico,1,1,1,0,0,1,0
5961,428.4,True,13,Casa,3.6,4.0,168.5,1.0,5.7,587.2,30.0,107.1,2.5424,-0.2704,0.0769,Eficiente,avanzado,1,0,1,0,0,1,0
5962,285.5,True,5,Casa,5.9,,,,,,,,,,,Moderado,basico,1,1,1,1,0,0,0
5963,225.0,False,9,Apartamento,5.0,,,1.0,0.0,,,,,,0.1111,Eficiente,parcial,0,0,0,0,0,0,1
5964,332.9,True,10,Casa,4.0,,,,,317.7,28.0,,,0.0478,,Eficiente,parcial,1,0,0,0,0,0,1
5965,393.4,False,8,Apartamento,7.6,1.0,54.4,,,465.0,29.0,393.4,7.2316,-0.154,,Ineficiente,parcial,0,0,1,1,1,1,0
5966,493.5,True,11,Casa,7.1,5.0,89.7,3.0,0.0,428.0,29.0,98.7,5.5017,0.153,0.2727,Moderado,avanzado,0,1,0,0,0,0,0
5967,849.6,True,20,Comercio,10.3,6.0,136.4,,6.8,,29.0,141.6,6.2287,,,Ineficiente,parcial,1,1,1,0,1,1,0
5968,220.6,True,4,Casa,2.9,2.0,149.5,1.0,0.0,218.3,29.0,110.3,1.4756,0.0105,0.25,Eficiente,avanzado,1,0,0,0,0,1,0
5969,375.5,False,12,Apartamento,2.2,4.0,,,,484.9,,93.875,,-0.2256,,Eficiente,parcial,0,1,0,0,0,0,1
5970,484.1,True,8,Comercio,5.8,4.0,,,,,,121.025,,,,Eficiente,parcial,0,0,0,0,0,0,1
5971,488.5,False,14,Casa,5.9,5.0,238.4,2.0,4.3,483.6,28.0,97.7,2.0491,0.0101,0.1429,Eficiente,avanzado,0,1,0,0,0,1,0
5972,809.4,True,24,Casa,9.2,,,,,,,,,,,Moderado,basico,1,0,1,1,0,1,0
5973,372.9,True,8,Apartamento,4.0,2.0,95.8,1.0,11.3,303.1,28.0,186.45,3.8925,0.2303,0.125,Ineficiente,avanzado,1,0,1,0,1,1,0
5974,1175.0,True,28,Oficina,12.8,,,,,,,,,,,Ineficiente,basico,1,1,1,0,0,1,0
5975,809.0,True,15,Oficina,10.3,7.0,222.3,4.0,11.1,849.6,29.0,115.5714,3.6392,-0.0478,0.2667,Moderado,avanzado,1,1,1,0,0,0,0
5976,291.3,True,2,Casa,3.9,5.0,192.1,0.0,2.2,291.3,28.0,58.26,1.5164,0.0,0.0,Eficiente,avanzado,1,0,0,0,0,0,0
5977,822.6,False,22,Comercio,7.0,,,,,,,,,,,Eficiente,basico,0,1,0,0,0,0,0
5978,325.1,True,10,Casa,3.3,2.0,62.1,2.0,0.0,305.6,31.0,162.55,5.2351,0.0638,0.2,Moderado,avanzado,1,1,0,0,0,1,0
5979,625.0,False,16,Casa,7.2,,,,,,,,,,,Eficiente,basico,0,0,1,0,0,0,1
5980,583.8,True,15,Apartamento,11.5,3.0,58.3,5.0,5.6,480.5,28.0,194.6,10.0137,0.215,0.3333,Ineficiente,avanzado,1,1,1,1,0,1,0
5981,498.1,True,13,Apartamento,6.1,3.0,88.9,2.0,9.1,301.9,28.0,166.0333,5.6029,0.6499,0.1538,Ineficiente,avanzado,1,1,1,0,1,1,0
5982,287.9,False,9,Apartamento,2.2,1.0,43.1,2.0,0.0,288.5,28.0,287.9,6.6798,-0.0021,0.2222,Ineficiente,avanzado,0,1,0,1,0,1,0
5983,722.7,False,16,Comercio,5.8,,,,,,29.0,,,,,Moderado,parcial,0,1,0,0,1,1,0
5984,506.7,True,14,Casa,9.0,4.0,,2.0,4.6,377.6,28.0,126.675,,0.3419,0.1429,Moderado,parcial,1,0,0,0,1,0,0
5985,319.3,False,4,Apartamento,5.8,3.0,59.3,1.0,,,,106.4333,5.3845,,0.25,Moderado,parcial,0,0,1,0,0,0,0
5986,568.4,True,11,Casa,7.1,4.0,159.9,2.0,8.8,506.2,30.0,142.1,3.5547,0.1229,0.1818,Moderado,avanzado,1,1,1,0,0,0,0
5987,385.3,True,7,Casa,4.6,2.0,132.8,2.0,0.0,518.8,29.0,192.65,2.9014,-0.2573,0.2857,Moderado,avanzado,1,1,0,0,0,0,0
5988,469.9,False,19,Casa,5.7,,126.4,,,481.5,,,3.7176,-0.0241,,Eficiente,parcial,0,1,0,0,0,1,0
5989,709.7,False,23,Oficina,4.6,6.0,180.4,5.0,0.0,628.2,31.0,118.2833,3.934,0.1297,0.2174,Eficiente,avanzado,0,0,0,0,1,0,1
5990,257.9,True,9,Apartamento,2.1,1.0,123.7,,2.9,257.9,,257.9,2.0849,0.0,,Eficiente,parcial,1,0,0,0,0,0,1
5991,329.0,True,5,Casa,5.9,,146.6,0.0,,293.6,30.0,,2.2442,0.1206,0.0,Eficiente,parcial,1,0,1,1,1,0,0
5992,445.5,True,7,Apartamento,10.3,3.0,34.7,1.0,12.0,379.3,30.0,148.5,12.8386,0.1745,0.1429,Ineficiente,avanzado,1,0,1,1,0,1,0
5993,1611.7,True,44,Oficina,21.7,13.0,70.2,19.0,0.0,1464.3,31.0,123.9769,22.9587,0.1007,0.4318,Ineficiente,avanzado,1,1,0,1,1,1,0
5994,1006.0,True,27,Oficina,11.2,10.0,148.3,6.0,9.8,886.1,28.0,100.6,6.7835,0.1353,0.2222,Ineficiente,avanzado,1,1,1,1,1,0,0
5995,208.1,False,14,Apartamento,2.2,3.0,102.6,0.0,0.0,193.8,29.0,69.3667,2.0283,0.0738,0.0,Eficiente,avanzado,0,0,0,0,0,0,1
5996,492.1,True,17,Casa,4.7,6.0,140.7,2.0,0.8,441.7,31.0,82.0167,3.4975,0.1141,0.1176,Eficiente,avanzado,0,0,0,0,0,1,1
5997,243.1,False,12,Apartamento,7.8,2.0,90.3,2.0,0.0,229.6,30.0,121.55,2.6921,0.0588,0.1667,Eficiente,avanzado,0,0,0,0,0,0,1
5998,544.6,False,7,Comercio,2.6,3.0,161.4,4.0,2.6,591.5,31.0,181.5333,3.3742,-0.0793,0.5714,Ineficiente,avanzado,0,1,0,0,0,0,0
5999,1011.7,True,22,Comercio,11.0,,,,,,,,,,,Ineficiente,basico,1,0,1,0,0,0,0
6000,825.8,False,20,Comercio,10.0,4.0,203.2,7.0,4.2,799.1,29.0,206.45,4.064,0.0334,0.35,Ineficiente,avanzado,0,1,0,0,0,0,0
