consumo_kwh,uso_horario_pico,cantidad_equipos,tipo_inmueble,horas_alto_consumo,cantidad_personas,area_m2,equipos_alto_consumo,horas_aire_acondicionado,consumo_mes_anterior_kwh,dias_facturados,consumo_diario,consumo_por_persona,consumo_por_m2,variacion_mensual,proporcion_equipos_alto_consumo,puntaje_ineficiencia,categoria
690.58,False,14,Departamento,5,7,101.0,9,4,786.35,30,23.0193,98.6543,6.8374,-0.1218,0.6429,0.228,Eficiente
461.07,False,6,Casa,4,4,237.0,6,0,533.72,28,16.4668,115.2675,1.9454,-0.1361,1.0,0.1923,Eficiente
454.36,True,27,Pequeno negocio,0,1,103.0,2,5,483.01,28,16.2271,454.36,4.4113,-0.0593,0.0741,0.2075,Eficiente
378.04,False,13,Departamento,1,3,69.0,1,11,351.31,31,12.1948,126.0133,5.4788,0.0761,0.0769,0.16,Eficiente
690.52,False,14,Casa,2,7,298.0,3,3,727.15,28,24.6614,98.6457,2.3172,-0.0504,0.2143,0.177,Eficiente
1221.68,True,28,Pequeno negocio,1,5,71.0,4,9,1396.26,30,40.7227,244.336,17.2068,-0.125,0.1429,0.3469,Ineficiente
620.19,True,19,Departamento,14,2,124.0,2,0,502.81,31,20.0061,310.095,5.0015,0.2334,0.1053,0.2563,Moderado
454.11,True,23,Departamento,0,7,42.0,0,3,422.46,30,15.137,64.8729,10.8121,0.0749,0.0,0.2078,Eficiente
665.51,True,13,Casa,5,4,250.0,4,7,763.24,28,23.7682,166.3775,2.662,-0.128,0.3077,0.2025,Eficiente
596.77,True,16,Departamento,14,2,44.0,4,12,577.62,29,20.5783,298.385,13.563,0.0332,0.25,0.4683,Ineficiente
507.68,False,7,Casa,1,3,183.0,3,8,496.91,28,18.1314,169.2267,2.7742,0.0217,0.4286,0.1405,Eficiente
1254.34,True,35,Pequeno negocio,9,11,96.0,8,9,1254.31,28,44.7979,114.0309,13.066,0.0,0.2286,0.4174,Ineficiente
368.43,False,4,Departamento,3,4,112.0,2,10,365.81,29,12.7045,92.1075,3.2896,0.0072,0.5,0.2179,Eficiente
1294.16,True,28,Pequeno negocio,4,9,60.0,8,1,1325.13,29,44.6262,143.7956,21.5693,-0.0234,0.2857,0.3402,Ineficiente
453.54,False,9,Casa,6,3,75.0,0,12,423.95,30,15.118,151.18,6.0472,0.0698,0.0,0.1567,Eficiente
826.22,False,18,Casa,8,7,200.0,5,5,828.72,31,26.6523,118.0314,4.1311,-0.003,0.2778,0.2984,Moderado
644.97,True,16,Departamento,11,1,128.0,9,4,625.15,30,21.499,644.97,5.0388,0.0317,0.5625,0.45,Ineficiente
818.82,True,5,Casa,9,6,249.0,2,11,766.68,30,27.294,136.47,3.2884,0.068,0.4,0.2752,Moderado
811.17,False,22,Pequeno negocio,0,3,243.0,6,6,816.22,31,26.1668,270.39,3.3381,-0.0062,0.2727,0.2226,Eficiente
439.77,True,20,Departamento,2,4,102.0,7,8,395.62,29,15.1645,109.9425,4.3115,0.1116,0.35,0.2415,Moderado
506.04,True,20,Departamento,9,5,101.0,3,4,421.34,29,17.4497,101.208,5.0103,0.201,0.15,0.3441,Ineficiente
744.92,True,15,Casa,4,7,165.0,6,7,773.91,30,24.8307,106.4171,4.5147,-0.0375,0.4,0.2609,Moderado
1484.91,True,34,Pequeno negocio,0,9,71.0,6,1,1611.3,31,47.9003,164.99,20.9142,-0.0784,0.1765,0.303,Moderado
866.53,False,26,Pequeno negocio,8,11,103.0,4,5,1085.32,29,29.8803,78.7755,8.4129,-0.2016,0.1538,0.292,Moderado
434.19,False,20,Departamento,4,6,92.0,3,5,392.27,30,14.473,72.365,4.7195,0.1069,0.15,0.1452,Eficiente
605.18,False,7,Casa,12,7,147.0,4,3,618.01,28,21.6136,86.4543,4.1169,-0.0208,0.5714,0.2369,Moderado
468.72,False,4,Departamento,13,4,53.0,1,11,564.71,29,16.1628,117.18,8.8438,-0.17,0.25,0.1357,Eficiente
507.14,True,9,Casa,1,1,180.0,4,7,550.07,30,16.9047,507.14,2.8174,-0.078,0.4444,0.2429,Moderado
751.84,False,7,Casa,11,4,113.0,3,11,703.34,31,24.2529,187.96,6.6535,0.069,0.4286,0.2552,Moderado
449.18,True,6,Departamento,12,3,85.0,3,1,400.94,28,16.0421,149.7267,5.2845,0.1203,0.5,0.2855,Moderado
445.8,True,13,Departamento,9,4,98.0,2,5,410.88,31,14.3806,111.45,4.549,0.085,0.1538,0.2093,Eficiente
994.19,True,34,Pequeno negocio,9,4,248.0,5,10,999.39,30,33.1397,248.5475,4.0088,-0.0052,0.1471,0.3821,Ineficiente
477.04,True,18,Casa,6,3,256.0,0,2,429.36,31,15.3884,159.0133,1.8634,0.111,0.0,0.1847,Eficiente
567.5,True,9,Casa,7,7,171.0,0,2,557.31,30,18.9167,81.0714,3.3187,0.0183,0.0,0.1511,Eficiente
462.12,True,12,Departamento,1,1,117.0,2,12,447.12,28,16.5043,462.12,3.9497,0.0335,0.1667,0.2526,Moderado
593.3,True,13,Casa,2,7,155.0,5,1,671.23,28,21.1893,84.7571,3.8277,-0.1161,0.3846,0.2354,Moderado
568.94,False,11,Casa,10,4,121.0,2,5,488.55,31,18.3529,142.235,4.702,0.1645,0.1818,0.1342,Eficiente
533.72,True,24,Departamento,8,5,102.0,4,0,483.14,30,17.7907,106.744,5.2325,0.1047,0.1667,0.3214,Ineficiente
537.58,False,23,Casa,2,7,63.0,1,4,567.69,31,17.3413,76.7971,8.533,-0.053,0.0435,0.2171,Eficiente
623.62,False,24,Departamento,5,2,129.0,4,10,533.69,28,22.2721,311.81,4.8343,0.1685,0.1667,0.344,Ineficiente
807.98,False,12,Casa,9,7,284.0,4,4,993.13,28,28.8564,115.4257,2.845,-0.1864,0.3333,0.1387,Eficiente
754.39,True,33,Pequeno negocio,2,3,237.0,3,6,852.97,31,24.3352,251.4633,3.1831,-0.1156,0.0909,0.3252,Ineficiente
420.17,True,19,Departamento,3,3,122.0,0,11,512.19,31,13.5539,140.0567,3.444,-0.1797,0.0,0.2188,Eficiente
763.55,True,20,Casa,13,4,265.0,6,5,810.24,29,26.3293,190.8875,2.8813,-0.0576,0.3,0.3341,Ineficiente
845.42,True,16,Pequeno negocio,6,5,162.0,2,7,946.07,31,27.2716,169.084,5.2186,-0.1064,0.125,0.322,Ineficiente
1273.99,True,5,Pequeno negocio,6,15,142.0,4,6,1112.85,28,45.4996,84.9327,8.9718,0.1448,0.8,0.2811,Moderado
714.42,True,23,Casa,1,6,142.0,7,9,698.98,29,24.6352,119.07,5.0311,0.0221,0.3043,0.296,Moderado
170.52,False,20,Casa,1,1,64.0,1,7,177.36,28,6.09,170.52,2.6644,-0.0386,0.05,0.0822,Eficiente
788.34,False,15,Departamento,9,5,98.0,6,10,738.98,30,26.278,157.668,8.0443,0.0668,0.4,0.2234,Eficiente
1276.08,True,12,Casa,4,5,265.0,3,11,1138.65,29,44.0028,255.216,4.8154,0.1207,0.25,0.306,Ineficiente
762.13,True,8,Casa,4,4,242.0,5,12,636.26,30,25.4043,190.5325,3.1493,0.1978,0.625,0.3578,Ineficiente
386.3,False,4,Casa,2,5,138.0,0,4,389.95,29,13.3207,77.26,2.7993,-0.0094,0.0,0.131,Eficiente
607.94,False,24,Departamento,11,6,62.0,4,2,606.79,30,20.2647,101.3233,9.8055,0.0019,0.1667,0.2957,Moderado
637.86,False,7,Departamento,14,7,111.0,3,2,750.5,29,21.9952,91.1229,5.7465,-0.1501,0.4286,0.1599,Eficiente
366.4,False,10,Departamento,3,2,58.0,1,10,355.13,29,12.6345,183.2,6.3172,0.0317,0.1,0.1828,Eficiente
503.28,False,12,Departamento,3,4,129.0,5,11,482.97,31,16.2348,125.82,3.9014,0.0421,0.4167,0.2491,Moderado
560.82,True,17,Departamento,11,4,107.0,6,3,610.06,31,18.091,140.205,5.2413,-0.0807,0.3529,0.315,Ineficiente
390.17,True,8,Departamento,7,3,94.0,3,6,386.24,28,13.9346,130.0567,4.1507,0.0102,0.375,0.1683,Eficiente
1832.24,True,7,Casa,11,7,222.0,6,0,1892.51,29,63.1807,261.7486,8.2533,-0.0318,0.8571,0.4039,Ineficiente
487.27,True,10,Casa,11,4,127.0,3,7,460.71,29,16.8024,121.8175,3.8368,0.0577,0.3,0.2908,Moderado
613.82,False,10,Departamento,11,5,48.0,8,9,632.53,29,21.1662,122.764,12.7879,-0.0296,0.8,0.2414,Moderado
286.23,False,4,Departamento,2,2,122.0,2,2,276.89,28,10.2225,143.115,2.3461,0.0337,0.5,0.1625,Eficiente
582.35,False,11,Departamento,8,3,71.0,7,12,631.63,29,20.081,194.1167,8.2021,-0.078,0.6364,0.26,Moderado
1560.19,True,15,Departamento,6,5,113.0,3,11,1395.56,30,52.0063,312.038,13.807,0.118,0.2,0.3774,Ineficiente
1989.56,False,12,Departamento,13,3,121.0,5,12,1850.37,29,68.6055,663.1867,16.4426,0.0752,0.4167,0.3834,Ineficiente
578.75,True,10,Departamento,9,6,45.0,0,12,497.23,30,19.2917,96.4583,12.8611,0.1639,0.0,0.25,Moderado
474.85,True,23,Departamento,11,1,107.0,0,1,466.05,28,16.9589,474.85,4.4379,0.0189,0.0,0.3041,Moderado
681.17,False,8,Casa,13,2,124.0,8,5,686.24,31,21.9732,340.585,5.4933,-0.0074,1.0,0.2421,Moderado
475.02,True,21,Casa,10,3,224.0,0,5,601.33,30,15.834,158.34,2.1206,-0.2101,0.0,0.3043,Moderado
548.21,True,16,Casa,9,3,233.0,5,0,484.89,30,18.2737,182.7367,2.3528,0.1306,0.3125,0.2756,Moderado
855.5,True,17,Casa,7,6,204.0,4,12,844.64,29,29.5,142.5833,4.1936,0.0129,0.2353,0.3147,Ineficiente
1012.48,True,9,Casa,1,7,170.0,6,0,1049.11,30,33.7493,144.64,5.9558,-0.0349,0.6667,0.2226,Eficiente
2421.74,True,30,Pequeno negocio,10,12,67.0,0,9,2156.01,30,80.7247,201.8117,36.1454,0.1233,0.0,0.4722,Ineficiente
408.89,False,13,Casa,4,4,156.0,1,3,366.74,28,14.6032,102.2225,2.6211,0.1149,0.0769,0.1186,Eficiente
628.22,True,14,Casa,1,3,269.0,3,7,665.97,28,22.4364,209.4067,2.3354,-0.0567,0.2143,0.2144,Eficiente
1168.55,True,8,Casa,5,4,146.0,8,6,1111.72,31,37.6952,292.1375,8.0038,0.0511,1.0,0.3883,Ineficiente
719.91,True,13,Casa,5,5,292.0,3,2,714.38,29,24.8245,143.982,2.4654,0.0077,0.2308,0.2562,Moderado
642.96,True,17,Departamento,5,6,84.0,5,5,548.83,28,22.9629,107.16,7.6543,0.1715,0.2941,0.2684,Moderado
498.61,False,23,Departamento,4,7,37.0,5,9,586.97,30,16.6203,71.23,13.4759,-0.1505,0.2174,0.1991,Eficiente
716.92,False,21,Departamento,14,5,42.0,4,7,597.88,30,23.8973,143.384,17.0695,0.1991,0.1905,0.2738,Moderado
422.28,False,6,Departamento,13,3,42.0,6,2,364.6,31,13.6219,140.76,10.0543,0.1582,1.0,0.2754,Moderado
380.25,False,4,Casa,0,1,271.0,4,3,403.59,31,12.2661,380.25,1.4031,-0.0578,1.0,0.0844,Eficiente
799.81,False,38,Pequeno negocio,7,1,116.0,4,9,866.86,31,25.8003,799.81,6.8949,-0.0773,0.1053,0.364,Ineficiente
678.1,True,21,Casa,4,6,84.0,3,2,639.74,28,24.2179,113.0167,8.0726,0.06,0.1429,0.2542,Moderado
622.77,False,6,Casa,12,4,208.0,2,7,777.5,30,20.759,155.6925,2.9941,-0.199,0.3333,0.2066,Eficiente
1100.8,True,21,Casa,7,7,289.0,9,12,1062.98,29,37.9586,157.2571,3.809,0.0356,0.4286,0.3751,Ineficiente
525.04,True,19,Departamento,9,3,37.0,1,7,511.33,31,16.9368,175.0133,14.1903,0.0268,0.0526,0.2621,Moderado
340.76,False,24,Departamento,1,1,60.0,1,3,316.11,28,12.17,340.76,5.6793,0.078,0.0417,0.1411,Eficiente
784.24,False,6,Casa,10,5,250.0,2,8,869.44,30,26.1413,156.848,3.137,-0.098,0.3333,0.2239,Eficiente
2609.78,True,21,Departamento,7,1,110.0,8,12,1913.24,31,84.1865,2609.78,23.7253,0.3641,0.381,0.5823,Ineficiente
1143.61,False,11,Casa,13,1,260.0,6,8,1112.04,30,38.1203,1143.61,4.3985,0.0284,0.5455,0.3341,Ineficiente
638.77,True,15,Departamento,1,5,95.0,9,7,542.32,29,22.0266,127.754,6.7239,0.1778,0.6,0.2653,Moderado
1037.54,True,8,Casa,4,4,235.0,7,7,974.62,29,35.7772,259.385,4.4151,0.0646,0.875,0.3474,Ineficiente
678.73,True,4,Casa,12,5,261.0,4,0,600.98,29,23.4045,135.746,2.6005,0.1294,1.0,0.1924,Eficiente
642.61,False,18,Casa,3,6,274.0,0,0,776.59,28,22.9504,107.1017,2.3453,-0.1725,0.0,0.144,Eficiente
403.35,False,4,Departamento,4,3,66.0,4,7,318.76,30,13.445,134.45,6.1114,0.2654,1.0,0.2603,Moderado
782.49,False,13,Casa,4,5,233.0,6,6,724.84,30,26.083,156.498,3.3583,0.0795,0.4615,0.1537,Eficiente
541.39,True,7,Casa,7,4,93.0,0,12,506.2,30,18.0463,135.3475,5.8214,0.0695,0.0,0.2593,Moderado
1307.73,True,23,Casa,0,5,286.0,9,6,1199.94,28,46.7046,261.546,4.5725,0.0898,0.3913,0.3045,Moderado
2084.84,True,37,Pequeno negocio,9,11,85.0,6,10,1946.14,30,69.4947,189.5309,24.5275,0.0713,0.1622,0.5173,Ineficiente
1329.12,False,12,Pequeno negocio,12,14,103.0,6,8,1291.54,29,45.8317,94.9371,12.9041,0.0291,0.5,0.2773,Moderado
446.51,False,24,Departamento,4,4,103.0,3,3,461.65,30,14.8837,111.6275,4.335,-0.0328,0.125,0.2245,Eficiente
641.83,False,18,Casa,2,5,274.0,3,11,764.4,29,22.1321,128.366,2.3424,-0.1603,0.1667,0.1696,Eficiente
2014.59,True,6,Pequeno negocio,5,12,248.0,3,1,1604.1,31,64.9868,167.8825,8.1233,0.2559,0.5,0.2566,Moderado
488.27,True,10,Departamento,9,2,96.0,0,9,573.02,28,17.4382,244.135,5.0861,-0.1479,0.0,0.2316,Moderado
515.96,True,14,Departamento,7,1,128.0,4,5,447.24,29,17.7917,515.96,4.0309,0.1537,0.2857,0.2619,Moderado
674.75,True,20,Casa,9,2,232.0,0,9,629.48,30,22.4917,337.375,2.9084,0.0719,0.0,0.2083,Eficiente
770.06,False,24,Casa,12,4,78.0,5,1,852.23,28,27.5021,192.515,9.8726,-0.0964,0.2083,0.2319,Moderado
754.81,True,21,Casa,14,7,127.0,2,2,680.37,29,26.0279,107.83,5.9434,0.1094,0.0952,0.368,Ineficiente
1255.89,False,29,Pequeno negocio,6,15,246.0,6,3,1334.65,30,41.863,83.726,5.1052,-0.059,0.2069,0.2752,Moderado
583.23,True,13,Departamento,11,6,123.0,3,7,454.98,30,19.441,97.205,4.7417,0.2819,0.2308,0.3311,Ineficiente
426.26,False,4,Casa,7,4,69.0,2,11,429.06,28,15.2236,106.565,6.1777,-0.0065,0.5,0.1496,Eficiente
331.71,False,9,Casa,2,2,204.0,1,11,293.56,29,11.4383,165.855,1.626,0.13,0.1111,0.1758,Eficiente
360.99,False,8,Departamento,8,3,120.0,3,8,387.67,30,12.033,120.33,3.0082,-0.0688,0.375,0.1909,Eficiente
569.42,False,8,Casa,14,6,193.0,0,1,656.16,28,20.3364,94.9033,2.9504,-0.1322,0.0,0.2242,Eficiente
2062.74,True,24,Pequeno negocio,6,5,35.0,2,10,2075.58,31,66.54,412.548,58.9354,-0.0062,0.0833,0.4422,Ineficiente
650.03,True,11,Departamento,8,7,84.0,4,11,527.65,29,22.4148,92.8614,7.7385,0.2319,0.3636,0.3025,Moderado
646.5,True,13,Departamento,10,3,107.0,6,7,835.34,29,22.2931,215.5,6.0421,-0.2261,0.4615,0.2865,Moderado
611.86,True,24,Casa,12,4,215.0,4,0,669.31,30,20.3953,152.965,2.8459,-0.0858,0.1667,0.2907,Moderado
261.53,False,12,Departamento,0,4,75.0,1,2,263.04,28,9.3404,65.3825,3.4871,-0.0057,0.0833,0.1122,Eficiente
776.22,True,3,Departamento,0,1,101.0,3,10,892.07,30,25.874,776.22,7.6853,-0.1299,1.0,0.2411,Moderado
528.71,True,15,Departamento,7,1,83.0,4,1,632.94,31,17.0552,528.71,6.37,-0.1647,0.2667,0.2093,Eficiente
395.36,False,9,Casa,1,1,94.0,6,4,347.48,31,12.7535,395.36,4.206,0.1378,0.6667,0.231,Moderado
2792.5,False,6,Casa,13,6,70.0,6,9,3096.65,29,96.2931,465.4167,39.8929,-0.0982,1.0,0.3905,Ineficiente
424.75,False,17,Casa,10,2,231.0,0,1,477.41,31,13.7016,212.375,1.8387,-0.1103,0.0,0.1643,Eficiente
752.85,True,18,Departamento,9,5,91.0,9,5,822.31,28,26.8875,150.57,8.2731,-0.0845,0.5,0.3342,Ineficiente
834.1,True,10,Casa,8,3,269.0,9,8,856.8,31,26.9065,278.0333,3.1007,-0.0265,0.9,0.3238,Ineficiente
556.76,True,7,Casa,7,6,64.0,5,6,519.85,29,19.1986,92.7933,8.6994,0.071,0.7143,0.2663,Moderado
283.97,False,13,Casa,0,1,225.0,0,11,340.81,29,9.7921,283.97,1.2621,-0.1668,0.0,0.0894,Eficiente
427.88,False,12,Departamento,11,3,68.0,2,2,441.33,28,15.2814,142.6267,6.2924,-0.0305,0.1667,0.2001,Eficiente
512.13,False,24,Casa,7,2,214.0,2,7,561.24,30,17.071,256.065,2.3931,-0.0875,0.0833,0.2099,Eficiente
791.56,False,35,Pequeno negocio,5,3,194.0,5,4,967.47,28,28.27,263.8533,4.0802,-0.1818,0.1429,0.3121,Ineficiente
582.47,True,6,Departamento,6,4,77.0,6,7,627.07,30,19.4157,145.6175,7.5645,-0.0711,1.0,0.2477,Moderado
575.25,True,20,Casa,7,2,175.0,4,1,511.28,28,20.5446,287.625,3.2871,0.1251,0.2,0.3314,Ineficiente
865.69,True,23,Departamento,14,5,56.0,3,8,828.99,30,28.8563,173.138,15.4588,0.0443,0.1304,0.3845,Ineficiente
428.52,True,16,Casa,2,7,222.0,0,2,389.28,29,14.7766,61.2171,1.9303,0.1008,0.0,0.1654,Eficiente
1373.56,False,17,Pequeno negocio,2,13,158.0,9,10,2053.6,31,44.3084,105.6585,8.6934,-0.3311,0.5294,0.3184,Ineficiente
503.81,True,7,Departamento,1,1,61.0,7,11,558.91,29,17.3728,503.81,8.2592,-0.0986,1.0,0.3215,Ineficiente
459.19,False,21,Departamento,9,7,81.0,0,4,430.75,29,15.8341,65.5986,5.669,0.066,0.0,0.1882,Eficiente
455.25,True,16,Casa,0,5,70.0,3,9,482.59,30,15.175,91.05,6.5036,-0.0567,0.1875,0.2215,Eficiente
782.82,False,11,Departamento,11,7,88.0,9,7,778.4,31,25.2523,111.8314,8.8957,0.0057,0.8182,0.3258,Ineficiente
1957.29,True,12,Departamento,10,5,38.0,3,11,1943.22,30,65.243,391.458,51.5076,0.0072,0.25,0.4377,Ineficiente
853.7,True,15,Pequeno negocio,10,3,177.0,6,12,1091.82,31,27.5387,284.5667,4.8232,-0.2181,0.4,0.3233,Ineficiente
557.75,False,21,Departamento,7,2,75.0,5,11,595.49,31,17.9919,278.875,7.4367,-0.0634,0.2381,0.2536,Moderado
422.47,True,4,Departamento,6,4,55.0,4,3,487.48,29,14.5679,105.6175,7.6813,-0.1334,1.0,0.2544,Moderado
721.52,False,24,Casa,14,3,143.0,8,7,692.46,31,23.2748,240.5067,5.0456,0.042,0.3333,0.3986,Ineficiente
703.9,False,6,Casa,12,6,173.0,3,1,746.88,31,22.7065,117.3167,4.0688,-0.0575,0.5,0.1844,Eficiente
337.91,True,5,Departamento,2,1,65.0,5,3,411.31,28,12.0682,337.91,5.1986,-0.1785,1.0,0.1759,Eficiente
506.64,True,4,Casa,3,1,210.0,4,4,514.38,29,17.4703,506.64,2.4126,-0.015,1.0,0.1899,Eficiente
520.58,True,13,Casa,3,4,96.0,2,6,430.05,28,18.5921,130.145,5.4227,0.2105,0.1538,0.2862,Moderado
898.95,True,10,Pequeno negocio,7,2,127.0,0,10,1193.37,31,28.9984,449.475,7.0783,-0.2467,0.0,0.2374,Moderado
772.6,True,18,Pequeno negocio,9,8,171.0,7,0,675.72,30,25.7533,96.575,4.5181,0.1434,0.3889,0.3255,Ineficiente
624.19,True,20,Casa,3,5,131.0,6,6,694.25,28,22.2925,124.838,4.7648,-0.1009,0.3,0.3052,Ineficiente
515.29,False,19,Departamento,0,4,42.0,8,10,517.84,28,18.4032,128.8225,12.2688,-0.0049,0.4211,0.1691,Eficiente
464.95,False,10,Casa,5,2,189.0,2,2,609.49,30,15.4983,232.475,2.4601,-0.2371,0.2,0.1333,Eficiente
471.09,True,3,Departamento,7,7,68.0,3,10,455.0,29,16.2445,67.2986,6.9278,0.0354,1.0,0.1821,Eficiente
416.88,False,6,Casa,10,2,214.0,0,1,398.72,28,14.8886,208.44,1.948,0.0455,0.0,0.2102,Eficiente
245.74,True,14,Departamento,1,1,44.0,1,6,195.58,28,8.7764,245.74,5.585,0.2565,0.0714,0.1465,Eficiente
636.41,True,13,Departamento,10,4,98.0,5,12,598.23,31,20.5294,159.1025,6.494,0.0638,0.3846,0.2579,Moderado
421.74,True,21,Departamento,2,3,40.0,5,4,576.18,29,14.5428,140.58,10.5435,-0.268,0.2381,0.2881,Moderado
655.0,True,13,Casa,4,4,142.0,5,8,644.37,31,21.129,163.75,4.6127,0.0165,0.3846,0.2436,Moderado
893.5,True,12,Pequeno negocio,7,4,160.0,8,2,861.9,29,30.8103,223.375,5.5844,0.0367,0.6667,0.2583,Moderado
620.23,False,16,Casa,1,2,272.0,8,5,779.18,31,20.0074,310.115,2.2803,-0.204,0.5,0.1481,Eficiente
986.01,True,21,Casa,8,7,212.0,1,0,1441.69,31,31.8068,140.8586,4.651,-0.3161,0.0476,0.2487,Moderado
283.19,False,20,Departamento,0,2,68.0,2,1,387.74,31,9.1352,141.595,4.1646,-0.2696,0.1,0.1171,Eficiente
466.92,True,6,Casa,3,3,223.0,5,4,451.57,30,15.564,155.64,2.0938,0.034,0.8333,0.2309,Moderado
701.44,False,7,Pequeno negocio,8,10,41.0,7,12,730.34,28,25.0514,70.144,17.1083,-0.0396,1.0,0.2638,Moderado
918.76,True,24,Pequeno negocio,4,9,44.0,6,12,806.64,29,31.6814,102.0844,20.8809,0.139,0.25,0.4334,Ineficiente
484.63,True,20,Casa,6,7,89.0,1,0,406.35,28,17.3082,69.2329,5.4453,0.1926,0.05,0.2374,Moderado
906.26,True,37,Pequeno negocio,4,2,105.0,6,0,819.02,30,30.2087,453.13,8.631,0.1065,0.1622,0.3378,Ineficiente
482.31,True,5,Casa,7,2,148.0,3,8,432.21,29,16.6314,241.155,3.2589,0.1159,0.6,0.2073,Eficiente
563.02,False,11,Departamento,2,6,85.0,1,12,481.84,30,18.7673,93.8367,6.6238,0.1685,0.0909,0.1331,Eficiente
578.06,True,21,Casa,2,1,249.0,7,6,547.42,31,18.6471,578.06,2.3215,0.056,0.3333,0.3731,Ineficiente
1237.04,False,14,Pequeno negocio,14,15,103.0,2,6,1162.59,28,44.18,82.4693,12.0101,0.064,0.1429,0.2421,Moderado
783.35,True,18,Casa,4,5,298.0,7,7,1112.73,31,25.2694,156.67,2.6287,-0.296,0.3889,0.2299,Moderado
612.94,True,14,Casa,10,2,99.0,5,5,672.48,31,19.7723,306.47,6.1913,-0.0885,0.3571,0.2956,Moderado
440.65,True,19,Casa,0,1,154.0,4,9,526.31,29,15.1948,440.65,2.8614,-0.1628,0.2105,0.2885,Moderado
973.48,True,22,Pequeno negocio,1,7,71.0,2,1,823.96,29,33.5683,139.0686,13.711,0.1815,0.0909,0.2165,Eficiente
848.81,True,29,Pequeno negocio,11,4,161.0,2,0,996.92,29,29.2693,212.2025,5.2721,-0.1486,0.069,0.2925,Moderado
393.94,True,5,Departamento,5,5,62.0,3,0,464.83,30,13.1313,78.788,6.3539,-0.1525,0.6,0.1839,Eficiente
586.06,False,5,Pequeno negocio,4,3,201.0,5,2,619.65,31,18.9052,195.3533,2.9157,-0.0542,1.0,0.1664,Eficiente
795.95,True,32,Pequeno negocio,2,6,80.0,4,7,653.72,28,28.4268,132.6583,9.9494,0.2176,0.125,0.3669,Ineficiente
366.21,True,23,Departamento,3,6,123.0,0,3,292.44,31,11.8132,61.035,2.9773,0.2523,0.0,0.2377,Moderado
771.0,True,19,Casa,3,2,239.0,0,7,788.69,28,27.5357,385.5,3.2259,-0.0224,0.0,0.3211,Ineficiente
339.0,False,8,Departamento,11,5,38.0,2,0,320.49,28,12.1071,67.8,8.9211,0.0578,0.25,0.2003,Eficiente
772.85,True,23,Departamento,14,3,51.0,5,5,781.31,30,25.7617,257.6167,15.1539,-0.0108,0.2174,0.3871,Ineficiente
540.94,True,18,Casa,0,2,62.0,3,1,499.66,28,19.3193,270.47,8.7248,0.0826,0.1667,0.1689,Eficiente
402.92,False,9,Casa,2,3,63.0,9,3,569.54,30,13.4307,134.3067,6.3956,-0.2926,1.0,0.1799,Eficiente
457.19,False,18,Departamento,9,3,81.0,2,8,389.71,28,16.3282,152.3967,5.6443,0.1732,0.1111,0.2125,Eficiente
533.62,True,12,Casa,13,4,102.0,4,0,535.84,29,18.4007,133.405,5.2316,-0.0041,0.3333,0.2696,Moderado
714.03,True,15,Pequeno negocio,4,1,241.0,3,10,778.16,30,23.801,714.03,2.9628,-0.0824,0.2,0.2902,Moderado
491.28,True,8,Casa,12,3,72.0,2,3,540.03,31,15.8477,163.76,6.8233,-0.0903,0.25,0.2666,Moderado
777.36,False,17,Casa,0,5,98.0,8,11,736.45,28,27.7629,155.472,7.9322,0.0556,0.4706,0.2564,Moderado
795.4,False,23,Pequeno negocio,11,2,225.0,2,9,656.27,31,25.6581,397.7,3.5351,0.212,0.087,0.2669,Moderado
913.25,True,23,Casa,14,5,265.0,0,11,761.07,30,30.4417,182.65,3.4462,0.2,0.0,0.3236,Ineficiente
562.14,True,6,Casa,7,1,129.0,5,7,629.3,30,18.738,562.14,4.3577,-0.1067,0.8333,0.2243,Eficiente
460.51,True,8,Departamento,8,1,85.0,6,5,417.25,31,14.8552,460.51,5.4178,0.1037,0.75,0.308,Ineficiente
836.88,False,33,Pequeno negocio,3,7,195.0,4,2,952.35,30,27.896,119.5543,4.2917,-0.1212,0.1212,0.2188,Eficiente
1736.44,False,8,Casa,11,4,67.0,4,0,1938.63,31,56.0142,434.11,25.917,-0.1043,0.5,0.3029,Moderado
1096.34,True,17,Casa,12,5,145.0,8,10,1117.87,30,36.5447,219.268,7.561,-0.0193,0.4706,0.3544,Ineficiente
948.47,False,23,Departamento,12,6,119.0,3,8,891.12,29,32.7059,158.0783,7.9703,0.0644,0.1304,0.2827,Moderado
726.74,False,23,Pequeno negocio,12,3,98.0,6,1,675.94,29,25.06,242.2467,7.4157,0.0752,0.2609,0.34,Ineficiente
885.98,False,7,Departamento,1,7,91.0,7,1,859.59,29,30.551,126.5686,9.736,0.0307,1.0,0.1717,Eficiente
1087.98,True,5,Casa,7,3,294.0,3,10,1389.12,28,38.8564,362.66,3.7006,-0.2168,0.6,0.322,Ineficiente
741.67,False,20,Casa,7,7,124.0,5,0,682.33,29,25.5748,105.9529,5.9812,0.087,0.25,0.2555,Moderado
348.12,True,14,Casa,0,3,135.0,3,6,264.32,31,11.2297,116.04,2.5787,0.317,0.2143,0.2019,Eficiente
598.21,False,11,Casa,12,3,232.0,6,4,548.72,29,20.6279,199.4033,2.5785,0.0902,0.5455,0.3025,Moderado
642.26,True,18,Departamento,2,5,69.0,5,9,546.32,29,22.1469,128.452,9.3081,0.1756,0.2778,0.2957,Moderado
382.41,False,4,Casa,6,2,128.0,4,0,348.03,29,13.1866,191.205,2.9876,0.0988,1.0,0.1162,Eficiente
383.1,False,20,Departamento,0,5,93.0,2,1,339.5,31,12.3581,76.62,4.1194,0.1284,0.1,0.1429,Eficiente
988.47,True,5,Departamento,11,7,68.0,1,1,1250.05,30,32.949,141.21,14.5363,-0.2093,0.2,0.2397,Moderado
544.63,True,15,Departamento,2,5,59.0,4,9,620.29,29,18.7803,108.926,9.231,-0.122,0.2667,0.2117,Eficiente
664.19,True,3,Casa,7,1,296.0,3,9,563.24,31,21.4255,664.19,2.2439,0.1792,1.0,0.2611,Moderado
735.42,True,20,Pequeno negocio,7,4,76.0,2,9,650.76,28,26.265,183.855,9.6766,0.1301,0.1,0.239,Moderado
537.38,True,16,Departamento,1,1,46.0,9,7,562.45,28,19.1921,537.38,11.6822,-0.0446,0.5625,0.3021,Moderado
617.3,True,15,Departamento,12,1,101.0,5,2,598.75,28,22.0464,617.3,6.1119,0.031,0.3333,0.3083,Ineficiente
558.28,False,12,Casa,0,2,211.0,8,2,487.84,28,19.9386,279.14,2.6459,0.1444,0.6667,0.1758,Eficiente
666.01,True,16,Casa,9,3,224.0,5,1,635.15,28,23.7861,222.0033,2.9733,0.0486,0.3125,0.3102,Ineficiente
802.19,True,35,Pequeno negocio,2,6,183.0,3,1,697.49,30,26.7397,133.6983,4.3836,0.1501,0.0857,0.3845,Ineficiente
742.93,True,8,Casa,9,1,62.0,8,9,781.21,30,24.7643,742.93,11.9827,-0.049,1.0,0.3373,Ineficiente
522.98,False,24,Casa,3,6,272.0,1,5,448.53,28,18.6779,87.1633,1.9227,0.166,0.0417,0.203,Eficiente
521.24,False,6,Departamento,11,4,114.0,2,5,496.59,28,18.6157,130.31,4.5723,0.0496,0.3333,0.238,Moderado
436.44,False,24,Departamento,8,2,51.0,7,1,508.23,31,14.0787,218.22,8.5576,-0.1413,0.2917,0.2606,Moderado
1075.31,False,18,Pequeno negocio,9,4,33.0,9,8,831.51,31,34.6874,268.8275,32.5852,0.2932,0.5,0.3857,Ineficiente
775.89,True,12,Casa,14,5,199.0,2,10,592.09,31,25.0287,155.178,3.8989,0.3104,0.1667,0.36,Ineficiente
908.54,False,6,Pequeno negocio,6,15,210.0,5,0,985.04,30,30.2847,60.5693,4.3264,-0.0777,0.8333,0.1881,Eficiente
1203.75,False,11,Casa,11,3,261.0,4,12,1274.86,29,41.5086,401.25,4.6121,-0.0558,0.3636,0.2819,Moderado
455.0,False,9,Departamento,12,2,123.0,7,2,410.49,29,15.6897,227.5,3.6992,0.1084,0.7778,0.2796,Moderado
1455.93,False,15,Departamento,4,7,64.0,4,11,1484.68,29,50.2045,207.99,22.7489,-0.0194,0.2667,0.2907,Moderado
1023.2,True,8,Casa,4,5,224.0,6,9,1026.3,30,34.1067,204.64,4.5679,-0.003,0.75,0.2824,Moderado
669.07,False,4,Casa,10,7,71.0,4,11,554.11,28,23.8954,95.5814,9.4235,0.2075,1.0,0.2474,Moderado
726.74,False,22,Casa,13,3,150.0,8,2,887.02,31,23.4432,242.2467,4.8449,-0.1807,0.3636,0.3185,Ineficiente
649.33,False,35,Pequeno negocio,0,4,178.0,1,7,711.12,31,20.9461,162.3325,3.6479,-0.0869,0.0286,0.1933,Eficiente
299.51,False,14,Departamento,1,3,54.0,6,1,299.24,28,10.6968,99.8367,5.5465,0.0009,0.4286,0.2045,Eficiente
1039.25,True,29,Pequeno negocio,2,12,239.0,1,5,1018.11,30,34.6417,86.6042,4.3483,0.0208,0.0345,0.2356,Moderado
715.79,False,30,Pequeno negocio,9,6,180.0,0,2,588.58,29,24.6824,119.2983,3.9766,0.2161,0.0,0.2539,Moderado
752.45,True,23,Departamento,6,6,115.0,7,0,655.21,29,25.9466,125.4083,6.543,0.1484,0.3043,0.3849,Ineficiente
700.65,False,21,Departamento,7,1,123.0,3,10,777.67,29,24.1603,700.65,5.6963,-0.099,0.1429,0.2637,Moderado
495.45,False,3,Casa,4,5,146.0,3,9,466.93,30,16.515,99.09,3.3935,0.0611,1.0,0.1203,Eficiente
621.99,False,19,Casa,6,3,95.0,9,4,682.55,31,20.0642,207.33,6.5473,-0.0887,0.4737,0.2843,Moderado
1556.8,False,6,Pequeno negocio,11,6,41.0,1,5,1283.16,30,51.8933,259.4667,37.9707,0.2133,0.1667,0.267,Moderado
485.63,False,6,Departamento,6,3,63.0,4,6,514.08,31,15.6655,161.8767,7.7084,-0.0553,0.6667,0.239,Moderado
583.97,True,4,Casa,5,4,175.0,0,7,684.41,29,20.1369,145.9925,3.337,-0.1468,0.0,0.1715,Eficiente
572.58,False,10,Departamento,0,6,125.0,8,7,491.4,31,18.4703,95.43,4.5806,0.1652,0.8,0.1997,Eficiente
687.05,True,21,Departamento,5,3,78.0,9,3,943.66,29,23.6914,229.0167,8.8083,-0.2719,0.4286,0.2883,Moderado
985.9,True,9,Pequeno negocio,11,11,80.0,8,4,1073.4,29,33.9966,89.6273,12.3238,-0.0815,0.8889,0.3137,Ineficiente
523.79,True,15,Departamento,2,5,115.0,9,12,851.95,28,18.7068,104.758,4.5547,-0.3852,0.6,0.2592,Moderado
677.4,True,24,Casa,5,7,224.0,3,1,627.17,31,21.8516,96.7714,3.0241,0.0801,0.125,0.247,Moderado
412.18,False,6,Casa,4,4,276.0,2,5,479.36,28,14.7207,103.045,1.4934,-0.1401,0.3333,0.1215,Eficiente
860.05,False,22,Casa,7,7,241.0,8,3,719.48,29,29.6569,122.8643,3.5687,0.1954,0.3636,0.3045,Moderado
582.16,True,22,Departamento,12,2,110.0,6,3,497.83,31,18.7794,291.08,5.2924,0.1694,0.2727,0.3425,Ineficiente
829.69,False,33,Pequeno negocio,12,6,92.0,3,2,903.92,30,27.6563,138.2817,9.0184,-0.0821,0.0909,0.3959,Ineficiente
464.08,True,9,Departamento,5,7,117.0,2,1,348.98,28,16.5743,66.2971,3.9665,0.3298,0.2222,0.2225,Eficiente
938.23,True,17,Casa,8,3,117.0,0,11,1087.53,31,30.2655,312.7433,8.0191,-0.1373,0.0,0.317,Ineficiente
602.81,True,9,Casa,12,2,94.0,0,11,720.78,30,20.0937,301.405,6.4129,-0.1637,0.0,0.2436,Moderado
615.57,True,13,Departamento,12,5,63.0,6,9,668.14,28,21.9846,123.114,9.771,-0.0787,0.4615,0.3247,Ineficiente
786.02,False,16,Pequeno negocio,9,4,174.0,2,12,769.02,29,27.1041,196.505,4.5174,0.0221,0.125,0.2436,Moderado
1610.61,False,14,Casa,2,1,69.0,8,10,1453.16,31,51.9552,1610.61,23.3422,0.1084,0.5714,0.4502,Ineficiente
690.81,False,19,Casa,5,5,193.0,8,1,558.6,30,23.027,138.162,3.5793,0.2367,0.4211,0.2683,Moderado
625.12,False,13,Departamento,4,7,78.0,4,10,611.85,29,21.5559,89.3029,8.0144,0.0217,0.3077,0.1962,Eficiente
458.05,True,3,Casa,10,1,157.0,2,10,481.98,29,15.7948,458.05,2.9175,-0.0496,0.6667,0.2019,Eficiente
790.34,False,24,Pequeno negocio,3,10,225.0,1,0,796.93,31,25.4948,79.034,3.5126,-0.0083,0.0417,0.1922,Eficiente
478.01,False,17,Casa,0,1,274.0,2,11,430.72,29,16.4831,478.01,1.7446,0.1098,0.1176,0.2107,Eficiente
788.57,True,9,Casa,13,2,223.0,6,9,923.32,30,26.2857,394.285,3.5362,-0.1459,0.6667,0.3757,Ineficiente
792.77,True,23,Pequeno negocio,1,1,85.0,7,12,880.65,28,28.3132,792.77,9.3267,-0.0998,0.3043,0.3278,Ineficiente
619.87,True,4,Casa,11,3,259.0,4,6,483.51,28,22.1382,206.6233,2.3933,0.282,1.0,0.3053,Ineficiente
848.87,True,21,Casa,14,1,103.0,9,9,966.47,31,27.3829,848.87,8.2415,-0.1217,0.4286,0.4601,Ineficiente
773.59,True,4,Casa,12,6,121.0,4,10,946.48,31,24.9545,128.9317,6.3933,-0.1827,1.0,0.2541,Moderado
2749.85,False,14,Casa,7,2,240.0,5,8,2196.57,31,88.7048,1374.925,11.4577,0.2519,0.3571,0.4719,Ineficiente
676.46,True,9,Casa,8,7,239.0,3,12,637.02,28,24.1593,96.6371,2.8304,0.0619,0.3333,0.2247,Eficiente
457.65,False,22,Casa,10,2,65.0,3,1,385.5,30,15.255,228.825,7.0408,0.1872,0.1364,0.2654,Moderado
474.1,True,17,Casa,3,4,113.0,3,4,617.49,28,16.9321,118.525,4.1956,-0.2322,0.1765,0.1865,Eficiente
630.16,True,4,Casa,6,6,114.0,4,1,515.61,30,21.0053,105.0267,5.5277,0.2222,1.0,0.2221,Eficiente
602.8,False,16,Departamento,5,4,117.0,5,7,1278.67,28,21.5286,150.7,5.1521,-0.5286,0.3125,0.2082,Eficiente
338.69,True,6,Departamento,4,3,103.0,2,0,340.6,28,12.0961,112.8967,3.2883,-0.0056,0.3333,0.2111,Eficiente
681.71,False,15,Casa,8,6,73.0,1,3,541.77,31,21.9906,113.6183,9.3385,0.2583,0.0667,0.2294,Moderado
506.39,True,8,Casa,6,1,261.0,0,9,421.38,28,18.0854,506.39,1.9402,0.2017,0.0,0.2378,Moderado
481.5,False,19,Departamento,0,6,51.0,8,11,425.8,31,15.5323,80.25,9.4412,0.1308,0.4211,0.2223,Eficiente
1568.13,True,16,Pequeno negocio,1,5,245.0,2,2,1258.78,30,52.271,313.626,6.4005,0.2458,0.125,0.2268,Eficiente
1362.35,True,33,Pequeno negocio,9,5,223.0,1,3,1385.26,30,45.4117,272.47,6.1092,-0.0165,0.0303,0.3197,Ineficiente
608.0,True,22,Casa,8,3,292.0,2,0,739.32,28,21.7143,202.6667,2.0822,-0.1776,0.0909,0.2599,Moderado
619.22,True,12,Casa,12,3,124.0,4,4,664.96,29,21.3524,206.4067,4.9937,-0.0688,0.3333,0.3035,Moderado
866.71,True,8,Casa,1,5,193.0,8,9,1076.1,28,30.9539,173.342,4.4907,-0.1946,1.0,0.2486,Moderado
1243.05,True,14,Casa,4,5,61.0,8,11,1287.09,29,42.8638,248.61,20.3779,-0.0342,0.5714,0.3479,Ineficiente
352.19,False,20,Departamento,5,7,125.0,1,5,449.88,28,12.5782,50.3129,2.8175,-0.2171,0.05,0.1913,Eficiente
493.39,True,4,Casa,10,7,196.0,4,1,434.9,28,17.6211,70.4843,2.5173,0.1345,1.0,0.2646,Moderado
477.93,True,9,Casa,6,1,102.0,8,4,661.38,29,16.4803,477.93,4.6856,-0.2774,0.8889,0.2728,Moderado
746.37,True,15,Casa,7,2,256.0,7,6,794.42,28,26.6561,373.185,2.9155,-0.0605,0.4667,0.2641,Moderado
654.29,False,8,Departamento,13,7,116.0,4,7,728.53,31,21.1061,93.47,5.6404,-0.1019,0.5,0.2322,Moderado
404.3,True,19,Casa,0,3,76.0,2,7,427.24,31,13.0419,134.7667,5.3197,-0.0537,0.1053,0.2549,Moderado
1231.38,False,16,Pequeno negocio,13,10,107.0,7,10,1277.85,29,42.4614,123.138,11.5082,-0.0364,0.4375,0.3612,Ineficiente
566.71,True,8,Casa,4,1,236.0,4,7,459.02,28,20.2396,566.71,2.4013,0.2346,0.5,0.2013,Eficiente
938.02,True,11,Pequeno negocio,0,14,164.0,2,5,1003.35,31,30.2587,67.0014,5.7196,-0.0651,0.1818,0.2017,Eficiente
639.89,True,21,Casa,7,3,212.0,7,1,772.13,28,22.8532,213.2967,3.0183,-0.1713,0.3333,0.3104,Ineficiente
1270.44,False,9,Pequeno negocio,3,15,83.0,8,12,1191.66,31,40.9819,84.696,15.3065,0.0661,0.8889,0.2732,Moderado
1039.58,False,24,Pequeno negocio,10,4,150.0,8,0,1056.27,28,37.1279,259.895,6.9305,-0.0158,0.3333,0.3193,Ineficiente
2619.35,True,29,Pequeno negocio,11,3,101.0,9,4,2678.05,28,93.5482,873.1167,25.9342,-0.0219,0.3103,0.6162,Ineficiente
1632.59,False,13,Pequeno negocio,6,13,82.0,6,5,1721.12,31,52.6642,125.5838,19.9096,-0.0514,0.4615,0.2342,Moderado
474.86,True,7,Departamento,11,2,95.0,7,11,502.6,30,15.8287,237.43,4.9985,-0.0552,1.0,0.273,Moderado
340.91,False,22,Departamento,2,4,45.0,2,5,334.95,29,11.7555,85.2275,7.5758,0.0178,0.0909,0.1468,Eficiente
410.82,True,3,Departamento,5,4,101.0,3,5,465.88,28,14.6721,102.705,4.0675,-0.1182,1.0,0.1392,Eficiente
471.05,False,19,Casa,0,1,174.0,1,12,424.05,30,15.7017,471.05,2.7072,0.1108,0.0526,0.2094,Eficiente
347.03,False,22,Departamento,9,4,84.0,0,4,255.96,30,11.5677,86.7575,4.1313,0.3558,0.0,0.2353,Moderado
728.68,True,15,Departamento,10,7,46.0,8,9,806.0,28,26.0243,104.0971,15.8409,-0.0959,0.5333,0.3481,Ineficiente
785.22,False,9,Pequeno negocio,11,11,182.0,4,0,799.97,30,26.174,71.3836,4.3144,-0.0184,0.4444,0.2064,Eficiente
515.47,False,16,Departamento,5,6,70.0,5,7,479.03,30,17.1823,85.9117,7.3639,0.0761,0.3125,0.2274,Eficiente
734.71,False,16,Casa,12,4,226.0,0,9,653.13,31,23.7003,183.6775,3.2509,0.1249,0.0,0.2546,Moderado
364.93,True,5,Departamento,9,4,81.0,1,2,337.29,30,12.1643,91.2325,4.5053,0.0819,0.2,0.1776,Eficiente
773.57,False,6,Casa,8,5,250.0,0,9,903.0,30,25.7857,154.714,3.0943,-0.1433,0.0,0.1791,Eficiente
655.75,True,18,Casa,3,5,234.0,4,11,876.56,28,23.4196,131.15,2.8024,-0.2519,0.2222,0.2918,Moderado
664.52,False,17,Departamento,12,5,41.0,5,0,854.31,28,23.7329,132.904,16.2078,-0.2222,0.2941,0.2592,Moderado
471.42,True,16,Casa,11,1,259.0,1,2,423.78,29,16.2559,471.42,1.8202,0.1124,0.0625,0.2417,Moderado
770.91,False,7,Casa,13,3,247.0,7,1,822.57,31,24.8681,256.97,3.1211,-0.0628,1.0,0.2544,Moderado
493.66,False,4,Casa,5,6,89.0,1,12,552.13,29,17.0228,82.2767,5.5467,-0.1059,0.25,0.0896,Eficiente
483.14,False,4,Casa,8,1,81.0,4,3,513.16,30,16.1047,483.14,5.9647,-0.0585,1.0,0.1116,Eficiente
651.54,False,5,Casa,0,6,242.0,5,12,600.66,31,21.0174,108.59,2.6923,0.0847,1.0,0.1761,Eficiente
550.39,False,7,Casa,8,4,153.0,6,4,443.44,28,19.6568,137.5975,3.5973,0.2412,0.8571,0.2542,Moderado
439.46,False,24,Departamento,7,1,121.0,5,12,491.37,30,14.6487,439.46,3.6319,-0.1056,0.2083,0.3001,Moderado
823.27,False,20,Casa,12,1,155.0,7,7,978.65,31,26.5571,823.27,5.3114,-0.1588,0.35,0.2265,Eficiente
652.35,True,10,Pequeno negocio,10,6,201.0,2,3,620.41,31,21.0435,108.725,3.2455,0.0515,0.2,0.3411,Ineficiente
1381.51,False,8,Pequeno negocio,14,11,223.0,8,6,1319.92,30,46.0503,125.5918,6.1951,0.0467,1.0,0.3204,Ineficiente
444.41,True,22,Departamento,13,1,52.0,8,1,482.37,29,15.3245,444.41,8.5463,-0.0787,0.3636,0.3536,Ineficiente
432.94,False,12,Casa,2,1,155.0,6,2,391.92,28,15.4621,432.94,2.7932,0.1047,0.5,0.1799,Eficiente
761.38,True,9,Departamento,14,5,58.0,9,8,724.07,30,25.3793,152.276,13.1272,0.0515,1.0,0.4033,Ineficiente
545.44,True,37,Pequeno negocio,0,3,196.0,3,9,641.3,31,17.5948,181.8133,2.7829,-0.1495,0.0811,0.2349,Moderado
459.66,True,11,Departamento,6,2,94.0,8,5,476.16,30,15.322,229.83,4.89,-0.0347,0.7273,0.2224,Eficiente
1139.05,False,24,Pequeno negocio,13,5,93.0,0,11,978.71,30,37.9683,227.81,12.2478,0.1638,0.0,0.4069,Ineficiente
1067.26,True,15,Departamento,9,6,48.0,7,5,933.32,29,36.8021,177.8767,22.2346,0.1435,0.4667,0.3725,Ineficiente
430.99,True,14,Departamento,14,2,95.0,2,4,418.42,30,14.3663,215.495,4.5367,0.03,0.1429,0.2614,Moderado
630.55,True,16,Casa,8,1,180.0,9,7,457.09,29,21.7431,630.55,3.5031,0.3795,0.5625,0.3878,Ineficiente
539.39,True,9,Departamento,10,4,80.0,5,5,512.8,29,18.5997,134.8475,6.7424,0.0519,0.5556,0.3494,Ineficiente
592.29,True,13,Casa,8,1,243.0,1,8,564.44,28,21.1532,592.29,2.4374,0.0493,0.0769,0.319,Ineficiente
675.88,True,21,Departamento,13,1,70.0,3,11,707.26,30,22.5293,675.88,9.6554,-0.0444,0.1429,0.4045,Ineficiente
1044.42,False,20,Pequeno negocio,1,11,239.0,8,4,1073.79,28,37.3007,94.9473,4.37,-0.0274,0.4,0.1997,Eficiente
2350.04,False,24,Casa,5,6,177.0,8,6,2185.16,31,75.8077,391.6733,13.2771,0.0755,0.3333,0.359,Ineficiente
575.76,False,13,Departamento,10,7,111.0,3,4,633.05,31,18.5729,82.2514,5.187,-0.0905,0.2308,0.2153,Eficiente
814.6,False,11,Casa,7,5,202.0,2,7,735.42,31,26.2774,162.92,4.0327,0.1077,0.1818,0.2363,Moderado
423.22,True,18,Departamento,14,2,59.0,0,7,381.17,31,13.6523,211.61,7.1732,0.1103,0.0,0.3685,Ineficiente
713.17,False,11,Casa,8,3,173.0,1,5,904.28,31,23.0055,237.7233,4.1224,-0.2113,0.0909,0.1573,Eficiente
413.9,False,7,Pequeno negocio,1,6,146.0,0,0,533.95,31,13.3516,68.9833,2.8349,-0.2248,0.0,0.0728,Eficiente
587.25,False,11,Casa,9,2,203.0,3,12,613.66,29,20.25,293.625,2.8929,-0.043,0.2727,0.2672,Moderado
1004.13,False,18,Pequeno negocio,4,15,116.0,1,9,793.3,28,35.8618,66.942,8.6563,0.2658,0.0556,0.2443,Moderado
1292.29,False,14,Pequeno negocio,7,11,78.0,0,9,1010.82,28,46.1532,117.4809,16.5678,0.2785,0.0,0.3049,Ineficiente
619.12,False,11,Departamento,1,6,42.0,7,10,1488.14,28,22.1114,103.1867,14.741,-0.584,0.6364,0.2753,Moderado
451.04,False,19,Departamento,13,1,89.0,8,0,435.1,30,15.0347,451.04,5.0679,0.0366,0.4211,0.3234,Ineficiente
432.68,False,10,Departamento,6,3,73.0,8,11,430.58,28,15.4529,144.2267,5.9271,0.0049,0.8,0.1832,Eficiente
1033.71,True,34,Pequeno negocio,12,3,117.0,8,1,1205.23,28,36.9182,344.57,8.8351,-0.1423,0.2353,0.4272,Ineficiente
585.99,False,9,Casa,7,4,160.0,1,9,600.46,31,18.9029,146.4975,3.6624,-0.0241,0.1111,0.2234,Eficiente
461.46,False,23,Departamento,14,2,55.0,1,12,513.88,28,16.4807,230.73,8.3902,-0.102,0.0435,0.2578,Moderado
733.23,False,7,Casa,5,7,190.0,7,6,758.29,28,26.1868,104.7471,3.8591,-0.033,1.0,0.219,Eficiente
539.95,True,20,Departamento,1,7,121.0,0,9,554.46,29,18.619,77.1357,4.4624,-0.0262,0.0,0.1767,Eficiente
894.03,True,19,Casa,7,3,279.0,7,11,1072.19,28,31.9296,298.01,3.2044,-0.1662,0.3684,0.3886,Ineficiente
278.48,False,11,Departamento,0,3,44.0,1,7,288.59,28,9.9457,92.8267,6.3291,-0.035,0.0909,0.161,Eficiente
553.0,True,24,Departamento,12,4,100.0,0,6,576.02,30,18.4333,138.25,5.53,-0.04,0.0,0.2806,Moderado
685.98,True,24,Departamento,13,1,47.0,7,10,621.96,30,22.866,685.98,14.5953,0.1029,0.2917,0.4515,Ineficiente
529.81,True,3,Departamento,3,7,99.0,3,10,516.59,29,18.2693,75.6871,5.3516,0.0256,1.0,0.1826,Eficiente
636.16,True,15,Departamento,0,6,38.0,0,1,568.97,28,22.72,106.0267,16.7411,0.1181,0.0,0.1285,Eficiente
865.71,False,7,Departamento,11,3,62.0,0,0,808.43,30,28.857,288.57,13.9631,0.0709,0.0,0.2296,Moderado
897.05,True,24,Departamento,10,4,46.0,8,9,742.14,30,29.9017,224.2625,19.5011,0.2087,0.3333,0.3718,Ineficiente
580.6,True,24,Departamento,11,3,123.0,2,9,608.29,30,19.3533,193.5333,4.7203,-0.0455,0.0833,0.2762,Moderado
1556.21,False,25,Pequeno negocio,8,13,213.0,9,10,1367.54,31,50.2003,119.7085,7.3062,0.138,0.36,0.3728,Ineficiente
544.96,False,10,Casa,8,3,93.0,5,1,538.87,30,18.1653,181.6533,5.8598,0.0113,0.5,0.1859,Eficiente
669.44,False,21,Casa,4,1,251.0,9,2,544.74,31,21.5948,669.44,2.6671,0.2289,0.4286,0.2107,Eficiente
775.27,True,11,Casa,4,6,239.0,9,0,734.91,31,25.0087,129.2117,3.2438,0.0549,0.8182,0.2564,Moderado
527.7,False,19,Departamento,9,5,80.0,6,3,616.13,28,18.8464,105.54,6.5962,-0.1435,0.3158,0.2196,Eficiente
710.62,True,17,Casa,14,7,271.0,1,6,717.07,28,25.3793,101.5171,2.6222,-0.009,0.0588,0.3264,Ineficiente
1597.19,True,9,Departamento,4,1,117.0,8,4,1646.05,30,53.2397,1597.19,13.6512,-0.0297,0.8889,0.4351,Ineficiente
338.69,True,10,Departamento,5,5,39.0,3,1,386.24,28,12.0961,67.738,8.6844,-0.1231,0.3,0.2186,Eficiente
621.69,True,23,Casa,8,4,122.0,2,7,668.55,30,20.723,155.4225,5.0958,-0.0701,0.087,0.2506,Moderado
551.78,False,19,Pequeno negocio,0,6,44.0,5,4,803.94,29,19.0269,91.9633,12.5405,-0.3137,0.2632,0.1826,Eficiente
557.56,True,12,Departamento,9,7,69.0,3,3,611.65,29,19.2262,79.6514,8.0806,-0.0884,0.25,0.2734,Moderado
650.18,False,22,Casa,2,3,259.0,7,10,589.78,30,21.6727,216.7267,2.5103,0.1024,0.3182,0.2507,Moderado
582.96,True,15,Casa,10,1,281.0,2,4,538.04,29,20.1021,582.96,2.0746,0.0835,0.1333,0.2671,Moderado
703.77,True,15,Casa,13,1,86.0,9,7,762.48,29,24.2679,703.77,8.1834,-0.077,0.6,0.3396,Ineficiente
520.43,False,11,Casa,13,4,265.0,0,0,493.37,31,16.7881,130.1075,1.9639,0.0548,0.0,0.1439,Eficiente
557.19,False,17,Casa,2,2,174.0,4,9,468.15,30,18.573,278.595,3.2022,0.1902,0.2353,0.2236,Eficiente
1672.92,True,15,Pequeno negocio,8,8,223.0,9,7,1880.46,31,53.9652,209.115,7.5019,-0.1104,0.6,0.4,Ineficiente
2000.53,True,7,Casa,6,2,223.0,7,10,2560.29,29,68.9838,1000.265,8.971,-0.2186,1.0,0.3889,Ineficiente
701.17,True,21,Casa,7,2,74.0,8,3,699.05,31,22.6184,350.585,9.4753,0.003,0.381,0.3627,Ineficiente
483.47,False,8,Departamento,10,1,51.0,6,6,402.67,30,16.1157,483.47,9.4798,0.2007,0.75,0.252,Moderado
538.78,True,24,Departamento,14,4,49.0,5,5,452.21,31,17.38,134.695,10.9955,0.1914,0.2083,0.34,Ineficiente
1008.97,False,33,Pequeno negocio,8,11,199.0,2,12,1039.34,31,32.5474,91.7245,5.0702,-0.0292,0.0606,0.306,Ineficiente
405.34,False,11,Departamento,8,3,92.0,2,1,364.62,31,13.0755,135.1133,4.4059,0.1117,0.1818,0.2031,Eficiente
1292.51,True,23,Departamento,9,1,40.0,5,2,1296.33,28,46.1611,1292.51,32.3128,-0.0029,0.2174,0.4028,Ineficiente
666.49,True,18,Casa,7,5,229.0,3,12,513.69,28,23.8032,133.298,2.9104,0.2975,0.1667,0.2743,Moderado
821.59,False,29,Pequeno negocio,5,2,105.0,3,1,759.13,31,26.5029,410.795,7.8247,0.0823,0.1034,0.2915,Moderado
491.82,True,13,Departamento,12,6,50.0,6,3,640.71,31,15.8652,81.97,9.8364,-0.2324,0.4615,0.2651,Moderado
1194.4,True,16,Pequeno negocio,9,14,227.0,7,4,1268.53,30,39.8133,85.3143,5.2617,-0.0584,0.4375,0.3694,Ineficiente
715.32,False,15,Casa,8,3,176.0,4,10,707.28,30,23.844,238.44,4.0643,0.0114,0.2667,0.2776,Moderado
1635.3,True,35,Pequeno negocio,0,14,120.0,2,9,1914.06,28,58.4036,116.8071,13.6275,-0.1456,0.0571,0.3061,Ineficiente
391.21,False,4,Departamento,4,2,104.0,1,11,377.45,30,13.0403,195.605,3.7616,0.0365,0.25,0.1332,Eficiente
289.48,False,3,Casa,3,2,229.0,2,1,313.32,28,10.3386,144.74,1.2641,-0.0761,0.6667,0.0931,Eficiente
515.87,False,21,Departamento,9,4,65.0,3,2,469.6,30,17.1957,128.9675,7.9365,0.0985,0.1429,0.1467,Eficiente
471.28,True,16,Departamento,1,2,88.0,9,6,555.69,30,15.7093,235.64,5.3555,-0.1519,0.5625,0.3204,Ineficiente
585.82,True,14,Casa,5,5,73.0,3,9,610.0,30,19.5273,117.164,8.0249,-0.0396,0.2143,0.2616,Moderado
541.41,False,17,Departamento,6,2,59.0,9,7,458.24,30,18.047,270.705,9.1764,0.1815,0.5294,0.3176,Ineficiente
1879.54,False,34,Pequeno negocio,11,7,221.0,5,6,1852.48,31,60.6303,268.5057,8.5047,0.0146,0.1471,0.3389,Ineficiente
700.82,False,12,Casa,2,4,188.0,4,10,677.41,30,23.3607,175.205,3.7278,0.0346,0.3333,0.2589,Moderado
418.32,True,16,Departamento,9,5,91.0,2,2,487.42,31,13.4942,83.664,4.5969,-0.1418,0.125,0.2098,Eficiente
1281.33,False,13,Casa,8,6,233.0,7,10,1343.93,29,44.1838,213.555,5.4993,-0.0466,0.5385,0.2924,Moderado
733.33,True,7,Casa,11,4,176.0,7,8,797.18,30,24.4443,183.3325,4.1666,-0.0801,1.0,0.312,Ineficiente
883.13,False,22,Pequeno negocio,2,1,232.0,9,3,901.54,29,30.4528,883.13,3.8066,-0.0204,0.4091,0.2483,Moderado
596.81,True,11,Departamento,8,2,89.0,8,5,441.49,29,20.5797,298.405,6.7057,0.3518,0.7273,0.3137,Ineficiente
670.65,True,22,Casa,6,6,93.0,0,3,606.74,30,22.355,111.775,7.2113,0.1053,0.0,0.2876,Moderado
1225.65,True,24,Pequeno negocio,3,13,201.0,8,4,1173.89,31,39.5371,94.2808,6.0978,0.0441,0.3333,0.3598,Ineficiente
1245.18,True,28,Pequeno negocio,1,4,135.0,6,8,1326.88,31,40.1671,311.295,9.2236,-0.0616,0.2143,0.3394,Ineficiente
588.74,False,21,Casa,5,4,63.0,5,3,640.06,29,20.3014,147.185,9.3451,-0.0802,0.2381,0.1803,Eficiente
804.28,True,6,Pequeno negocio,6,9,44.0,2,11,789.35,29,27.7338,89.3644,18.2791,0.0189,0.3333,0.2503,Moderado
430.98,False,24,Casa,0,2,200.0,5,1,396.25,28,15.3921,215.49,2.1549,0.0876,0.2083,0.1902,Eficiente
812.17,False,16,Pequeno negocio,12,5,35.0,8,2,798.71,30,27.0723,162.434,23.2049,0.0169,0.5,0.3235,Ineficiente
548.53,True,13,Departamento,10,2,63.0,5,11,608.97,28,19.5904,274.265,8.7068,-0.0992,0.3846,0.3436,Ineficiente
308.13,False,8,Departamento,4,5,85.0,1,9,301.35,28,11.0046,61.626,3.6251,0.0225,0.125,0.105,Eficiente
362.32,False,7,Casa,0,1,95.0,7,5,326.55,30,12.0773,362.32,3.8139,0.1095,1.0,0.1816,Eficiente
2354.54,False,36,Pequeno negocio,10,6,134.0,7,3,1987.42,29,81.191,392.4233,17.5712,0.1847,0.1944,0.4988,Ineficiente
466.13,True,21,Casa,0,1,102.0,6,3,399.94,28,16.6475,466.13,4.5699,0.1655,0.2857,0.2698,Moderado
467.74,False,7,Casa,6,3,196.0,2,2,497.75,31,15.0884,155.9133,2.3864,-0.0603,0.2857,0.1739,Eficiente
550.89,False,3,Casa,3,4,213.0,2,11,911.97,31,17.7706,137.7225,2.5863,-0.3959,0.6667,0.0888,Eficiente
454.32,False,7,Departamento,3,3,95.0,4,4,554.33,31,14.6555,151.44,4.7823,-0.1804,0.5714,0.1645,Eficiente
783.05,False,16,Casa,11,3,211.0,8,12,960.95,31,25.2597,261.0167,3.7111,-0.1851,0.5,0.305,Ineficiente
1343.97,True,32,Pequeno negocio,4,15,82.0,8,10,1307.98,30,44.799,89.598,16.3899,0.0275,0.25,0.3323,Ineficiente
393.09,True,11,Departamento,3,6,101.0,0,4,464.75,31,12.6803,65.515,3.892,-0.1542,0.0,0.2493,Moderado
1601.42,False,24,Casa,4,6,279.0,0,9,1793.24,30,53.3807,266.9033,5.7399,-0.107,0.0,0.2636,Moderado
415.76,False,10,Casa,2,4,155.0,0,6,440.5,30,13.8587,103.94,2.6823,-0.0562,0.0,0.1673,Eficiente
824.49,True,21,Casa,11,1,225.0,9,6,559.39,28,29.4461,824.49,3.6644,0.4739,0.4286,0.4704,Ineficiente
551.72,True,5,Departamento,7,1,83.0,5,10,447.09,30,18.3907,551.72,6.6472,0.234,1.0,0.2644,Moderado
797.43,True,19,Pequeno negocio,3,11,93.0,2,9,845.23,29,27.4976,72.4936,8.5745,-0.0566,0.1053,0.2378,Moderado
657.14,True,5,Casa,4,7,224.0,5,2,515.04,31,21.1981,93.8771,2.9337,0.2759,1.0,0.2364,Moderado
1750.16,True,15,Pequeno negocio,14,10,102.0,5,5,1717.34,30,58.3387,175.016,17.1584,0.0191,0.3333,0.5078,Ineficiente
711.11,True,17,Casa,8,3,88.0,3,12,799.41,30,23.7037,237.0367,8.0808,-0.1105,0.1765,0.3154,Ineficiente
1067.48,True,27,Pequeno negocio,10,4,151.0,7,2,1000.91,31,34.4348,266.87,7.0694,0.0665,0.2593,0.3303,Ineficiente
587.11,True,26,Pequeno negocio,12,2,118.0,0,9,684.71,30,19.5703,293.555,4.9755,-0.1425,0.0,0.274,Moderado
336.63,False,12,Departamento,6,1,97.0,1,10,477.03,28,12.0225,336.63,3.4704,-0.2943,0.0833,0.2138,Eficiente
1146.01,True,8,Departamento,5,6,111.0,2,7,1665.1,28,40.9289,191.0017,10.3244,-0.3117,0.25,0.22,Eficiente
1666.69,False,36,Pequeno negocio,14,13,113.0,6,0,1426.86,31,53.7642,128.2069,14.7495,0.1681,0.1667,0.3775,Ineficiente
923.21,True,7,Casa,8,4,234.0,7,11,944.95,30,30.7737,230.8025,3.9453,-0.023,1.0,0.3227,Ineficiente
1473.22,False,13,Casa,3,3,233.0,5,11,1761.92,31,47.5232,491.0733,6.3228,-0.1639,0.3846,0.3511,Ineficiente
1910.65,False,23,Casa,12,3,122.0,4,8,1812.56,28,68.2375,636.8833,15.6611,0.0541,0.1739,0.4,Ineficiente
591.83,True,17,Departamento,11,7,95.0,5,10,762.28,28,21.1368,84.5471,6.2298,-0.2236,0.2941,0.3522,Ineficiente
323.6,False,21,Departamento,6,6,89.0,0,0,387.1,30,10.7867,53.9333,3.636,-0.164,0.0,0.1545,Eficiente
544.82,True,7,Departamento,4,5,89.0,6,9,511.02,28,19.4579,108.964,6.1216,0.0661,0.8571,0.2394,Moderado
1248.4,True,8,Pequeno negocio,9,15,150.0,8,10,973.93,28,44.5857,83.2267,8.3227,0.2818,1.0,0.3668,Ineficiente
807.59,True,21,Casa,8,6,69.0,4,7,1011.59,29,27.8479,134.5983,11.7042,-0.2017,0.1905,0.3255,Ineficiente
699.71,True,15,Departamento,3,3,65.0,6,6,839.84,30,23.3237,233.2367,10.7648,-0.1669,0.4,0.1642,Eficiente
597.92,True,20,Casa,0,4,245.0,2,10,615.91,31,19.2877,149.48,2.4405,-0.0292,0.1,0.1956,Eficiente
787.15,False,21,Casa,12,2,249.0,9,8,719.11,31,25.3919,393.575,3.1612,0.0946,0.4286,0.3167,Ineficiente
556.95,True,11,Departamento,12,5,83.0,1,0,531.97,29,19.2052,111.39,6.7102,0.047,0.0909,0.2652,Moderado
754.58,False,25,Pequeno negocio,13,2,214.0,1,2,811.32,30,25.1527,377.29,3.5261,-0.0699,0.04,0.2353,Moderado
600.69,True,24,Departamento,5,6,113.0,9,7,615.32,29,20.7134,100.115,5.3158,-0.0238,0.375,0.3077,Ineficiente
918.38,True,9,Casa,10,5,257.0,5,7,889.65,30,30.6127,183.676,3.5735,0.0323,0.5556,0.3146,Ineficiente
275.13,True,6,Departamento,8,1,76.0,4,3,218.19,31,8.8752,275.13,3.6201,0.261,0.6667,0.182,Eficiente
611.61,False,15,Casa,3,4,220.0,8,1,540.17,30,20.387,152.9025,2.78,0.1323,0.5333,0.1537,Eficiente
767.18,False,21,Pequeno negocio,13,3,153.0,2,8,876.93,28,27.3993,255.7267,5.0142,-0.1252,0.0952,0.3024,Moderado
303.04,False,4,Departamento,5,4,50.0,2,4,392.75,29,10.4497,75.76,6.0608,-0.2284,0.5,0.093,Eficiente
584.63,True,19,Casa,0,1,247.0,0,8,533.34,31,18.859,584.63,2.3669,0.0962,0.0,0.1684,Eficiente
605.72,False,4,Casa,2,6,177.0,4,8,748.67,31,19.5394,100.9533,3.4221,-0.1909,1.0,0.1558,Eficiente
996.81,True,16,Casa,14,4,250.0,7,2,938.96,31,32.1552,249.2025,3.9872,0.0616,0.4375,0.3524,Ineficiente
684.01,False,34,Pequeno negocio,1,1,219.0,9,9,615.78,28,24.4289,684.01,3.1233,0.1108,0.2647,0.3676,Ineficiente
1367.63,True,5,Departamento,7,7,58.0,5,2,1184.13,29,47.1597,195.3757,23.5798,0.155,1.0,0.3243,Ineficiente
455.59,True,23,Departamento,7,5,70.0,0,5,545.62,30,15.1863,91.118,6.5084,-0.165,0.0,0.1877,Eficiente
607.14,True,6,Departamento,11,5,121.0,1,7,541.63,31,19.5852,121.428,5.0177,0.1209,0.1667,0.2414,Moderado
598.64,False,17,Departamento,12,2,124.0,2,11,514.47,28,21.38,299.32,4.8277,0.1636,0.1176,0.3032,Moderado
830.33,True,5,Casa,7,4,87.0,5,12,862.72,31,26.7848,207.5825,9.544,-0.0375,1.0,0.3163,Ineficiente
833.33,True,24,Pequeno negocio,9,9,39.0,5,9,964.06,30,27.7777,92.5922,21.3674,-0.1356,0.2083,0.3824,Ineficiente
1902.26,True,6,Casa,12,7,259.0,6,8,1907.48,30,63.4087,271.7514,7.3446,-0.0027,1.0,0.3576,Ineficiente
731.76,True,22,Departamento,12,5,96.0,8,6,721.85,31,23.6052,146.352,7.6225,0.0137,0.3636,0.3989,Ineficiente
383.15,False,13,Departamento,13,2,52.0,8,6,335.84,31,12.3597,191.575,7.3683,0.1409,0.6154,0.3784,Ineficiente
466.65,False,3,Departamento,10,5,90.0,2,7,462.29,30,15.555,93.33,5.185,0.0094,0.6667,0.2224,Eficiente
1123.88,False,34,Pequeno negocio,5,10,173.0,5,12,1074.94,30,37.4627,112.388,6.4964,0.0455,0.1471,0.3465,Ineficiente
464.99,True,14,Casa,8,3,114.0,0,8,422.19,31,14.9997,154.9967,4.0789,0.1014,0.0,0.2354,Moderado
580.47,False,14,Departamento,10,7,128.0,3,10,596.12,31,18.7248,82.9243,4.5349,-0.0263,0.2143,0.2721,Moderado
685.28,False,10,Casa,4,6,266.0,3,7,673.99,29,23.6303,114.2133,2.5762,0.0168,0.3,0.1297,Eficiente
434.38,False,16,Departamento,14,7,44.0,1,9,501.12,31,14.0123,62.0543,9.8723,-0.1332,0.0625,0.2474,Moderado
685.32,False,20,Casa,6,3,298.0,0,11,684.46,30,22.844,228.44,2.2997,0.0013,0.0,0.1838,Eficiente
638.74,False,19,Casa,11,5,169.0,3,5,659.6,31,20.6045,127.748,3.7795,-0.0316,0.1579,0.2241,Eficiente
614.86,True,19,Casa,7,5,145.0,0,8,626.87,29,21.2021,122.972,4.2404,-0.0192,0.0,0.278,Moderado
825.71,False,23,Casa,14,2,298.0,6,6,991.12,31,26.6358,412.855,2.7708,-0.1669,0.2609,0.2341,Moderado
2596.35,False,7,Casa,10,7,209.0,2,6,2610.46,29,89.5293,370.9071,12.4227,-0.0054,0.2857,0.2749,Moderado
745.25,True,4,Departamento,11,7,45.0,2,3,830.81,31,24.0403,106.4643,16.5611,-0.103,0.5,0.2263,Eficiente
483.47,False,5,Departamento,11,1,127.0,1,10,490.85,28,17.2668,483.47,3.8069,-0.015,0.2,0.126,Eficiente
504.4,True,3,Casa,4,6,186.0,3,10,498.03,28,18.0143,84.0667,2.7118,0.0128,1.0,0.2189,Eficiente
783.45,True,9,Casa,5,4,256.0,1,11,620.96,31,25.2726,195.8625,3.0604,0.2617,0.1111,0.2445,Moderado
671.49,False,6,Casa,12,5,254.0,5,3,736.39,29,23.1548,134.298,2.6437,-0.0881,0.8333,0.2444,Moderado
755.59,False,23,Departamento,6,4,99.0,9,12,853.17,30,25.1863,188.8975,7.6322,-0.1144,0.3913,0.3171,Ineficiente
708.93,False,10,Casa,9,2,99.0,7,9,730.29,29,24.4459,354.465,7.1609,-0.0292,0.7,0.2655,Moderado
424.49,False,7,Casa,7,1,191.0,1,4,495.01,31,13.6932,424.49,2.2225,-0.1425,0.1429,0.1224,Eficiente
367.64,True,14,Casa,0,4,84.0,0,11,539.92,28,13.13,91.91,4.3767,-0.3191,0.0,0.2025,Eficiente
1911.4,True,12,Departamento,7,6,46.0,8,7,2011.87,29,65.9103,318.5667,41.5522,-0.0499,0.6667,0.4371,Ineficiente
584.3,True,3,Casa,2,6,211.0,3,7,595.12,31,18.8484,97.3833,2.7692,-0.0182,1.0,0.23,Moderado
330.41,False,24,Departamento,1,2,79.0,3,9,323.63,31,10.6584,165.205,4.1824,0.0209,0.125,0.1867,Eficiente
494.65,True,18,Departamento,3,7,60.0,4,2,514.89,28,17.6661,70.6643,8.2442,-0.0393,0.2222,0.2085,Eficiente
506.01,True,21,Departamento,4,3,106.0,3,6,570.86,29,17.4486,168.67,4.7737,-0.1136,0.1429,0.2247,Eficiente
653.27,False,24,Departamento,11,4,67.0,5,0,624.29,29,22.5266,163.3175,9.7503,0.0464,0.2083,0.3348,Ineficiente
302.35,True,22,Departamento,3,3,73.0,2,5,324.7,30,10.0783,100.7833,4.1418,-0.0688,0.0909,0.2811,Moderado
773.85,False,8,Casa,11,4,108.0,8,8,844.49,30,25.795,193.4625,7.1653,-0.0836,1.0,0.2897,Moderado
635.03,False,19,Departamento,3,4,126.0,4,12,582.71,28,22.6796,158.7575,5.0399,0.0898,0.2105,0.1864,Eficiente
553.72,False,3,Departamento,12,5,41.0,1,2,564.6,31,17.8619,110.744,13.5054,-0.0193,0.3333,0.1917,Eficiente
641.46,True,10,Casa,7,4,271.0,3,11,536.12,28,22.9093,160.365,2.367,0.1965,0.3,0.2966,Moderado
911.54,True,19,Departamento,1,4,71.0,8,0,1082.05,29,31.4324,227.885,12.8386,-0.1576,0.4211,0.2996,Moderado
2128.47,True,18,Casa,1,5,207.0,2,0,1684.01,31,68.6603,425.694,10.2825,0.2639,0.1111,0.2726,Moderado
480.31,True,19,Departamento,1,3,112.0,8,4,448.47,31,15.4939,160.1033,4.2885,0.071,0.4211,0.2805,Moderado
434.26,True,19,Departamento,6,4,121.0,7,3,516.06,31,14.0084,108.565,3.5889,-0.1585,0.3684,0.3825,Ineficiente
2145.69,True,14,Pequeno negocio,4,6,148.0,9,7,2224.66,29,73.9893,357.615,14.4979,-0.0355,0.6429,0.3486,Ineficiente
458.33,False,22,Pequeno negocio,0,2,147.0,1,2,502.94,30,15.2777,229.165,3.1179,-0.0887,0.0455,0.1583,Eficiente
554.23,True,16,Departamento,10,1,101.0,3,7,511.44,28,19.7939,554.23,5.4874,0.0837,0.1875,0.3396,Ineficiente
686.54,True,6,Departamento,12,7,102.0,6,12,753.59,29,23.6738,98.0771,6.7308,-0.089,1.0,0.2813,Moderado
465.15,True,8,Departamento,12,6,78.0,1,2,534.07,29,16.0397,77.525,5.9635,-0.129,0.125,0.2493,Moderado
513.24,True,13,Casa,2,7,124.0,0,5,478.98,28,18.33,73.32,4.139,0.0715,0.0,0.1862,Eficiente
976.56,False,12,Pequeno negocio,13,13,127.0,0,7,1006.05,31,31.5019,75.12,7.6894,-0.0293,0.0,0.2635,Moderado
384.75,True,21,Departamento,6,2,38.0,0,5,573.6,31,12.4113,192.375,10.125,-0.3292,0.0,0.2035,Eficiente
529.29,True,18,Casa,3,1,61.0,7,5,451.77,28,18.9032,529.29,8.6769,0.1716,0.3889,0.3168,Ineficiente
783.19,False,24,Casa,2,3,152.0,3,0,804.21,29,27.0066,261.0633,5.1526,-0.0261,0.125,0.2004,Eficiente
924.74,False,36,Pequeno negocio,11,4,150.0,1,6,948.08,28,33.0264,231.185,6.1649,-0.0246,0.0278,0.2918,Moderado
709.51,False,11,Casa,3,6,207.0,7,12,618.49,31,22.8874,118.2517,3.4276,0.1472,0.6364,0.239,Moderado
720.03,False,8,Casa,9,5,240.0,3,11,665.46,29,24.8286,144.006,3.0001,0.082,0.375,0.2349,Moderado
748.14,False,22,Casa,8,6,172.0,1,10,562.1,30,24.938,124.69,4.3497,0.331,0.0455,0.2579,Moderado
746.48,False,16,Casa,13,1,166.0,9,1,829.02,30,24.8827,746.48,4.4969,-0.0996,0.5625,0.3035,Moderado
610.9,False,14,Casa,10,6,167.0,5,1,546.19,28,21.8179,101.8167,3.6581,0.1185,0.3571,0.185,Eficiente
588.29,False,15,Departamento,11,3,113.0,4,6,652.19,29,20.2859,196.0967,5.2061,-0.098,0.2667,0.2172,Eficiente
742.35,False,10,Casa,7,5,150.0,9,3,700.26,28,26.5125,148.47,4.949,0.0601,0.9,0.1951,Eficiente
2017.66,False,13,Pequeno negocio,7,9,37.0,2,2,1735.49,28,72.0593,224.1844,54.5314,0.1626,0.1538,0.3669,Ineficiente
718.7,True,9,Pequeno negocio,2,8,106.0,5,2,776.72,31,23.1839,89.8375,6.7802,-0.0747,0.5556,0.2261,Eficiente
1674.36,False,14,Casa,11,3,249.0,7,2,1227.12,29,57.7366,558.12,6.7243,0.3645,0.5,0.38,Ineficiente
611.03,True,18,Casa,11,5,99.0,0,1,559.91,29,21.07,122.206,6.172,0.0913,0.0,0.242,Moderado
448.59,True,20,Departamento,4,4,119.0,2,7,472.38,30,14.953,112.1475,3.7697,-0.0504,0.1,0.2026,Eficiente
448.06,True,11,Casa,2,5,128.0,0,5,774.17,31,14.4535,89.612,3.5005,-0.4212,0.0,0.12,Eficiente
688.38,False,19,Casa,11,4,124.0,5,8,681.08,29,23.7372,172.095,5.5515,0.0107,0.2632,0.2579,Moderado
1028.51,True,17,Pequeno negocio,11,7,124.0,6,2,839.14,31,33.1777,146.93,8.2944,0.2257,0.3529,0.2904,Moderado
1020.95,False,31,Pequeno negocio,11,15,133.0,1,7,966.43,30,34.0317,68.0633,7.6763,0.0564,0.0323,0.2957,Moderado
175.64,True,5,Departamento,0,3,89.0,1,2,159.38,28,6.2729,58.5467,1.9735,0.102,0.2,0.1056,Eficiente
1210.68,True,7,Casa,12,6,226.0,4,12,1236.29,31,39.0542,201.78,5.357,-0.0207,0.5714,0.3428,Ineficiente
435.23,False,3,Departamento,5,7,129.0,3,2,439.95,29,15.0079,62.1757,3.3739,-0.0107,1.0,0.0976,Eficiente
334.44,True,9,Departamento,3,1,61.0,1,10,336.12,30,11.148,334.44,5.4826,-0.005,0.1111,0.1617,Eficiente
458.32,False,6,Casa,7,2,263.0,6,8,488.1,31,14.7845,229.16,1.7427,-0.061,1.0,0.2083,Eficiente
649.33,False,15,Departamento,12,4,98.0,7,2,655.98,31,20.9461,162.3325,6.6258,-0.0101,0.4667,0.1973,Eficiente
653.32,True,23,Casa,12,5,152.0,4,1,662.1,30,21.7773,130.664,4.2982,-0.0133,0.1739,0.3459,Ineficiente
407.61,True,4,Casa,2,2,246.0,3,8,377.38,29,14.0555,203.805,1.657,0.0801,0.75,0.2028,Eficiente
337.7,True,9,Departamento,14,3,127.0,1,0,342.22,30,11.2567,112.5667,2.6591,-0.0132,0.1111,0.2173,Eficiente
402.82,True,3,Casa,11,1,78.0,3,8,349.48,30,13.4273,402.82,5.1644,0.1526,1.0,0.2737,Moderado
641.61,False,4,Casa,13,1,205.0,4,8,485.45,30,21.387,641.61,3.1298,0.3217,1.0,0.3375,Ineficiente
1455.59,True,37,Pequeno negocio,13,6,152.0,9,8,1548.36,29,50.1928,242.5983,9.5762,-0.0599,0.2432,0.4702,Ineficiente
920.59,True,12,Pequeno negocio,7,13,212.0,1,12,731.73,30,30.6863,70.8146,4.3424,0.2581,0.0833,0.2959,Moderado
507.88,False,23,Departamento,0,7,127.0,8,5,461.98,29,17.5131,72.5543,3.9991,0.0994,0.3478,0.1972,Eficiente
2172.7,False,16,Pequeno negocio,1,6,43.0,5,6,2359.07,31,70.0871,362.1167,50.5279,-0.079,0.3125,0.3769,Ineficiente
845.84,True,27,Pequeno negocio,9,3,82.0,5,12,695.49,28,30.2086,281.9467,10.3151,0.2162,0.1852,0.4085,Ineficiente
630.12,True,6,Casa,1,7,90.0,3,11,574.6,30,21.004,90.0171,7.0013,0.0966,0.5,0.2695,Moderado
643.15,True,21,Casa,9,2,60.0,9,6,577.61,30,21.4383,321.575,10.7192,0.1135,0.4286,0.3012,Moderado
359.31,True,15,Casa,1,2,120.0,0,5,548.99,30,11.977,179.655,2.9942,-0.3455,0.0,0.1061,Eficiente
675.46,True,24,Casa,12,1,108.0,2,10,614.33,30,22.5153,675.46,6.2543,0.0995,0.0833,0.3686,Ineficiente
441.45,False,11,Departamento,4,3,50.0,3,7,444.96,28,15.7661,147.15,8.829,-0.0079,0.2727,0.206,Eficiente
618.44,False,18,Casa,1,6,246.0,5,6,581.91,30,20.6147,103.0733,2.514,0.0628,0.2778,0.2323,Moderado
411.74,True,13,Departamento,5,3,72.0,4,10,376.35,29,14.1979,137.2467,5.7186,0.094,0.3077,0.2657,Moderado
891.73,True,14,Casa,13,4,90.0,9,10,837.62,28,31.8475,222.9325,9.9081,0.0646,0.6429,0.371,Ineficiente
314.91,True,5,Casa,8,3,108.0,1,5,293.51,31,10.1584,104.97,2.9158,0.0729,0.2,0.1763,Eficiente
974.02,False,28,Pequeno negocio,14,7,240.0,5,5,869.39,28,34.7864,139.1457,4.0584,0.1203,0.1786,0.3868,Ineficiente
492.68,False,6,Casa,3,5,107.0,4,8,512.59,29,16.989,98.536,4.6045,-0.0388,0.6667,0.1833,Eficiente
595.83,False,19,Casa,10,5,104.0,3,0,471.65,29,20.5459,119.166,5.7291,0.2633,0.1579,0.276,Moderado
559.57,True,18,Casa,2,4,199.0,0,10,511.42,29,19.2955,139.8925,2.8119,0.0941,0.0,0.2938,Moderado
653.08,True,22,Departamento,6,4,99.0,8,6,733.73,30,21.7693,163.27,6.5968,-0.1099,0.3636,0.2067,Eficiente
544.29,False,13,Departamento,5,7,48.0,2,11,516.71,30,18.143,77.7557,11.3394,0.0534,0.1538,0.1738,Eficiente
417.48,True,21,Departamento,9,5,39.0,1,7,494.04,29,14.3959,83.496,10.7046,-0.155,0.0476,0.2167,Eficiente
693.02,True,22,Casa,10,6,64.0,5,5,618.2,29,23.8972,115.5033,10.8284,0.121,0.2273,0.2622,Moderado
233.48,False,13,Casa,0,1,74.0,1,1,275.31,30,7.7827,233.48,3.1551,-0.1519,0.0769,0.1038,Eficiente
1918.02,False,21,Pequeno negocio,10,1,73.0,6,0,1965.18,30,63.934,1918.02,26.2742,-0.024,0.2857,0.3816,Ineficiente
692.64,True,20,Departamento,11,7,111.0,7,8,724.44,30,23.088,98.9486,6.24,-0.0439,0.35,0.3242,Ineficiente
393.47,False,9,Departamento,5,5,70.0,2,2,349.98,30,13.1157,78.694,5.621,0.1243,0.2222,0.1515,Eficiente
444.54,True,13,Departamento,1,7,64.0,0,11,502.22,28,15.8764,63.5057,6.9459,-0.1149,0.0,0.1879,Eficiente
323.8,False,5,Departamento,6,4,112.0,0,6,304.02,30,10.7933,80.95,2.8911,0.0651,0.0,0.1889,Eficiente
466.29,False,11,Casa,4,2,73.0,0,11,584.0,28,16.6532,233.145,6.3875,-0.2016,0.0,0.1696,Eficiente
668.82,False,10,Casa,11,5,142.0,4,6,576.75,28,23.8864,133.764,4.71,0.1596,0.4,0.1754,Eficiente
416.53,True,9,Departamento,2,5,104.0,3,4,418.45,30,13.8843,83.306,4.0051,-0.0046,0.3333,0.1624,Eficiente
570.01,True,10,Casa,4,2,223.0,7,1,605.52,30,19.0003,285.005,2.5561,-0.0586,0.7,0.2081,Eficiente
2036.08,False,17,Pequeno negocio,10,3,120.0,3,5,1973.03,30,67.8693,678.6933,16.9673,0.032,0.1765,0.4162,Ineficiente
729.1,True,12,Departamento,14,3,111.0,6,10,698.63,30,24.3033,243.0333,6.5685,0.0436,0.5,0.4136,Ineficiente
501.86,True,7,Departamento,8,4,78.0,4,11,541.29,29,17.3055,125.465,6.4341,-0.0728,0.5714,0.2623,Moderado
828.58,False,39,Pequeno negocio,0,6,129.0,4,6,667.6,29,28.5717,138.0967,6.4231,0.2411,0.1026,0.2437,Moderado
687.72,False,19,Departamento,10,6,83.0,7,12,592.7,28,24.5614,114.62,8.2858,0.1603,0.3684,0.3401,Ineficiente
491.49,False,17,Pequeno negocio,0,2,39.0,5,0,649.18,28,17.5532,245.745,12.6023,-0.2429,0.2941,0.1644,Eficiente
373.44,True,6,Departamento,0,7,39.0,5,0,368.79,31,12.0465,53.3486,9.5754,0.0126,0.8333,0.1657,Eficiente
1263.73,True,6,Pequeno negocio,10,12,97.0,4,0,1312.14,29,43.5769,105.3108,13.0281,-0.0369,0.6667,0.1925,Eficiente
685.99,True,22,Casa,5,3,155.0,7,0,1158.21,29,23.6548,228.6633,4.4257,-0.4077,0.3182,0.2331,Moderado
226.06,False,16,Departamento,0,3,84.0,3,0,220.87,31,7.2923,75.3533,2.6912,0.0235,0.1875,0.0958,Eficiente
305.45,False,4,Departamento,6,5,67.0,0,0,345.41,28,10.9089,61.09,4.559,-0.1157,0.0,0.0679,Eficiente
1378.77,True,20,Casa,5,1,131.0,4,10,1406.49,28,49.2418,1378.77,10.525,-0.0197,0.2,0.3264,Ineficiente
1360.28,True,4,Casa,9,6,211.0,3,6,1287.85,30,45.3427,226.7133,6.4468,0.0562,0.75,0.3236,Ineficiente
1028.18,False,28,Pequeno negocio,14,2,139.0,8,10,925.16,29,35.4545,514.09,7.397,0.1114,0.2857,0.4085,Ineficiente
2261.4,True,13,Departamento,1,2,60.0,9,10,2157.66,29,77.9793,1130.7,37.69,0.0481,0.6923,0.4303,Ineficiente
778.8,True,14,Casa,9,7,168.0,2,8,1166.68,31,25.1226,111.2571,4.6357,-0.3325,0.1429,0.2032,Eficiente
538.0,False,7,Casa,9,5,79.0,4,1,538.8,29,18.5517,107.6,6.8101,-0.0015,0.5714,0.1629,Eficiente
675.17,True,22,Casa,14,2,230.0,4,1,918.06,28,24.1132,337.585,2.9355,-0.2646,0.1818,0.3161,Ineficiente
451.61,False,5,Casa,5,5,76.0,2,8,537.16,31,14.5681,90.322,5.9422,-0.1593,0.4,0.1863,Eficiente
1773.75,False,26,Pequeno negocio,2,12,242.0,0,12,1377.74,31,57.2177,147.8125,7.3295,0.2874,0.0,0.3329,Ineficiente
627.1,False,4,Casa,13,6,120.0,4,2,614.57,31,20.229,104.5167,5.2258,0.0204,1.0,0.1846,Eficiente
913.57,True,9,Casa,0,4,187.0,6,8,1241.4,28,32.6275,228.3925,4.8854,-0.2641,0.6667,0.3151,Ineficiente
513.19,False,14,Departamento,6,7,50.0,4,0,526.8,29,17.6962,73.3129,10.2638,-0.0258,0.2857,0.263,Moderado
700.35,False,14,Casa,9,7,271.0,1,2,527.44,31,22.5919,100.05,2.5843,0.3278,0.0714,0.1696,Eficiente
472.19,False,8,Casa,1,1,282.0,4,7,512.7,30,15.7397,472.19,1.6744,-0.079,0.5,0.1207,Eficiente
586.79,True,9,Departamento,4,3,58.0,2,8,839.58,29,20.2341,195.5967,10.1171,-0.3011,0.2222,0.1994,Eficiente
638.3,False,15,Departamento,1,2,56.0,2,7,646.31,29,22.0103,319.15,11.3982,-0.0124,0.1333,0.2198,Eficiente
867.79,False,17,Pequeno negocio,12,2,54.0,9,5,651.57,29,29.9238,433.895,16.0702,0.3318,0.5294,0.4177,Ineficiente
1097.88,True,6,Departamento,3,2,73.0,6,3,1178.56,30,36.596,548.94,15.0395,-0.0685,1.0,0.2877,Moderado
863.72,False,11,Departamento,9,4,101.0,3,10,699.94,30,28.7907,215.93,8.5517,0.234,0.2727,0.298,Moderado
279.98,True,3,Departamento,3,2,53.0,2,4,280.91,30,9.3327,139.99,5.2826,-0.0033,0.6667,0.1698,Eficiente
714.63,True,10,Pequeno negocio,10,3,59.0,7,9,524.04,29,24.6424,238.21,12.1124,0.3637,0.7,0.3801,Ineficiente
716.15,True,3,Departamento,11,4,101.0,3,4,734.35,30,23.8717,179.0375,7.0906,-0.0248,1.0,0.2722,Moderado
1210.15,True,33,Pequeno negocio,0,15,186.0,8,6,1251.35,29,41.7293,80.6767,6.5062,-0.0329,0.2424,0.3117,Ineficiente
669.67,True,5,Departamento,10,7,76.0,5,12,612.82,28,23.9168,95.6671,8.8114,0.0928,1.0,0.3895,Ineficiente
927.71,False,8,Pequeno negocio,9,9,154.0,4,5,1024.78,31,29.9261,103.0789,6.0241,-0.0947,0.5,0.2586,Moderado
918.16,True,20,Casa,1,4,289.0,6,11,975.27,28,32.7914,229.54,3.177,-0.0586,0.3,0.323,Ineficiente
325.24,True,12,Departamento,3,6,96.0,3,0,331.92,28,11.6157,54.2067,3.3879,-0.0201,0.25,0.1694,Eficiente
702.9,True,12,Casa,12,5,231.0,0,6,559.24,30,23.43,140.58,3.0429,0.2569,0.0,0.2654,Moderado
287.97,False,17,Departamento,6,1,114.0,0,6,400.2,28,10.2846,287.97,2.5261,-0.2804,0.0,0.09,Eficiente
473.91,True,16,Departamento,1,3,107.0,0,12,576.4,30,15.797,157.97,4.4291,-0.1778,0.0,0.1885,Eficiente
931.37,False,19,Pequeno negocio,9,7,112.0,9,3,750.87,29,32.1162,133.0529,8.3158,0.2404,0.4737,0.3268,Ineficiente
1356.01,False,38,Pequeno negocio,11,11,83.0,8,7,1340.92,31,43.7423,123.2736,16.3375,0.0113,0.2105,0.362,Ineficiente
452.77,False,8,Casa,6,1,297.0,3,7,540.22,29,15.6128,452.77,1.5245,-0.1619,0.375,0.1638,Eficiente
399.78,False,7,Departamento,1,6,79.0,7,1,370.47,28,14.2779,66.63,5.0605,0.0791,1.0,0.1411,Eficiente
504.48,False,14,Departamento,1,7,122.0,7,12,511.07,28,18.0171,72.0686,4.1351,-0.0129,0.5,0.2428,Moderado
578.44,False,22,Casa,5,5,278.0,1,6,634.66,31,18.6594,115.688,2.0807,-0.0886,0.0455,0.2098,Eficiente
531.28,True,22,Casa,7,5,204.0,2,5,618.65,31,17.1381,106.256,2.6043,-0.1412,0.0909,0.2196,Eficiente
791.78,True,19,Casa,11,3,111.0,3,11,839.01,28,28.2779,263.9267,7.1332,-0.0563,0.1579,0.3223,Ineficiente
367.81,False,3,Departamento,10,3,115.0,3,0,552.72,29,12.6831,122.6033,3.1983,-0.3345,1.0,0.1146,Eficiente
1397.12,False,19,Departamento,3,7,101.0,6,8,1525.79,28,49.8971,199.5886,13.8329,-0.0843,0.3158,0.2398,Moderado
631.22,False,10,Pequeno negocio,10,5,237.0,3,0,547.49,31,20.3619,126.244,2.6634,0.1529,0.3,0.1868,Eficiente
973.07,False,22,Departamento,1,4,107.0,8,12,886.93,31,31.3894,243.2675,9.0941,0.0971,0.3636,0.3022,Moderado
743.6,False,34,Pequeno negocio,2,5,51.0,3,10,796.11,30,24.7867,148.72,14.5804,-0.066,0.0882,0.2045,Eficiente
525.1,True,5,Casa,11,2,175.0,5,6,662.38,30,17.5033,262.55,3.0006,-0.2073,1.0,0.2786,Moderado
540.88,True,14,Departamento,13,1,102.0,7,5,589.5,29,18.651,540.88,5.3027,-0.0825,0.5,0.3074,Ineficiente
883.83,True,14,Casa,10,4,151.0,6,11,1365.71,29,30.4769,220.9575,5.8532,-0.3528,0.4286,0.2675,Moderado
373.79,False,10,Departamento,6,4,74.0,0,3,352.7,30,12.4597,93.4475,5.0512,0.0598,0.0,0.1194,Eficiente
793.23,False,37,Pequeno negocio,13,4,173.0,1,9,737.68,30,26.441,198.3075,4.5851,0.0753,0.027,0.3222,Ineficiente
1069.37,True,20,Pequeno negocio,5,8,118.0,9,5,961.49,29,36.8748,133.6712,9.0625,0.1122,0.45,0.3636,Ineficiente
1351.98,True,7,Pequeno negocio,9,9,232.0,7,10,1174.37,29,46.62,150.22,5.8275,0.1512,1.0,0.3359,Ineficiente
555.83,False,18,Casa,10,2,285.0,2,9,497.7,30,18.5277,277.915,1.9503,0.1168,0.1111,0.2706,Moderado
920.78,False,8,Casa,1,6,273.0,8,12,914.5,31,29.7026,153.4633,3.3728,0.0069,1.0,0.2403,Moderado
685.16,False,15,Casa,14,6,210.0,3,7,744.2,28,24.47,114.1933,3.2627,-0.0793,0.2,0.3007,Moderado
548.04,True,5,Casa,9,4,202.0,3,3,600.42,31,17.6787,137.01,2.7131,-0.0872,0.6,0.2135,Eficiente
329.4,True,8,Departamento,3,1,40.0,3,11,334.56,29,11.3586,329.4,8.235,-0.0154,0.375,0.2113,Eficiente
590.38,False,24,Departamento,12,4,74.0,4,8,532.73,30,19.6793,147.595,7.9781,0.1082,0.1667,0.3942,Ineficiente
416.85,True,3,Departamento,5,5,43.0,3,9,489.33,31,13.4468,83.37,9.6942,-0.1481,1.0,0.242,Moderado
435.03,True,16,Pequeno negocio,1,7,85.0,1,3,420.92,29,15.001,62.1471,5.118,0.0335,0.0625,0.155,Eficiente
697.65,True,13,Departamento,10,4,103.0,9,6,827.68,28,24.9161,174.4125,6.7733,-0.1571,0.6923,0.3606,Ineficiente
713.09,False,28,Pequeno negocio,2,1,86.0,3,11,670.03,28,25.4675,713.09,8.2917,0.0643,0.1071,0.3443,Ineficiente
999.92,True,4,Casa,8,3,207.0,4,4,1124.13,31,32.2555,333.3067,4.8305,-0.1105,1.0,0.264,Moderado
606.78,True,5,Casa,10,3,268.0,5,7,474.26,31,19.5735,202.26,2.2641,0.2794,1.0,0.3059,Ineficiente
950.9,True,19,Departamento,2,1,56.0,5,2,1004.07,30,31.6967,950.9,16.9804,-0.053,0.2632,0.2772,Moderado
974.43,True,6,Pequeno negocio,11,1,183.0,0,2,948.33,28,34.8011,974.43,5.3248,0.0275,0.0,0.3205,Ineficiente
738.51,False,15,Casa,6,6,246.0,5,10,918.74,31,23.8229,123.085,3.0021,-0.1962,0.3333,0.2425,Moderado
522.45,False,6,Departamento,5,3,92.0,6,5,487.18,28,18.6589,174.15,5.6788,0.0724,1.0,0.1439,Eficiente
593.23,True,14,Departamento,1,6,53.0,9,2,515.84,29,20.4562,98.8717,11.193,0.15,0.6429,0.2649,Moderado
453.79,False,7,Casa,11,3,278.0,0,2,521.94,30,15.1263,151.2633,1.6323,-0.1306,0.0,0.1489,Eficiente
600.79,True,9,Casa,2,7,141.0,7,1,611.67,28,21.4568,85.8271,4.2609,-0.0178,0.7778,0.2091,Eficiente
562.51,False,13,Pequeno negocio,2,4,187.0,2,5,659.44,31,18.1455,140.6275,3.0081,-0.147,0.1538,0.1315,Eficiente
379.53,False,12,Departamento,3,2,44.0,7,4,392.5,31,12.2429,189.765,8.6257,-0.033,0.5833,0.1346,Eficiente
486.15,True,3,Casa,6,5,86.0,3,1,428.83,29,16.7638,97.23,5.6529,0.1337,1.0,0.2786,Moderado
958.37,False,35,Pequeno negocio,13,1,42.0,8,6,736.81,28,34.2275,958.37,22.8183,0.3007,0.2286,0.4482,Ineficiente
559.97,True,7,Casa,11,2,205.0,0,12,504.7,30,18.6657,279.985,2.7316,0.1095,0.0,0.3306,Ineficiente
1076.51,False,9,Pequeno negocio,11,10,140.0,5,12,1325.99,31,34.7261,107.651,7.6894,-0.1881,0.5556,0.2601,Moderado
694.57,False,17,Casa,2,2,251.0,6,7,706.32,31,22.4055,347.285,2.7672,-0.0166,0.3529,0.1714,Eficiente
492.76,True,16,Departamento,9,6,44.0,3,7,443.68,29,16.9917,82.1267,11.1991,0.1106,0.1875,0.2939,Moderado
735.44,False,7,Casa,5,4,254.0,3,12,1369.51,29,25.36,183.86,2.8954,-0.463,0.4286,0.2005,Eficiente
764.95,True,19,Casa,7,5,276.0,3,9,730.86,28,27.3196,152.99,2.7716,0.0466,0.1579,0.2709,Moderado
582.31,False,13,Pequeno negocio,9,3,47.0,7,2,567.8,28,20.7968,194.1033,12.3896,0.0256,0.5385,0.292,Moderado
406.83,True,14,Casa,2,3,167.0,2,6,308.3,30,13.561,135.61,2.4361,0.3196,0.1429,0.2101,Eficiente
612.74,False,15,Casa,5,5,113.0,9,4,612.88,28,21.8836,122.548,5.4225,-0.0002,0.6,0.2003,Eficiente
458.62,True,5,Casa,5,3,217.0,2,1,375.18,29,15.8145,152.8733,2.1135,0.2224,0.4,0.209,Eficiente
481.95,True,18,Departamento,13,5,123.0,4,12,501.1,29,16.619,96.39,3.9183,-0.0382,0.2222,0.3828,Ineficiente
1326.26,False,38,Pequeno negocio,14,11,118.0,9,7,1205.59,28,47.3664,120.5691,11.2395,0.1001,0.2368,0.5076,Ineficiente
982.97,False,36,Pequeno negocio,14,9,71.0,0,8,935.88,31,31.7087,109.2189,13.8446,0.0503,0.0,0.2854,Moderado
601.4,True,19,Casa,7,1,145.0,3,10,479.0,30,20.0467,601.4,4.1476,0.2555,0.1579,0.3064,Ineficiente
557.93,False,20,Casa,9,1,86.0,8,0,461.0,29,19.239,557.93,6.4876,0.2103,0.4,0.2749,Moderado
530.81,False,13,Casa,10,2,85.0,3,4,569.41,28,18.9575,265.405,6.2448,-0.0678,0.2308,0.2006,Eficiente
570.34,False,20,Departamento,11,4,66.0,2,11,741.39,30,19.0113,142.585,8.6415,-0.2307,0.1,0.2552,Moderado
604.72,True,24,Pequeno negocio,10,5,44.0,0,2,534.37,30,20.1573,120.944,13.7436,0.1317,0.0,0.3638,Ineficiente
259.91,False,16,Departamento,13,1,45.0,1,2,206.67,30,8.6637,259.91,5.7758,0.2576,0.0625,0.3123,Ineficiente
476.32,True,9,Departamento,5,7,63.0,1,8,618.06,31,15.3652,68.0457,7.5606,-0.2293,0.1111,0.2894,Moderado
776.3,False,15,Casa,10,4,97.0,8,3,613.9,29,26.769,194.075,8.0031,0.2645,0.5333,0.3379,Ineficiente
741.29,False,27,Pequeno negocio,9,2,183.0,5,10,847.28,28,26.4746,370.645,4.0508,-0.1251,0.1852,0.2966,Moderado
630.29,True,20,Departamento,11,6,82.0,2,9,522.31,28,22.5104,105.0483,7.6865,0.2067,0.1,0.2859,Moderado
802.9,True,15,Casa,13,1,238.0,8,10,807.32,31,25.9,802.9,3.3735,-0.0055,0.5333,0.3332,Ineficiente
412.54,False,3,Casa,1,5,74.0,3,9,346.35,28,14.7336,82.508,5.5749,0.1911,1.0,0.1868,Eficiente
791.44,True,24,Casa,12,7,204.0,3,1,743.9,29,27.291,113.0629,3.8796,0.0639,0.125,0.3172,Ineficiente
695.67,True,14,Casa,12,4,151.0,2,8,598.24,28,24.8454,173.9175,4.6071,0.1629,0.1429,0.379,Ineficiente
716.27,True,5,Casa,13,7,275.0,2,2,753.89,31,23.1055,102.3243,2.6046,-0.0499,0.4,0.2402,Moderado
527.04,False,5,Departamento,4,7,99.0,5,0,661.91,29,18.1738,75.2914,5.3236,-0.2038,1.0,0.1811,Eficiente
558.41,True,3,Departamento,8,4,47.0,3,12,479.56,31,18.0132,139.6025,11.8811,0.1644,1.0,0.3201,Ineficiente
459.34,True,7,Casa,1,1,273.0,6,3,393.04,28,16.405,459.34,1.6826,0.1687,0.8571,0.1381,Eficiente
2393.01,False,8,Casa,0,5,232.0,4,9,2540.17,30,79.767,478.602,10.3147,-0.0579,0.5,0.282,Moderado
1307.77,False,31,Pequeno negocio,8,6,244.0,5,4,1227.57,28,46.7061,217.9617,5.3597,0.0653,0.1613,0.3136,Ineficiente
693.87,False,20,Departamento,14,5,72.0,8,9,756.56,29,23.9266,138.774,9.6371,-0.0829,0.4,0.2886,Moderado
514.18,True,3,Departamento,3,6,94.0,3,5,651.65,30,17.1393,85.6967,5.47,-0.211,1.0,0.2434,Moderado
1017.5,False,10,Casa,11,4,204.0,6,5,963.25,28,36.3393,254.375,4.9877,0.0563,0.6,0.2995,Moderado
645.55,True,13,Pequeno negocio,1,8,124.0,2,0,588.34,29,22.2603,80.6938,5.206,0.0972,0.1538,0.2583,Moderado
636.62,False,12,Casa,0,7,250.0,4,6,674.75,30,21.2207,90.9457,2.5465,-0.0565,0.3333,0.1633,Eficiente
533.7,True,6,Casa,9,2,205.0,0,8,446.1,29,18.4034,266.85,2.6034,0.1964,0.0,0.2588,Moderado
1184.96,False,26,Pequeno negocio,4,12,191.0,4,9,1345.33,28,42.32,98.7467,6.204,-0.1192,0.1538,0.274,Moderado
496.91,False,15,Departamento,1,2,113.0,8,11,419.71,28,17.7468,248.455,4.3974,0.1839,0.5333,0.2549,Moderado
632.67,True,14,Departamento,13,5,91.0,6,7,759.09,29,21.8162,126.534,6.9524,-0.1665,0.4286,0.3588,Ineficiente
966.27,True,21,Departamento,13,7,129.0,8,12,901.64,28,34.5096,138.0386,7.4905,0.0717,0.381,0.4259,Ineficiente
2496.0,True,23,Departamento,0,7,51.0,3,8,2454.9,31,80.5161,356.5714,48.9412,0.0167,0.1304,0.3496,Ineficiente
817.58,True,11,Casa,14,2,76.0,7,10,711.26,30,27.2527,408.79,10.7576,0.1495,0.6364,0.4634,Ineficiente
764.5,True,20,Casa,0,6,150.0,7,1,719.41,30,25.4833,127.4167,5.0967,0.0627,0.35,0.2218,Eficiente
943.73,True,21,Casa,11,7,262.0,7,2,885.36,29,32.5424,134.8186,3.602,0.0659,0.3333,0.3351,Ineficiente
1081.83,True,10,Casa,11,6,267.0,7,7,1084.46,31,34.8977,180.305,4.0518,-0.0024,0.7,0.3381,Ineficiente
2574.63,True,20,Pequeno negocio,4,14,120.0,4,6,2373.33,30,85.821,183.9021,21.4552,0.0848,0.2,0.3346,Ineficiente
436.09,True,16,Casa,2,2,135.0,3,6,535.84,30,14.5363,218.045,3.2303,-0.1862,0.1875,0.1986,Eficiente
588.25,False,22,Departamento,8,4,61.0,5,11,909.02,29,20.2845,147.0625,9.6434,-0.3529,0.2273,0.2305,Moderado
617.12,True,20,Departamento,13,6,39.0,3,6,475.2,28,22.04,102.8533,15.8236,0.2987,0.15,0.3707,Ineficiente
500.09,True,21,Departamento,0,5,119.0,6,0,666.66,28,17.8604,100.018,4.2024,-0.2499,0.2857,0.2389,Moderado
814.21,True,20,Casa,12,3,73.0,8,6,640.98,30,27.1403,271.4033,11.1536,0.2703,0.4,0.349,Ineficiente
355.47,True,6,Departamento,9,2,102.0,0,2,398.13,31,11.4668,177.735,3.485,-0.1072,0.0,0.1631,Eficiente
1794.4,True,39,Pequeno negocio,14,10,48.0,6,0,1463.71,28,64.0857,179.44,37.3833,0.2259,0.1538,0.4902,Ineficiente
494.76,True,22,Departamento,3,3,73.0,4,3,407.94,28,17.67,164.92,6.7775,0.2128,0.1818,0.337,Ineficiente
563.67,True,12,Pequeno negocio,9,2,110.0,1,0,573.41,28,20.1311,281.835,5.1243,-0.017,0.0833,0.2142,Eficiente
960.5,True,5,Pequeno negocio,6,11,238.0,2,7,975.82,29,33.1207,87.3182,4.0357,-0.0157,0.4,0.1498,Eficiente
410.15,True,9,Departamento,9,1,56.0,8,6,456.4,28,14.6482,410.15,7.3241,-0.1013,0.8889,0.3023,Moderado
586.83,False,13,Casa,2,2,292.0,3,12,582.92,30,19.561,293.415,2.0097,0.0067,0.2308,0.2268,Eficiente
416.38,False,15,Departamento,7,7,64.0,0,0,396.15,31,13.4316,59.4829,6.5059,0.0511,0.0,0.1208,Eficiente
942.01,False,7,Casa,14,7,127.0,7,6,712.13,30,31.4003,134.5729,7.4174,0.3228,1.0,0.2859,Moderado
509.15,True,8,Departamento,12,3,126.0,2,11,698.06,29,17.5569,169.7167,4.0409,-0.2706,0.25,0.251,Moderado
673.86,True,35,Pequeno negocio,3,3,55.0,3,7,688.21,29,23.2366,224.62,12.252,-0.0209,0.0857,0.3164,Ineficiente
268.49,False,7,Departamento,0,2,86.0,1,4,241.24,31,8.661,134.245,3.122,0.113,0.1429,0.0851,Eficiente
609.22,False,24,Casa,6,1,64.0,7,8,755.91,31,19.6523,609.22,9.5191,-0.1941,0.2917,0.3239,Ineficiente
511.4,True,3,Casa,3,3,246.0,3,3,434.72,28,18.2643,170.4667,2.0789,0.1764,1.0,0.1865,Eficiente
1316.0,False,19,Pequeno negocio,3,14,214.0,9,11,1103.13,29,45.3793,94.0,6.1495,0.193,0.4737,0.3566,Ineficiente
469.25,True,9,Casa,2,1,193.0,0,8,415.76,28,16.7589,469.25,2.4313,0.1287,0.0,0.1793,Eficiente
654.46,True,15,Casa,8,2,277.0,9,3,696.59,31,21.1116,327.23,2.3627,-0.0605,0.6,0.353,Ineficiente
646.54,False,9,Casa,1,6,276.0,6,0,570.33,30,21.5513,107.7567,2.3425,0.1336,0.6667,0.1224,Eficiente
983.9,False,23,Casa,13,5,104.0,8,8,1003.83,28,35.1393,196.78,9.4606,-0.0199,0.3478,0.3741,Ineficiente
418.02,False,24,Departamento,0,5,122.0,0,11,442.84,30,13.934,83.604,3.4264,-0.056,0.0,0.1554,Eficiente
766.31,False,10,Departamento,2,7,65.0,8,12,682.64,29,26.4245,109.4729,11.7894,0.1226,0.8,0.2019,Eficiente
754.23,True,3,Casa,8,2,207.0,3,8,812.76,31,24.33,377.115,3.6436,-0.072,1.0,0.2738,Moderado
650.59,True,6,Casa,2,7,258.0,3,12,569.72,28,23.2354,92.9414,2.5217,0.1419,0.5,0.2577,Moderado
892.18,True,18,Casa,7,3,136.0,8,10,782.89,29,30.7648,297.3933,6.5601,0.1396,0.4444,0.3593,Ineficiente
783.05,True,21,Casa,1,7,89.0,7,4,670.38,30,26.1017,111.8643,8.7983,0.1681,0.3333,0.3189,Ineficiente
710.52,False,3,Casa,13,6,75.0,3,11,797.74,28,25.3757,118.42,9.4736,-0.1093,1.0,0.2746,Moderado
316.23,True,3,Departamento,8,2,82.0,3,1,289.94,29,10.9045,158.115,3.8565,0.0907,1.0,0.1974,Eficiente
931.7,True,13,Casa,4,2,147.0,3,11,971.8,30,31.0567,465.85,6.3381,-0.0413,0.2308,0.2747,Moderado
896.12,False,20,Casa,9,4,291.0,9,12,678.67,30,29.8707,224.03,3.0795,0.3204,0.45,0.4045,Ineficiente
714.33,True,19,Casa,8,4,120.0,0,7,887.23,28,25.5118,178.5825,5.9528,-0.1949,0.0,0.2234,Eficiente
686.29,True,3,Casa,12,2,157.0,3,11,670.09,30,22.8763,343.145,4.3713,0.0242,1.0,0.3839,Ineficiente
555.09,False,24,Casa,10,2,221.0,0,1,560.82,30,18.503,277.545,2.5117,-0.0102,0.0,0.1907,Eficiente
1097.4,True,9,Casa,12,7,217.0,4,1,1089.57,29,37.8414,156.7714,5.0571,0.0072,0.4444,0.3526,Ineficiente
1090.92,False,30,Pequeno negocio,12,7,107.0,5,4,1346.42,31,35.191,155.8457,10.1955,-0.1898,0.1667,0.2948,Moderado
459.88,True,10,Casa,1,2,90.0,8,1,517.3,30,15.3293,229.94,5.1098,-0.111,0.8,0.1807,Eficiente
781.81,True,19,Departamento,11,6,113.0,9,3,984.71,31,25.2197,130.3017,6.9187,-0.2061,0.4737,0.3636,Ineficiente
780.69,True,10,Departamento,13,2,119.0,7,2,990.59,30,26.023,390.345,6.5604,-0.2119,0.7,0.2996,Moderado
617.36,True,17,Casa,2,4,80.0,9,5,649.39,31,19.9148,154.34,7.717,-0.0493,0.5294,0.1955,Eficiente
527.84,True,8,Casa,12,1,170.0,1,8,390.61,31,17.0271,527.84,3.1049,0.3513,0.125,0.3437,Ineficiente
579.35,False,5,Departamento,9,5,74.0,5,2,511.31,29,19.9776,115.87,7.8291,0.1331,1.0,0.2319,Moderado
1771.88,True,21,Pequeno negocio,9,10,216.0,5,3,1959.42,28,63.2814,177.188,8.2031,-0.0957,0.2381,0.294,Moderado
2373.03,True,12,Casa,10,2,278.0,0,9,2423.34,30,79.101,1186.515,8.5361,-0.0208,0.0,0.3579,Ineficiente
360.29,True,3,Casa,5,2,130.0,3,3,435.33,30,12.0097,180.145,2.7715,-0.1724,1.0,0.1693,Eficiente
631.23,False,15,Casa,13,2,217.0,0,4,1045.86,31,20.3623,315.615,2.9089,-0.3964,0.0,0.1777,Eficiente
571.02,True,20,Departamento,11,1,50.0,6,10,566.42,31,18.42,571.02,11.4204,0.0081,0.3,0.4116,Ineficiente
507.94,True,15,Departamento,6,4,75.0,2,5,524.28,28,18.1407,126.985,6.7725,-0.0312,0.1333,0.2543,Moderado
1195.88,False,13,Casa,9,7,247.0,9,3,1227.73,29,41.2372,170.84,4.8416,-0.0259,0.6923,0.2767,Moderado
557.39,False,6,Casa,14,3,81.0,3,10,595.47,30,18.5797,185.7967,6.8814,-0.0639,0.5,0.2114,Eficiente
1392.06,True,16,Pequeno negocio,5,7,57.0,6,12,1500.61,30,46.402,198.8657,24.4221,-0.0723,0.375,0.3132,Ineficiente
906.2,True,5,Casa,13,4,259.0,5,11,841.85,29,31.2483,226.55,3.4988,0.0764,1.0,0.3701,Ineficiente
349.12,False,4,Departamento,0,2,68.0,4,5,417.78,29,12.0386,174.56,5.1341,-0.1643,1.0,0.071,Eficiente
394.91,True,15,Departamento,11,1,63.0,3,0,389.36,29,13.6176,394.91,6.2684,0.0143,0.2,0.261,Moderado
567.77,False,9,Casa,8,6,208.0,3,5,765.9,31,18.3152,94.6283,2.7297,-0.2587,0.3333,0.1675,Eficiente
1706.62,True,17,Casa,10,1,198.0,6,9,1325.53,31,55.0523,1706.62,8.6193,0.2875,0.3529,0.4352,Ineficiente
479.96,True,10,Casa,8,3,235.0,0,12,430.38,30,15.9987,159.9867,2.0424,0.1152,0.0,0.2639,Moderado
968.4,True,12,Pequeno negocio,7,5,244.0,5,0,1072.43,28,34.5857,193.68,3.9689,-0.097,0.4167,0.2903,Moderado
587.48,True,13,Casa,2,6,92.0,3,1,619.28,31,18.951,97.9133,6.3857,-0.0513,0.2308,0.1927,Eficiente
758.84,True,10,Casa,3,7,159.0,9,3,677.69,30,25.2947,108.4057,4.7726,0.1197,0.9,0.2305,Moderado
932.07,False,5,Casa,13,3,264.0,5,1,817.22,30,31.069,310.69,3.5306,0.1405,1.0,0.285,Moderado
382.99,False,3,Casa,6,3,151.0,3,2,416.86,30,12.7663,127.6633,2.5364,-0.0813,1.0,0.1089,Eficiente
578.76,True,24,Departamento,2,4,78.0,8,5,630.53,29,19.9572,144.69,7.42,-0.0821,0.3333,0.2539,Moderado
498.62,False,5,Casa,1,4,238.0,1,3,547.71,30,16.6207,124.655,2.095,-0.0896,0.2,0.169,Eficiente
432.74,True,8,Departamento,4,3,68.0,6,7,389.85,30,14.4247,144.2467,6.3638,0.11,0.75,0.191,Eficiente
607.6,False,11,Departamento,10,3,36.0,6,12,633.36,28,21.7,202.5333,16.8778,-0.0407,0.5455,0.2457,Moderado
854.52,True,8,Pequeno negocio,5,15,108.0,4,6,790.34,31,27.5652,56.968,7.9122,0.0812,0.5,0.2687,Moderado
557.29,True,19,Casa,6,2,230.0,1,6,526.09,29,19.2169,278.645,2.423,0.0593,0.0526,0.2481,Moderado
1186.7,True,21,Pequeno negocio,10,9,175.0,4,12,1264.84,30,39.5567,131.8556,6.7811,-0.0618,0.1905,0.3677,Ineficiente
449.54,False,16,Departamento,9,6,46.0,0,7,559.94,28,16.055,74.9233,9.7726,-0.1972,0.0,0.1914,Eficiente
1021.33,True,9,Casa,1,6,152.0,9,12,881.59,28,36.4761,170.2217,6.7193,0.1585,1.0,0.3134,Ineficiente
399.26,False,23,Departamento,5,4,93.0,0,12,390.89,29,13.7676,99.815,4.2931,0.0214,0.0,0.244,Moderado
786.68,True,11,Pequeno negocio,10,9,55.0,1,0,763.99,29,27.1269,87.4089,14.3033,0.0297,0.0909,0.2792,Moderado
556.6,False,9,Casa,10,5,198.0,1,12,557.76,28,19.8786,111.32,2.8111,-0.0021,0.1111,0.2098,Eficiente
957.99,False,36,Pequeno negocio,6,11,92.0,2,2,1176.35,30,31.933,87.09,10.4129,-0.1856,0.0556,0.2356,Moderado
290.26,True,10,Departamento,3,3,38.0,1,3,308.8,28,10.3664,96.7533,7.6384,-0.06,0.1,0.18,Eficiente
501.54,False,15,Departamento,2,4,120.0,6,7,482.0,28,17.9121,125.385,4.1795,0.0405,0.4,0.197,Eficiente
791.83,True,39,Pequeno negocio,1,6,65.0,1,10,859.48,30,26.3943,131.9717,12.182,-0.0787,0.0256,0.3415,Ineficiente
674.88,True,21,Casa,1,6,93.0,7,12,639.0,30,22.496,112.48,7.2568,0.0562,0.3333,0.3396,Ineficiente
1096.31,True,34,Pequeno negocio,14,2,231.0,4,5,1117.38,30,36.5437,548.155,4.7459,-0.0189,0.1176,0.43,Ineficiente
753.65,True,11,Casa,6,1,209.0,3,3,949.63,31,24.3113,753.65,3.606,-0.2064,0.2727,0.2956,Moderado
427.14,False,15,Departamento,4,4,37.0,5,5,590.1,31,13.7787,106.785,11.5443,-0.2762,0.3333,0.1972,Eficiente
359.76,True,22,Departamento,6,1,41.0,0,4,339.17,29,12.4055,359.76,8.7746,0.0607,0.0,0.2511,Moderado
706.72,True,15,Casa,7,2,204.0,5,3,802.52,30,23.5573,353.36,3.4643,-0.1194,0.3333,0.2697,Moderado
612.27,True,15,Casa,2,3,299.0,5,3,640.38,28,21.8668,204.09,2.0477,-0.0439,0.3333,0.2345,Moderado
711.04,False,8,Casa,13,1,220.0,7,9,812.99,31,22.9368,711.04,3.232,-0.1254,0.875,0.3559,Ineficiente
466.41,False,18,Casa,7,2,62.0,1,12,403.65,31,15.0455,233.205,7.5227,0.1555,0.0556,0.2517,Moderado
483.7,False,15,Casa,8,4,110.0,0,7,607.02,30,16.1233,120.925,4.3973,-0.2032,0.0,0.1261,Eficiente
310.19,False,3,Casa,7,3,293.0,0,2,272.71,29,10.6962,103.3967,1.0587,0.1374,0.0,0.1018,Eficiente
1716.51,False,12,Casa,14,7,194.0,9,8,2175.71,30,57.217,245.2157,8.848,-0.2111,0.75,0.3981,Ineficiente
705.78,False,22,Casa,14,1,89.0,3,7,650.17,31,22.7671,705.78,7.9301,0.0855,0.1364,0.3014,Moderado
475.95,True,21,Departamento,1,6,66.0,2,5,487.52,31,15.3532,79.325,7.2114,-0.0237,0.0952,0.222,Eficiente
418.98,True,7,Departamento,10,5,88.0,1,0,413.44,28,14.9636,83.796,4.7611,0.0134,0.1429,0.2282,Eficiente
437.33,False,19,Departamento,2,5,93.0,2,10,419.38,30,14.5777,87.466,4.7025,0.0428,0.1053,0.1943,Eficiente
1558.9,True,10,Casa,0,5,119.0,4,7,1601.01,28,55.675,311.78,13.1,-0.0263,0.4,0.2713,Moderado
1097.07,True,38,Pequeno negocio,8,10,207.0,9,3,995.14,28,39.1811,109.707,5.2999,0.1024,0.2368,0.3744,Ineficiente
644.99,False,14,Departamento,7,6,61.0,7,5,689.21,28,23.0354,107.4983,10.5736,-0.0642,0.5,0.2667,Moderado
937.19,True,10,Casa,7,3,164.0,8,6,1144.52,28,33.4711,312.3967,5.7146,-0.1812,0.8,0.267,Moderado
630.48,False,24,Casa,0,5,68.0,0,7,678.69,29,21.7407,126.096,9.2718,-0.071,0.0,0.1803,Eficiente
502.39,False,8,Departamento,9,3,47.0,5,8,536.95,31,16.2061,167.4633,10.6891,-0.0644,0.625,0.1597,Eficiente
513.02,True,10,Casa,7,3,117.0,4,1,495.93,31,16.549,171.0067,4.3848,0.0345,0.4,0.2075,Eficiente
362.72,False,23,Departamento,0,5,49.0,1,6,437.63,31,11.7006,72.544,7.4024,-0.1712,0.0435,0.1413,Eficiente
1224.51,True,33,Pequeno negocio,5,14,102.0,4,1,1075.33,30,40.817,87.465,12.005,0.1387,0.1212,0.3313,Ineficiente
441.25,False,7,Casa,2,7,63.0,5,2,368.18,30,14.7083,63.0357,7.004,0.1985,0.7143,0.1879,Eficiente
913.09,True,24,Casa,13,6,279.0,0,1,955.13,28,32.6104,152.1817,3.2727,-0.044,0.0,0.2274,Eficiente
1199.94,True,15,Pequeno negocio,11,5,112.0,9,8,1106.34,31,38.7077,239.988,10.7138,0.0846,0.6,0.3736,Ineficiente
748.22,True,20,Departamento,7,4,63.0,7,10,569.24,28,26.7221,187.055,11.8765,0.3144,0.35,0.3354,Ineficiente
420.29,False,4,Casa,1,7,118.0,4,12,410.26,31,13.5577,60.0414,3.5618,0.0244,1.0,0.1961,Eficiente
4015.79,False,36,Pequeno negocio,12,11,49.0,0,9,4951.09,30,133.8597,365.0718,81.9549,-0.1889,0.0,0.5229,Ineficiente
1062.57,False,27,Pequeno negocio,5,13,94.0,0,10,1117.67,29,36.6403,81.7362,11.3039,-0.0493,0.0,0.2381,Moderado
515.13,False,12,Departamento,8,5,107.0,9,1,570.71,28,18.3975,103.026,4.8143,-0.0974,0.75,0.2348,Moderado
561.41,False,7,Departamento,10,5,47.0,7,0,543.02,31,18.11,112.282,11.9449,0.0339,1.0,0.2085,Eficiente
1657.5,False,12,Casa,5,5,154.0,6,4,1405.3,28,59.1964,331.5,10.763,0.1795,0.5,0.3101,Ineficiente
719.14,True,11,Casa,14,6,282.0,2,4,980.64,30,23.9713,119.8567,2.5501,-0.2667,0.1818,0.2414,Moderado
368.73,False,23,Departamento,3,5,49.0,2,5,306.99,30,12.291,73.746,7.5251,0.2011,0.087,0.1341,Eficiente
495.88,False,17,Casa,5,1,113.0,7,8,477.8,29,17.0993,495.88,4.3883,0.0378,0.4118,0.2254,Eficiente
466.17,False,4,Departamento,2,6,107.0,4,1,421.65,28,16.6489,77.695,4.3567,0.1056,1.0,0.0667,Eficiente
925.06,True,33,Pequeno negocio,5,6,239.0,6,1,868.76,29,31.8986,154.1767,3.8705,0.0648,0.1818,0.3292,Ineficiente
919.46,False,19,Casa,11,7,170.0,4,10,1015.6,29,31.7055,131.3514,5.4086,-0.0947,0.2105,0.2805,Moderado
464.73,True,13,Departamento,7,7,70.0,8,7,433.41,29,16.0252,66.39,6.639,0.0723,0.6154,0.2925,Moderado
743.37,True,16,Casa,13,7,285.0,2,4,644.33,29,25.6334,106.1957,2.6083,0.1537,0.125,0.3236,Ineficiente
1375.21,True,19,Pequeno negocio,13,5,175.0,1,10,1161.33,28,49.1146,275.042,7.8583,0.1842,0.0526,0.3992,Ineficiente
690.12,False,24,Casa,4,5,119.0,3,8,591.14,29,23.7972,138.024,5.7993,0.1674,0.125,0.2077,Eficiente
648.96,False,17,Departamento,11,7,95.0,4,10,700.72,29,22.3779,92.7086,6.8312,-0.0739,0.2353,0.2784,Moderado
1593.3,True,15,Departamento,7,7,97.0,6,8,1328.83,29,54.9414,227.6143,16.4258,0.199,0.4,0.3442,Ineficiente
520.55,False,23,Casa,6,4,91.0,6,6,449.2,28,18.5911,130.1375,5.7203,0.1588,0.2609,0.2062,Eficiente
685.57,True,9,Departamento,4,7,80.0,7,11,601.91,29,23.6403,97.9386,8.5696,0.139,0.7778,0.3391,Ineficiente
502.76,True,19,Departamento,0,7,65.0,2,12,610.86,31,16.2181,71.8229,7.7348,-0.177,0.1053,0.2141,Eficiente
627.63,False,20,Departamento,6,1,99.0,6,9,681.61,28,22.4154,627.63,6.3397,-0.0792,0.3,0.2931,Moderado
560.71,True,11,Departamento,10,7,98.0,0,8,548.7,30,18.6903,80.1014,5.7215,0.0219,0.0,0.2088,Eficiente
1138.65,False,25,Pequeno negocio,13,6,162.0,9,0,1008.52,31,36.7306,189.775,7.0287,0.129,0.36,0.3657,Ineficiente
636.07,True,9,Casa,6,5,72.0,4,11,811.88,31,20.5184,127.214,8.8343,-0.2165,0.4444,0.2464,Moderado
730.0,True,22,Departamento,2,2,48.0,9,2,879.62,29,25.1724,365.0,15.2083,-0.1701,0.4091,0.2942,Moderado
502.45,False,3,Casa,7,7,194.0,3,0,494.35,28,17.9446,71.7786,2.5899,0.0164,1.0,0.2002,Eficiente
347.86,True,9,Departamento,4,3,128.0,1,5,413.96,30,11.5953,115.9533,2.7177,-0.1597,0.1111,0.1052,Eficiente
362.38,False,9,Departamento,13,3,104.0,1,1,384.03,29,12.4959,120.7933,3.4844,-0.0564,0.1111,0.1986,Eficiente
607.81,False,10,Casa,10,3,182.0,9,1,618.03,29,20.959,202.6033,3.3396,-0.0165,0.9,0.2919,Moderado
615.95,True,12,Casa,13,7,129.0,4,6,883.07,30,20.5317,87.9929,4.7748,-0.3025,0.3333,0.2949,Moderado
725.19,False,10,Pequeno negocio,4,10,116.0,1,5,701.11,29,25.0066,72.519,6.2516,0.0343,0.1,0.1987,Eficiente
1077.45,True,12,Casa,6,1,187.0,6,1,1107.32,30,35.915,1077.45,5.7618,-0.027,0.5,0.2891,Moderado
790.11,False,16,Departamento,1,1,80.0,9,12,1029.83,29,27.2452,790.11,9.8764,-0.2328,0.5625,0.2738,Moderado
587.17,True,5,Casa,2,7,262.0,5,2,645.49,31,18.941,83.8814,2.2411,-0.0903,1.0,0.2143,Eficiente
627.74,True,21,Pequeno negocio,5,6,93.0,2,2,563.66,30,20.9247,104.6233,6.7499,0.1137,0.0952,0.2288,Moderado
648.46,True,11,Casa,5,6,119.0,3,10,686.49,29,22.3607,108.0767,5.4492,-0.0554,0.2727,0.1981,Eficiente
541.38,False,6,Casa,10,1,215.0,2,9,542.66,28,19.335,541.38,2.518,-0.0024,0.3333,0.3054,Ineficiente
677.82,True,19,Pequeno negocio,3,8,169.0,5,4,653.61,28,24.2079,84.7275,4.0108,0.037,0.2632,0.2799,Moderado
1178.98,False,26,Pequeno negocio,14,12,70.0,4,3,1652.78,28,42.1064,98.2483,16.8426,-0.2867,0.1538,0.3324,Ineficiente
1040.22,False,9,Casa,11,2,107.0,3,11,860.22,31,33.5555,520.11,9.7217,0.2092,0.3333,0.3081,Ineficiente
461.19,True,6,Departamento,13,7,46.0,1,0,433.2,31,14.8771,65.8843,10.0259,0.0646,0.1667,0.2585,Moderado
167.13,False,6,Departamento,4,3,55.0,0,8,157.91,28,5.9689,55.71,3.0387,0.0584,0.0,0.1063,Eficiente
1337.31,False,30,Pequeno negocio,8,15,232.0,8,1,1223.78,29,46.1141,89.154,5.7643,0.0928,0.2667,0.3319,Ineficiente
674.96,True,8,Casa,7,5,182.0,8,0,686.0,28,24.1057,134.992,3.7086,-0.0161,1.0,0.2685,Moderado
322.44,True,24,Departamento,11,4,37.0,1,1,324.44,31,10.4013,80.61,8.7146,-0.0062,0.0417,0.2775,Moderado
476.94,False,17,Departamento,12,1,62.0,2,7,356.33,30,15.898,476.94,7.6926,0.3385,0.1176,0.2746,Moderado
325.17,False,17,Departamento,8,2,106.0,4,3,416.33,28,11.6132,162.585,3.0676,-0.219,0.2353,0.1767,Eficiente
500.24,False,18,Departamento,14,1,117.0,5,8,459.23,30,16.6747,500.24,4.2756,0.0893,0.2778,0.3372,Ineficiente
492.88,False,4,Departamento,7,6,56.0,4,12,585.94,31,15.8994,82.1467,8.8014,-0.1588,1.0,0.2092,Eficiente
402.29,True,13,Casa,4,1,201.0,6,0,333.31,28,14.3675,402.29,2.0014,0.207,0.4615,0.2824,Moderado
1427.52,True,28,Pequeno negocio,2,14,117.0,6,8,1412.28,30,47.584,101.9657,12.201,0.0108,0.2143,0.3057,Ineficiente
1180.24,False,35,Pequeno negocio,5,7,180.0,7,11,1498.65,30,39.3413,168.6057,6.5569,-0.2125,0.2,0.3467,Ineficiente
1139.59,True,12,Departamento,4,7,120.0,6,1,1057.54,28,40.6996,162.7986,9.4966,0.0776,0.5,0.2442,Moderado
631.05,False,9,Casa,3,7,223.0,9,5,545.02,31,20.3565,90.15,2.8298,0.1578,1.0,0.2754,Moderado
686.5,True,19,Casa,6,6,152.0,9,0,654.05,28,24.5179,114.4167,4.5164,0.0496,0.4737,0.3029,Moderado
225.7,False,7,Departamento,3,1,48.0,4,1,199.53,29,7.7828,225.7,4.7021,0.1312,0.5714,0.1425,Eficiente
679.76,True,22,Casa,14,4,181.0,0,12,560.49,31,21.9277,169.94,3.7556,0.2128,0.0,0.3579,Ineficiente
833.36,False,24,Pequeno negocio,4,5,169.0,9,3,745.98,29,28.7366,166.672,4.9311,0.1171,0.375,0.292,Moderado
481.14,True,4,Casa,9,1,267.0,3,2,514.82,29,16.591,481.14,1.802,-0.0654,0.75,0.2606,Moderado
735.5,False,10,Departamento,11,6,68.0,2,11,611.46,30,24.5167,122.5833,10.8162,0.2029,0.2,0.3112,Ineficiente
909.78,False,8,Pequeno negocio,14,12,49.0,1,3,850.81,28,32.4921,75.815,18.5669,0.0693,0.125,0.187,Eficiente
765.47,True,12,Casa,10,6,79.0,7,3,826.81,30,25.5157,127.5783,9.6895,-0.0742,0.5833,0.2969,Moderado
580.04,True,4,Casa,3,4,150.0,1,10,544.33,28,20.7157,145.01,3.8669,0.0656,0.25,0.188,Eficiente
1033.05,False,11,Departamento,8,7,90.0,9,9,974.29,28,36.8946,147.5786,11.4783,0.0603,0.8182,0.2843,Moderado
393.61,True,19,Departamento,1,3,70.0,2,7,385.86,29,13.5728,131.2033,5.623,0.0201,0.1053,0.1719,Eficiente
505.65,False,4,Casa,4,6,92.0,0,11,632.61,28,18.0589,84.275,5.4962,-0.2007,0.0,0.1316,Eficiente
1254.51,False,22,Departamento,14,6,62.0,6,2,1064.23,30,41.817,209.085,20.234,0.1788,0.2727,0.3177,Ineficiente
1196.97,False,10,Pequeno negocio,0,11,240.0,2,10,1075.48,29,41.2748,108.8155,4.9874,0.113,0.2,0.2274,Eficiente
471.49,True,19,Departamento,4,5,120.0,2,8,517.46,29,16.2583,94.298,3.9291,-0.0888,0.1053,0.2074,Eficiente
518.77,True,19,Casa,0,4,197.0,1,7,482.13,31,16.7345,129.6925,2.6334,0.076,0.0526,0.2218,Eficiente
557.04,True,6,Casa,8,4,167.0,6,4,530.03,31,17.969,139.26,3.3356,0.051,1.0,0.2345,Moderado
799.97,True,20,Casa,11,6,64.0,2,1,1043.59,29,27.5852,133.3283,12.4995,-0.2334,0.1,0.2444,Moderado
605.87,False,7,Casa,1,2,191.0,7,7,613.13,28,21.6382,302.935,3.1721,-0.0118,1.0,0.1767,Eficiente
480.9,True,6,Casa,1,1,244.0,2,10,458.74,28,17.175,480.9,1.9709,0.0483,0.3333,0.1771,Eficiente
479.35,True,3,Departamento,12,4,53.0,3,1,384.02,30,15.9783,119.8375,9.0443,0.2482,1.0,0.2997,Moderado
540.67,True,6,Casa,4,6,177.0,4,2,532.99,31,17.441,90.1117,3.0546,0.0144,0.6667,0.2117,Eficiente
738.23,True,31,Pequeno negocio,0,1,137.0,5,11,588.06,31,23.8139,738.23,5.3885,0.2554,0.1613,0.3766,Ineficiente
780.16,False,22,Casa,1,3,269.0,8,11,812.46,31,25.1665,260.0533,2.9002,-0.0398,0.3636,0.25,Moderado
2355.83,True,4,Casa,13,5,99.0,1,7,2431.29,28,84.1368,471.166,23.7963,-0.031,0.25,0.4223,Ineficiente
1452.02,True,17,Departamento,13,4,42.0,2,5,1923.41,31,46.8394,363.005,34.5719,-0.2451,0.1176,0.3853,Ineficiente
993.7,True,14,Pequeno negocio,2,11,231.0,7,0,1000.78,31,32.0548,90.3364,4.3017,-0.0071,0.5,0.2193,Eficiente
621.28,True,24,Casa,4,4,97.0,8,11,658.93,28,22.1886,155.32,6.4049,-0.0571,0.3333,0.3338,Ineficiente
749.05,False,15,Casa,2,6,263.0,4,7,815.6,29,25.8293,124.8417,2.8481,-0.0816,0.2667,0.2124,Eficiente
525.69,False,14,Casa,7,7,122.0,0,1,569.1,31,16.9577,75.0986,4.3089,-0.0763,0.0,0.1307,Eficiente
486.46,False,4,Departamento,12,4,61.0,4,4,566.59,29,16.7745,121.615,7.9748,-0.1414,1.0,0.2272,Eficiente
612.22,False,22,Departamento,11,4,63.0,6,10,706.98,30,20.4073,153.055,9.7178,-0.134,0.2727,0.2481,Moderado
2704.55,True,12,Casa,5,2,255.0,5,11,2695.51,28,96.5911,1352.275,10.6061,0.0034,0.4167,0.4422,Ineficiente
746.57,True,6,Casa,10,4,219.0,3,8,681.87,30,24.8857,186.6425,3.409,0.0949,0.5,0.2675,Moderado
519.98,True,18,Departamento,3,6,104.0,6,1,430.56,29,17.9303,86.6633,4.9998,0.2077,0.3333,0.3088,Ineficiente
1471.81,False,14,Pequeno negocio,13,15,103.0,2,2,1390.84,31,47.4777,98.1207,14.2894,0.0582,0.1429,0.2531,Moderado
608.52,True,3,Departamento,8,5,54.0,3,4,796.1,28,21.7329,121.704,11.2689,-0.2356,1.0,0.2172,Eficiente
718.03,True,7,Departamento,13,3,125.0,7,9,685.47,31,23.1623,239.3433,5.7442,0.0475,1.0,0.3944,Ineficiente
707.64,True,17,Casa,3,5,146.0,3,9,589.62,28,25.2729,141.528,4.8468,0.2002,0.1765,0.2821,Moderado
667.18,False,4,Casa,14,5,151.0,4,9,639.37,29,23.0062,133.436,4.4184,0.0435,1.0,0.229,Moderado
563.35,True,19,Casa,4,4,97.0,4,2,475.67,28,20.1196,140.8375,5.8077,0.1843,0.2105,0.2842,Moderado
642.46,True,16,Departamento,10,7,115.0,5,4,675.05,28,22.945,91.78,5.5866,-0.0483,0.3125,0.3571,Ineficiente
701.47,True,14,Pequeno negocio,0,2,216.0,6,4,766.88,31,22.6281,350.735,3.2475,-0.0853,0.4286,0.2353,Moderado
795.9,True,10,Pequeno negocio,3,5,53.0,6,9,863.99,30,26.53,159.18,15.017,-0.0788,0.6,0.3321,Ineficiente
1413.12,False,33,Pequeno negocio,8,15,211.0,5,10,1309.88,31,45.5845,94.208,6.6973,0.0788,0.1515,0.3715,Ineficiente
757.87,False,23,Pequeno negocio,7,5,208.0,3,0,876.52,31,24.4474,151.574,3.6436,-0.1354,0.1304,0.2734,Moderado
917.69,False,15,Pequeno negocio,1,14,171.0,8,9,959.89,30,30.5897,65.5493,5.3666,-0.044,0.5333,0.255,Moderado
436.41,False,16,Casa,0,3,86.0,7,5,411.85,30,14.547,145.47,5.0745,0.0596,0.4375,0.2681,Moderado
489.17,True,14,Casa,12,6,246.0,0,4,406.93,29,16.8679,81.5283,1.9885,0.2021,0.0,0.251,Moderado
779.96,False,20,Casa,3,5,195.0,6,6,891.27,30,25.9987,155.992,3.9998,-0.1249,0.3,0.2282,Eficiente
604.85,False,14,Departamento,11,1,67.0,9,6,498.09,31,19.5113,604.85,9.0276,0.2143,0.6429,0.301,Moderado
526.82,False,11,Casa,2,1,76.0,5,12,430.3,28,18.815,526.82,6.9318,0.2243,0.4545,0.2702,Moderado
1403.04,True,22,Pequeno negocio,4,14,176.0,9,7,1668.02,31,45.2594,100.2171,7.9718,-0.1589,0.4091,0.3549,Ineficiente
436.01,True,23,Departamento,0,6,80.0,3,10,468.97,30,14.5337,72.6683,5.4501,-0.0703,0.1304,0.2585,Moderado
455.85,False,21,Departamento,8,3,120.0,2,11,497.71,31,14.7048,151.95,3.7988,-0.0841,0.0952,0.2517,Moderado
626.28,False,14,Casa,7,7,189.0,4,12,735.24,29,21.5959,89.4686,3.3137,-0.1482,0.2857,0.245,Moderado
390.77,False,11,Casa,8,1,231.0,1,8,376.13,30,13.0257,390.77,1.6916,0.0389,0.0909,0.2287,Moderado
785.33,True,5,Casa,11,7,203.0,0,12,694.74,30,26.1777,112.19,3.8686,0.1304,0.0,0.3136,Ineficiente
1139.99,True,26,Pequeno negocio,9,13,37.0,5,7,1127.32,29,39.31,87.6915,30.8105,0.0112,0.1923,0.4015,Ineficiente
386.9,False,21,Departamento,3,5,93.0,0,4,389.77,28,13.8179,77.38,4.1602,-0.0074,0.0,0.1598,Eficiente
549.56,True,20,Departamento,6,6,64.0,0,10,442.69,31,17.7277,91.5933,8.5869,0.2414,0.0,0.2506,Moderado
589.12,True,5,Casa,1,5,233.0,4,11,637.81,30,19.6373,117.824,2.5284,-0.0763,0.8,0.248,Moderado
543.71,False,14,Casa,9,6,229.0,2,3,532.54,29,18.7486,90.6183,2.3743,0.021,0.1429,0.166,Eficiente
631.69,True,17,Casa,5,3,196.0,1,12,640.83,30,21.0563,210.5633,3.2229,-0.0143,0.0588,0.2553,Moderado
466.96,True,18,Departamento,2,3,100.0,5,5,521.99,30,15.5653,155.6533,4.6696,-0.1054,0.2778,0.2353,Moderado
1383.63,True,22,Departamento,13,2,107.0,3,2,1567.88,28,49.4154,691.815,12.9311,-0.1175,0.1364,0.3266,Ineficiente
1259.67,True,4,Casa,7,1,113.0,4,8,1201.63,28,44.9882,1259.67,11.1475,0.0483,1.0,0.3012,Moderado
708.48,True,17,Pequeno negocio,0,11,47.0,4,3,570.42,31,22.8542,64.4073,15.074,0.242,0.2353,0.223,Eficiente
480.92,False,5,Casa,1,2,288.0,1,5,450.38,28,17.1757,240.46,1.6699,0.0678,0.2,0.1371,Eficiente
2806.86,False,32,Pequeno negocio,4,12,209.0,7,6,3308.08,28,100.245,233.905,13.43,-0.1515,0.2188,0.4003,Ineficiente
713.28,True,14,Casa,14,2,72.0,9,6,795.59,31,23.009,356.64,9.9067,-0.1035,0.6429,0.3558,Ineficiente
590.63,False,12,Casa,1,2,191.0,7,1,573.36,31,19.0526,295.315,3.0923,0.0301,0.5833,0.2299,Moderado
553.82,True,14,Pequeno negocio,6,7,62.0,1,2,613.65,30,18.4607,79.1171,8.9326,-0.0975,0.0714,0.1959,Eficiente
517.02,True,21,Casa,5,4,68.0,5,1,492.07,31,16.6781,129.255,7.6032,0.0507,0.2381,0.3181,Ineficiente
370.32,True,9,Casa,9,2,292.0,1,7,341.95,30,12.344,185.16,1.2682,0.083,0.1111,0.2289,Moderado
590.81,True,20,Casa,8,5,248.0,0,12,623.69,28,21.1004,118.162,2.3823,-0.0527,0.0,0.2489,Moderado
490.32,True,24,Casa,7,2,134.0,1,8,732.41,28,17.5114,245.16,3.6591,-0.3305,0.0417,0.34,Ineficiente
585.98,True,4,Departamento,12,6,52.0,4,7,589.11,31,18.9026,97.6633,11.2688,-0.0053,1.0,0.2133,Eficiente
1527.39,False,10,Pequeno negocio,0,1,152.0,9,11,1328.38,29,52.6686,1527.39,10.0486,0.1498,0.9,0.3621,Ineficiente
1339.18,False,27,Pequeno negocio,5,3,137.0,5,0,1260.92,29,46.1786,446.3933,9.775,0.0621,0.1852,0.2601,Moderado
794.95,True,20,Casa,0,5,258.0,8,1,643.73,29,27.4121,158.99,3.0812,0.2349,0.4,0.235,Moderado
1313.07,False,17,Departamento,4,3,118.0,4,12,1176.03,31,42.3571,437.69,11.1277,0.1165,0.2353,0.2956,Moderado
754.48,True,21,Casa,3,5,238.0,0,11,814.16,31,24.3381,150.896,3.1701,-0.0733,0.0,0.2999,Moderado
916.11,True,15,Casa,13,3,284.0,9,7,998.58,30,30.537,305.37,3.2257,-0.0826,0.6,0.3966,Ineficiente
882.2,True,8,Casa,10,5,288.0,7,1,918.74,29,30.4207,176.44,3.0632,-0.0398,0.875,0.2334,Moderado
723.07,True,6,Pequeno negocio,3,7,244.0,6,2,767.85,30,24.1023,103.2957,2.9634,-0.0583,1.0,0.1744,Eficiente
814.93,True,8,Pequeno negocio,9,7,193.0,0,9,790.92,29,28.101,116.4186,4.2224,0.0304,0.0,0.235,Moderado
442.68,True,3,Departamento,12,6,36.0,3,2,534.59,29,15.2648,73.78,12.2967,-0.1719,1.0,0.1975,Eficiente
398.44,True,5,Departamento,2,7,105.0,0,7,447.28,28,14.23,56.92,3.7947,-0.1092,0.0,0.1998,Eficiente
337.39,True,22,Departamento,8,3,67.0,0,9,353.77,29,11.6341,112.4633,5.0357,-0.0463,0.0,0.2752,Moderado
1585.05,True,11,Departamento,7,4,69.0,0,5,1580.16,29,54.6569,396.2625,22.9717,0.0031,0.0,0.2874,Moderado
697.26,False,6,Departamento,13,4,102.0,6,6,623.01,29,24.0434,174.315,6.8359,0.1192,1.0,0.273,Moderado
691.0,True,3,Casa,5,7,158.0,3,12,741.14,29,23.8276,98.7143,4.3734,-0.0677,1.0,0.2028,Eficiente
563.57,False,3,Casa,10,7,227.0,1,12,828.07,30,18.7857,80.51,2.4827,-0.3194,0.3333,0.1543,Eficiente
568.89,True,19,Casa,8,5,137.0,4,5,494.97,31,18.3513,113.778,4.1525,0.1493,0.2105,0.2513,Moderado
1024.61,False,24,Pequeno negocio,4,9,136.0,5,2,1066.33,31,33.0519,113.8456,7.5339,-0.0391,0.2083,0.2402,Moderado
454.87,False,20,Departamento,5,1,88.0,5,0,470.53,31,14.6732,454.87,5.169,-0.0333,0.25,0.1942,Eficiente
964.16,True,30,Pequeno negocio,12,12,32.0,2,2,864.1,31,31.1019,80.3467,30.13,0.1158,0.0667,0.3699,Ineficiente
2525.74,False,7,Casa,13,6,150.0,0,6,2167.85,29,87.0945,420.9567,16.8383,0.1651,0.0,0.3826,Ineficiente
537.16,False,22,Departamento,3,6,55.0,0,12,505.4,31,17.3277,89.5267,9.7665,0.0628,0.0,0.2011,Eficiente
977.68,True,13,Casa,7,5,252.0,9,6,974.07,29,33.7131,195.536,3.8797,0.0037,0.6923,0.2454,Moderado
814.52,True,11,Casa,2,7,67.0,6,12,845.87,31,26.2748,116.36,12.157,-0.0371,0.5455,0.3435,Ineficiente
1108.1,True,17,Casa,6,5,286.0,9,9,1309.86,31,35.7452,221.62,3.8745,-0.154,0.5294,0.3493,Ineficiente
965.12,False,17,Casa,13,6,207.0,8,1,928.99,31,31.1329,160.8533,4.6624,0.0389,0.4706,0.263,Moderado
1158.25,True,16,Pequeno negocio,10,15,215.0,2,4,1405.83,29,39.9397,77.2167,5.3872,-0.1761,0.125,0.2746,Moderado
446.66,False,16,Casa,7,5,192.0,0,7,449.21,29,15.4021,89.332,2.3264,-0.0057,0.0,0.2103,Eficiente
669.39,True,24,Departamento,11,4,128.0,6,0,520.84,30,22.313,167.3475,5.2296,0.2852,0.25,0.334,Ineficiente
501.55,True,12,Departamento,8,7,87.0,2,0,636.39,31,16.179,71.65,5.7649,-0.2119,0.1667,0.1991,Eficiente
1831.05,True,7,Casa,6,7,197.0,6,4,1722.18,28,65.3946,261.5786,9.2947,0.0632,0.8571,0.3233,Ineficiente
503.51,True,5,Departamento,0,6,79.0,5,11,535.11,29,17.3624,83.9183,6.3735,-0.0591,1.0,0.2689,Moderado
743.25,False,8,Casa,1,2,198.0,8,7,839.03,29,25.6293,371.625,3.7538,-0.1142,1.0,0.29,Moderado
735.48,True,7,Pequeno negocio,8,6,235.0,2,6,792.8,31,23.7252,122.58,3.1297,-0.0723,0.2857,0.269,Moderado
869.59,False,22,Pequeno negocio,1,4,165.0,4,7,855.43,28,31.0568,217.3975,5.2702,0.0166,0.1818,0.2798,Moderado
682.95,False,9,Departamento,0,7,107.0,7,7,506.95,29,23.55,97.5643,6.3827,0.3472,0.7778,0.166,Eficiente
1365.84,False,5,Departamento,4,2,39.0,2,11,1215.71,28,48.78,682.92,35.0215,0.1235,0.4,0.2719,Moderado
771.06,False,18,Casa,8,5,148.0,5,4,705.07,30,25.702,154.212,5.2099,0.0936,0.2778,0.2246,Eficiente
806.51,True,7,Pequeno negocio,10,7,130.0,3,3,875.01,28,28.8039,115.2157,6.2039,-0.0783,0.4286,0.2767,Moderado
571.35,False,4,Casa,14,7,63.0,4,3,679.12,28,20.4054,81.6214,9.069,-0.1587,1.0,0.2571,Moderado
935.71,True,5,Casa,9,6,286.0,5,7,1052.34,29,32.2659,155.9517,3.2717,-0.1108,1.0,0.2694,Moderado
971.97,True,10,Casa,14,6,260.0,8,3,818.88,28,34.7132,161.995,3.7383,0.187,0.8,0.3541,Ineficiente
511.05,False,13,Departamento,4,5,45.0,4,12,553.4,29,17.6224,102.21,11.3567,-0.0765,0.3077,0.217,Eficiente
394.71,True,5,Departamento,9,1,70.0,2,8,380.57,31,12.7326,394.71,5.6387,0.0372,0.4,0.2264,Eficiente
342.9,True,16,Departamento,0,7,59.0,0,4,340.47,31,11.0613,48.9857,5.8119,0.0071,0.0,0.1053,Eficiente
449.87,True,13,Departamento,2,1,54.0,6,3,439.95,30,14.9957,449.87,8.3309,0.0225,0.4615,0.281,Moderado
792.74,True,19,Casa,9,4,275.0,8,5,805.15,29,27.3359,198.185,2.8827,-0.0154,0.4211,0.3181,Ineficiente
731.51,False,10,Pequeno negocio,4,3,139.0,4,11,679.44,31,23.5971,243.8367,5.2627,0.0766,0.4,0.2152,Eficiente
677.84,False,5,Casa,8,3,236.0,5,12,761.4,28,24.2086,225.9467,2.8722,-0.1097,1.0,0.2536,Moderado
677.52,True,12,Departamento,14,7,48.0,4,6,618.22,29,23.3628,96.7886,14.115,0.0959,0.3333,0.2961,Moderado
560.09,True,21,Casa,11,2,111.0,4,1,429.45,29,19.3134,280.045,5.0459,0.3042,0.1905,0.39,Ineficiente
625.47,True,5,Pequeno negocio,5,6,185.0,0,0,621.52,28,22.3382,104.245,3.3809,0.0064,0.0,0.1831,Eficiente
675.51,True,21,Casa,10,2,122.0,5,7,709.57,28,24.1254,337.755,5.537,-0.048,0.2381,0.3066,Ineficiente
831.29,True,11,Casa,13,7,240.0,5,8,849.77,29,28.6652,118.7557,3.4637,-0.0217,0.4545,0.3665,Ineficiente
549.98,True,20,Departamento,3,6,114.0,4,4,493.21,28,19.6421,91.6633,4.8244,0.1151,0.2,0.3092,Ineficiente
850.0,False,16,Casa,8,3,78.0,5,11,1034.57,31,27.4194,283.3333,10.8974,-0.1784,0.3125,0.2093,Eficiente
415.71,False,23,Casa,10,1,78.0,5,0,350.77,28,14.8468,415.71,5.3296,0.1851,0.2174,0.1525,Eficiente
1262.66,True,6,Departamento,9,2,129.0,6,3,1239.94,28,45.095,631.33,9.7881,0.0183,1.0,0.3212,Ineficiente
499.57,True,22,Casa,7,2,88.0,1,9,472.85,31,16.1152,249.785,5.6769,0.0565,0.0455,0.2818,Moderado
1073.51,False,26,Pequeno negocio,6,14,44.0,5,3,1087.63,29,37.0176,76.6793,24.398,-0.013,0.1923,0.2932,Moderado
766.6,False,19,Casa,8,7,294.0,4,2,765.22,29,26.4345,109.5143,2.6075,0.0018,0.2105,0.2797,Moderado
440.34,False,20,Departamento,7,1,85.0,3,9,508.48,29,15.1841,440.34,5.1805,-0.134,0.15,0.2425,Moderado
490.88,False,15,Departamento,5,5,77.0,4,11,567.15,28,17.5314,98.176,6.3751,-0.1345,0.2667,0.2021,Eficiente
642.09,True,12,Departamento,13,3,122.0,6,2,788.54,30,21.403,214.03,5.263,-0.1857,0.5,0.3272,Ineficiente
762.78,True,20,Departamento,11,1,110.0,9,5,967.11,30,25.426,762.78,6.9344,-0.2113,0.45,0.4259,Ineficiente
499.96,True,14,Departamento,9,5,126.0,2,12,421.61,29,17.24,99.992,3.9679,0.1858,0.1429,0.2361,Moderado
627.8,False,13,Pequeno negocio,2,9,200.0,0,1,641.81,28,22.4214,69.7556,3.139,-0.0218,0.0,0.1608,Eficiente
602.15,False,17,Casa,7,7,96.0,3,1,569.11,28,21.5054,86.0214,6.2724,0.0581,0.1765,0.1891,Eficiente
546.95,True,17,Casa,3,4,177.0,3,3,515.3,30,18.2317,136.7375,3.0901,0.0614,0.1765,0.2647,Moderado
301.69,False,15,Departamento,2,3,111.0,0,6,295.51,28,10.7746,100.5633,2.7179,0.0209,0.0,0.1021,Eficiente
1058.4,False,39,Pequeno negocio,3,15,213.0,4,10,953.7,31,34.1419,70.56,4.969,0.1098,0.1026,0.2741,Moderado
512.01,False,19,Casa,2,2,133.0,5,5,425.84,30,17.067,256.005,3.8497,0.2024,0.2632,0.2444,Moderado
855.25,False,8,Casa,11,5,138.0,8,4,838.29,28,30.5446,171.05,6.1975,0.0202,1.0,0.315,Ineficiente
960.05,True,13,Pequeno negocio,7,5,119.0,6,11,1067.25,31,30.9694,192.01,8.0676,-0.1004,0.4615,0.3712,Ineficiente
430.17,False,20,Departamento,10,1,61.0,4,3,364.29,29,14.8334,430.17,7.052,0.1808,0.2,0.2126,Eficiente
928.35,False,13,Pequeno negocio,14,5,105.0,6,4,1183.59,29,32.0121,185.67,8.8414,-0.2156,0.4615,0.2934,Moderado
400.62,False,24,Departamento,4,2,50.0,2,3,364.48,30,13.354,200.31,8.0124,0.0992,0.0833,0.2286,Moderado
781.17,True,6,Departamento,2,4,122.0,1,1,763.84,28,27.8989,195.2925,6.403,0.0227,0.1667,0.1234,Eficiente
590.45,True,7,Casa,2,2,209.0,5,7,538.22,30,19.6817,295.225,2.8251,0.097,0.7143,0.1812,Eficiente
553.68,False,8,Pequeno negocio,0,5,71.0,4,12,660.17,29,19.0924,110.736,7.7983,-0.1613,0.5,0.1724,Eficiente
595.53,False,24,Casa,0,5,130.0,2,3,539.73,31,19.2106,119.106,4.581,0.1034,0.0833,0.179,Eficiente
2156.78,True,14,Departamento,8,4,87.0,8,0,2257.84,29,74.3717,539.195,24.7906,-0.0448,0.5714,0.4133,Ineficiente
881.81,True,8,Casa,10,4,267.0,5,12,959.83,30,29.3937,220.4525,3.3027,-0.0813,0.625,0.3001,Moderado
551.63,True,24,Departamento,4,4,61.0,5,1,447.5,29,19.0217,137.9075,9.0431,0.2327,0.2083,0.2652,Moderado
596.32,False,12,Departamento,8,6,93.0,6,0,516.71,28,21.2971,99.3867,6.412,0.1541,0.5,0.2903,Moderado
411.19,True,8,Departamento,3,7,85.0,2,9,384.23,29,14.179,58.7414,4.8375,0.0702,0.25,0.1961,Eficiente
1254.15,True,39,Pequeno negocio,10,14,244.0,5,2,1201.8,31,40.4565,89.5821,5.14,0.0436,0.1282,0.3929,Ineficiente
741.94,False,6,Casa,10,2,199.0,6,12,845.08,30,24.7313,370.97,3.7283,-0.122,1.0,0.2276,Eficiente
586.77,True,24,Departamento,10,3,86.0,6,5,661.12,28,20.9561,195.59,6.8229,-0.1125,0.25,0.361,Ineficiente
688.02,False,4,Casa,7,4,195.0,4,8,636.34,28,24.5721,172.005,3.5283,0.0812,1.0,0.2096,Eficiente
673.17,True,15,Casa,12,1,291.0,0,2,814.35,28,24.0418,673.17,2.3133,-0.1734,0.0,0.284,Moderado
631.51,False,15,Casa,1,2,241.0,7,2,541.39,31,20.3713,315.755,2.6204,0.1665,0.4667,0.2605,Moderado
638.02,True,23,Casa,6,2,224.0,6,10,537.29,31,20.5813,319.01,2.8483,0.1875,0.2609,0.3422,Ineficiente
850.11,True,23,Casa,0,7,233.0,8,6,733.15,30,28.337,121.4443,3.6485,0.1595,0.3478,0.3909,Ineficiente
653.57,False,21,Departamento,12,3,115.0,9,11,597.87,30,21.7857,217.8567,5.6832,0.0932,0.4286,0.4051,Ineficiente
539.42,True,23,Departamento,1,7,78.0,1,11,620.71,30,17.9807,77.06,6.9156,-0.131,0.0435,0.2279,Eficiente
544.71,True,22,Departamento,6,4,50.0,4,7,631.48,29,18.7831,136.1775,10.8942,-0.1374,0.1818,0.257,Moderado
851.43,True,14,Casa,2,4,200.0,9,10,711.11,31,27.4655,212.8575,4.2571,0.1973,0.6429,0.2896,Moderado
1045.29,False,22,Casa,10,7,170.0,8,11,987.53,29,36.0445,149.3271,6.1488,0.0585,0.3636,0.3256,Ineficiente
604.63,False,19,Casa,6,5,271.0,1,7,543.81,30,20.1543,120.926,2.2311,0.1118,0.0526,0.1561,Eficiente
449.13,False,11,Departamento,8,2,40.0,5,10,377.18,28,16.0404,224.565,11.2282,0.1908,0.4545,0.2961,Moderado
701.86,True,18,Pequeno negocio,14,6,126.0,3,0,536.4,30,23.3953,116.9767,5.5703,0.3085,0.1667,0.3504,Ineficiente
571.27,True,3,Casa,13,5,174.0,3,2,649.19,30,19.0423,114.254,3.2832,-0.12,1.0,0.2428,Moderado
401.11,False,5,Departamento,6,1,59.0,5,6,336.53,28,14.3254,401.11,6.7985,0.1919,1.0,0.2441,Moderado
473.94,True,6,Casa,5,2,249.0,3,1,627.66,31,15.2884,236.97,1.9034,-0.2449,0.5,0.1728,Eficiente
427.77,False,14,Casa,4,1,142.0,4,6,448.31,28,15.2775,427.77,3.0125,-0.0458,0.2857,0.1801,Eficiente
1166.62,True,4,Casa,10,5,262.0,4,8,1417.82,30,38.8873,233.324,4.4527,-0.1772,1.0,0.314,Ineficiente
554.28,True,7,Casa,14,4,104.0,3,4,513.76,29,19.1131,138.57,5.3296,0.0789,0.4286,0.2691,Moderado
499.24,False,8,Departamento,8,1,43.0,2,12,393.56,31,16.1045,499.24,11.6102,0.2685,0.25,0.2971,Moderado
1172.28,True,7,Pequeno negocio,8,15,30.0,1,11,1311.4,29,40.4234,78.152,39.076,-0.1061,0.1429,0.3147,Ineficiente
669.72,False,4,Casa,14,5,153.0,1,10,899.43,30,22.324,133.944,4.3773,-0.2554,0.25,0.289,Moderado
360.79,True,7,Departamento,2,6,40.0,0,9,422.5,30,12.0263,60.1317,9.0198,-0.1461,0.0,0.1785,Eficiente
179.44,True,9,Departamento,1,2,38.0,0,8,218.9,28,6.4086,89.72,4.7221,-0.1803,0.0,0.1121,Eficiente
1214.31,False,39,Pequeno negocio,1,9,123.0,5,8,1944.66,28,43.3682,134.9233,9.8724,-0.3756,0.1282,0.2748,Moderado
561.93,False,15,Departamento,8,2,89.0,5,1,521.26,29,19.3769,280.965,6.3138,0.078,0.3333,0.241,Moderado
807.61,True,9,Casa,13,4,122.0,7,12,767.15,29,27.8486,201.9025,6.6198,0.0527,0.7778,0.3647,Ineficiente
606.0,True,6,Departamento,3,4,49.0,6,10,664.72,28,21.6429,151.5,12.3673,-0.0883,1.0,0.2827,Moderado
1587.41,False,14,Casa,10,2,110.0,1,3,1481.93,30,52.9137,793.705,14.431,0.0712,0.0714,0.342,Ineficiente
921.39,True,16,Pequeno negocio,13,3,139.0,6,8,838.48,28,32.9068,307.13,6.6287,0.0989,0.375,0.3841,Ineficiente
1190.83,True,18,Casa,13,1,220.0,4,5,963.11,31,38.4139,1190.83,5.4129,0.2364,0.2222,0.4484,Ineficiente
516.62,True,7,Departamento,11,4,120.0,1,12,493.93,28,18.4507,129.155,4.3052,0.0459,0.1429,0.2786,Moderado
784.19,False,24,Casa,5,5,233.0,6,6,928.28,30,26.1397,156.838,3.3656,-0.1552,0.25,0.2214,Eficiente
682.18,True,5,Casa,9,3,167.0,5,9,613.61,31,22.0058,227.3933,4.0849,0.1117,1.0,0.2299,Moderado
1093.43,True,8,Pequeno negocio,8,10,239.0,4,2,1287.53,29,37.7045,109.343,4.575,-0.1508,0.5,0.311,Ineficiente
413.84,True,17,Departamento,7,7,50.0,1,1,393.32,28,14.78,59.12,8.2768,0.0522,0.0588,0.2819,Moderado
493.47,True,17,Casa,10,2,147.0,0,11,395.34,28,17.6239,246.735,3.3569,0.2482,0.0,0.2693,Moderado
1027.32,True,11,Pequeno negocio,10,2,140.0,7,7,990.97,29,35.4248,513.66,7.338,0.0367,0.6364,0.2979,Moderado
799.66,True,18,Pequeno negocio,12,4,30.0,1,8,721.07,29,27.5745,199.915,26.6553,0.109,0.0556,0.3352,Ineficiente
553.22,True,18,Casa,8,4,171.0,2,5,713.57,31,17.8458,138.305,3.2352,-0.2247,0.1111,0.2369,Moderado
703.69,True,14,Departamento,9,2,107.0,6,8,585.08,31,22.6997,351.845,6.5765,0.2027,0.4286,0.3014,Moderado
414.44,True,18,Departamento,4,6,72.0,4,5,693.21,30,13.8147,69.0733,5.7561,-0.4021,0.2222,0.1943,Eficiente
588.14,True,15,Departamento,7,3,68.0,8,8,466.24,29,20.2807,196.0467,8.6491,0.2615,0.5333,0.3913,Ineficiente
3042.85,True,24,Casa,12,5,66.0,3,8,2316.8,28,108.6732,608.57,46.1038,0.3134,0.125,0.5571,Ineficiente
521.98,False,10,Casa,11,2,154.0,8,2,545.2,28,18.6421,260.99,3.3895,-0.0426,0.8,0.2239,Eficiente
693.92,False,8,Pequeno negocio,7,3,89.0,3,11,744.42,29,23.9283,231.3067,7.7969,-0.0678,0.375,0.237,Moderado
1289.15,True,12,Pequeno negocio,8,9,38.0,0,12,1315.46,31,41.5855,143.2389,33.925,-0.02,0.0,0.316,Ineficiente
683.66,True,9,Pequeno negocio,3,1,138.0,7,9,581.18,31,22.0535,683.66,4.9541,0.1763,0.7778,0.2748,Moderado
799.76,True,31,Pequeno negocio,5,5,55.0,6,0,1045.55,31,25.7987,159.952,14.5411,-0.2351,0.1935,0.2402,Moderado
394.73,False,7,Departamento,9,1,67.0,7,0,407.3,29,13.6114,394.73,5.8915,-0.0309,1.0,0.2358,Moderado
229.25,False,3,Departamento,1,4,73.0,0,10,217.91,30,7.6417,57.3125,3.1404,0.052,0.0,0.0573,Eficiente
1089.48,True,17,Departamento,0,4,119.0,5,1,878.4,28,38.91,272.37,9.1553,0.2403,0.2941,0.2817,Moderado
697.38,False,16,Departamento,8,3,71.0,7,12,817.92,30,23.246,232.46,9.8223,-0.1474,0.4375,0.3576,Ineficiente
502.56,True,17,Departamento,10,4,123.0,4,4,461.2,30,16.752,125.64,4.0859,0.0897,0.2353,0.3195,Ineficiente
643.0,False,12,Casa,14,3,264.0,2,2,617.59,28,22.9643,214.3333,2.4356,0.0411,0.1667,0.2397,Moderado
541.49,False,21,Departamento,7,6,82.0,2,8,469.77,29,18.6721,90.2483,6.6035,0.1527,0.0952,0.2874,Moderado
434.42,True,3,Casa,1,4,162.0,0,8,380.3,31,14.0135,108.605,2.6816,0.1423,0.0,0.2096,Eficiente
1058.66,False,6,Casa,9,6,205.0,6,8,1169.3,30,35.2887,176.4433,5.1642,-0.0946,1.0,0.3167,Ineficiente
614.64,True,11,Departamento,4,2,126.0,7,9,420.54,29,21.1945,307.32,4.8781,0.4615,0.6364,0.3033,Moderado
604.44,False,24,Casa,2,2,175.0,4,6,492.16,28,21.5871,302.22,3.4539,0.2281,0.1667,0.2017,Eficiente
510.38,True,18,Casa,9,3,205.0,0,4,610.02,31,16.4639,170.1267,2.4897,-0.1633,0.0,0.1777,Eficiente
1220.24,True,28,Pequeno negocio,10,12,200.0,7,5,1364.85,31,39.3626,101.6867,6.1012,-0.106,0.25,0.4049,Ineficiente
5000.0,True,27,Pequeno negocio,0,12,161.0,9,8,4492.11,31,161.2903,416.6667,31.0559,0.1131,0.3333,0.6253,Ineficiente
728.55,True,23,Casa,10,3,299.0,6,10,784.62,31,23.5016,242.85,2.4366,-0.0715,0.2609,0.2647,Moderado
719.58,True,5,Casa,8,3,297.0,0,5,734.25,31,23.2123,239.86,2.4228,-0.02,0.0,0.2564,Moderado
525.65,True,14,Casa,11,4,83.0,4,1,417.45,29,18.1259,131.4125,6.3331,0.2592,0.2857,0.3097,Ineficiente
443.8,True,23,Departamento,9,1,64.0,5,5,378.5,31,14.3161,443.8,6.9344,0.1725,0.2174,0.309,Ineficiente
1098.51,False,9,Pequeno negocio,7,10,46.0,9,7,1157.35,29,37.8797,109.851,23.8807,-0.0508,1.0,0.3319,Ineficiente
763.2,False,6,Casa,5,7,258.0,4,10,789.29,29,26.3172,109.0286,2.9581,-0.0331,0.6667,0.2117,Eficiente
551.21,True,10,Departamento,9,5,107.0,0,10,795.04,28,19.6861,110.242,5.1515,-0.3067,0.0,0.2442,Moderado
1602.76,True,24,Casa,2,5,112.0,7,10,1499.42,28,57.2414,320.552,14.3104,0.0689,0.2917,0.3456,Ineficiente
512.29,True,7,Casa,8,4,194.0,6,3,753.38,30,17.0763,128.0725,2.6407,-0.32,0.8571,0.1924,Eficiente
841.47,True,19,Pequeno negocio,11,4,246.0,2,0,995.7,28,30.0525,210.3675,3.4206,-0.1549,0.1053,0.2674,Moderado
483.34,True,8,Casa,3,7,100.0,4,2,589.88,28,17.2621,69.0486,4.8334,-0.1806,0.5,0.1727,Eficiente
535.73,True,19,Casa,1,7,166.0,0,1,463.65,28,19.1332,76.5329,3.2273,0.1555,0.0,0.1791,Eficiente
531.6,True,22,Casa,0,3,213.0,1,8,505.77,30,17.72,177.2,2.4958,0.0511,0.0455,0.2701,Moderado
495.37,True,3,Departamento,8,7,101.0,3,3,453.95,29,17.0817,70.7671,4.9047,0.0912,1.0,0.2365,Moderado
859.15,False,28,Pequeno negocio,6,11,56.0,0,2,1085.76,31,27.7145,78.1045,15.342,-0.2087,0.0,0.1793,Eficiente
1541.09,False,19,Pequeno negocio,9,14,165.0,2,7,1289.72,30,51.3697,110.0779,9.3399,0.1949,0.1053,0.3044,Moderado
724.25,False,7,Casa,12,3,237.0,6,6,719.97,28,25.8661,241.4167,3.0559,0.0059,0.8571,0.3291,Ineficiente
833.82,False,16,Casa,14,5,217.0,3,9,1028.44,29,28.7524,166.764,3.8425,-0.1892,0.1875,0.2492,Moderado
405.05,True,11,Departamento,4,5,59.0,1,11,431.78,28,14.4661,81.01,6.8653,-0.0619,0.0909,0.1704,Eficiente
999.88,False,3,Casa,1,4,217.0,3,1,790.57,29,34.4786,249.97,4.6077,0.2648,1.0,0.1557,Eficiente
1933.84,False,34,Pequeno negocio,11,14,86.0,8,0,2172.23,28,69.0657,138.1314,22.4865,-0.1097,0.2353,0.3702,Ineficiente
376.14,False,3,Departamento,0,4,52.0,3,10,357.32,29,12.9703,94.035,7.2335,0.0527,1.0,0.1492,Eficiente
765.86,False,7,Casa,9,2,297.0,3,11,758.22,29,26.409,382.93,2.5787,0.0101,0.4286,0.24,Moderado
1079.31,True,26,Pequeno negocio,4,7,87.0,8,4,1201.33,28,38.5468,154.1871,12.4059,-0.1016,0.3077,0.3488,Ineficiente
1677.12,False,4,Casa,5,3,258.0,3,2,1544.72,31,54.1006,559.04,6.5005,0.0857,0.75,0.2206,Eficiente
450.59,True,12,Casa,1,7,189.0,0,3,420.09,29,15.5376,64.37,2.3841,0.0726,0.0,0.1441,Eficiente
531.64,True,22,Departamento,0,6,41.0,6,6,541.66,28,18.9871,88.6067,12.9668,-0.0185,0.2727,0.258,Moderado
404.62,True,9,Departamento,2,2,127.0,7,0,414.9,30,13.4873,202.31,3.186,-0.0248,0.7778,0.1632,Eficiente
441.5,True,8,Departamento,6,7,83.0,2,1,516.94,30,14.7167,63.0714,5.3193,-0.1459,0.25,0.2122,Eficiente
400.92,True,20,Departamento,4,5,67.0,3,0,527.41,29,13.8248,80.184,5.9839,-0.2398,0.15,0.2979,Moderado
649.34,False,19,Pequeno negocio,5,7,174.0,0,9,575.51,29,22.391,92.7629,3.7318,0.1283,0.0,0.1947,Eficiente
841.04,False,13,Pequeno negocio,1,7,165.0,4,5,934.72,28,30.0371,120.1486,5.0972,-0.1002,0.3077,0.223,Eficiente
312.29,False,4,Departamento,2,2,99.0,4,12,291.67,29,10.7686,156.145,3.1544,0.0707,1.0,0.2128,Eficiente
636.95,False,19,Casa,11,1,287.0,2,5,606.69,28,22.7482,636.95,2.2193,0.0499,0.1053,0.277,Moderado
567.17,True,17,Departamento,12,3,50.0,5,3,557.84,28,20.2561,189.0567,11.3434,0.0167,0.2941,0.2659,Moderado
1008.82,False,26,Pequeno negocio,11,14,188.0,6,3,775.21,29,34.7869,72.0586,5.3661,0.3014,0.2308,0.2805,Moderado
728.49,False,17,Casa,14,3,199.0,4,12,908.85,31,23.4997,242.83,3.6608,-0.1984,0.2353,0.2513,Moderado
461.75,True,23,Departamento,10,3,114.0,7,2,480.16,28,16.4911,153.9167,4.0504,-0.0383,0.3043,0.2611,Moderado
2852.57,True,6,Casa,1,7,216.0,4,9,2867.49,31,92.0184,407.51,13.2063,-0.0052,0.6667,0.3145,Ineficiente
688.33,False,6,Casa,11,7,137.0,4,11,636.62,31,22.2042,98.3329,5.0243,0.0812,0.6667,0.2059,Eficiente
555.45,False,17,Departamento,3,4,40.0,6,12,565.44,28,19.8375,138.8625,13.8862,-0.0177,0.3529,0.2359,Moderado
480.61,True,19,Casa,11,1,116.0,1,1,542.42,29,16.5728,480.61,4.1432,-0.114,0.0526,0.3179,Ineficiente
705.63,False,11,Departamento,9,5,95.0,8,8,896.42,30,23.521,141.126,7.4277,-0.2128,0.7273,0.2152,Eficiente
1268.0,False,19,Pequeno negocio,12,11,58.0,6,10,1331.53,28,45.2857,115.2727,21.8621,-0.0477,0.3158,0.3345,Ineficiente
978.06,False,5,Pequeno negocio,14,15,32.0,3,8,1195.38,29,33.7262,65.204,30.5644,-0.1818,0.6,0.2627,Moderado
664.32,False,4,Casa,10,7,156.0,2,10,594.69,30,22.144,94.9029,4.2585,0.1171,0.5,0.1988,Eficiente
1001.6,True,22,Casa,14,5,175.0,7,12,1266.13,28,35.7714,200.32,5.7234,-0.2089,0.3182,0.3846,Ineficiente
319.29,False,22,Departamento,8,1,81.0,0,11,309.27,30,10.643,319.29,3.9419,0.0324,0.0,0.2514,Moderado
1091.55,False,36,Pequeno negocio,13,7,128.0,0,9,886.9,29,37.6397,155.9357,8.5277,0.2307,0.0,0.3241,Ineficiente
408.1,True,14,Departamento,1,6,42.0,6,2,345.03,31,13.1645,68.0167,9.7167,0.1828,0.4286,0.2064,Eficiente
922.73,False,17,Pequeno negocio,6,15,81.0,4,11,885.29,28,32.9546,61.5153,11.3917,0.0423,0.2353,0.2754,Moderado
2482.03,True,11,Casa,11,4,177.0,1,8,2541.03,30,82.7343,620.5075,14.0228,-0.0232,0.0909,0.4162,Ineficiente
1098.13,True,28,Pequeno negocio,14,8,48.0,3,3,973.31,31,35.4235,137.2663,22.8777,0.1282,0.1071,0.402,Ineficiente
921.37,False,6,Casa,13,5,257.0,6,8,734.08,29,31.7714,184.274,3.5851,0.2551,1.0,0.2797,Moderado
418.9,True,6,Casa,5,3,132.0,4,2,490.66,29,14.4448,139.6333,3.1735,-0.1463,0.6667,0.1382,Eficiente
634.05,True,24,Departamento,9,2,124.0,5,10,802.73,29,21.8638,317.025,5.1133,-0.2101,0.2083,0.2744,Moderado
490.34,False,3,Casa,1,7,223.0,0,8,582.05,31,15.8174,70.0486,2.1988,-0.1576,0.0,0.0575,Eficiente
709.82,True,16,Casa,1,3,246.0,7,8,767.69,29,24.4766,236.6067,2.8854,-0.0754,0.4375,0.2836,Moderado
346.55,False,6,Casa,10,2,80.0,1,3,359.62,31,11.179,173.275,4.3319,-0.0363,0.1667,0.1835,Eficiente
473.05,True,3,Casa,4,1,244.0,2,1,374.72,28,16.8946,473.05,1.9387,0.2624,0.6667,0.2105,Eficiente
1105.13,False,16,Departamento,8,4,38.0,2,5,1074.31,29,38.1079,276.2825,29.0824,0.0287,0.125,0.2605,Moderado
625.49,True,7,Casa,3,7,160.0,4,4,670.76,30,20.8497,89.3557,3.9093,-0.0675,0.5714,0.1761,Eficiente
409.6,False,18,Departamento,11,2,109.0,2,11,327.25,30,13.6533,204.8,3.7578,0.2516,0.1111,0.2373,Moderado
735.73,False,14,Pequeno negocio,1,2,158.0,8,12,752.13,29,25.37,367.865,4.6565,-0.0218,0.5714,0.2442,Moderado
582.67,False,14,Casa,9,2,174.0,3,8,513.84,31,18.7958,291.335,3.3487,0.134,0.2143,0.2493,Moderado
268.01,False,6,Casa,10,1,84.0,0,10,311.21,29,9.2417,268.01,3.1906,-0.1388,0.0,0.1765,Eficiente
992.56,True,11,Pequeno negocio,12,9,185.0,4,12,835.43,28,35.4486,110.2844,5.3652,0.1881,0.3636,0.3374,Ineficiente
1699.44,False,17,Pequeno negocio,3,5,138.0,1,9,1754.48,29,58.6014,339.888,12.3148,-0.0314,0.0588,0.2447,Moderado
511.8,True,19,Departamento,5,6,111.0,2,4,534.74,28,18.2786,85.3,4.6108,-0.0429,0.1053,0.2355,Moderado
1068.66,True,17,Pequeno negocio,8,8,102.0,5,3,1471.78,29,36.8503,133.5825,10.4771,-0.2739,0.2941,0.2891,Moderado
1013.71,True,6,Casa,4,5,227.0,6,3,1112.37,29,34.9555,202.742,4.4657,-0.0887,1.0,0.231,Moderado
702.81,False,17,Casa,11,1,278.0,6,4,878.67,28,25.1004,702.81,2.5281,-0.2001,0.3529,0.2741,Moderado
322.91,False,7,Departamento,11,3,37.0,3,2,314.19,29,11.1348,107.6367,8.7273,0.0278,0.4286,0.2546,Moderado
742.18,False,14,Casa,11,3,131.0,8,8,872.72,28,26.5064,247.3933,5.6655,-0.1496,0.5714,0.2401,Moderado
351.64,False,16,Departamento,7,1,103.0,0,12,470.26,31,11.3432,351.64,3.414,-0.2522,0.0,0.2161,Eficiente
387.02,False,5,Departamento,9,3,40.0,3,3,355.74,28,13.8221,129.0067,9.6755,0.0879,0.6,0.192,Eficiente
869.76,False,10,Departamento,2,4,129.0,2,5,980.27,29,29.9917,217.44,6.7423,-0.1127,0.2,0.149,Eficiente
955.07,False,7,Departamento,2,3,50.0,0,12,1085.32,28,34.1096,318.3567,19.1014,-0.12,0.0,0.1828,Eficiente
544.33,True,3,Casa,5,4,70.0,3,11,393.88,29,18.77,136.0825,7.7761,0.382,1.0,0.218,Eficiente
497.42,False,23,Casa,3,6,229.0,0,0,550.98,29,17.1524,82.9033,2.1721,-0.0972,0.0,0.089,Eficiente
672.12,False,3,Casa,12,6,67.0,3,4,585.27,29,23.1766,112.02,10.0316,0.1484,1.0,0.2232,Eficiente
578.94,False,21,Departamento,3,1,111.0,8,4,706.88,29,19.9634,578.94,5.2157,-0.181,0.381,0.3054,Ineficiente
870.27,False,11,Casa,13,5,163.0,7,3,833.76,29,30.0093,174.054,5.3391,0.0438,0.6364,0.255,Moderado
820.37,False,9,Casa,6,7,148.0,6,12,753.1,29,28.2886,117.1957,5.543,0.0893,0.6667,0.2529,Moderado
759.54,False,14,Casa,11,7,147.0,2,10,1042.96,31,24.5013,108.5057,5.1669,-0.2717,0.1429,0.2604,Moderado
424.42,True,23,Casa,1,3,76.0,6,0,530.72,30,14.1473,141.4733,5.5845,-0.2003,0.2609,0.178,Eficiente
4370.65,False,28,Pequeno negocio,10,14,154.0,5,8,3709.29,30,145.6883,312.1893,28.3808,0.1783,0.1786,0.5192,Ineficiente
558.58,False,4,Casa,6,6,141.0,4,7,596.78,29,19.2614,93.0967,3.9616,-0.064,1.0,0.1724,Eficiente
1136.91,False,30,Pequeno negocio,12,7,228.0,4,6,1125.06,31,36.6745,162.4157,4.9864,0.0105,0.1333,0.3165,Ineficiente
696.26,True,19,Casa,2,7,249.0,1,9,600.0,30,23.2087,99.4657,2.7962,0.1604,0.0526,0.2731,Moderado
1258.94,True,24,Departamento,3,5,83.0,8,5,1053.66,28,44.9621,251.788,15.168,0.1948,0.3333,0.4189,Ineficiente
1506.48,True,7,Casa,12,6,243.0,7,9,1664.0,29,51.9476,251.08,6.1995,-0.0947,1.0,0.3323,Ineficiente
1346.4,True,21,Casa,8,6,198.0,7,6,1351.86,31,43.4323,224.4,6.8,-0.004,0.3333,0.3544,Ineficiente
1573.65,True,35,Pequeno negocio,8,15,204.0,5,12,1709.43,31,50.7629,104.91,7.714,-0.0794,0.1429,0.446,Ineficiente
1019.43,False,19,Pequeno negocio,8,10,175.0,1,10,1051.86,31,32.8848,101.943,5.8253,-0.0308,0.0526,0.3226,Ineficiente
1284.87,True,33,Pequeno negocio,5,13,140.0,6,0,1420.67,31,41.4474,98.8362,9.1776,-0.0956,0.1818,0.364,Ineficiente
1034.09,True,14,Casa,14,3,175.0,9,1,1105.73,31,33.3577,344.6967,5.9091,-0.0648,0.6429,0.3695,Ineficiente
526.93,True,8,Casa,8,4,195.0,1,5,406.38,29,18.17,131.7325,2.7022,0.2966,0.125,0.276,Moderado
241.2,False,7,Departamento,0,5,115.0,3,0,262.09,31,7.7806,48.24,2.0974,-0.0797,0.4286,0.0753,Eficiente
822.9,False,17,Casa,4,6,237.0,9,0,1385.34,31,26.5452,137.15,3.4722,-0.406,0.5294,0.2369,Moderado
822.84,True,24,Departamento,14,3,101.0,9,0,857.26,30,27.428,274.28,8.1469,-0.0402,0.375,0.3794,Ineficiente
457.03,True,8,Departamento,7,3,96.0,4,11,624.31,30,15.2343,152.3433,4.7607,-0.2679,0.5,0.2291,Moderado
979.72,True,14,Departamento,10,6,66.0,2,6,934.11,30,32.6573,163.2867,14.8442,0.0488,0.1429,0.3235,Ineficiente
964.67,False,28,Pequeno negocio,0,12,225.0,2,10,993.81,28,34.4525,80.3892,4.2874,-0.0293,0.0714,0.2004,Eficiente
450.95,False,8,Departamento,0,7,57.0,4,10,342.68,28,16.1054,64.4214,7.9114,0.316,0.5,0.2283,Moderado
463.6,False,20,Casa,3,2,278.0,3,2,403.45,28,16.5571,231.8,1.6676,0.1491,0.15,0.2312,Moderado
857.54,False,18,Casa,7,7,60.0,5,8,1267.93,29,29.5703,122.5057,14.2923,-0.3237,0.2778,0.2532,Moderado
463.86,False,13,Departamento,9,6,100.0,0,8,578.68,28,16.5664,77.31,4.6386,-0.1984,0.0,0.1961,Eficiente
707.95,True,13,Departamento,1,2,45.0,0,12,744.08,31,22.8371,353.975,15.7322,-0.0486,0.0,0.2465,Moderado
501.32,True,12,Casa,13,1,277.0,0,11,483.96,28,17.9043,501.32,1.8098,0.0359,0.0,0.2549,Moderado
739.08,True,24,Casa,9,2,179.0,7,7,649.83,29,25.4855,369.54,4.1289,0.1373,0.2917,0.3977,Ineficiente
806.63,True,23,Departamento,5,7,38.0,9,8,743.98,28,28.8082,115.2329,21.2271,0.0842,0.3913,0.3071,Ineficiente
945.98,True,26,Pequeno negocio,6,7,89.0,1,6,878.55,30,31.5327,135.14,10.629,0.0768,0.0385,0.34,Ineficiente
640.24,True,20,Departamento,7,5,52.0,9,7,694.15,31,20.6529,128.048,12.3123,-0.0777,0.45,0.3295,Ineficiente
632.17,True,10,Casa,11,5,168.0,1,7,669.12,30,21.0723,126.434,3.7629,-0.0552,0.1,0.2224,Eficiente
631.3,True,17,Casa,1,3,296.0,0,11,602.5,30,21.0433,210.4333,2.1328,0.0478,0.0,0.2251,Eficiente
538.66,False,23,Departamento,8,7,61.0,2,11,514.39,30,17.9553,76.9514,8.8305,0.0472,0.087,0.2881,Moderado
532.07,True,12,Casa,7,2,264.0,2,2,498.39,29,18.3472,266.035,2.0154,0.0676,0.1667,0.2725,Moderado
585.06,True,13,Departamento,11,3,37.0,9,0,675.54,29,20.1745,195.02,15.8124,-0.1339,0.6923,0.3553,Ineficiente
324.68,True,16,Departamento,5,2,54.0,1,3,328.08,29,11.1959,162.34,6.0126,-0.0104,0.0625,0.1806,Eficiente
1277.73,False,9,Casa,5,6,286.0,9,6,1116.59,31,41.2171,212.955,4.4676,0.1443,1.0,0.2493,Moderado
810.21,False,8,Casa,12,4,228.0,8,2,891.87,29,27.9383,202.5525,3.5536,-0.0916,1.0,0.2491,Moderado
651.6,True,16,Casa,12,5,209.0,4,5,606.84,28,23.2714,130.32,3.1177,0.0738,0.25,0.3069,Ineficiente
562.54,False,14,Pequeno negocio,12,3,38.0,6,5,650.32,30,18.7513,187.5133,14.8037,-0.135,0.4286,0.2667,Moderado
583.97,False,17,Departamento,12,2,67.0,5,12,590.25,31,18.8377,291.985,8.716,-0.0106,0.2941,0.2562,Moderado
568.29,False,8,Casa,1,7,90.0,8,5,520.36,29,19.5962,81.1843,6.3143,0.0921,1.0,0.1947,Eficiente
843.88,False,18,Pequeno negocio,9,10,44.0,2,2,752.48,28,30.1386,84.388,19.1791,0.1215,0.1111,0.2684,Moderado
505.0,True,5,Departamento,10,6,92.0,5,5,581.86,29,17.4138,84.1667,5.4891,-0.1321,1.0,0.2347,Moderado
386.81,True,8,Departamento,3,5,97.0,4,0,728.35,31,12.4777,77.362,3.9877,-0.4689,0.5,0.1441,Eficiente
1065.19,False,38,Pequeno negocio,6,10,244.0,9,0,885.18,31,34.361,106.519,4.3655,0.2034,0.2368,0.374,Ineficiente
830.08,False,9,Casa,14,2,140.0,9,8,697.46,31,26.7768,415.04,5.9291,0.1901,1.0,0.3017,Moderado
1765.99,False,12,Casa,2,7,160.0,8,3,2501.51,30,58.8663,252.2843,11.0374,-0.294,0.6667,0.2602,Moderado
633.03,True,8,Departamento,12,6,113.0,7,8,589.83,31,20.4203,105.505,5.602,0.0732,0.875,0.2648,Moderado
1726.44,True,14,Casa,4,1,144.0,4,0,1702.24,28,61.6586,1726.44,11.9892,0.0142,0.2857,0.3168,Ineficiente
611.98,True,11,Departamento,12,4,94.0,6,4,507.58,28,21.8564,152.995,6.5104,0.2057,0.5455,0.384,Ineficiente
550.06,False,4,Casa,8,6,111.0,2,7,461.77,30,18.3353,91.6767,4.9555,0.1912,0.5,0.1688,Eficiente
375.06,True,10,Casa,0,4,284.0,2,7,329.07,31,12.0987,93.765,1.3206,0.1398,0.2,0.1935,Eficiente
1854.05,True,3,Casa,1,3,275.0,3,7,1948.36,28,66.2161,618.0167,6.742,-0.0484,1.0,0.2214,Eficiente
977.06,False,19,Casa,12,2,270.0,7,7,1528.62,29,33.6917,488.53,3.6187,-0.3608,0.3684,0.2906,Moderado
647.49,True,12,Casa,11,4,60.0,2,4,607.64,28,23.1246,161.8725,10.7915,0.0656,0.1667,0.2945,Moderado
885.19,True,16,Casa,3,7,178.0,9,4,1066.64,28,31.6139,126.4557,4.973,-0.1701,0.5625,0.3049,Ineficiente
1070.59,True,10,Pequeno negocio,9,2,135.0,6,5,1468.82,28,38.2354,535.295,7.9303,-0.2711,0.6,0.3263,Ineficiente
1066.02,True,12,Casa,7,6,143.0,9,5,743.4,28,38.0721,177.67,7.4547,0.434,0.75,0.3605,Ineficiente
704.37,True,20,Casa,0,6,115.0,4,10,789.29,30,23.479,117.395,6.125,-0.1076,0.2,0.276,Moderado
1196.89,True,7,Casa,10,6,206.0,5,1,1108.9,30,39.8963,199.4817,5.8101,0.0793,0.7143,0.3066,Ineficiente
1538.29,True,24,Casa,2,3,60.0,6,7,1360.46,31,49.6223,512.7633,25.6382,0.1307,0.25,0.3249,Ineficiente
547.3,False,12,Casa,6,6,206.0,1,10,513.45,31,17.6548,91.2167,2.6568,0.0659,0.0833,0.1841,Eficiente
253.2,False,6,Departamento,0,3,80.0,2,4,442.59,28,9.0429,84.4,3.165,-0.4279,0.3333,0.0248,Eficiente
545.89,False,6,Casa,3,5,224.0,6,5,445.91,30,18.1963,109.178,2.437,0.2242,1.0,0.1545,Eficiente
1275.83,False,21,Pequeno negocio,14,11,208.0,6,8,1284.6,29,43.9941,115.9845,6.1338,-0.0068,0.2857,0.3468,Ineficiente
897.84,False,23,Pequeno negocio,7,6,53.0,5,8,841.24,29,30.96,149.64,16.9404,0.0673,0.2174,0.2618,Moderado
591.43,True,13,Casa,10,6,200.0,0,7,664.3,30,19.7143,98.5717,2.9572,-0.1097,0.0,0.2592,Moderado
925.31,True,6,Casa,4,5,66.0,0,5,1071.1,29,31.9072,185.062,14.0198,-0.1361,0.0,0.2249,Eficiente
1264.98,False,11,Casa,0,4,295.0,5,0,1450.49,30,42.166,316.245,4.2881,-0.1279,0.4545,0.0852,Eficiente
432.36,True,21,Departamento,9,4,59.0,0,2,491.37,28,15.4414,108.09,7.3281,-0.1201,0.0,0.2669,Moderado
631.52,True,24,Casa,3,6,294.0,1,6,695.57,29,21.7766,105.2533,2.148,-0.0921,0.0417,0.2277,Eficiente
1229.95,True,37,Pequeno negocio,1,14,128.0,5,9,1039.7,28,43.9268,87.8536,9.609,0.183,0.1351,0.3768,Ineficiente
839.88,False,22,Departamento,7,6,54.0,9,2,898.26,28,29.9957,139.98,15.5533,-0.065,0.4091,0.3209,Ineficiente
1133.29,False,13,Pequeno negocio,6,7,164.0,8,5,1048.85,31,36.5577,161.8986,6.9103,0.0805,0.6154,0.2343,Moderado
275.49,True,12,Departamento,1,1,65.0,4,3,302.2,31,8.8868,275.49,4.2383,-0.0884,0.3333,0.1885,Eficiente
1072.49,True,27,Pequeno negocio,8,13,35.0,9,2,1011.57,28,38.3032,82.4992,30.6426,0.0602,0.3333,0.4183,Ineficiente
713.19,True,4,Casa,6,5,186.0,4,11,717.61,30,23.773,142.638,3.8344,-0.0062,1.0,0.2612,Moderado
907.92,True,20,Casa,14,3,141.0,9,12,1000.81,30,30.264,302.64,6.4391,-0.0928,0.45,0.4773,Ineficiente
706.08,True,15,Casa,1,5,220.0,2,12,894.69,29,24.3476,141.216,3.2095,-0.2108,0.1333,0.191,Eficiente
1367.89,True,26,Pequeno negocio,7,8,216.0,5,11,1293.59,29,47.1686,170.9863,6.3328,0.0574,0.1923,0.3786,Ineficiente
664.12,False,23,Departamento,11,6,65.0,9,5,779.72,29,22.9007,110.6867,10.2172,-0.1483,0.3913,0.3062,Ineficiente
830.42,False,15,Pequeno negocio,6,1,145.0,9,9,773.14,28,29.6579,830.42,5.727,0.0741,0.6,0.3796,Ineficiente
669.93,True,7,Casa,3,6,88.0,7,3,877.72,31,21.6106,111.655,7.6128,-0.2367,1.0,0.2347,Moderado
5000.0,True,28,Pequeno negocio,14,10,214.0,1,7,5000.0,29,172.4138,500.0,23.3645,0.0,0.0357,0.5986,Ineficiente
339.27,False,19,Departamento,4,2,111.0,6,3,505.33,30,11.309,169.635,3.0565,-0.3286,0.3158,0.2484,Moderado
368.45,True,3,Departamento,13,1,88.0,0,8,435.56,28,13.1589,368.45,4.1869,-0.1541,0.0,0.267,Moderado
1223.8,True,23,Pequeno negocio,12,2,134.0,3,5,1317.86,28,43.7071,611.9,9.1328,-0.0714,0.1304,0.3489,Ineficiente
496.12,True,11,Casa,10,5,226.0,0,4,414.32,30,16.5373,99.224,2.1952,0.1974,0.0,0.2401,Moderado
802.02,False,21,Casa,11,5,93.0,7,1,660.64,29,27.6559,160.404,8.6239,0.214,0.3333,0.3355,Ineficiente
613.93,True,21,Departamento,8,1,128.0,7,3,533.47,30,20.4643,613.93,4.7963,0.1508,0.3333,0.3145,Ineficiente
541.72,True,6,Casa,10,5,115.0,0,5,499.37,31,17.4748,108.344,4.7106,0.0848,0.0,0.26,Moderado
2792.8,False,15,Casa,4,6,85.0,9,7,2723.07,31,90.0903,465.4667,32.8565,0.0256,0.6,0.4553,Ineficiente
935.61,True,18,Casa,0,6,257.0,8,10,1033.44,28,33.4146,155.935,3.6405,-0.0947,0.4444,0.3104,Ineficiente
731.5,False,8,Casa,9,4,97.0,8,9,759.8,29,25.2241,182.875,7.5412,-0.0372,1.0,0.2525,Moderado
846.04,True,14,Pequeno negocio,12,3,134.0,4,7,945.33,28,30.2157,282.0133,6.3137,-0.105,0.2857,0.3085,Ineficiente
608.73,True,22,Departamento,12,4,74.0,9,6,525.5,28,21.7404,152.1825,8.2261,0.1584,0.4091,0.4119,Ineficiente
617.99,True,6,Casa,11,5,88.0,6,6,660.92,29,21.31,123.598,7.0226,-0.065,1.0,0.3041,Moderado
733.44,False,3,Casa,14,4,262.0,3,11,629.28,29,25.291,183.36,2.7994,0.1655,1.0,0.3548,Ineficiente
679.63,True,15,Casa,8,5,101.0,3,10,861.61,31,21.9235,135.926,6.729,-0.2112,0.2,0.2468,Moderado
637.61,True,22,Departamento,2,4,69.0,7,5,519.43,31,20.5681,159.4025,9.2407,0.2275,0.3182,0.3269,Ineficiente
790.8,True,19,Pequeno negocio,3,4,126.0,0,7,891.3,28,28.2429,197.7,6.2762,-0.1128,0.0,0.2178,Eficiente
2312.69,False,33,Pequeno negocio,4,1,85.0,3,4,2479.43,30,77.0897,2312.69,27.2081,-0.0672,0.0909,0.3571,Ineficiente
420.76,False,18,Casa,14,5,135.0,0,7,405.42,28,15.0271,84.152,3.1167,0.0378,0.0,0.2824,Moderado
628.64,False,6,Casa,13,2,188.0,6,5,795.84,31,20.2787,314.32,3.3438,-0.2101,1.0,0.234,Moderado
490.96,True,4,Departamento,10,4,44.0,0,11,493.0,29,16.9297,122.74,11.1582,-0.0041,0.0,0.2944,Moderado
560.11,True,4,Departamento,12,3,95.0,4,9,602.53,28,20.0039,186.7033,5.8959,-0.0704,1.0,0.3135,Ineficiente
2037.02,True,24,Departamento,5,5,71.0,5,2,1730.71,31,65.7103,407.404,28.6904,0.177,0.2083,0.4322,Ineficiente
821.47,True,23,Departamento,10,7,68.0,4,0,911.01,30,27.3823,117.3529,12.0804,-0.0983,0.1739,0.2885,Moderado
587.05,False,21,Departamento,2,5,93.0,6,12,485.43,30,19.5683,117.41,6.3124,0.2093,0.2857,0.2438,Moderado
884.67,False,4,Casa,1,1,254.0,0,4,869.84,30,29.489,884.67,3.483,0.017,0.0,0.2268,Eficiente
860.86,True,22,Casa,9,5,183.0,8,1,979.54,30,28.6953,172.172,4.7042,-0.1212,0.3636,0.3379,Ineficiente
648.19,False,24,Casa,10,3,242.0,2,9,623.29,28,23.1496,216.0633,2.6785,0.0399,0.0833,0.3427,Ineficiente
666.62,True,20,Casa,8,1,178.0,8,6,652.63,30,22.2207,666.62,3.7451,0.0214,0.4,0.3572,Ineficiente
650.25,True,12,Casa,7,2,187.0,8,7,774.49,28,23.2232,325.125,3.4773,-0.1604,0.6667,0.3152,Ineficiente
594.21,True,5,Departamento,9,7,129.0,5,8,638.73,31,19.1681,84.8871,4.6063,-0.0697,1.0,0.2889,Moderado
538.48,True,10,Casa,5,3,65.0,5,4,532.6,29,18.5683,179.4933,8.2843,0.011,0.5,0.2892,Moderado
761.7,True,7,Casa,4,2,228.0,7,7,643.26,31,24.571,380.85,3.3408,0.1841,1.0,0.2133,Eficiente
263.78,True,17,Departamento,3,1,62.0,4,8,219.64,29,9.0959,263.78,4.2545,0.201,0.2353,0.248,Moderado
745.96,False,22,Departamento,5,5,100.0,3,7,785.15,28,26.6414,149.192,7.4596,-0.0499,0.1364,0.2502,Moderado
878.84,False,13,Casa,4,6,148.0,9,11,776.76,29,30.3048,146.4733,5.9381,0.1314,0.6923,0.3418,Ineficiente
4523.2,True,28,Pequeno negocio,2,13,114.0,4,5,3612.94,30,150.7733,347.9385,39.6772,0.2519,0.1429,0.5751,Ineficiente
1039.61,False,10,Pequeno negocio,8,15,52.0,3,6,1116.4,30,34.6537,69.3073,19.9925,-0.0688,0.3,0.2251,Eficiente
520.48,True,20,Departamento,6,3,101.0,0,9,571.6,28,18.5886,173.4933,5.1533,-0.0894,0.0,0.2628,Moderado
557.6,True,17,Departamento,2,5,81.0,3,9,572.21,28,19.9143,111.52,6.884,-0.0255,0.1765,0.3384,Ineficiente
613.63,True,3,Casa,13,1,260.0,2,12,538.22,29,21.1597,613.63,2.3601,0.1401,0.6667,0.3293,Ineficiente
3544.62,True,31,Pequeno negocio,7,6,217.0,7,2,3230.16,30,118.154,590.77,16.3347,0.0974,0.2258,0.5135,Ineficiente
545.27,True,10,Casa,2,1,94.0,5,11,554.93,29,18.8024,545.27,5.8007,-0.0174,0.5,0.2961,Moderado
1307.94,False,5,Pequeno negocio,0,4,170.0,3,6,1205.65,29,45.1014,326.985,7.6938,0.0848,0.6,0.1863,Eficiente
457.01,False,10,Departamento,1,2,38.0,9,2,583.62,31,14.7423,228.505,12.0266,-0.2169,0.9,0.1916,Eficiente
663.79,True,21,Casa,6,2,247.0,4,3,801.37,28,23.7068,331.895,2.6874,-0.1717,0.1905,0.2836,Moderado
352.89,True,5,Casa,3,1,143.0,4,4,318.34,28,12.6032,352.89,2.4678,0.1085,0.8,0.1923,Eficiente
2750.62,False,14,Departamento,14,6,54.0,7,12,3927.45,30,91.6873,458.4367,50.9374,-0.2996,0.5,0.4582,Ineficiente
304.89,False,17,Departamento,7,4,118.0,2,1,342.83,31,9.8352,76.2225,2.5838,-0.1107,0.1176,0.2277,Eficiente
641.83,True,18,Casa,11,7,82.0,4,2,545.47,29,22.1321,91.69,7.8272,0.1767,0.2222,0.2742,Moderado
587.72,True,10,Departamento,3,3,61.0,7,9,562.48,28,20.99,195.9067,9.6348,0.0449,0.7,0.2469,Moderado
1053.78,False,32,Pequeno negocio,1,7,72.0,3,12,929.39,28,37.635,150.54,14.6358,0.1338,0.0938,0.2952,Moderado
384.26,True,18,Departamento,5,2,45.0,4,1,389.15,31,12.3955,192.13,8.5391,-0.0126,0.2222,0.2095,Eficiente
471.03,False,16,Departamento,10,7,43.0,0,5,342.8,30,15.701,67.29,10.9542,0.3741,0.0,0.2579,Moderado
800.3,True,21,Casa,11,5,215.0,7,5,629.13,29,27.5966,160.06,3.7223,0.2721,0.3333,0.3839,Ineficiente
467.55,False,7,Departamento,2,3,128.0,7,6,509.87,29,16.1224,155.85,3.6527,-0.083,1.0,0.2041,Eficiente
582.13,False,5,Casa,4,5,64.0,5,9,937.56,28,20.7904,116.426,9.0958,-0.3791,1.0,0.2078,Eficiente
1213.85,True,25,Pequeno negocio,7,15,135.0,5,6,1316.58,29,41.8569,80.9233,8.9915,-0.078,0.2,0.3521,Ineficiente
608.7,True,19,Casa,5,1,295.0,8,1,432.79,31,19.6355,608.7,2.0634,0.4065,0.4211,0.3785,Ineficiente
646.52,False,12,Departamento,4,5,83.0,8,3,641.18,29,22.2938,129.304,7.7894,0.0083,0.6667,0.1599,Eficiente
583.91,True,15,Casa,14,1,98.0,4,9,734.1,31,18.8358,583.91,5.9583,-0.2046,0.2667,0.3383,Ineficiente
1533.64,True,23,Casa,14,2,281.0,6,3,1468.93,30,51.1213,766.82,5.4578,0.0441,0.2609,0.368,Ineficiente
1045.81,True,22,Departamento,5,5,54.0,9,6,1113.3,30,34.8603,209.162,19.3669,-0.0606,0.4091,0.373,Ineficiente
295.44,True,20,Departamento,0,4,45.0,2,4,353.23,30,9.848,73.86,6.5653,-0.1636,0.1,0.228,Eficiente
466.52,False,15,Departamento,5,2,79.0,7,5,639.95,28,16.6614,233.26,5.9053,-0.271,0.4667,0.1621,Eficiente
882.95,True,20,Pequeno negocio,13,7,120.0,3,9,965.74,29,30.4466,126.1357,7.3579,-0.0857,0.15,0.2752,Moderado
2168.97,True,27,Pequeno negocio,13,8,96.0,0,3,2219.55,31,69.9668,271.1212,22.5934,-0.0228,0.0,0.3823,Ineficiente
1226.07,False,24,Pequeno negocio,10,11,131.0,4,9,1062.02,30,40.869,111.4609,9.3593,0.1545,0.1667,0.3599,Ineficiente
788.25,False,17,Casa,10,2,238.0,5,9,791.53,29,27.181,394.125,3.312,-0.0041,0.2941,0.2971,Moderado
532.86,True,3,Departamento,5,3,81.0,3,12,519.73,30,17.762,177.62,6.5785,0.0253,1.0,0.224,Eficiente
494.57,True,5,Pequeno negocio,6,4,66.0,1,5,599.71,30,16.4857,123.6425,7.4935,-0.1753,0.2,0.1971,Eficiente
750.04,True,9,Casa,13,7,151.0,5,1,810.46,31,24.1948,107.1486,4.9672,-0.0746,0.5556,0.2347,Moderado
2779.35,False,14,Casa,3,6,182.0,6,8,2759.98,31,89.6565,463.225,15.2712,0.007,0.4286,0.363,Ineficiente
878.07,True,9,Pequeno negocio,6,2,194.0,6,9,908.81,28,31.3596,439.035,4.5261,-0.0338,0.6667,0.2789,Moderado
566.03,True,10,Departamento,13,4,41.0,8,0,538.23,30,18.8677,141.5075,13.8056,0.0517,0.8,0.3543,Ineficiente
566.32,False,10,Departamento,10,7,121.0,7,2,645.51,30,18.8773,80.9029,4.6803,-0.1227,0.7,0.1752,Eficiente
898.68,True,12,Pequeno negocio,1,10,204.0,4,4,812.24,30,29.956,89.868,4.4053,0.1064,0.3333,0.2372,Moderado
319.18,False,5,Departamento,11,1,45.0,2,6,263.96,28,11.3993,319.18,7.0929,0.2092,0.4,0.2086,Eficiente
638.78,False,22,Casa,1,3,266.0,8,6,891.87,29,22.0269,212.9267,2.4014,-0.2838,0.3636,0.2497,Moderado
522.8,True,14,Casa,4,5,62.0,8,2,537.0,29,18.0276,104.56,8.4323,-0.0264,0.5714,0.2365,Moderado
818.9,False,17,Casa,13,7,203.0,1,2,646.12,28,29.2464,116.9857,4.034,0.2674,0.0588,0.1887,Eficiente
572.19,True,6,Casa,1,3,187.0,4,12,785.85,31,18.4577,190.73,3.0598,-0.2719,0.6667,0.2268,Eficiente
468.72,False,21,Departamento,2,1,59.0,7,9,533.1,29,16.1628,468.72,7.9444,-0.1208,0.3333,0.1995,Eficiente
1278.88,True,36,Pequeno negocio,13,11,65.0,6,6,1103.17,29,44.0993,116.2618,19.6751,0.1593,0.1667,0.4512,Ineficiente
621.33,True,13,Casa,10,3,162.0,8,4,604.74,30,20.711,207.11,3.8354,0.0274,0.6154,0.3336,Ineficiente
599.18,True,14,Casa,3,1,279.0,2,6,603.07,28,21.3993,599.18,2.1476,-0.0065,0.1429,0.1605,Eficiente
956.28,True,34,Pequeno negocio,5,4,67.0,9,12,1200.35,28,34.1529,239.07,14.2728,-0.2033,0.2647,0.357,Ineficiente
732.78,True,5,Casa,13,5,214.0,2,3,680.5,30,24.426,146.556,3.4242,0.0768,0.4,0.3059,Ineficiente
433.16,True,22,Departamento,9,6,39.0,0,4,367.6,28,15.47,72.1933,11.1067,0.1783,0.0,0.3058,Ineficiente
394.27,True,5,Departamento,4,2,119.0,5,5,374.27,29,13.5955,197.135,3.3132,0.0534,1.0,0.2177,Eficiente
672.09,True,17,Departamento,2,4,126.0,9,2,735.53,29,23.1755,168.0225,5.334,-0.0863,0.5294,0.2294,Moderado
510.43,True,7,Casa,6,5,132.0,3,1,524.19,31,16.4655,102.086,3.8669,-0.0263,0.4286,0.2949,Moderado
482.3,False,23,Departamento,4,5,52.0,1,11,558.05,31,15.5581,96.46,9.275,-0.1357,0.0435,0.214,Eficiente
622.34,False,16,Casa,6,7,201.0,8,8,660.18,31,20.0755,88.9057,3.0962,-0.0573,0.5,0.2828,Moderado
389.03,False,23,Departamento,0,7,47.0,0,4,508.68,29,13.4148,55.5757,8.2772,-0.2352,0.0,0.0969,Eficiente
1185.54,False,23,Casa,7,3,239.0,6,7,1277.84,29,40.8807,395.18,4.9604,-0.0722,0.2609,0.2636,Moderado
413.67,True,8,Departamento,3,7,84.0,1,6,371.17,30,13.789,59.0957,4.9246,0.1145,0.125,0.2298,Moderado
568.38,True,8,Departamento,14,1,68.0,6,1,565.3,31,18.3348,568.38,8.3585,0.0054,0.75,0.3144,Ineficiente
2129.68,False,5,Casa,4,7,288.0,1,9,2191.2,31,68.6994,304.24,7.3947,-0.0281,0.2,0.2525,Moderado
420.55,True,18,Casa,3,1,247.0,3,1,485.12,30,14.0183,420.55,1.7026,-0.1331,0.1667,0.2036,Eficiente
430.48,False,3,Casa,4,1,227.0,3,7,422.94,30,14.3493,430.48,1.8964,0.0178,1.0,0.215,Eficiente
520.04,True,7,Casa,9,1,76.0,7,3,496.07,30,17.3347,520.04,6.8426,0.0483,1.0,0.2901,Moderado
692.18,True,22,Casa,10,1,266.0,7,5,782.25,29,23.8683,692.18,2.6022,-0.1151,0.3182,0.3703,Ineficiente
656.2,True,7,Pequeno negocio,4,2,148.0,7,6,713.31,28,23.4357,328.1,4.4338,-0.0801,1.0,0.2636,Moderado
1339.0,False,12,Casa,10,5,72.0,5,5,1744.85,29,46.1724,267.8,18.5972,-0.2326,0.4167,0.2286,Moderado
914.75,False,18,Pequeno negocio,1,12,200.0,2,2,816.55,31,29.5081,76.2292,4.5738,0.1203,0.1111,0.1457,Eficiente
3230.04,False,6,Pequeno negocio,2,12,135.0,4,1,2586.16,31,104.1948,269.17,23.9262,0.249,0.6667,0.3342,Ineficiente
548.82,False,21,Casa,4,3,137.0,5,1,595.88,30,18.294,182.94,4.006,-0.079,0.2381,0.1813,Eficiente
986.79,False,4,Departamento,10,1,78.0,4,9,902.84,31,31.8319,986.79,12.6512,0.093,1.0,0.2907,Moderado
561.73,False,6,Pequeno negocio,8,1,224.0,6,1,488.18,31,18.1203,561.73,2.5077,0.1507,1.0,0.2786,Moderado
582.56,False,10,Departamento,6,6,109.0,8,6,591.78,30,19.4187,97.0933,5.3446,-0.0156,0.8,0.2207,Eficiente
598.15,True,17,Casa,9,5,184.0,1,3,558.18,31,19.2952,119.63,3.2508,0.0716,0.0588,0.3307,Ineficiente
616.04,True,9,Casa,2,2,268.0,7,9,702.97,28,22.0014,308.02,2.2987,-0.1237,0.7778,0.2442,Moderado
498.25,False,3,Casa,3,3,284.0,2,8,444.3,29,17.181,166.0833,1.7544,0.1214,0.6667,0.131,Eficiente
758.64,False,19,Departamento,10,7,99.0,5,2,834.35,29,26.16,108.3771,7.663,-0.0907,0.2632,0.3015,Moderado
1017.81,True,16,Pequeno negocio,14,5,82.0,9,8,977.05,31,32.8326,203.562,12.4123,0.0417,0.5625,0.4235,Ineficiente
738.3,False,28,Pequeno negocio,0,3,237.0,8,8,679.84,29,25.4586,246.1,3.1152,0.086,0.2857,0.3164,Ineficiente
614.75,True,6,Casa,5,7,131.0,4,3,593.05,29,21.1983,87.8214,4.6927,0.0366,0.6667,0.1789,Eficiente
698.19,False,12,Departamento,13,2,43.0,0,10,619.9,29,24.0755,349.095,16.237,0.1263,0.0,0.2034,Eficiente
731.08,True,14,Casa,12,3,266.0,9,5,895.36,31,23.5832,243.6933,2.7484,-0.1835,0.6429,0.2454,Moderado
685.32,False,19,Pequeno negocio,3,2,128.0,9,0,635.01,30,22.844,342.66,5.3541,0.0792,0.4737,0.1925,Eficiente
2064.24,False,20,Casa,0,4,219.0,3,8,2122.5,28,73.7229,516.06,9.4258,-0.0274,0.15,0.2311,Moderado
992.24,True,34,Pequeno negocio,8,9,221.0,1,5,992.1,28,35.4371,110.2489,4.4898,0.0001,0.0294,0.3368,Ineficiente
830.12,False,28,Pequeno negocio,10,8,63.0,5,4,841.57,29,28.6248,103.765,13.1765,-0.0136,0.1786,0.2904,Moderado
782.69,True,23,Casa,3,2,247.0,8,5,804.92,31,25.2481,391.345,3.1688,-0.0276,0.3478,0.3001,Moderado
668.22,False,21,Casa,4,5,154.0,4,12,550.84,31,21.5555,133.644,4.3391,0.2131,0.1905,0.2153,Eficiente
591.8,True,29,Pequeno negocio,10,7,44.0,0,5,542.12,28,21.1357,84.5429,13.45,0.0916,0.0,0.337,Ineficiente
1921.04,True,18,Casa,8,6,158.0,4,9,3126.25,28,68.6086,320.1733,12.1585,-0.3855,0.2222,0.3749,Ineficiente
550.18,False,4,Departamento,4,7,110.0,4,11,494.68,29,18.9717,78.5971,5.0016,0.1122,1.0,0.137,Eficiente
763.99,False,8,Pequeno negocio,12,3,36.0,8,7,708.12,31,24.6448,254.6633,21.2219,0.0789,1.0,0.3031,Moderado
843.45,False,7,Departamento,13,7,39.0,7,11,946.43,29,29.0845,120.4929,21.6269,-0.1088,1.0,0.2826,Moderado
684.58,False,9,Casa,10,4,221.0,6,6,650.76,28,24.4493,171.145,3.0976,0.052,0.6667,0.3119,Ineficiente
614.05,True,15,Casa,14,1,160.0,4,2,616.31,30,20.4683,614.05,3.8378,-0.0037,0.2667,0.3316,Ineficiente
800.09,False,11,Casa,5,4,282.0,9,6,776.04,30,26.6697,200.0225,2.8372,0.031,0.8182,0.2518,Moderado
931.94,False,6,Pequeno negocio,1,4,118.0,2,1,1055.95,28,33.2836,232.985,7.8978,-0.1174,0.3333,0.1359,Eficiente
699.14,False,14,Casa,10,6,293.0,3,3,888.07,30,23.3047,116.5233,2.3861,-0.2127,0.2143,0.2071,Eficiente
669.83,False,16,Casa,8,2,267.0,8,2,559.37,31,21.6074,334.915,2.5087,0.1975,0.5,0.2846,Moderado
676.87,False,15,Casa,6,5,191.0,9,1,730.14,28,24.1739,135.374,3.5438,-0.073,0.6,0.1582,Eficiente
762.0,False,18,Pequeno negocio,3,11,49.0,8,1,846.58,28,27.2143,69.2727,15.551,-0.0999,0.4444,0.2243,Eficiente
611.69,False,18,Casa,0,5,206.0,7,10,568.84,31,19.7319,122.338,2.9694,0.0753,0.3889,0.3281,Ineficiente
1167.47,True,23,Pequeno negocio,2,6,214.0,9,11,1252.21,29,40.2576,194.5783,5.4555,-0.0677,0.3913,0.3148,Ineficiente
478.74,False,15,Departamento,9,3,70.0,1,11,461.91,28,17.0979,159.58,6.8391,0.0364,0.0667,0.2612,Moderado
727.84,True,21,Pequeno negocio,3,3,243.0,6,0,823.45,28,25.9943,242.6133,2.9952,-0.1161,0.2857,0.2714,Moderado
1099.53,True,32,Pequeno negocio,14,7,38.0,4,12,1025.29,31,35.4687,157.0757,28.935,0.0724,0.125,0.4505,Ineficiente
915.86,True,24,Pequeno negocio,7,9,199.0,5,4,798.3,31,29.5439,101.7622,4.6023,0.1473,0.2083,0.2893,Moderado
1014.07,True,33,Pequeno negocio,1,2,89.0,2,5,985.53,31,32.7119,507.035,11.394,0.029,0.0606,0.3223,Ineficiente
595.2,False,15,Casa,9,3,262.0,4,2,704.72,30,19.84,198.4,2.2718,-0.1554,0.2667,0.1905,Eficiente
519.33,True,11,Departamento,10,2,79.0,2,12,490.3,30,17.311,259.665,6.5738,0.0592,0.1818,0.2923,Moderado
662.1,True,18,Departamento,2,7,80.0,6,12,744.59,31,21.3581,94.5857,8.2763,-0.1108,0.3333,0.2968,Moderado
732.01,True,23,Departamento,12,3,96.0,9,9,708.48,31,23.6132,244.0033,7.6251,0.0332,0.3913,0.3692,Ineficiente
507.77,False,26,Pequeno negocio,11,3,78.0,0,0,713.53,28,18.1346,169.2567,6.5099,-0.2884,0.0,0.18,Eficiente
1086.96,True,27,Pequeno negocio,8,6,49.0,9,5,953.66,30,36.232,181.16,22.1829,0.1398,0.3333,0.4353,Ineficiente
422.18,True,9,Departamento,1,2,71.0,6,3,405.34,31,13.6187,211.09,5.9462,0.0415,0.6667,0.2134,Eficiente
404.83,True,6,Departamento,7,5,50.0,0,11,392.99,31,13.059,80.966,8.0966,0.0301,0.0,0.1602,Eficiente
569.89,False,5,Departamento,14,4,129.0,5,8,495.26,28,20.3532,142.4725,4.4178,0.1507,1.0,0.2839,Moderado
633.93,True,19,Casa,3,2,161.0,1,12,848.85,31,20.4494,316.965,3.9375,-0.2532,0.0526,0.2584,Moderado
1003.99,False,18,Casa,14,7,63.0,8,10,1143.0,30,33.4663,143.4271,15.9363,-0.1216,0.4444,0.3785,Ineficiente
411.29,True,7,Casa,2,5,173.0,2,6,436.35,30,13.7097,82.258,2.3774,-0.0574,0.2857,0.1669,Eficiente
605.2,True,18,Casa,9,3,200.0,0,3,918.63,31,19.5226,201.7333,3.026,-0.3412,0.0,0.1833,Eficiente
888.17,False,13,Casa,5,4,225.0,8,10,856.33,31,28.6506,222.0425,3.9474,0.0372,0.6154,0.2299,Moderado
457.21,False,22,Departamento,1,5,126.0,5,9,544.8,28,16.3289,91.442,3.6287,-0.1608,0.2273,0.1797,Eficiente
870.97,True,18,Casa,9,2,246.0,6,10,734.64,29,30.0334,435.485,3.5405,0.1856,0.3333,0.3938,Ineficiente
1580.43,False,28,Pequeno negocio,7,11,75.0,8,12,1820.97,29,54.4976,143.6755,21.0724,-0.1321,0.2857,0.3511,Ineficiente
737.08,True,13,Departamento,4,2,49.0,5,7,631.67,29,25.4166,368.54,15.0424,0.1669,0.3846,0.3631,Ineficiente
493.16,True,8,Casa,3,1,121.0,7,8,579.28,29,17.0055,493.16,4.0757,-0.1487,0.875,0.2333,Moderado
634.73,True,22,Casa,7,4,157.0,5,5,539.67,31,20.4752,158.6825,4.0429,0.1761,0.2273,0.3596,Ineficiente
563.36,True,14,Casa,1,7,294.0,0,6,585.12,31,18.1729,80.48,1.9162,-0.0372,0.0,0.1916,Eficiente
729.92,True,27,Pequeno negocio,8,1,134.0,9,1,815.22,30,24.3307,729.92,5.4472,-0.1046,0.3333,0.3406,Ineficiente
1119.73,True,14,Casa,1,3,274.0,9,2,882.65,30,37.3243,373.2433,4.0866,0.2686,0.6429,0.27,Moderado
695.63,False,14,Departamento,3,3,94.0,2,12,608.8,28,24.8439,231.8767,7.4003,0.1426,0.1429,0.2379,Moderado
1249.4,True,38,Pequeno negocio,7,15,107.0,6,2,1281.16,29,43.0828,83.2933,11.6766,-0.0248,0.1579,0.3673,Ineficiente
596.31,True,19,Pequeno negocio,11,1,90.0,1,0,798.93,29,20.5624,596.31,6.6257,-0.2536,0.0526,0.2331,Moderado
692.2,True,17,Casa,5,6,197.0,2,10,809.78,28,24.7214,115.3667,3.5137,-0.1452,0.1176,0.2519,Moderado
579.23,False,9,Casa,9,3,123.0,6,1,569.03,30,19.3077,193.0767,4.7092,0.0179,0.6667,0.2254,Eficiente
685.6,True,21,Casa,13,2,268.0,3,6,751.3,30,22.8533,342.8,2.5582,-0.0874,0.1429,0.2929,Moderado
573.01,True,8,Casa,8,1,171.0,8,4,670.29,28,20.4646,573.01,3.3509,-0.1451,1.0,0.2927,Moderado
479.07,False,5,Casa,11,5,62.0,0,5,490.32,29,16.5197,95.814,7.7269,-0.0229,0.0,0.0979,Eficiente
821.53,True,17,Departamento,7,1,72.0,7,5,725.48,30,27.3843,821.53,11.4101,0.1324,0.4118,0.3117,Ineficiente
822.68,True,38,Pequeno negocio,3,5,32.0,6,0,647.33,29,28.3683,164.536,25.7087,0.2709,0.1579,0.3907,Ineficiente
557.75,False,15,Departamento,5,7,49.0,8,3,645.69,28,19.9196,79.6786,11.3827,-0.1362,0.5333,0.2067,Eficiente
680.55,True,18,Departamento,5,1,99.0,8,8,753.62,28,24.3054,680.55,6.8742,-0.097,0.4444,0.3535,Ineficiente
655.92,True,8,Casa,8,1,189.0,8,1,565.88,28,23.4257,655.92,3.4705,0.1591,1.0,0.3289,Ineficiente
1415.68,False,11,Pequeno negocio,2,7,235.0,7,3,1677.11,31,45.6671,202.24,6.0242,-0.1559,0.6364,0.2537,Moderado
541.38,False,11,Departamento,11,1,76.0,2,11,587.99,31,17.4639,541.38,7.1234,-0.0793,0.1818,0.2751,Moderado
1012.57,False,17,Pequeno negocio,2,14,207.0,4,8,991.48,30,33.7523,72.3264,4.8916,0.0213,0.2353,0.2484,Moderado
1001.53,False,5,Pequeno negocio,10,15,72.0,5,6,856.37,29,34.5355,66.7687,13.9101,0.1695,1.0,0.2128,Eficiente
1511.65,True,4,Casa,7,1,244.0,4,7,1971.71,28,53.9875,1511.65,6.1953,-0.2333,1.0,0.3909,Ineficiente
1744.85,False,8,Casa,11,5,148.0,8,12,1794.09,31,56.2855,348.97,11.7895,-0.0274,1.0,0.3843,Ineficiente
563.78,False,15,Casa,2,3,195.0,6,0,668.56,29,19.4407,187.9267,2.8912,-0.1567,0.4,0.2487,Moderado
621.97,False,11,Casa,3,4,296.0,1,11,528.65,30,20.7323,155.4925,2.1013,0.1765,0.0909,0.1819,Eficiente
1100.94,True,34,Pequeno negocio,3,15,75.0,4,6,1040.31,31,35.5142,73.396,14.6792,0.0583,0.1176,0.3036,Moderado
853.54,False,23,Casa,11,5,174.0,6,6,881.14,31,27.5335,170.708,4.9054,-0.0313,0.2609,0.3398,Ineficiente
309.61,False,3,Departamento,3,3,129.0,3,2,320.77,30,10.3203,103.2033,2.4001,-0.0348,1.0,0.1397,Eficiente
558.86,True,21,Departamento,5,7,44.0,2,5,520.45,30,18.6287,79.8371,12.7014,0.0738,0.0952,0.2011,Eficiente
571.68,False,3,Casa,2,5,260.0,3,7,639.85,30,19.056,114.336,2.1988,-0.1065,1.0,0.1286,Eficiente
425.71,False,14,Casa,3,1,128.0,8,3,444.09,29,14.6797,425.71,3.3259,-0.0414,0.5714,0.1881,Eficiente
646.41,True,5,Departamento,12,3,62.0,5,4,693.04,28,23.0861,215.47,10.426,-0.0673,1.0,0.2672,Moderado
492.78,False,13,Departamento,1,2,97.0,2,12,497.09,28,17.5993,246.39,5.0802,-0.0087,0.1538,0.1801,Eficiente
881.05,True,22,Casa,13,5,261.0,2,10,762.33,31,28.421,176.21,3.3757,0.1557,0.0909,0.3261,Ineficiente
823.58,True,3,Casa,12,7,257.0,3,7,936.13,31,26.5671,117.6543,3.2046,-0.1202,1.0,0.3038,Moderado
363.58,False,14,Departamento,14,1,74.0,6,3,330.86,29,12.5372,363.58,4.9132,0.0989,0.4286,0.2507,Moderado
723.98,False,13,Casa,9,6,124.0,6,10,701.43,30,24.1327,120.6633,5.8385,0.0321,0.4615,0.2444,Moderado
742.91,True,20,Pequeno negocio,10,2,103.0,7,11,767.63,28,26.5325,371.455,7.2127,-0.0322,0.35,0.3262,Ineficiente
831.52,False,16,Casa,12,7,217.0,5,12,752.96,28,29.6971,118.7886,3.8319,0.1043,0.3125,0.3213,Ineficiente
692.0,False,10,Casa,10,5,121.0,9,8,691.46,31,22.3226,138.4,5.719,0.0008,0.9,0.2448,Moderado
379.5,False,20,Departamento,8,3,101.0,1,2,359.02,31,12.2419,126.5,3.7574,0.057,0.05,0.209,Eficiente
407.83,True,8,Departamento,6,2,66.0,5,4,348.49,30,13.5943,203.915,6.1792,0.1703,0.625,0.2917,Moderado
883.08,False,10,Departamento,12,7,126.0,2,12,943.57,29,30.451,126.1543,7.0086,-0.0641,0.2,0.2423,Moderado
454.97,False,13,Casa,4,3,145.0,5,1,489.73,30,15.1657,151.6567,3.1377,-0.071,0.3846,0.2167,Eficiente
1267.12,False,34,Pequeno negocio,8,12,142.0,8,10,1177.19,28,45.2543,105.5933,8.9234,0.0764,0.2353,0.3662,Ineficiente
655.38,True,14,Departamento,0,6,117.0,8,6,663.79,29,22.5993,109.23,5.6015,-0.0127,0.5714,0.2945,Moderado
769.72,True,21,Departamento,9,6,112.0,9,5,671.17,29,26.5421,128.2867,6.8725,0.1468,0.4286,0.393,Ineficiente
511.83,True,6,Casa,1,6,152.0,4,2,392.43,30,17.061,85.305,3.3673,0.3043,0.6667,0.1799,Eficiente
645.67,True,4,Casa,0,7,176.0,4,12,526.49,31,20.8281,92.2386,3.6686,0.2264,1.0,0.2359,Moderado
482.84,False,14,Departamento,4,7,95.0,4,2,562.4,28,17.2443,68.9771,5.0825,-0.1415,0.2857,0.1663,Eficiente
545.21,False,22,Casa,10,2,297.0,0,7,495.99,29,18.8003,272.605,1.8357,0.0992,0.0,0.2064,Eficiente
325.16,False,8,Departamento,12,2,72.0,2,7,446.42,31,10.489,162.58,4.5161,-0.2716,0.25,0.1475,Eficiente
507.18,True,7,Casa,8,2,102.0,7,5,484.15,31,16.3606,253.59,4.9724,0.0476,1.0,0.2618,Moderado
1120.66,False,21,Pequeno negocio,9,11,76.0,0,1,1164.69,31,36.1503,101.8782,14.7455,-0.0378,0.0,0.2033,Eficiente
549.9,True,23,Departamento,3,5,93.0,6,2,515.15,29,18.9621,109.98,5.9129,0.0675,0.2609,0.1814,Eficiente
869.32,False,18,Pequeno negocio,1,13,31.0,4,8,875.25,31,28.0426,66.8708,28.0426,-0.0068,0.2222,0.3074,Ineficiente
541.46,True,16,Departamento,1,6,42.0,4,9,582.36,28,19.3379,90.2433,12.8919,-0.0702,0.25,0.2242,Eficiente
665.74,True,11,Casa,1,6,147.0,7,3,649.9,31,21.4755,110.9567,4.5288,0.0244,0.6364,0.2792,Moderado
788.22,True,6,Pequeno negocio,5,7,199.0,2,10,674.08,28,28.1507,112.6029,3.9609,0.1693,0.3333,0.2718,Moderado
677.19,True,18,Departamento,11,5,124.0,2,8,507.62,30,22.573,135.438,5.4612,0.334,0.1111,0.3036,Moderado
343.64,False,12,Departamento,0,6,44.0,1,2,288.4,31,11.0852,57.2733,7.81,0.1915,0.0833,0.1501,Eficiente
631.9,False,3,Casa,5,7,206.0,1,4,565.38,30,21.0633,90.2714,3.0675,0.1177,0.3333,0.1146,Eficiente
468.76,True,15,Departamento,9,3,125.0,0,4,414.0,28,16.7414,156.2533,3.7501,0.1323,0.0,0.3119,Ineficiente
681.24,False,32,Pequeno negocio,0,1,184.0,1,7,698.65,31,21.9755,681.24,3.7024,-0.0249,0.0312,0.1968,Eficiente
526.45,False,21,Departamento,8,3,96.0,6,0,532.71,31,16.9823,175.4833,5.4839,-0.0118,0.2857,0.2075,Eficiente
602.14,False,23,Casa,5,2,290.0,2,12,544.43,29,20.7634,301.07,2.0763,0.106,0.087,0.2902,Moderado
531.58,False,21,Departamento,13,3,87.0,3,7,707.77,29,18.3303,177.1933,6.1101,-0.2489,0.1429,0.2513,Moderado
1598.9,True,12,Departamento,7,2,86.0,7,8,1507.53,30,53.2967,799.45,18.5919,0.0606,0.5833,0.4553,Ineficiente
826.31,False,16,Pequeno negocio,7,11,84.0,5,7,844.54,31,26.6552,75.1191,9.837,-0.0216,0.3125,0.2178,Eficiente
578.56,True,15,Casa,12,2,207.0,0,5,599.75,31,18.6632,289.28,2.795,-0.0353,0.0,0.3393,Ineficiente
891.9,True,21,Casa,10,1,295.0,5,11,1064.45,28,31.8536,891.9,3.0234,-0.1621,0.2381,0.3302,Ineficiente
1072.49,True,14,Pequeno negocio,8,13,57.0,6,4,1042.46,28,38.3032,82.4992,18.8156,0.0288,0.4286,0.3433,Ineficiente
531.24,True,13,Departamento,9,5,67.0,6,0,594.84,30,17.708,106.248,7.929,-0.1069,0.4615,0.2367,Moderado
741.34,True,20,Departamento,6,4,107.0,8,7,719.47,31,23.9142,185.335,6.9284,0.0304,0.4,0.3291,Ineficiente
417.19,True,12,Departamento,10,2,99.0,5,1,412.66,28,14.8996,208.595,4.214,0.011,0.4167,0.31,Ineficiente
810.4,False,19,Casa,4,4,265.0,8,10,897.44,30,27.0133,202.6,3.0581,-0.097,0.4211,0.2376,Moderado
534.37,True,8,Departamento,4,7,92.0,5,0,459.84,29,18.4266,76.3386,5.8084,0.1621,0.625,0.2834,Moderado
471.5,True,12,Casa,12,1,157.0,6,2,488.18,29,16.2586,471.5,3.0032,-0.0342,0.5,0.328,Ineficiente
844.11,True,21,Casa,6,6,137.0,1,12,783.16,31,27.2294,140.685,6.1614,0.0778,0.0476,0.2331,Moderado
591.53,True,8,Departamento,7,1,88.0,8,3,700.02,29,20.3976,591.53,6.7219,-0.155,1.0,0.2707,Moderado
262.66,True,16,Departamento,1,2,59.0,0,6,273.31,28,9.3807,131.33,4.4519,-0.039,0.0,0.1773,Eficiente
2083.18,False,5,Pequeno negocio,5,8,70.0,5,11,2433.95,31,67.1994,260.3975,29.7597,-0.1441,1.0,0.3137,Ineficiente
580.64,True,12,Casa,9,3,192.0,5,3,578.41,31,18.7303,193.5467,3.0242,0.0039,0.4167,0.2372,Moderado
574.84,True,10,Casa,7,4,162.0,3,3,548.41,31,18.5432,143.71,3.5484,0.0482,0.3,0.2146,Eficiente
1286.62,False,26,Pequeno negocio,4,6,96.0,4,0,1229.03,30,42.8873,214.4367,13.4023,0.0469,0.1538,0.2135,Eficiente
571.09,True,19,Casa,0,5,157.0,0,10,457.2,29,19.6928,114.218,3.6375,0.2491,0.0,0.2829,Moderado
512.66,False,21,Casa,8,3,81.0,4,1,451.88,30,17.0887,170.8867,6.3291,0.1345,0.1905,0.1716,Eficiente
864.07,True,10,Casa,5,4,187.0,0,12,1107.73,31,27.8732,216.0175,4.6207,-0.22,0.0,0.1688,Eficiente
559.19,True,7,Departamento,13,6,119.0,4,9,498.89,29,19.2824,93.1983,4.6991,0.1209,0.5714,0.2791,Moderado
446.9,True,17,Pequeno negocio,0,1,215.0,1,4,500.23,30,14.8967,446.9,2.0786,-0.1066,0.0588,0.1638,Eficiente
621.76,False,11,Departamento,10,4,107.0,1,6,557.17,31,20.0568,155.44,5.8108,0.1159,0.0909,0.1937,Eficiente
633.35,True,17,Departamento,5,6,48.0,7,6,847.56,30,21.1117,105.5583,13.1948,-0.2527,0.4118,0.2685,Moderado
814.22,True,11,Casa,4,3,120.0,1,9,837.68,31,26.2652,271.4067,6.7852,-0.028,0.0909,0.2803,Moderado
837.13,True,21,Casa,10,6,233.0,3,4,796.03,28,29.8975,139.5217,3.5928,0.0516,0.1429,0.2758,Moderado
418.3,False,4,Departamento,7,6,38.0,4,3,487.37,31,13.4935,69.7167,11.0079,-0.1417,1.0,0.1392,Eficiente
720.91,False,3,Casa,1,7,289.0,3,1,601.93,31,23.2552,102.9871,2.4945,0.1977,1.0,0.1565,Eficiente
650.97,True,10,Casa,9,4,88.0,5,5,501.03,28,23.2489,162.7425,7.3974,0.2993,0.5,0.3628,Ineficiente
437.3,False,12,Casa,2,4,117.0,4,6,442.47,29,15.0793,109.325,3.7376,-0.0117,0.3333,0.1918,Eficiente
673.8,False,19,Casa,12,1,296.0,6,8,602.97,29,23.2345,673.8,2.2764,0.1175,0.3158,0.2509,Moderado
1081.74,True,13,Departamento,3,1,43.0,6,10,954.58,30,36.058,1081.74,25.1567,0.1332,0.4615,0.3756,Ineficiente
914.18,True,8,Departamento,11,1,47.0,1,2,1007.16,31,29.4897,914.18,19.4506,-0.0923,0.125,0.3423,Ineficiente
389.53,True,4,Casa,4,5,63.0,4,2,430.82,28,13.9118,77.906,6.183,-0.0958,1.0,0.1098,Eficiente
562.01,True,20,Departamento,4,3,100.0,8,3,533.77,30,18.7337,187.3367,5.6201,0.0529,0.4,0.2915,Moderado
339.83,False,14,Departamento,0,3,123.0,4,2,278.45,28,12.1368,113.2767,2.7628,0.2204,0.2857,0.141,Eficiente
590.34,False,24,Departamento,13,5,75.0,3,1,512.63,29,20.3566,118.068,7.8712,0.1516,0.125,0.3467,Ineficiente
1786.53,False,35,Pequeno negocio,8,10,152.0,7,10,2303.96,30,59.551,178.653,11.7535,-0.2246,0.2,0.3904,Ineficiente
595.76,True,7,Casa,2,1,252.0,6,9,504.82,29,20.5434,595.76,2.3641,0.1801,0.8571,0.2954,Moderado
1228.15,True,14,Pequeno negocio,0,15,126.0,8,10,1045.6,28,43.8625,81.8767,9.7472,0.1746,0.5714,0.3601,Ineficiente
633.92,True,12,Casa,4,4,78.0,4,7,1106.53,29,21.8593,158.48,8.1272,-0.4271,0.3333,0.1178,Eficiente
476.75,False,6,Casa,7,1,85.0,4,10,428.34,29,16.4397,476.75,5.6088,0.113,0.6667,0.2506,Moderado
528.21,False,5,Casa,0,2,122.0,4,5,524.63,30,17.607,264.105,4.3296,0.0068,0.8,0.1133,Eficiente
452.88,False,20,Departamento,5,2,72.0,2,11,378.44,29,15.6166,226.44,6.29,0.1967,0.1,0.1979,Eficiente
852.77,False,18,Casa,4,5,252.0,7,7,741.48,29,29.4059,170.554,3.384,0.1501,0.3889,0.2485,Moderado
722.78,True,14,Casa,13,2,189.0,7,0,665.84,31,23.3155,361.39,3.8242,0.0855,0.5,0.3259,Ineficiente
256.92,False,13,Departamento,6,1,48.0,1,2,250.11,29,8.8593,256.92,5.3525,0.0272,0.0769,0.1662,Eficiente
350.21,False,13,Casa,1,2,282.0,0,6,331.48,30,11.6737,175.105,1.2419,0.0565,0.0,0.1555,Eficiente
538.22,True,15,Casa,3,4,244.0,0,10,697.84,29,18.5593,134.555,2.2058,-0.2287,0.0,0.2501,Moderado
597.8,False,9,Casa,12,6,78.0,3,1,787.69,30,19.9267,99.6333,7.6641,-0.2411,0.3333,0.1629,Eficiente
558.64,True,20,Casa,0,1,273.0,1,9,511.28,29,19.2634,558.64,2.0463,0.0926,0.05,0.24,Moderado
646.79,True,3,Casa,1,7,278.0,3,11,634.76,30,21.5597,92.3986,2.3266,0.019,1.0,0.1104,Eficiente
2539.77,True,20,Casa,0,3,194.0,9,2,2312.23,28,90.7061,846.59,13.0916,0.0984,0.45,0.38,Ineficiente
546.81,True,20,Casa,0,3,203.0,7,7,585.98,31,17.639,182.27,2.6936,-0.0668,0.35,0.2704,Moderado
655.54,False,14,Departamento,13,1,76.0,9,11,734.45,28,23.4121,655.54,8.6255,-0.1074,0.6429,0.3739,Ineficiente
817.88,True,9,Pequeno negocio,14,5,104.0,1,4,881.23,28,29.21,163.576,7.8642,-0.0719,0.1111,0.3733,Ineficiente
604.55,True,22,Departamento,11,4,84.0,7,5,686.26,30,20.1517,151.1375,7.197,-0.1191,0.3182,0.3265,Ineficiente
457.03,False,21,Departamento,1,5,107.0,7,5,394.3,29,15.7597,91.406,4.2713,0.1591,0.3333,0.1913,Eficiente
1004.75,True,31,Pequeno negocio,10,4,92.0,4,6,907.87,31,32.4113,251.1875,10.9212,0.1067,0.129,0.3735,Ineficiente
926.11,True,39,Pequeno negocio,11,5,109.0,7,4,854.94,30,30.8703,185.222,8.4964,0.0832,0.1795,0.4064,Ineficiente
459.91,False,16,Departamento,11,1,93.0,0,6,378.98,28,16.4254,459.91,4.9453,0.2135,0.0,0.2045,Eficiente
1128.23,False,31,Pequeno negocio,11,7,228.0,6,3,1274.47,31,36.3945,161.1757,4.9484,-0.1147,0.1935,0.3335,Ineficiente
903.43,True,12,Pequeno negocio,10,3,83.0,8,10,1121.23,31,29.1429,301.1433,10.8847,-0.1943,0.6667,0.3016,Moderado
672.57,False,4,Departamento,6,5,95.0,3,8,696.24,29,23.1921,134.514,7.0797,-0.034,0.75,0.2015,Eficiente
322.75,False,20,Departamento,0,5,35.0,1,2,304.08,30,10.7583,64.55,9.2214,0.0614,0.05,0.1387,Eficiente
634.47,True,18,Casa,12,4,220.0,0,11,708.38,29,21.8783,158.6175,2.884,-0.1043,0.0,0.3018,Moderado
938.47,False,22,Casa,13,4,172.0,2,3,1120.31,31,30.2732,234.6175,5.4562,-0.1623,0.0909,0.2849,Moderado
567.2,False,16,Departamento,7,7,98.0,8,6,647.5,31,18.2968,81.0286,5.7878,-0.124,0.5,0.2972,Moderado
616.44,False,15,Departamento,6,5,84.0,8,12,548.81,29,21.2566,123.288,7.3386,0.1232,0.5333,0.2889,Moderado
589.05,True,6,Casa,13,5,89.0,6,8,541.28,31,19.0016,117.81,6.6185,0.0883,1.0,0.3238,Ineficiente
484.72,False,18,Departamento,6,3,88.0,2,12,400.38,30,16.1573,161.5733,5.5082,0.2106,0.1111,0.2541,Moderado
412.56,True,23,Departamento,5,4,81.0,2,7,339.22,28,14.7343,103.14,5.0933,0.2162,0.087,0.2595,Moderado
1206.27,False,7,Pequeno negocio,13,10,106.0,7,10,1154.58,30,40.209,120.627,11.3799,0.0448,1.0,0.3666,Ineficiente
2393.47,True,18,Casa,13,7,175.0,5,6,3342.12,29,82.5334,341.9243,13.677,-0.2838,0.2778,0.3712,Ineficiente
625.19,False,14,Casa,3,6,139.0,7,2,600.94,31,20.1674,104.1983,4.4978,0.0404,0.5,0.2167,Eficiente
379.5,False,14,Departamento,4,5,100.0,3,2,374.89,28,13.5536,75.9,3.795,0.0123,0.2143,0.1459,Eficiente
856.17,True,18,Pequeno negocio,4,5,108.0,8,7,821.84,28,30.5775,171.234,7.9275,0.0418,0.4444,0.339,Ineficiente
790.96,True,5,Pequeno negocio,2,13,77.0,4,1,875.38,28,28.2486,60.8431,10.2722,-0.0964,0.8,0.1624,Eficiente
1138.82,True,6,Pequeno negocio,12,13,196.0,6,5,1385.19,28,40.6721,87.6015,5.8103,-0.1779,1.0,0.3823,Ineficiente
3480.9,True,23,Pequeno negocio,14,13,140.0,8,6,3350.08,29,120.031,267.7615,24.8636,0.039,0.3478,0.5815,Ineficiente
718.83,False,5,Casa,7,5,223.0,3,1,930.2,31,23.1881,143.766,3.2235,-0.2272,0.6,0.1377,Eficiente
801.93,False,14,Casa,10,6,85.0,7,11,699.19,29,27.6528,133.655,9.4345,0.1469,0.5,0.3223,Ineficiente
579.81,False,3,Casa,6,2,196.0,3,0,735.67,28,20.7075,289.905,2.9582,-0.2119,1.0,0.1361,Eficiente
368.57,False,10,Departamento,14,2,38.0,4,4,524.65,31,11.8894,184.285,9.6992,-0.2975,0.4,0.2365,Moderado
2018.55,False,22,Pequeno negocio,14,5,244.0,8,11,1899.87,31,65.1145,403.71,8.2727,0.0625,0.3636,0.4411,Ineficiente
667.47,True,17,Casa,11,7,248.0,4,0,704.38,31,21.5313,95.3529,2.6914,-0.0524,0.2353,0.3146,Ineficiente
1244.15,True,11,Departamento,13,1,91.0,7,1,1747.1,28,44.4339,1244.15,13.672,-0.2879,0.6364,0.2806,Moderado
585.41,True,10,Casa,2,7,94.0,0,10,655.6,28,20.9075,83.63,6.2278,-0.1071,0.0,0.1684,Eficiente
599.12,False,20,Casa,13,2,79.0,8,3,543.93,28,21.3971,299.56,7.5838,0.1015,0.4,0.3212,Ineficiente
1175.46,False,19,Casa,6,2,170.0,9,11,1135.62,30,39.182,587.73,6.9145,0.0351,0.4737,0.2953,Moderado
479.12,True,3,Casa,3,5,145.0,3,1,509.31,29,16.5214,95.824,3.3043,-0.0593,1.0,0.179,Eficiente
996.19,True,23,Pequeno negocio,13,8,107.0,8,2,999.32,28,35.5782,124.5238,9.3102,-0.0031,0.3478,0.4109,Ineficiente
1040.97,False,19,Casa,12,7,230.0,6,7,1075.57,30,34.699,148.71,4.526,-0.0322,0.3158,0.3759,Ineficiente
996.91,False,25,Pequeno negocio,2,9,102.0,7,12,1205.3,30,33.2303,110.7678,9.7736,-0.1729,0.28,0.3077,Ineficiente
681.55,False,14,Departamento,9,1,76.0,9,9,893.08,30,22.7183,681.55,8.9678,-0.2369,0.6429,0.32,Ineficiente
699.5,True,13,Casa,13,4,137.0,7,7,719.77,28,24.9821,174.875,5.1058,-0.0282,0.5385,0.3654,Ineficiente
612.32,False,18,Casa,10,4,180.0,2,3,558.87,31,19.7523,153.08,3.4018,0.0956,0.1111,0.2128,Eficiente
781.59,False,35,Pequeno negocio,7,5,232.0,1,0,823.07,29,26.9514,156.318,3.3689,-0.0504,0.0286,0.2089,Eficiente
740.03,True,14,Casa,0,5,136.0,9,10,706.29,30,24.6677,148.006,5.4414,0.0478,0.6429,0.2932,Moderado
439.48,False,6,Pequeno negocio,7,3,188.0,1,1,377.45,28,15.6957,146.4933,2.3377,0.1643,0.1667,0.1723,Eficiente
894.97,True,20,Casa,8,7,75.0,9,2,1120.24,30,29.8323,127.8529,11.9329,-0.2011,0.45,0.295,Moderado
616.38,False,11,Departamento,12,2,105.0,9,5,556.43,31,19.8832,308.19,5.8703,0.1077,0.8182,0.3371,Ineficiente
463.52,False,12,Pequeno negocio,3,5,109.0,0,4,607.71,30,15.4507,92.704,4.2525,-0.2373,0.0,0.1228,Eficiente
806.86,False,12,Casa,3,4,288.0,8,11,608.95,29,27.8228,201.715,2.8016,0.325,0.6667,0.2913,Moderado
857.39,True,10,Casa,13,1,283.0,5,3,931.19,29,29.5652,857.39,3.0296,-0.0793,0.5,0.3063,Ineficiente
1207.25,False,21,Pequeno negocio,12,15,207.0,3,8,1037.08,29,41.6293,80.4833,5.8321,0.1641,0.1429,0.3241,Ineficiente
745.38,True,17,Casa,8,2,239.0,5,5,735.02,30,24.846,372.69,3.1187,0.0141,0.2941,0.3535,Ineficiente
767.72,True,22,Casa,6,4,75.0,4,3,900.61,30,25.5907,191.93,10.2363,-0.1476,0.1818,0.3106,Ineficiente
904.92,True,12,Casa,9,5,108.0,8,12,1311.74,31,29.191,180.984,8.3789,-0.3101,0.6667,0.3458,Ineficiente
561.61,True,19,Casa,2,1,229.0,4,10,539.53,28,20.0575,561.61,2.4524,0.0409,0.2105,0.2564,Moderado
268.22,False,9,Departamento,3,2,121.0,1,9,264.67,31,8.6523,134.11,2.2167,0.0134,0.1111,0.1292,Eficiente
377.38,True,24,Departamento,8,3,63.0,3,5,363.19,29,13.0131,125.7933,5.9902,0.0391,0.125,0.2821,Moderado
771.65,False,23,Casa,6,7,211.0,5,2,852.04,28,27.5589,110.2357,3.6571,-0.0944,0.2174,0.2148,Eficiente
889.2,False,18,Pequeno negocio,2,1,78.0,4,8,885.95,29,30.6621,889.2,11.4,0.0037,0.2222,0.29,Moderado
760.6,False,18,Casa,7,7,291.0,5,12,707.9,29,26.2276,108.6571,2.6137,0.0744,0.2778,0.2118,Eficiente
603.87,True,15,Casa,9,4,136.0,9,3,530.8,30,20.129,150.9675,4.4402,0.1377,0.6,0.3014,Moderado
640.35,True,7,Departamento,12,7,97.0,3,8,641.75,30,21.345,91.4786,6.6015,-0.0022,0.4286,0.2914,Moderado
1405.0,False,14,Pequeno negocio,9,14,96.0,8,11,1953.07,28,50.1786,100.3571,14.6354,-0.2806,0.5714,0.2805,Moderado
815.43,True,19,Casa,9,3,101.0,9,5,834.09,30,27.181,271.81,8.0736,-0.0224,0.4737,0.3188,Ineficiente
2052.54,True,12,Casa,8,4,132.0,8,1,2267.35,28,73.305,513.135,15.5495,-0.0947,0.6667,0.4058,Ineficiente
390.56,False,8,Departamento,1,6,123.0,5,11,377.91,29,13.4676,65.0933,3.1753,0.0335,0.625,0.1578,Eficiente
3853.85,False,17,Pequeno negocio,5,6,230.0,9,1,3768.47,31,124.3177,642.3083,16.7559,0.0227,0.5294,0.4013,Ineficiente
2181.2,False,12,Casa,6,5,277.0,4,9,1989.23,31,70.3613,436.24,7.8744,0.0965,0.3333,0.3032,Moderado
696.39,True,21,Casa,7,4,99.0,2,6,779.56,29,24.0134,174.0975,7.0342,-0.1067,0.0952,0.2459,Moderado
486.85,True,7,Departamento,4,1,115.0,7,9,545.65,29,16.7879,486.85,4.2335,-0.1078,1.0,0.3233,Ineficiente
1079.91,True,14,Casa,11,7,254.0,9,9,939.62,29,37.2383,154.2729,4.2516,0.1493,0.6429,0.348,Ineficiente
273.76,False,5,Casa,8,2,136.0,1,2,326.63,29,9.44,136.88,2.0129,-0.1619,0.2,0.1433,Eficiente
596.83,False,18,Casa,4,7,78.0,3,1,609.69,28,21.3154,85.2614,7.6517,-0.0211,0.1667,0.2167,Eficiente
373.5,False,11,Casa,7,2,201.0,2,1,373.37,31,12.0484,186.75,1.8582,0.0003,0.1818,0.1514,Eficiente
425.41,False,7,Departamento,10,4,105.0,7,2,619.16,30,14.1803,106.3525,4.0515,-0.3129,1.0,0.1459,Eficiente
636.82,False,24,Pequeno negocio,0,5,32.0,2,11,633.53,30,21.2273,127.364,19.9006,0.0052,0.0833,0.2633,Moderado
551.84,False,15,Departamento,5,7,37.0,6,1,551.7,31,17.8013,78.8343,14.9146,0.0003,0.4,0.2111,Eficiente
596.43,True,9,Departamento,3,7,118.0,9,8,590.44,31,19.2397,85.2043,5.0545,0.0101,1.0,0.282,Moderado
1304.01,False,33,Pequeno negocio,4,9,132.0,9,4,1518.07,31,42.0648,144.89,9.8789,-0.141,0.2727,0.2797,Moderado
664.82,False,4,Casa,9,6,281.0,4,10,809.23,28,23.7436,110.8033,2.3659,-0.1785,1.0,0.2045,Eficiente
645.87,True,10,Casa,3,6,176.0,5,7,808.87,31,20.8345,107.645,3.6697,-0.2015,0.5,0.1914,Eficiente
1103.1,False,31,Pequeno negocio,8,12,103.0,6,9,943.44,28,39.3964,91.925,10.7097,0.1692,0.1935,0.2693,Moderado
1143.99,True,23,Casa,5,7,291.0,7,10,1111.14,30,38.133,163.4271,3.9312,0.0296,0.3043,0.3028,Moderado
352.18,True,8,Departamento,0,4,97.0,3,11,393.76,31,11.3606,88.045,3.6307,-0.1056,0.375,0.1238,Eficiente
500.38,False,7,Departamento,13,3,92.0,5,10,610.43,31,16.1413,166.7933,5.4389,-0.1803,0.7143,0.2542,Moderado
371.95,False,15,Casa,8,2,181.0,4,4,463.84,29,12.8259,185.975,2.055,-0.1981,0.2667,0.1661,Eficiente
487.23,True,8,Departamento,4,5,106.0,8,11,486.74,31,15.7171,97.446,4.5965,0.001,1.0,0.3277,Ineficiente
495.76,False,9,Casa,7,2,89.0,5,4,503.54,28,17.7057,247.88,5.5703,-0.0155,0.5556,0.2231,Eficiente
671.01,True,8,Casa,14,5,116.0,4,7,894.08,31,21.6455,134.202,5.7846,-0.2495,0.5,0.298,Moderado
323.96,False,14,Departamento,2,1,100.0,5,3,393.81,30,10.7987,323.96,3.2396,-0.1774,0.3571,0.2153,Eficiente
1316.66,True,19,Casa,12,5,77.0,1,10,1503.98,31,42.4729,263.332,17.0995,-0.1245,0.0526,0.3025,Moderado
268.74,False,13,Departamento,0,5,121.0,2,1,239.5,31,8.669,53.748,2.221,0.1221,0.1538,0.1872,Eficiente
1414.7,False,13,Pequeno negocio,12,15,243.0,8,12,1637.03,31,45.6355,94.3133,5.8218,-0.1358,0.6154,0.3077,Ineficiente
1166.58,True,37,Pequeno negocio,5,14,233.0,1,6,1188.87,31,37.6316,83.3271,5.0068,-0.0187,0.027,0.3594,Ineficiente
1218.29,False,21,Casa,4,7,263.0,6,11,1068.83,29,42.01,174.0414,4.6323,0.1398,0.2857,0.2481,Moderado
780.09,False,19,Casa,11,6,125.0,9,6,687.18,31,25.1642,130.015,6.2407,0.1352,0.4737,0.334,Ineficiente
684.88,False,4,Casa,2,4,249.0,4,1,629.13,31,22.0929,171.22,2.7505,0.0886,1.0,0.1921,Eficiente
546.1,False,17,Casa,1,7,248.0,6,1,450.85,28,19.5036,78.0143,2.202,0.2113,0.3529,0.2089,Eficiente
977.37,True,36,Pequeno negocio,7,8,53.0,7,11,950.43,29,33.7024,122.1712,18.4409,0.0283,0.1944,0.4164,Ineficiente
654.42,True,17,Casa,14,2,256.0,1,7,745.81,31,21.1103,327.21,2.5563,-0.1225,0.0588,0.3696,Ineficiente
319.68,False,8,Casa,4,3,181.0,1,1,257.92,30,10.656,106.56,1.7662,0.2395,0.125,0.0902,Eficiente
734.55,True,21,Pequeno negocio,8,3,64.0,9,4,686.7,28,26.2339,244.85,11.4773,0.0697,0.4286,0.358,Ineficiente
810.3,False,22,Casa,5,4,247.0,4,7,921.62,30,27.01,202.575,3.2806,-0.1208,0.1818,0.1885,Eficiente
928.83,False,9,Casa,11,1,282.0,4,5,863.69,29,32.0286,928.83,3.2937,0.0754,0.4444,0.2805,Moderado
515.36,False,13,Casa,13,4,127.0,1,0,727.22,28,18.4057,128.84,4.058,-0.2913,0.0769,0.1424,Eficiente
625.81,True,15,Departamento,14,3,61.0,7,6,615.01,28,22.3504,208.6033,10.2592,0.0176,0.4667,0.3544,Ineficiente
485.54,True,21,Departamento,4,6,64.0,0,2,726.41,28,17.3407,80.9233,7.5866,-0.3316,0.0,0.1526,Eficiente
579.95,False,24,Casa,3,4,85.0,1,4,662.56,29,19.9983,144.9875,6.8229,-0.1247,0.0417,0.1479,Eficiente
1113.5,True,8,Pequeno negocio,13,9,233.0,2,8,1230.1,31,35.9194,123.7222,4.779,-0.0948,0.25,0.2931,Moderado
758.57,False,6,Pequeno negocio,8,2,208.0,6,8,921.54,28,27.0918,379.285,3.647,-0.1768,1.0,0.2509,Moderado
1004.92,False,36,Pequeno negocio,4,9,68.0,9,1,1011.98,28,35.89,111.6578,14.7782,-0.007,0.25,0.2941,Moderado
391.71,True,17,Casa,5,2,178.0,0,6,447.46,31,12.6358,195.855,2.2006,-0.1246,0.0,0.1877,Eficiente
473.69,False,4,Casa,2,7,204.0,1,3,475.23,29,16.3341,67.67,2.322,-0.0032,0.25,0.0771,Eficiente
963.94,True,35,Pequeno negocio,1,6,50.0,9,5,823.65,31,31.0948,160.6567,19.2788,0.1703,0.2571,0.3658,Ineficiente
675.66,False,10,Casa,5,5,197.0,6,10,798.15,29,23.2986,135.132,3.4297,-0.1535,0.6,0.133,Eficiente
535.75,False,23,Departamento,11,1,81.0,7,5,487.86,28,19.1339,535.75,6.6142,0.0982,0.3043,0.2984,Moderado
682.1,True,21,Departamento,9,4,125.0,5,7,513.94,31,22.0032,170.525,5.4568,0.3272,0.2381,0.3643,Ineficiente
485.15,False,8,Casa,0,7,250.0,2,0,483.03,28,17.3268,69.3071,1.9406,0.0044,0.25,0.0389,Eficiente
499.38,False,17,Departamento,0,5,47.0,7,6,662.43,30,16.646,99.876,10.6251,-0.2461,0.4118,0.1907,Eficiente
892.29,True,9,Pequeno negocio,13,11,213.0,1,10,850.05,28,31.8675,81.1173,4.1892,0.0497,0.1111,0.3512,Ineficiente
859.56,True,21,Departamento,11,6,96.0,0,8,896.15,31,27.7277,143.26,8.9538,-0.0408,0.0,0.3081,Ineficiente
854.91,True,13,Casa,11,4,274.0,8,12,710.8,30,28.497,213.7275,3.1201,0.2027,0.6154,0.3799,Ineficiente
1137.26,False,34,Pequeno negocio,12,9,191.0,3,10,1385.78,28,40.6164,126.3622,5.9542,-0.1793,0.0882,0.3664,Ineficiente
1574.53,True,19,Departamento,9,7,117.0,0,1,1634.11,31,50.7913,224.9329,13.4575,-0.0365,0.0,0.3055,Ineficiente
495.68,False,21,Departamento,5,7,76.0,4,0,519.7,29,17.0924,70.8114,6.5221,-0.0462,0.1905,0.2285,Moderado
544.7,True,39,Pequeno negocio,8,3,134.0,1,3,561.66,30,18.1567,181.5667,4.0649,-0.0302,0.0256,0.2825,Moderado
504.15,False,9,Departamento,9,1,45.0,4,10,559.53,28,18.0054,504.15,11.2033,-0.099,0.4444,0.302,Moderado
863.85,False,19,Casa,12,3,81.0,6,11,869.67,29,29.7879,287.95,10.6648,-0.0067,0.3158,0.331,Ineficiente
635.44,True,9,Casa,7,4,216.0,3,9,572.41,29,21.9117,158.86,2.9419,0.1101,0.3333,0.2912,Moderado
554.25,False,19,Casa,0,7,115.0,0,9,558.56,31,17.879,79.1786,4.8196,-0.0077,0.0,0.1575,Eficiente
1027.49,True,23,Departamento,9,6,79.0,8,8,941.8,28,36.6961,171.2483,13.0062,0.091,0.3478,0.43,Ineficiente
463.52,True,13,Departamento,11,2,97.0,5,4,403.03,30,15.4507,231.76,4.7786,0.1501,0.3846,0.365,Ineficiente
682.67,True,22,Departamento,14,4,123.0,0,8,725.74,29,23.5403,170.6675,5.5502,-0.0593,0.0,0.3051,Ineficiente
581.42,False,6,Casa,2,2,157.0,5,8,791.43,31,18.7555,290.71,3.7033,-0.2654,0.8333,0.1295,Eficiente
805.37,False,12,Departamento,12,4,62.0,9,1,863.11,30,26.8457,201.3425,12.9898,-0.0669,0.75,0.2219,Eficiente
841.31,True,37,Pequeno negocio,0,9,132.0,0,11,1037.05,29,29.0107,93.4789,6.3736,-0.1887,0.0,0.2648,Moderado
800.75,True,19,Casa,10,4,208.0,7,9,694.63,31,25.8306,200.1875,3.8498,0.1528,0.3684,0.3672,Ineficiente
341.33,False,10,Departamento,4,3,59.0,3,2,342.71,30,11.3777,113.7767,5.7853,-0.004,0.3,0.1969,Eficiente
374.37,False,14,Departamento,1,4,72.0,7,3,345.2,30,12.479,93.5925,5.1996,0.0845,0.5,0.1975,Eficiente
335.03,False,5,Departamento,4,6,44.0,0,8,309.06,29,11.5528,55.8383,7.6143,0.084,0.0,0.0681,Eficiente
729.63,True,20,Casa,8,4,77.0,9,3,626.58,28,26.0582,182.4075,9.4757,0.1645,0.45,0.3318,Ineficiente
282.79,False,5,Departamento,2,1,50.0,5,10,248.65,28,10.0996,282.79,5.6558,0.1373,1.0,0.1731,Eficiente
738.22,True,39,Pequeno negocio,8,3,112.0,5,6,887.95,30,24.6073,246.0733,6.5912,-0.1686,0.1282,0.3504,Ineficiente
948.1,True,13,Departamento,10,5,73.0,2,1,1091.49,30,31.6033,189.62,12.9877,-0.1314,0.1538,0.286,Moderado
2342.93,True,29,Pequeno negocio,13,5,70.0,1,8,2371.52,28,83.6761,468.586,33.4704,-0.0121,0.0345,0.4532,Ineficiente
823.18,True,5,Pequeno negocio,8,6,214.0,5,12,670.77,29,28.3855,137.1967,3.8466,0.2272,1.0,0.342,Ineficiente
708.12,False,4,Casa,9,2,297.0,4,4,904.35,28,25.29,354.06,2.3842,-0.217,1.0,0.2398,Moderado
687.91,False,17,Departamento,13,7,86.0,6,12,691.54,30,22.9303,98.2729,7.999,-0.0052,0.3529,0.2858,Moderado
649.43,False,22,Departamento,0,7,51.0,4,9,591.41,31,20.9494,92.7757,12.7339,0.0981,0.1818,0.308,Ineficiente
635.14,False,5,Pequeno negocio,11,3,53.0,5,9,673.61,30,21.1713,211.7133,11.9838,-0.0571,1.0,0.2794,Moderado
674.01,True,3,Casa,14,2,192.0,3,4,538.03,28,24.0718,337.005,3.5105,0.2527,1.0,0.2874,Moderado
1449.58,False,5,Casa,12,2,214.0,3,6,1632.71,29,49.9855,724.79,6.7737,-0.1122,0.6,0.256,Moderado
977.99,False,13,Pequeno negocio,13,6,81.0,7,2,1041.23,31,31.5481,162.9983,12.074,-0.0607,0.5385,0.3212,Ineficiente
791.95,True,9,Casa,13,7,221.0,1,7,727.23,28,28.2839,113.1357,3.5835,0.089,0.1111,0.338,Ineficiente
497.14,True,5,Departamento,8,2,111.0,5,11,526.35,29,17.1428,248.57,4.4787,-0.0555,1.0,0.2803,Moderado
814.07,False,22,Casa,12,5,180.0,5,8,757.83,31,26.2603,162.814,4.5226,0.0742,0.2273,0.3556,Ineficiente
2313.02,True,10,Pequeno negocio,5,5,62.0,7,11,1928.35,30,77.1007,462.604,37.3068,0.1995,0.7,0.509,Ineficiente
1254.01,False,19,Pequeno negocio,1,14,188.0,6,2,1334.12,28,44.7861,89.5721,6.6703,-0.06,0.3158,0.2683,Moderado
441.64,False,24,Casa,1,2,145.0,0,7,707.87,28,15.7729,220.82,3.0458,-0.3761,0.0,0.1825,Eficiente
357.24,True,22,Departamento,2,1,107.0,7,3,297.9,28,12.7586,357.24,3.3387,0.1992,0.3182,0.2761,Moderado
1325.34,True,6,Casa,10,6,233.0,6,7,1108.89,30,44.178,220.89,5.6882,0.1952,1.0,0.3335,Ineficiente
259.91,False,3,Departamento,6,6,37.0,0,1,361.36,29,8.9624,43.3183,7.0246,-0.2807,0.0,0.067,Eficiente
531.47,True,19,Departamento,12,2,108.0,2,4,540.11,28,18.9811,265.735,4.921,-0.016,0.1053,0.2773,Moderado
694.41,False,25,Pequeno negocio,4,4,81.0,7,4,692.26,28,24.8004,173.6025,8.573,0.0031,0.28,0.2361,Moderado
722.9,True,18,Casa,11,2,281.0,3,6,773.96,28,25.8179,361.45,2.5726,-0.066,0.1667,0.2578,Moderado
570.54,False,21,Casa,13,4,136.0,1,9,542.91,29,19.6738,142.635,4.1951,0.0509,0.0476,0.3403,Ineficiente
670.13,True,16,Departamento,4,7,95.0,8,7,667.55,28,23.9332,95.7329,7.054,0.0039,0.5,0.2721,Moderado
502.97,False,12,Departamento,7,7,119.0,5,11,512.75,31,16.2248,71.8529,4.2266,-0.0191,0.4167,0.2226,Eficiente
442.1,False,5,Departamento,8,6,94.0,3,3,426.21,31,14.2613,73.6833,4.7032,0.0373,0.6,0.1676,Eficiente
504.71,False,17,Casa,13,2,87.0,5,4,395.53,31,16.281,252.355,5.8013,0.276,0.2941,0.2899,Moderado
610.96,False,9,Casa,5,2,277.0,3,6,702.6,30,20.3653,305.48,2.2056,-0.1304,0.3333,0.1645,Eficiente
1110.39,False,37,Pequeno negocio,5,9,184.0,1,8,1261.31,29,38.2893,123.3767,6.0347,-0.1197,0.027,0.2793,Moderado
862.33,False,22,Casa,11,1,179.0,5,11,766.93,28,30.7975,862.33,4.8175,0.1244,0.2273,0.3674,Ineficiente
1315.83,False,17,Casa,13,5,89.0,9,7,1182.78,28,46.9939,263.166,14.7846,0.1125,0.5294,0.3953,Ineficiente
1065.44,False,37,Pequeno negocio,0,8,85.0,9,12,1287.01,30,35.5147,133.18,12.5346,-0.1722,0.2432,0.3011,Moderado
566.74,True,20,Casa,1,7,124.0,6,6,638.57,31,18.2819,80.9629,4.5705,-0.1125,0.3,0.2253,Eficiente
499.75,False,19,Departamento,14,1,62.0,1,6,539.21,30,16.6583,499.75,8.0605,-0.0732,0.0526,0.3124,Ineficiente
642.03,False,13,Casa,6,2,108.0,2,9,707.24,31,20.7106,321.015,5.9447,-0.0922,0.1538,0.2271,Eficiente
870.18,False,21,Pequeno negocio,8,13,35.0,3,1,1044.29,31,28.0703,66.9369,24.8623,-0.1667,0.1429,0.2584,Moderado
288.33,False,3,Departamento,13,5,89.0,0,1,238.27,28,10.2975,57.666,3.2397,0.2101,0.0,0.1731,Eficiente
668.46,False,19,Pequeno negocio,5,8,157.0,1,4,752.96,31,21.5632,83.5575,4.2577,-0.1122,0.0526,0.1606,Eficiente
568.87,True,12,Casa,6,2,126.0,7,0,545.85,30,18.9623,284.435,4.5148,0.0422,0.5833,0.3147,Ineficiente
679.43,True,5,Departamento,12,4,92.0,4,5,682.24,31,21.9171,169.8575,7.3851,-0.0041,0.8,0.3093,Ineficiente
786.21,False,18,Departamento,10,2,96.0,8,4,778.8,31,25.3616,393.105,8.1897,0.0095,0.4444,0.3572,Ineficiente
441.96,True,5,Casa,10,4,207.0,0,8,421.16,28,15.7843,110.49,2.1351,0.0494,0.0,0.2067,Eficiente
545.61,True,18,Casa,5,7,140.0,0,12,604.15,31,17.6003,77.9443,3.8972,-0.0969,0.0,0.2493,Moderado
670.99,False,19,Casa,10,2,134.0,6,7,665.84,30,22.3663,335.495,5.0074,0.0077,0.3158,0.2973,Moderado
1268.77,True,18,Pequeno negocio,12,14,179.0,2,12,1915.6,29,43.7507,90.6264,7.0881,-0.3377,0.1111,0.3353,Ineficiente
582.4,False,8,Departamento,13,6,55.0,2,7,724.02,31,18.7871,97.0667,10.5891,-0.1956,0.25,0.2576,Moderado
891.34,False,24,Departamento,9,1,79.0,6,8,869.83,30,29.7113,891.34,11.2828,0.0247,0.25,0.2928,Moderado
776.47,False,18,Departamento,13,7,76.0,9,10,814.46,30,25.8823,110.9243,10.2167,-0.0466,0.5,0.2535,Moderado
682.82,True,5,Departamento,12,6,126.0,4,7,841.91,30,22.7607,113.8033,5.4192,-0.189,0.8,0.3091,Ineficiente
743.3,True,19,Departamento,10,3,80.0,7,12,794.39,30,24.7767,247.7667,9.2912,-0.0643,0.3684,0.3679,Ineficiente
2219.86,False,6,Casa,8,3,194.0,3,8,1967.65,30,73.9953,739.9533,11.4426,0.1282,0.5,0.3677,Ineficiente
573.02,True,16,Departamento,6,3,86.0,8,4,438.02,29,19.7593,191.0067,6.663,0.3082,0.5,0.3193,Ineficiente
531.72,False,8,Casa,9,3,156.0,4,5,687.1,31,17.1523,177.24,3.4085,-0.2261,0.5,0.1513,Eficiente
1199.43,False,31,Pequeno negocio,13,15,192.0,1,8,1462.15,30,39.981,79.962,6.247,-0.1797,0.0323,0.3025,Moderado
2421.71,True,25,Pequeno negocio,7,14,49.0,5,3,1885.34,29,83.5072,172.9793,49.4227,0.2845,0.2,0.4597,Ineficiente
595.97,False,20,Casa,10,2,188.0,2,9,612.85,30,19.8657,297.985,3.1701,-0.0275,0.1,0.239,Moderado
318.78,True,19,Departamento,8,2,40.0,1,0,292.19,28,11.385,159.39,7.9695,0.091,0.0526,0.2945,Moderado
599.77,True,18,Casa,9,4,124.0,1,9,582.07,28,21.4204,149.9425,4.8369,0.0304,0.0556,0.302,Moderado
1420.23,False,34,Pequeno negocio,10,3,229.0,3,0,1346.05,30,47.341,473.41,6.2019,0.0551,0.0882,0.3,Moderado
462.99,True,9,Pequeno negocio,0,6,138.0,0,2,544.33,29,15.9652,77.165,3.355,-0.1494,0.0,0.1142,Eficiente
926.99,False,27,Pequeno negocio,1,8,78.0,0,12,923.14,31,29.9029,115.8738,11.8845,0.0042,0.0,0.2646,Moderado
750.47,False,19,Casa,0,4,237.0,5,10,782.77,29,25.8783,187.6175,3.1665,-0.0413,0.2632,0.2009,Eficiente
441.62,True,12,Casa,11,1,173.0,0,9,394.23,31,14.2458,441.62,2.5527,0.1202,0.0,0.295,Moderado
802.47,True,9,Casa,13,4,271.0,7,12,650.8,30,26.749,200.6175,2.9611,0.2331,0.7778,0.4165,Ineficiente
782.09,True,10,Casa,5,5,133.0,9,8,860.95,28,27.9318,156.418,5.8804,-0.0916,0.9,0.3731,Ineficiente
398.99,True,16,Casa,1,3,290.0,1,1,379.17,29,13.7583,132.9967,1.3758,0.0523,0.0625,0.1526,Eficiente
436.43,True,16,Casa,0,3,251.0,0,10,429.42,31,14.0784,145.4767,1.7388,0.0163,0.0,0.2276,Eficiente
753.97,True,37,Pequeno negocio,6,2,99.0,2,3,710.21,31,24.3216,376.985,7.6159,0.0616,0.0541,0.3245,Ineficiente
610.34,False,12,Casa,9,7,67.0,0,7,578.62,28,21.7979,87.1914,9.1096,0.0548,0.0,0.2111,Eficiente
605.61,False,18,Casa,4,5,79.0,2,11,531.66,28,21.6289,121.122,7.6659,0.1391,0.1111,0.2343,Moderado
1251.2,True,14,Pequeno negocio,9,8,223.0,8,8,1368.07,31,40.3613,156.4,5.6108,-0.0854,0.5714,0.3719,Ineficiente
189.35,False,3,Departamento,2,1,119.0,3,0,254.37,29,6.5293,189.35,1.5912,-0.2556,1.0,0.144,Eficiente
625.4,True,6,Departamento,10,6,59.0,6,10,699.39,30,20.8467,104.2333,10.6,-0.1058,1.0,0.3069,Ineficiente
493.36,True,10,Departamento,4,1,91.0,8,10,533.51,29,17.0124,493.36,5.4215,-0.0753,0.8,0.3316,Ineficiente
678.7,True,19,Pequeno negocio,14,1,183.0,8,1,577.11,28,24.2393,678.7,3.7087,0.176,0.4211,0.3753,Ineficiente
657.78,False,19,Departamento,11,3,36.0,5,12,588.92,30,21.926,219.26,18.2717,0.1169,0.2632,0.3364,Ineficiente
363.38,True,13,Departamento,6,2,120.0,1,2,289.97,28,12.9779,181.69,3.0282,0.2532,0.0769,0.1548,Eficiente
770.23,False,12,Departamento,14,7,129.0,7,0,773.24,31,24.8461,110.0329,5.9708,-0.0039,0.5833,0.188,Eficiente
790.06,False,4,Casa,14,7,147.0,4,7,695.27,29,27.2434,112.8657,5.3746,0.1363,1.0,0.3498,Ineficiente
1884.14,False,4,Casa,2,4,122.0,4,8,1875.01,31,60.7787,471.035,15.4438,0.0049,1.0,0.2949,Moderado
1869.62,False,24,Departamento,8,4,109.0,6,1,2162.82,28,66.7721,467.405,17.1525,-0.1356,0.25,0.3071,Ineficiente
800.69,True,21,Casa,9,6,68.0,5,2,938.11,28,28.5961,133.4483,11.7749,-0.1465,0.2381,0.3175,Ineficiente
445.04,False,3,Departamento,5,5,49.0,3,8,828.17,28,15.8943,89.008,9.0824,-0.4626,1.0,0.1578,Eficiente
740.89,True,12,Casa,14,4,195.0,6,1,691.15,28,26.4604,185.2225,3.7994,0.072,0.5,0.3466,Ineficiente
730.13,True,23,Casa,10,6,118.0,1,10,593.61,31,23.5526,121.6883,6.1875,0.23,0.0435,0.2472,Moderado
690.06,True,18,Casa,11,2,244.0,6,3,625.37,28,24.645,345.03,2.8281,0.1034,0.3333,0.2908,Moderado
2433.69,True,6,Pequeno negocio,2,12,182.0,3,10,2312.12,28,86.9175,202.8075,13.3719,0.0526,0.5,0.3178,Ineficiente
1027.28,False,12,Casa,13,1,295.0,1,9,883.14,28,36.6886,1027.28,3.4823,0.1632,0.0833,0.2849,Moderado
439.22,True,21,Departamento,14,1,54.0,2,4,512.48,31,14.1684,439.22,8.1337,-0.143,0.0952,0.2938,Moderado
1050.73,True,23,Pequeno negocio,13,3,245.0,8,10,1031.94,31,33.8945,350.2433,4.2887,0.0182,0.3478,0.381,Ineficiente
572.99,False,15,Casa,6,5,178.0,6,2,596.38,29,19.7583,114.598,3.219,-0.0392,0.4,0.2353,Moderado
590.87,True,10,Departamento,14,6,48.0,0,6,545.8,29,20.3748,98.4783,12.3098,0.0826,0.0,0.2907,Moderado
672.3,True,7,Casa,0,5,208.0,3,12,721.88,30,22.41,134.46,3.2322,-0.0687,0.4286,0.1842,Eficiente
1184.22,True,21,Casa,3,4,144.0,6,11,933.42,29,40.8352,296.055,8.2238,0.2687,0.2857,0.3502,Ineficiente
773.26,True,8,Departamento,9,2,110.0,5,11,635.3,30,25.7753,386.63,7.0296,0.2172,0.625,0.3399,Ineficiente
1246.9,False,18,Pequeno negocio,11,9,245.0,7,1,1617.69,29,42.9966,138.5444,5.0894,-0.2292,0.3889,0.3296,Ineficiente
668.8,False,10,Casa,1,5,208.0,6,4,507.38,29,23.0621,133.76,3.2154,0.3181,0.6,0.1826,Eficiente
178.8,False,16,Departamento,4,1,48.0,0,0,172.83,31,5.7677,178.8,3.725,0.0345,0.0,0.1354,Eficiente
1945.47,True,20,Casa,1,6,210.0,8,11,1909.17,29,67.0852,324.245,9.2641,0.019,0.4,0.3516,Ineficiente
485.71,False,15,Departamento,1,3,119.0,5,10,444.96,31,15.6681,161.9033,4.0816,0.0916,0.3333,0.1551,Eficiente
441.95,False,6,Departamento,0,3,76.0,6,11,390.6,31,14.2565,147.3167,5.8151,0.1315,1.0,0.2541,Moderado
343.93,False,9,Departamento,14,1,47.0,2,1,430.38,29,11.8597,343.93,7.3177,-0.2009,0.2222,0.1696,Eficiente
614.5,True,8,Departamento,13,2,47.0,6,4,540.02,28,21.9464,307.25,13.0745,0.1379,0.75,0.2868,Moderado
421.92,False,18,Casa,9,1,180.0,0,9,446.2,28,15.0686,421.92,2.344,-0.0544,0.0,0.225,Eficiente
704.9,True,18,Departamento,0,6,36.0,1,4,530.88,29,24.3069,117.4833,19.5806,0.3278,0.0556,0.2113,Eficiente
461.77,True,6,Departamento,10,4,44.0,6,3,687.65,31,14.8958,115.4425,10.4948,-0.3285,1.0,0.2559,Moderado
749.02,False,16,Departamento,8,6,85.0,8,12,777.55,31,24.1619,124.8367,8.812,-0.0367,0.5,0.2575,Moderado
1046.12,False,13,Casa,11,4,218.0,9,6,1168.04,29,36.0731,261.53,4.7987,-0.1044,0.6923,0.3547,Ineficiente
780.37,False,12,Casa,7,7,239.0,2,9,757.37,29,26.9093,111.4814,3.2651,0.0304,0.1667,0.1998,Eficiente
2224.01,True,21,Casa,0,6,214.0,8,10,2306.0,30,74.1337,370.6683,10.3926,-0.0356,0.381,0.3785,Ineficiente
467.07,True,4,Casa,13,2,116.0,0,8,502.86,28,16.6811,233.535,4.0265,-0.0712,0.0,0.2823,Moderado
763.6,False,18,Casa,13,1,157.0,4,9,1023.41,29,26.331,763.6,4.8637,-0.2539,0.2222,0.3292,Ineficiente
884.57,True,15,Casa,13,7,73.0,4,12,946.15,28,31.5918,126.3671,12.1174,-0.0651,0.2667,0.3685,Ineficiente
487.38,True,8,Departamento,9,2,56.0,7,6,436.86,30,16.246,243.69,8.7032,0.1156,0.875,0.3672,Ineficiente
911.81,True,8,Casa,13,6,252.0,6,11,861.06,30,30.3937,151.9683,3.6183,0.0589,0.75,0.3664,Ineficiente
515.52,False,34,Pequeno negocio,1,2,163.0,3,0,528.01,31,16.6297,257.76,3.1627,-0.0237,0.0882,0.1352,Eficiente
353.6,True,16,Departamento,6,5,119.0,1,0,394.18,31,11.4065,70.72,2.9714,-0.1029,0.0625,0.188,Eficiente
594.91,True,17,Departamento,4,2,121.0,3,5,667.0,28,21.2468,297.455,4.9166,-0.1081,0.1765,0.2364,Moderado
469.74,False,9,Departamento,7,3,77.0,2,6,548.53,28,16.7764,156.58,6.1005,-0.1436,0.2222,0.124,Eficiente
510.15,False,11,Departamento,0,4,97.0,6,4,549.35,29,17.5914,127.5375,5.2593,-0.0714,0.5455,0.1812,Eficiente
470.89,False,24,Departamento,12,1,103.0,0,11,448.99,30,15.6963,470.89,4.5717,0.0488,0.0,0.2295,Moderado
3167.15,True,8,Pequeno negocio,4,13,221.0,4,0,3057.01,30,105.5717,243.6269,14.331,0.036,0.5,0.3459,Ineficiente
1076.33,True,15,Departamento,1,4,78.0,6,1,1199.64,28,38.4404,269.0825,13.7991,-0.1028,0.4,0.2242,Eficiente
383.88,True,5,Departamento,2,2,87.0,5,8,479.27,30,12.796,191.94,4.4124,-0.199,1.0,0.2282,Eficiente
1078.43,True,15,Departamento,1,3,70.0,7,0,880.2,31,34.7881,359.4767,15.4061,0.2252,0.4667,0.2372,Moderado
496.68,True,11,Departamento,10,7,79.0,2,2,533.72,28,17.7386,70.9543,6.2871,-0.0694,0.1818,0.2446,Moderado
906.02,False,21,Casa,13,3,171.0,5,11,1053.67,31,29.2265,302.0067,5.2984,-0.1401,0.2381,0.3659,Ineficiente
339.48,False,7,Departamento,1,7,40.0,0,10,331.73,28,12.1243,48.4971,8.487,0.0234,0.0,0.0872,Eficiente
863.5,True,24,Departamento,0,7,107.0,4,10,917.69,29,29.7759,123.3571,8.0701,-0.0591,0.1667,0.2804,Moderado
1088.95,False,36,Pequeno negocio,13,12,70.0,9,4,921.95,28,38.8911,90.7458,15.5564,0.1811,0.25,0.351,Ineficiente
551.21,True,20,Departamento,5,2,106.0,8,2,620.1,28,19.6861,275.605,5.2001,-0.1111,0.4,0.2511,Moderado
377.25,True,14,Departamento,1,2,123.0,6,4,453.76,29,13.0086,188.625,3.0671,-0.1686,0.4286,0.1738,Eficiente
487.42,False,10,Pequeno negocio,2,4,154.0,4,2,491.11,30,16.2473,121.855,3.1651,-0.0075,0.4,0.2176,Eficiente
776.67,True,22,Departamento,10,1,40.0,9,3,794.66,29,26.7817,776.67,19.4168,-0.0226,0.4091,0.3648,Ineficiente
814.78,True,21,Casa,1,4,261.0,4,10,898.55,30,27.1593,203.695,3.1218,-0.0932,0.1905,0.2391,Moderado
610.24,True,20,Casa,6,5,214.0,7,3,654.28,30,20.3413,122.048,2.8516,-0.0673,0.35,0.289,Moderado
481.25,False,6,Casa,14,6,69.0,5,2,446.21,30,16.0417,80.2083,6.9746,0.0785,0.8333,0.2144,Eficiente
586.71,False,11,Casa,6,7,201.0,0,3,498.68,30,19.557,83.8157,2.919,0.1765,0.0,0.1998,Eficiente
544.03,True,19,Casa,2,2,104.0,7,1,669.85,29,18.7597,272.015,5.2311,-0.1878,0.3684,0.2412,Moderado
587.26,True,5,Departamento,11,4,65.0,5,11,611.26,31,18.9439,146.815,9.0348,-0.0393,1.0,0.2952,Moderado
767.5,True,17,Departamento,6,5,45.0,7,11,700.24,28,27.4107,153.5,17.0556,0.0961,0.4118,0.3362,Ineficiente
1997.98,True,10,Casa,5,7,187.0,6,2,1747.48,31,64.451,285.4257,10.6844,0.1433,0.6,0.3023,Moderado
350.45,True,15,Departamento,3,4,50.0,0,10,295.78,28,12.5161,87.6125,7.009,0.1848,0.0,0.2677,Moderado
498.91,False,23,Casa,11,1,213.0,0,3,626.46,30,16.6303,498.91,2.3423,-0.2036,0.0,0.2355,Moderado
896.99,False,18,Pequeno negocio,7,12,41.0,8,5,930.63,31,28.9352,74.7492,21.8778,-0.0361,0.4444,0.3536,Ineficiente
728.63,False,11,Casa,7,4,291.0,4,12,690.45,31,23.5042,182.1575,2.5039,0.0553,0.3636,0.2791,Moderado
2355.71,True,18,Departamento,11,2,112.0,4,8,2820.58,30,78.5237,1177.855,21.0331,-0.1648,0.2222,0.4401,Ineficiente
445.63,False,3,Casa,5,2,181.0,3,10,444.01,31,14.3752,222.815,2.462,0.0036,1.0,0.1538,Eficiente
618.6,False,18,Departamento,9,2,105.0,9,5,830.26,29,21.331,309.3,5.8914,-0.2549,0.5,0.3288,Ineficiente
444.78,True,6,Casa,2,6,85.0,4,8,524.68,29,15.3372,74.13,5.2327,-0.1523,0.6667,0.1885,Eficiente
731.77,True,23,Departamento,8,7,103.0,5,3,985.71,31,23.6055,104.5386,7.1046,-0.2576,0.2174,0.283,Moderado
556.68,False,9,Casa,6,4,147.0,5,9,627.02,30,18.556,139.17,3.7869,-0.1122,0.5556,0.1965,Eficiente
969.83,False,16,Pequeno negocio,7,8,197.0,4,12,1651.97,31,31.2848,121.2288,4.923,-0.4129,0.25,0.2304,Moderado
686.24,True,17,Departamento,5,7,90.0,6,2,615.46,30,22.8747,98.0343,7.6249,0.115,0.3529,0.2874,Moderado
725.4,False,8,Departamento,1,5,126.0,1,7,703.59,31,23.4,145.08,5.7571,0.031,0.125,0.1917,Eficiente
904.73,True,19,Pequeno negocio,13,11,139.0,3,3,927.17,28,32.3118,82.2482,6.5088,-0.0242,0.1579,0.412,Ineficiente
1087.15,True,29,Pequeno negocio,6,15,156.0,4,8,1296.48,30,36.2383,72.4767,6.9689,-0.1615,0.1379,0.3161,Ineficiente
908.98,False,22,Casa,11,7,262.0,5,5,1340.5,28,32.4636,129.8543,3.4694,-0.3219,0.2273,0.2533,Moderado
989.62,False,14,Casa,13,1,171.0,4,5,942.37,30,32.9873,989.62,5.7873,0.0501,0.2857,0.3206,Ineficiente
507.66,True,13,Casa,6,5,216.0,4,5,601.42,29,17.5055,101.532,2.3503,-0.1559,0.3077,0.2533,Moderado
1200.25,True,8,Casa,12,5,88.0,8,6,1244.06,30,40.0083,240.05,13.6392,-0.0352,1.0,0.3561,Ineficiente
397.49,False,3,Departamento,6,4,109.0,3,2,358.84,31,12.8223,99.3725,3.6467,0.1077,1.0,0.0953,Eficiente
858.74,False,6,Pequeno negocio,0,10,247.0,6,3,1178.43,28,30.6693,85.874,3.4767,-0.2713,1.0,0.0833,Eficiente
1175.61,True,26,Pequeno negocio,13,13,33.0,5,0,1161.77,30,39.187,90.4315,35.6245,0.0119,0.1923,0.4492,Ineficiente
2116.19,True,21,Departamento,12,5,44.0,4,5,2127.05,30,70.5397,423.238,48.0952,-0.0051,0.1905,0.441,Ineficiente
575.35,False,24,Departamento,8,3,60.0,4,7,376.81,29,19.8397,191.7833,9.5892,0.5269,0.1667,0.2726,Moderado
980.37,True,29,Pequeno negocio,12,3,35.0,8,8,1071.75,30,32.679,326.79,28.0106,-0.0853,0.2759,0.5201,Ineficiente
1134.79,True,14,Pequeno negocio,10,8,176.0,6,2,1668.32,31,36.6061,141.8488,6.4477,-0.3198,0.4286,0.3134,Ineficiente
1035.75,False,23,Casa,12,6,287.0,8,10,1153.04,30,34.525,172.625,3.6089,-0.1017,0.3478,0.3275,Ineficiente
441.39,False,15,Departamento,0,2,38.0,8,5,597.31,28,15.7639,220.695,11.6155,-0.261,0.5333,0.1408,Eficiente
1456.56,False,36,Pequeno negocio,12,13,231.0,9,10,1209.72,30,48.552,112.0431,6.3055,0.204,0.25,0.484,Ineficiente
656.34,True,18,Casa,3,1,144.0,5,10,531.07,28,23.4407,656.34,4.5579,0.2359,0.2778,0.2728,Moderado
709.83,True,24,Casa,14,2,216.0,3,0,740.22,29,24.4769,354.915,3.2862,-0.0411,0.125,0.2714,Moderado
1616.22,False,22,Pequeno negocio,14,15,238.0,9,0,1501.01,31,52.1361,107.748,6.7908,0.0768,0.4091,0.3827,Ineficiente
532.31,False,7,Pequeno negocio,0,4,185.0,2,6,518.36,30,17.7437,133.0775,2.8774,0.0269,0.2857,0.0845,Eficiente
1212.81,False,11,Pequeno negocio,9,13,198.0,3,10,1249.01,30,40.427,93.2931,6.1253,-0.029,0.2727,0.2189,Eficiente
1361.81,True,13,Departamento,5,3,89.0,9,4,1691.54,28,48.6361,453.9367,15.3012,-0.1949,0.6923,0.3511,Ineficiente
705.21,False,7,Casa,3,4,244.0,7,7,644.69,28,25.1861,176.3025,2.8902,0.0939,1.0,0.2249,Eficiente
804.2,True,17,Casa,14,6,199.0,5,7,785.32,31,25.9419,134.0333,4.0412,0.024,0.2941,0.2937,Moderado
1016.39,False,21,Departamento,6,6,96.0,5,9,743.37,28,36.2996,169.3983,10.5874,0.3673,0.2381,0.3326,Ineficiente
498.93,False,19,Departamento,8,3,43.0,4,11,504.63,31,16.0945,166.31,11.603,-0.0113,0.2105,0.201,Eficiente
546.01,True,10,Departamento,4,2,76.0,8,7,511.58,29,18.8279,273.005,7.1843,0.0673,0.8,0.2923,Moderado
649.42,True,23,Departamento,10,5,116.0,4,10,631.8,30,21.6473,129.884,5.5984,0.0279,0.1739,0.2912,Moderado
715.02,True,3,Casa,3,1,253.0,3,7,774.52,30,23.834,715.02,2.8262,-0.0768,1.0,0.2418,Moderado
248.23,False,22,Departamento,5,4,91.0,0,4,242.18,29,8.5597,62.0575,2.7278,0.025,0.0,0.1609,Eficiente
538.21,True,7,Casa,10,2,152.0,1,7,554.77,31,17.3616,269.105,3.5409,-0.0299,0.1429,0.2251,Eficiente
661.85,True,8,Casa,3,5,287.0,2,9,813.89,29,22.8224,132.37,2.3061,-0.1868,0.25,0.1743,Eficiente
773.58,True,9,Casa,11,1,221.0,2,11,668.68,29,26.6752,773.58,3.5004,0.1569,0.2222,0.3359,Ineficiente
629.52,True,12,Casa,14,6,244.0,2,1,689.4,31,20.3071,104.92,2.58,-0.0869,0.1667,0.2408,Moderado
1075.75,False,12,Pequeno negocio,10,14,98.0,6,4,958.52,29,37.0948,76.8393,10.977,0.1223,0.5,0.253,Moderado
728.09,True,18,Casa,5,4,270.0,5,1,727.72,29,25.1066,182.0225,2.6966,0.0005,0.2778,0.2483,Moderado
390.55,True,5,Casa,2,5,174.0,0,2,370.66,28,13.9482,78.11,2.2445,0.0537,0.0,0.1675,Eficiente
830.84,True,5,Departamento,8,4,115.0,5,2,811.76,31,26.8013,207.71,7.2247,0.0235,1.0,0.2118,Eficiente
261.55,False,3,Departamento,6,4,93.0,0,11,215.83,28,9.3411,65.3875,2.8124,0.2118,0.0,0.1366,Eficiente
1064.99,True,24,Casa,3,2,184.0,5,5,892.2,29,36.7238,532.495,5.788,0.1937,0.2083,0.3719,Ineficiente
417.39,True,4,Casa,5,6,118.0,0,11,413.82,29,14.3928,69.565,3.5372,0.0086,0.0,0.1805,Eficiente
760.44,True,19,Casa,14,4,241.0,0,6,667.81,31,24.5303,190.11,3.1554,0.1387,0.0,0.4001,Ineficiente
752.05,True,16,Departamento,2,2,38.0,8,0,740.86,29,25.9328,376.025,19.7908,0.0151,0.5,0.327,Ineficiente
612.86,False,21,Casa,3,2,85.0,0,5,584.12,29,21.1331,306.43,7.2101,0.0492,0.0,0.1628,Eficiente
868.11,True,12,Casa,5,4,149.0,9,9,669.77,30,28.937,217.0275,5.8262,0.2961,0.75,0.3151,Ineficiente
747.06,False,22,Casa,13,6,72.0,4,8,770.31,30,24.902,124.51,10.3758,-0.0302,0.1818,0.3256,Ineficiente
618.66,False,13,Departamento,5,7,64.0,8,4,536.13,28,22.095,88.38,9.6666,0.1539,0.6154,0.3206,Ineficiente
376.53,False,6,Casa,4,3,296.0,1,1,349.97,28,13.4475,125.51,1.2721,0.0759,0.1667,0.0819,Eficiente
701.08,True,29,Pequeno negocio,4,1,164.0,4,9,707.8,28,25.0386,701.08,4.2749,-0.0095,0.1379,0.3848,Ineficiente
1035.28,True,12,Casa,14,1,279.0,8,6,999.35,31,33.3961,1035.28,3.7107,0.036,0.6667,0.4471,Ineficiente
353.67,True,3,Departamento,5,4,112.0,0,10,341.22,28,12.6311,88.4175,3.1578,0.0365,0.0,0.1567,Eficiente
626.89,False,17,Casa,5,2,289.0,4,3,603.36,30,20.8963,313.445,2.1692,0.039,0.2353,0.2606,Moderado
761.83,False,10,Casa,5,6,99.0,1,2,720.53,30,25.3943,126.9717,7.6953,0.0573,0.1,0.1648,Eficiente
625.34,True,21,Casa,13,4,74.0,3,4,609.98,30,20.8447,156.335,8.4505,0.0252,0.1429,0.3404,Ineficiente
1065.68,False,19,Pequeno negocio,10,11,47.0,9,3,1013.0,31,34.3768,96.88,22.674,0.052,0.4737,0.3315,Ineficiente
991.87,False,9,Pequeno negocio,8,8,149.0,5,6,862.71,28,35.4239,123.9838,6.6568,0.1497,0.5556,0.193,Eficiente
634.79,False,21,Casa,3,6,203.0,3,6,549.37,29,21.8893,105.7983,3.127,0.1555,0.1429,0.1814,Eficiente
420.33,False,5,Casa,1,3,276.0,5,1,383.7,30,14.011,140.11,1.5229,0.0955,1.0,0.1511,Eficiente
1053.47,False,19,Pequeno negocio,1,4,83.0,2,6,835.99,28,37.6239,263.3675,12.6924,0.2601,0.1053,0.2711,Moderado
271.68,False,17,Departamento,4,2,50.0,0,5,284.82,29,9.3683,135.84,5.4336,-0.0461,0.0,0.1283,Eficiente
954.51,True,23,Casa,11,3,249.0,5,6,1141.45,31,30.7906,318.17,3.8334,-0.1638,0.2174,0.3213,Ineficiente
731.19,False,9,Casa,11,3,168.0,7,9,720.41,29,25.2134,243.73,4.3523,0.015,0.7778,0.3291,Ineficiente
536.96,True,13,Departamento,11,6,61.0,1,5,596.27,31,17.3213,89.4933,8.8026,-0.0995,0.0769,0.3264,Ineficiente
496.69,True,11,Departamento,10,7,107.0,1,3,415.21,29,17.1272,70.9557,4.642,0.1962,0.0909,0.2782,Moderado
1470.16,False,11,Departamento,7,6,36.0,5,11,2460.95,28,52.5057,245.0267,40.8378,-0.4026,0.4545,0.2917,Moderado
894.12,True,23,Pequeno negocio,5,10,35.0,3,9,969.65,30,29.804,89.412,25.5463,-0.0779,0.1304,0.3362,Ineficiente
678.03,True,17,Departamento,10,1,79.0,9,12,933.84,29,23.3803,678.03,8.5827,-0.2739,0.5294,0.3937,Ineficiente
421.87,True,6,Casa,2,2,184.0,3,3,410.09,31,13.6087,210.935,2.2928,0.0287,0.5,0.2047,Eficiente
472.25,False,22,Departamento,1,7,106.0,3,7,569.64,31,15.2339,67.4643,4.4552,-0.171,0.1364,0.2034,Eficiente
706.0,True,5,Casa,12,5,129.0,5,9,700.51,29,24.3448,141.2,5.4729,0.0078,1.0,0.3264,Ineficiente
847.62,False,22,Casa,7,2,123.0,9,11,687.64,31,27.3426,423.81,6.8912,0.2327,0.4091,0.4213,Ineficiente
631.67,False,12,Casa,9,6,185.0,6,2,641.21,31,20.3765,105.2783,3.4144,-0.0149,0.5,0.2352,Moderado
748.37,True,17,Casa,14,2,219.0,6,3,646.02,29,25.8059,374.185,3.4172,0.1584,0.3529,0.3362,Ineficiente
1071.11,True,22,Departamento,10,6,119.0,8,12,921.42,28,38.2539,178.5183,9.0009,0.1625,0.3636,0.4511,Ineficiente
911.46,True,22,Casa,11,7,78.0,8,7,803.03,30,30.382,130.2086,11.6854,0.135,0.3636,0.3965,Ineficiente
464.58,True,6,Casa,7,4,235.0,5,1,624.99,30,15.486,116.145,1.9769,-0.2567,0.8333,0.2181,Eficiente
401.35,True,11,Departamento,4,5,42.0,2,2,330.29,30,13.3783,80.27,9.556,0.2151,0.1818,0.2437,Moderado
506.99,True,4,Departamento,5,6,104.0,1,12,529.91,30,16.8997,84.4983,4.8749,-0.0433,0.25,0.2504,Moderado
648.91,True,17,Departamento,13,7,69.0,5,11,594.68,31,20.9326,92.7014,9.4045,0.0912,0.2941,0.303,Moderado
600.66,True,13,Pequeno negocio,5,8,36.0,6,2,584.65,31,19.3761,75.0825,16.685,0.0274,0.4615,0.2845,Moderado
669.97,True,24,Departamento,14,3,99.0,3,7,759.94,29,23.1024,223.3233,6.7674,-0.1184,0.125,0.319,Ineficiente
536.78,False,16,Casa,0,2,165.0,4,9,624.04,29,18.5097,268.39,3.2532,-0.1398,0.25,0.173,Eficiente
409.3,False,12,Departamento,4,3,89.0,4,5,304.4,28,14.6179,136.4333,4.5989,0.3446,0.3333,0.1269,Eficiente
409.1,True,6,Departamento,14,1,36.0,5,3,485.54,30,13.6367,409.1,11.3639,-0.1574,0.8333,0.3168,Ineficiente
730.09,False,9,Casa,8,5,128.0,8,9,726.7,30,24.3363,146.018,5.7038,0.0047,0.8889,0.2961,Moderado
497.55,True,20,Casa,5,3,75.0,4,1,388.15,31,16.05,165.85,6.634,0.2818,0.2,0.3074,Ineficiente
520.66,False,6,Casa,2,5,174.0,5,2,564.84,28,18.595,104.132,2.9923,-0.0782,0.8333,0.1454,Eficiente
365.65,False,21,Departamento,7,1,107.0,4,0,298.8,31,11.7952,365.65,3.4173,0.2237,0.1905,0.1927,Eficiente
669.85,False,16,Casa,14,3,87.0,3,11,615.11,30,22.3283,223.2833,7.6994,0.089,0.1875,0.2445,Moderado
494.25,False,14,Casa,5,3,159.0,7,1,406.02,31,15.9435,164.75,3.1085,0.2173,0.5,0.2559,Moderado
1469.68,False,19,Pequeno negocio,7,15,179.0,6,11,1157.55,28,52.4886,97.9787,8.2105,0.2696,0.3158,0.3683,Ineficiente
1267.61,True,27,Pequeno negocio,5,13,229.0,5,5,1263.43,29,43.7107,97.5085,5.5354,0.0033,0.1852,0.3292,Ineficiente
575.3,False,7,Casa,12,5,242.0,2,1,864.27,31,18.5581,115.06,2.3773,-0.3344,0.2857,0.1585,Eficiente
655.61,True,10,Pequeno negocio,10,1,114.0,8,7,938.58,31,21.1487,655.61,5.751,-0.3015,0.8,0.3543,Ineficiente
857.54,True,13,Casa,9,6,204.0,8,4,837.44,30,28.5847,142.9233,4.2036,0.024,0.6154,0.2783,Moderado
919.57,False,14,Pequeno negocio,10,5,117.0,7,6,1023.51,31,29.6635,183.914,7.8596,-0.1016,0.5,0.265,Moderado
1122.43,True,9,Pequeno negocio,6,12,207.0,8,12,1177.27,30,37.4143,93.5358,5.4224,-0.0466,0.8889,0.3764,Ineficiente
810.55,True,12,Casa,12,1,251.0,4,8,715.71,29,27.95,810.55,3.2293,0.1325,0.3333,0.3032,Moderado
643.52,True,11,Departamento,9,7,129.0,6,0,855.64,29,22.1903,91.9314,4.9885,-0.2479,0.5455,0.2738,Moderado
516.08,False,35,Pequeno negocio,1,1,162.0,2,1,545.75,30,17.2027,516.08,3.1857,-0.0544,0.0571,0.1666,Eficiente
819.61,True,11,Pequeno negocio,5,3,220.0,7,10,1126.91,30,27.3203,273.2033,3.7255,-0.2727,0.6364,0.2618,Moderado
869.49,True,5,Pequeno negocio,13,14,60.0,0,8,1195.54,29,29.9824,62.1064,14.4915,-0.2727,0.0,0.2509,Moderado
361.88,True,10,Departamento,3,2,40.0,5,6,319.32,28,12.9243,180.94,9.047,0.1333,0.5,0.2535,Moderado
717.21,False,3,Casa,14,2,176.0,2,10,680.53,29,24.7314,358.605,4.0751,0.0539,0.6667,0.2577,Moderado
1997.67,True,27,Pequeno negocio,12,5,69.0,5,2,2699.23,30,66.589,399.534,28.9517,-0.2599,0.1852,0.4395,Ineficiente
603.39,True,5,Departamento,14,6,125.0,2,2,555.68,29,20.8066,100.565,4.8271,0.0859,0.4,0.2878,Moderado
660.92,True,17,Departamento,11,4,114.0,9,5,1135.98,30,22.0307,165.23,5.7975,-0.4182,0.5294,0.2839,Moderado
294.69,False,3,Casa,1,2,299.0,1,10,331.74,28,10.5246,147.345,0.9856,-0.1117,0.3333,0.0949,Eficiente
653.88,False,7,Departamento,2,1,56.0,7,12,549.43,29,22.5476,653.88,11.6764,0.1901,1.0,0.2548,Moderado
520.5,True,8,Casa,7,1,238.0,6,3,646.35,30,17.35,520.5,2.187,-0.1947,0.75,0.2846,Moderado
590.9,True,16,Departamento,5,2,58.0,9,8,564.0,30,19.6967,295.45,10.1879,0.0477,0.5625,0.3167,Ineficiente
701.9,True,11,Casa,14,6,267.0,3,5,648.95,31,22.6419,116.9833,2.6288,0.0816,0.2727,0.2592,Moderado
715.27,True,19,Departamento,12,7,98.0,7,11,788.13,28,25.5454,102.1814,7.2987,-0.0924,0.3684,0.3478,Ineficiente
1341.21,False,23,Pequeno negocio,11,13,142.0,0,10,1448.08,29,46.2486,103.17,9.4451,-0.0738,0.0,0.324,Ineficiente
687.95,True,11,Departamento,14,7,75.0,6,2,811.8,30,22.9317,98.2786,9.1727,-0.1526,0.5455,0.3183,Ineficiente
349.68,False,3,Departamento,0,3,90.0,3,8,308.91,28,12.4886,116.56,3.8853,0.132,1.0,0.1491,Eficiente
969.44,True,24,Casa,10,3,119.0,7,0,1092.94,30,32.3147,323.1467,8.1466,-0.113,0.2917,0.3011,Moderado
1218.66,True,23,Pequeno negocio,13,12,141.0,7,6,1360.63,29,42.0228,101.555,8.643,-0.1043,0.3043,0.4363,Ineficiente
434.73,False,14,Departamento,14,1,56.0,4,3,511.49,30,14.491,434.73,7.763,-0.1501,0.2857,0.2693,Moderado
947.27,False,23,Casa,12,7,239.0,3,4,679.35,31,30.5571,135.3243,3.9635,0.3944,0.1304,0.3248,Ineficiente
2074.7,True,17,Casa,12,6,261.0,7,4,1667.09,28,74.0964,345.7833,7.949,0.2445,0.4118,0.4268,Ineficiente
921.58,False,15,Casa,11,1,114.0,9,7,866.05,29,31.7786,921.58,8.084,0.0641,0.6,0.4103,Ineficiente
348.57,True,10,Departamento,1,2,91.0,3,11,336.83,30,11.619,174.285,3.8304,0.0349,0.3,0.1648,Eficiente
463.58,False,5,Pequeno negocio,6,1,60.0,5,6,381.71,31,14.9542,463.58,7.7263,0.2145,1.0,0.1682,Eficiente
799.93,True,7,Departamento,13,6,70.0,4,11,898.64,29,27.5838,133.3217,11.4276,-0.1098,0.5714,0.2988,Moderado
817.78,True,13,Casa,9,2,87.0,8,12,966.5,28,29.2064,408.89,9.3998,-0.1539,0.6154,0.3436,Ineficiente
1008.12,False,8,Pequeno negocio,3,3,184.0,6,2,857.91,29,34.7628,336.04,5.4789,0.1751,0.75,0.2185,Eficiente
818.14,True,5,Casa,10,4,111.0,5,10,634.78,30,27.2713,204.535,7.3706,0.2889,1.0,0.3433,Ineficiente
2379.96,True,7,Pequeno negocio,0,14,113.0,6,2,2630.92,30,79.332,169.9971,21.0616,-0.0954,0.8571,0.3392,Ineficiente
953.04,False,7,Casa,5,3,271.0,7,1,905.64,30,31.768,317.68,3.5168,0.0523,1.0,0.22,Eficiente
489.03,True,4,Departamento,11,4,101.0,4,2,447.95,29,16.8631,122.2575,4.8419,0.0917,1.0,0.2365,Moderado
651.48,False,20,Pequeno negocio,11,3,116.0,3,5,633.52,31,21.0155,217.16,5.6162,0.0283,0.15,0.2507,Moderado
652.53,True,18,Casa,7,2,97.0,7,2,609.86,31,21.0494,326.265,6.7271,0.07,0.3889,0.335,Ineficiente
498.85,True,22,Departamento,4,2,100.0,6,7,508.15,30,16.6283,249.425,4.9885,-0.0183,0.2727,0.27,Moderado
1493.58,True,37,Pequeno negocio,7,1,179.0,5,7,2434.45,30,49.786,1493.58,8.344,-0.3865,0.1351,0.4196,Ineficiente
567.38,True,13,Casa,2,6,149.0,2,9,574.69,31,18.3026,94.5633,3.8079,-0.0127,0.1538,0.1994,Eficiente
760.22,True,17,Casa,14,3,97.0,4,11,679.67,31,24.5232,253.4067,7.8373,0.1185,0.2353,0.3936,Ineficiente
358.64,True,13,Departamento,12,3,36.0,2,2,332.53,28,12.8086,119.5467,9.9622,0.0785,0.1538,0.287,Moderado
729.95,False,3,Casa,10,6,273.0,1,12,781.33,31,23.5468,121.6583,2.6738,-0.0658,0.3333,0.2388,Moderado
918.6,True,12,Casa,5,7,278.0,9,10,796.23,30,30.62,131.2286,3.3043,0.1537,0.75,0.3317,Ineficiente
304.47,True,5,Departamento,2,2,116.0,5,0,303.49,29,10.499,152.235,2.6247,0.0032,1.0,0.1723,Eficiente
322.9,False,3,Departamento,0,3,106.0,3,8,304.29,29,11.1345,107.6333,3.0462,0.0612,1.0,0.0853,Eficiente
499.36,True,19,Casa,5,3,289.0,4,3,548.52,28,17.8343,166.4533,1.7279,-0.0896,0.2105,0.1833,Eficiente
423.26,False,5,Casa,12,6,258.0,0,0,449.55,31,13.6535,70.5433,1.6405,-0.0585,0.0,0.1335,Eficiente
924.83,False,24,Pequeno negocio,5,12,98.0,3,8,888.25,28,33.0296,77.0692,9.437,0.0412,0.125,0.2453,Moderado
407.8,False,24,Departamento,11,4,88.0,1,0,404.42,30,13.5933,101.95,4.6341,0.0084,0.0417,0.205,Eficiente
886.35,False,24,Pequeno negocio,2,11,50.0,5,2,929.96,31,28.5919,80.5773,17.727,-0.0469,0.2083,0.261,Moderado
651.27,True,3,Casa,12,3,146.0,3,8,702.6,30,21.709,217.09,4.4608,-0.0731,1.0,0.227,Eficiente
503.62,False,15,Pequeno negocio,1,3,145.0,9,1,770.31,31,16.2458,167.8733,3.4732,-0.3462,0.6,0.1109,Eficiente
516.32,True,10,Departamento,5,5,46.0,8,9,632.89,31,16.6555,103.264,11.2243,-0.1842,0.8,0.2164,Eficiente
543.75,True,16,Casa,2,7,266.0,6,0,554.58,28,19.4196,77.6786,2.0442,-0.0195,0.375,0.205,Eficiente
943.48,True,16,Pequeno negocio,9,8,213.0,8,4,962.06,28,33.6957,117.935,4.4295,-0.0193,0.5,0.3842,Ineficiente
248.32,True,4,Departamento,2,3,42.0,3,3,235.4,28,8.8686,82.7733,5.9124,0.0549,0.75,0.2102,Eficiente
303.48,True,12,Casa,0,4,249.0,1,2,255.07,29,10.4648,75.87,1.2188,0.1898,0.0833,0.1986,Eficiente
770.29,False,9,Casa,4,7,213.0,5,6,832.37,29,26.5617,110.0414,3.6164,-0.0746,0.5556,0.1711,Eficiente
312.6,True,24,Departamento,0,3,83.0,0,2,383.91,29,10.7793,104.2,3.7663,-0.1857,0.0,0.1185,Eficiente
628.71,False,9,Casa,5,6,132.0,9,1,514.38,28,22.4539,104.785,4.763,0.2223,1.0,0.2473,Moderado
440.72,False,3,Casa,3,5,115.0,1,5,413.29,28,15.74,88.144,3.8323,0.0664,0.3333,0.1812,Eficiente
1489.83,True,16,Casa,13,4,103.0,8,6,1627.51,30,49.661,372.4575,14.4644,-0.0846,0.5,0.4055,Ineficiente
827.72,True,22,Casa,7,5,129.0,6,8,1125.52,30,27.5907,165.544,6.4164,-0.2646,0.2727,0.2789,Moderado
1304.59,False,21,Casa,6,2,294.0,2,1,961.47,29,44.9859,652.295,4.4374,0.3569,0.0952,0.2626,Moderado
383.15,False,5,Departamento,9,3,79.0,5,2,397.42,29,13.2121,127.7167,4.85,-0.0359,1.0,0.1707,Eficiente
353.67,False,19,Casa,2,3,95.0,5,0,333.99,29,12.1955,117.89,3.7228,0.0589,0.2632,0.2315,Moderado
892.05,True,7,Casa,2,6,192.0,7,10,1038.57,28,31.8589,148.675,4.6461,-0.1411,1.0,0.2555,Moderado
298.78,False,6,Departamento,2,5,81.0,4,7,357.17,28,10.6707,59.756,3.6886,-0.1635,0.6667,0.1695,Eficiente
791.18,True,14,Casa,13,3,241.0,5,3,666.5,28,28.2564,263.7267,3.2829,0.1871,0.3571,0.3592,Ineficiente
684.72,True,20,Departamento,11,6,64.0,4,6,736.05,29,23.611,114.12,10.6988,-0.0697,0.2,0.3376,Ineficiente
726.03,True,22,Casa,14,4,203.0,0,10,794.05,28,25.9296,181.5075,3.5765,-0.0857,0.0,0.3626,Ineficiente
927.25,False,16,Casa,12,7,138.0,7,9,921.31,29,31.9741,132.4643,6.7192,0.0064,0.4375,0.3621,Ineficiente
705.39,True,12,Casa,1,5,281.0,2,12,701.63,29,24.3238,141.078,2.5103,0.0054,0.1667,0.2206,Eficiente
398.62,False,15,Departamento,2,7,112.0,2,2,344.02,29,13.7455,56.9457,3.5591,0.1587,0.1333,0.1088,Eficiente
1190.98,True,9,Casa,12,7,268.0,3,2,1213.36,30,39.6993,170.14,4.444,-0.0184,0.3333,0.2852,Moderado
867.36,True,5,Pequeno negocio,8,1,201.0,5,9,795.69,28,30.9771,867.36,4.3152,0.0901,1.0,0.31,Ineficiente
625.87,False,11,Casa,9,2,122.0,7,11,696.73,28,22.3525,312.935,5.1301,-0.1017,0.6364,0.3198,Ineficiente
358.42,False,6,Departamento,3,6,41.0,6,2,417.69,31,11.5619,59.7367,8.742,-0.1419,1.0,0.16,Eficiente
568.32,True,5,Departamento,7,2,113.0,5,9,660.79,31,18.3329,284.16,5.0294,-0.1399,1.0,0.1994,Eficiente
793.07,False,19,Casa,13,6,173.0,3,7,894.4,28,28.3239,132.1783,4.5842,-0.1133,0.1579,0.2417,Moderado
659.64,True,21,Departamento,7,2,37.0,9,11,528.11,28,23.5586,329.82,17.8281,0.2491,0.4286,0.3823,Ineficiente
676.47,True,19,Casa,10,7,76.0,4,2,737.82,30,22.549,96.6386,8.9009,-0.0832,0.2105,0.3146,Ineficiente
731.24,True,23,Casa,11,5,165.0,1,4,797.96,29,25.2152,146.248,4.4318,-0.0836,0.0435,0.2671,Moderado
751.69,False,13,Casa,13,4,126.0,8,8,676.22,28,26.8461,187.9225,5.9658,0.1116,0.6154,0.3598,Ineficiente
624.96,True,17,Departamento,3,4,81.0,9,11,565.19,29,21.5503,156.24,7.7156,0.1058,0.5294,0.2866,Moderado
1097.54,True,12,Pequeno negocio,13,10,187.0,2,10,1313.52,31,35.4045,109.754,5.8692,-0.1644,0.1667,0.2469,Moderado
827.8,False,12,Casa,9,3,137.0,2,6,855.99,28,29.5643,275.9333,6.0423,-0.0329,0.1667,0.2311,Moderado
435.33,True,5,Departamento,12,3,84.0,3,4,695.88,30,14.511,145.11,5.1825,-0.3744,0.6,0.1578,Eficiente
392.47,True,16,Departamento,3,2,69.0,3,2,364.28,31,12.6603,196.235,5.688,0.0774,0.1875,0.2095,Eficiente
528.35,True,12,Casa,1,2,156.0,1,5,479.95,31,17.0435,264.175,3.3869,0.1008,0.0833,0.2035,Eficiente
433.48,False,15,Departamento,1,7,93.0,0,12,395.5,30,14.4493,61.9257,4.6611,0.096,0.0,0.1994,Eficiente
442.49,True,21,Departamento,5,6,105.0,1,2,339.92,29,15.2583,73.7483,4.2142,0.3017,0.0476,0.2697,Moderado
1302.51,True,34,Pequeno negocio,8,15,134.0,2,12,1218.67,29,44.9141,86.834,9.7202,0.0688,0.0588,0.341,Ineficiente
1909.77,True,15,Pequeno negocio,4,10,177.0,1,3,1884.44,30,63.659,190.977,10.7897,0.0134,0.0667,0.2506,Moderado
398.96,True,11,Casa,4,5,91.0,1,1,388.67,31,12.8697,79.792,4.3842,0.0265,0.0909,0.1344,Eficiente
874.3,True,19,Casa,12,5,135.0,9,9,959.81,29,30.1483,174.86,6.4763,-0.0891,0.4737,0.3634,Ineficiente
474.65,False,17,Departamento,11,1,110.0,2,5,361.52,30,15.8217,474.65,4.315,0.3129,0.1176,0.3133,Ineficiente
780.85,False,18,Casa,9,4,180.0,8,9,615.58,31,25.1887,195.2125,4.3381,0.2685,0.4444,0.4275,Ineficiente
688.7,False,21,Casa,9,1,186.0,5,12,751.09,31,22.2161,688.7,3.7027,-0.0831,0.2381,0.3149,Ineficiente
1089.35,True,27,Pequeno negocio,12,4,223.0,4,1,1317.83,31,35.1403,272.3375,4.885,-0.1734,0.1481,0.3295,Ineficiente
503.49,True,10,Casa,3,1,158.0,7,7,498.32,29,17.3617,503.49,3.1866,0.0104,0.7,0.2574,Moderado
279.7,True,10,Departamento,14,4,36.0,0,3,281.57,30,9.3233,69.925,7.7694,-0.0066,0.0,0.2158,Eficiente
3289.52,False,36,Pequeno negocio,12,12,215.0,7,6,3255.63,28,117.4829,274.1267,15.3001,0.0104,0.1944,0.4298,Ineficiente
536.13,False,13,Casa,5,1,167.0,4,3,520.27,28,19.1475,536.13,3.2104,0.0305,0.3077,0.2483,Moderado
528.16,True,19,Departamento,5,4,60.0,8,2,712.65,29,18.2124,132.04,8.8027,-0.2589,0.4211,0.2812,Moderado
2130.29,False,19,Pequeno negocio,2,14,225.0,9,6,2208.02,31,68.719,152.1636,9.468,-0.0352,0.4737,0.3109,Ineficiente
512.33,True,23,Departamento,10,2,90.0,7,5,501.84,29,17.6666,256.165,5.6926,0.0209,0.3043,0.3554,Ineficiente
1946.31,False,13,Casa,4,7,227.0,1,9,2297.51,29,67.1141,278.0443,8.5741,-0.1529,0.0769,0.2587,Moderado
971.57,False,24,Casa,4,3,238.0,9,6,819.71,31,31.341,323.8567,4.0822,0.1853,0.375,0.3467,Ineficiente
1065.53,True,10,Pequeno negocio,10,6,161.0,7,7,1167.79,29,36.7424,177.5883,6.6182,-0.0876,0.7,0.3406,Ineficiente
367.19,True,3,Casa,2,1,296.0,0,9,382.15,28,13.1139,367.19,1.2405,-0.0391,0.0,0.1638,Eficiente
244.46,True,8,Departamento,1,3,79.0,1,0,194.37,28,8.7307,81.4867,3.0944,0.2577,0.125,0.1574,Eficiente
1233.42,True,12,Casa,12,3,254.0,9,5,1638.59,28,44.0507,411.14,4.856,-0.2473,0.75,0.3342,Ineficiente
921.07,True,5,Casa,0,6,140.0,5,6,934.56,31,29.7119,153.5117,6.5791,-0.0144,1.0,0.1842,Eficiente
1729.77,True,32,Pequeno negocio,13,6,179.0,4,8,2039.99,30,57.659,288.295,9.6635,-0.1521,0.125,0.4546,Ineficiente
722.62,False,10,Departamento,10,7,55.0,9,0,684.29,28,25.8079,103.2314,13.1385,0.056,0.9,0.3334,Ineficiente
1075.11,True,20,Pequeno negocio,5,14,134.0,4,1,1005.9,30,35.837,76.7936,8.0232,0.0688,0.2,0.2483,Moderado
993.41,True,24,Casa,8,5,275.0,8,11,986.99,29,34.2555,198.682,3.6124,0.0065,0.3333,0.3244,Ineficiente
418.87,True,4,Departamento,4,1,68.0,4,9,486.22,30,13.9623,418.87,6.1599,-0.1385,1.0,0.1715,Eficiente
2389.47,True,36,Pequeno negocio,6,2,146.0,6,5,2770.33,31,77.0797,1194.735,16.3662,-0.1375,0.1667,0.4573,Ineficiente
548.93,True,16,Casa,10,5,81.0,0,0,601.08,29,18.9286,109.786,6.7769,-0.0868,0.0,0.1995,Eficiente
1032.38,False,22,Casa,13,6,195.0,9,3,1214.13,29,35.5993,172.0633,5.2943,-0.1497,0.4091,0.3569,Ineficiente
1122.83,True,35,Pequeno negocio,3,14,136.0,1,8,1050.33,29,38.7183,80.2021,8.2561,0.069,0.0286,0.3534,Ineficiente
2753.92,True,7,Casa,8,6,97.0,2,8,3008.51,30,91.7973,458.9867,28.3909,-0.0846,0.2857,0.4517,Ineficiente
577.08,False,7,Departamento,12,5,48.0,4,10,564.71,28,20.61,115.416,12.0225,0.0219,0.5714,0.3066,Ineficiente
843.61,True,6,Pequeno negocio,0,14,125.0,6,7,919.54,30,28.1203,60.2579,6.7489,-0.0826,1.0,0.2418,Moderado
460.66,True,10,Casa,0,1,107.0,7,9,388.65,31,14.86,460.66,4.3052,0.1853,0.7,0.2303,Moderado
723.18,True,16,Casa,9,5,227.0,6,3,630.98,31,23.3284,144.636,3.1858,0.1461,0.375,0.3189,Ineficiente
575.12,True,11,Casa,2,7,164.0,8,1,582.23,29,19.8317,82.16,3.5068,-0.0122,0.7273,0.2075,Eficiente
680.78,False,18,Casa,14,3,188.0,6,4,635.8,29,23.4752,226.9267,3.6212,0.0707,0.3333,0.2228,Eficiente
512.02,False,11,Casa,1,7,190.0,1,10,446.57,31,16.5168,73.1457,2.6948,0.1466,0.0909,0.1573,Eficiente
658.87,True,15,Departamento,11,4,129.0,7,11,659.49,31,21.2539,164.7175,5.1075,-0.0009,0.4667,0.3322,Ineficiente
531.58,True,15,Casa,4,4,159.0,2,1,597.17,29,18.3303,132.895,3.3433,-0.1098,0.1333,0.1532,Eficiente
1208.64,True,8,Departamento,13,3,95.0,5,2,1100.34,29,41.6772,402.88,12.7225,0.0984,0.625,0.3288,Ineficiente
750.08,True,4,Casa,12,1,270.0,4,0,765.45,31,24.1961,750.08,2.7781,-0.0201,1.0,0.3485,Ineficiente
852.95,False,7,Casa,11,7,176.0,3,9,1129.91,29,29.4121,121.85,4.8463,-0.2451,0.4286,0.257,Moderado
808.29,True,20,Casa,9,6,100.0,3,10,864.07,31,26.0739,134.715,8.0829,-0.0646,0.15,0.3801,Ineficiente
339.93,False,19,Departamento,3,3,58.0,2,12,288.71,29,11.7217,113.31,5.8609,0.1774,0.1053,0.2162,Eficiente
365.46,True,5,Departamento,1,7,101.0,2,2,357.85,30,12.182,52.2086,3.6184,0.0213,0.4,0.0914,Eficiente
608.42,False,11,Casa,3,2,121.0,9,6,825.51,30,20.2807,304.21,5.0283,-0.263,0.8182,0.1478,Eficiente
1297.67,True,38,Pequeno negocio,1,1,245.0,3,5,1441.93,31,41.8603,1297.67,5.2966,-0.1,0.0789,0.312,Ineficiente
525.57,False,20,Departamento,11,4,124.0,4,12,561.69,31,16.9539,131.3925,4.2385,-0.0643,0.2,0.3569,Ineficiente
681.14,False,3,Casa,4,5,167.0,3,12,809.47,28,24.3264,136.228,4.0787,-0.1585,1.0,0.1778,Eficiente
530.8,False,5,Pequeno negocio,6,2,133.0,2,10,671.84,31,17.1226,265.4,3.991,-0.2099,0.4,0.1778,Eficiente
523.04,True,20,Casa,9,5,189.0,1,2,750.88,28,18.68,104.608,2.7674,-0.3034,0.05,0.2211,Eficiente
565.54,True,5,Casa,10,5,226.0,2,4,578.11,31,18.2432,113.108,2.5024,-0.0217,0.4,0.245,Moderado
431.22,False,10,Departamento,8,7,71.0,0,10,409.38,30,14.374,61.6029,6.0735,0.0533,0.0,0.1478,Eficiente
637.79,True,4,Casa,11,3,257.0,4,7,962.48,30,21.2597,212.5967,2.4817,-0.3373,1.0,0.233,Moderado
269.29,False,17,Casa,1,1,106.0,0,7,208.07,28,9.6175,269.29,2.5405,0.2942,0.0,0.0956,Eficiente
347.17,True,21,Departamento,4,1,40.0,3,0,413.93,31,11.199,347.17,8.6792,-0.1613,0.1429,0.2316,Moderado
625.44,False,6,Casa,11,2,187.0,5,5,594.81,30,20.848,312.72,3.3446,0.0515,0.8333,0.2579,Moderado
912.97,True,12,Pequeno negocio,10,6,106.0,2,12,850.98,30,30.4323,152.1617,8.6129,0.0728,0.1667,0.2908,Moderado
966.77,False,15,Pequeno negocio,9,9,243.0,2,5,1230.53,28,34.5275,107.4189,3.9785,-0.2143,0.1333,0.1387,Eficiente
645.91,True,4,Departamento,14,2,108.0,4,11,672.36,31,20.8358,322.955,5.9806,-0.0393,1.0,0.3071,Ineficiente
457.16,True,9,Departamento,14,2,100.0,5,5,399.49,28,16.3271,228.58,4.5716,0.1444,0.5556,0.3489,Ineficiente
557.54,False,7,Departamento,1,1,48.0,7,11,672.15,29,19.2255,557.54,11.6154,-0.1705,1.0,0.1667,Eficiente
1336.04,True,38,Pequeno negocio,8,12,31.0,8,10,1116.11,29,46.0703,111.3367,43.0981,0.1971,0.2105,0.4582,Ineficiente
598.89,False,17,Casa,13,5,155.0,2,8,1000.0,29,20.6514,119.778,3.8638,-0.4011,0.1176,0.22,Eficiente
501.04,False,18,Casa,4,2,73.0,2,10,503.13,31,16.1626,250.52,6.8636,-0.0042,0.1111,0.2103,Eficiente
337.34,True,4,Departamento,0,4,57.0,4,0,312.01,31,10.8819,84.335,5.9182,0.0812,1.0,0.1755,Eficiente
261.15,True,5,Departamento,1,2,54.0,1,4,282.68,30,8.705,130.575,4.8361,-0.0762,0.2,0.1914,Eficiente
1335.41,False,4,Casa,10,6,123.0,4,1,1191.25,30,44.5137,222.5683,10.857,0.121,1.0,0.2188,Eficiente
817.07,False,23,Departamento,13,1,113.0,0,9,900.14,31,26.3571,817.07,7.2307,-0.0923,0.0,0.2585,Moderado
818.38,True,15,Casa,10,2,245.0,3,3,810.65,30,27.2793,409.19,3.3403,0.0095,0.2,0.2749,Moderado
1417.29,False,10,Pequeno negocio,0,15,208.0,9,6,1256.42,31,45.719,94.486,6.8139,0.128,0.9,0.2151,Eficiente
705.71,True,4,Casa,6,6,185.0,4,10,875.82,28,25.2039,117.6183,3.8146,-0.1942,1.0,0.2044,Eficiente
890.53,True,3,Casa,5,3,232.0,3,9,832.53,31,28.7268,296.8433,3.8385,0.0697,1.0,0.2474,Moderado
1205.39,False,23,Casa,13,1,72.0,0,8,1316.75,29,41.5652,1205.39,16.7415,-0.0846,0.0,0.3205,Ineficiente
722.07,True,23,Casa,7,4,82.0,8,0,658.19,28,25.7882,180.5175,8.8057,0.0971,0.3478,0.362,Ineficiente
1920.39,False,14,Casa,3,2,189.0,4,8,2220.13,28,68.5854,960.195,10.1608,-0.135,0.2857,0.2527,Moderado
613.79,True,5,Casa,8,3,283.0,5,4,535.64,31,19.7997,204.5967,2.1689,0.1459,1.0,0.2583,Moderado
798.4,True,3,Casa,11,7,282.0,3,12,1638.12,31,25.7548,114.0571,2.8312,-0.5126,1.0,0.1922,Eficiente
775.18,False,21,Casa,8,7,167.0,9,4,920.55,29,26.7303,110.74,4.6418,-0.1579,0.4286,0.284,Moderado
468.27,True,14,Casa,6,2,228.0,1,9,360.4,31,15.1055,234.135,2.0538,0.2993,0.0714,0.2746,Moderado
768.98,False,10,Casa,10,5,177.0,8,7,711.03,30,25.6327,153.796,4.3445,0.0815,0.8,0.3512,Ineficiente
1714.6,False,3,Casa,4,4,277.0,3,4,2022.05,31,55.3097,428.65,6.1899,-0.152,1.0,0.2422,Moderado
1369.4,False,15,Casa,1,7,196.0,2,2,1641.03,31,44.1742,195.6286,6.9867,-0.1655,0.1333,0.1158,Eficiente
1119.9,False,22,Casa,12,7,273.0,8,3,1215.8,28,39.9964,159.9857,4.1022,-0.0789,0.3636,0.3365,Ineficiente
624.06,False,21,Casa,10,3,147.0,5,6,640.21,31,20.131,208.02,4.2453,-0.0252,0.2381,0.2617,Moderado
869.37,True,19,Casa,10,1,283.0,6,11,903.25,31,28.0442,869.37,3.072,-0.0375,0.3158,0.4018,Ineficiente
675.57,False,4,Departamento,13,1,62.0,4,12,573.59,30,22.519,675.57,10.8963,0.1778,1.0,0.2805,Moderado
1814.14,True,17,Pequeno negocio,10,5,106.0,5,4,1381.39,29,62.5566,362.828,17.1145,0.3133,0.2941,0.4404,Ineficiente
598.41,False,13,Pequeno negocio,0,6,119.0,6,0,612.63,30,19.947,99.735,5.0287,-0.0232,0.4615,0.1519,Eficiente
568.78,False,21,Departamento,12,6,61.0,8,2,544.53,31,18.3477,94.7967,9.3243,0.0445,0.381,0.2766,Moderado
455.73,True,6,Departamento,0,6,65.0,6,6,480.51,29,15.7148,75.955,7.0112,-0.0516,1.0,0.1634,Eficiente
624.31,False,21,Casa,10,1,284.0,6,5,733.37,28,22.2968,624.31,2.1983,-0.1487,0.2857,0.2334,Moderado
565.77,True,18,Departamento,14,1,36.0,9,1,512.4,28,20.2061,565.77,15.7158,0.1042,0.5,0.3609,Ineficiente
494.18,False,19,Departamento,6,2,69.0,9,2,489.33,31,15.9413,247.09,7.162,0.0099,0.4737,0.2401,Moderado
640.95,True,15,Pequeno negocio,4,6,67.0,6,7,541.02,30,21.365,106.825,9.5664,0.1847,0.4,0.3237,Ineficiente
1342.39,True,20,Pequeno negocio,13,10,120.0,0,3,1504.07,28,47.9425,134.239,11.1866,-0.1075,0.0,0.359,Ineficiente
498.93,False,3,Casa,6,5,273.0,3,3,501.79,30,16.631,99.786,1.8276,-0.0057,1.0,0.1071,Eficiente
804.72,True,7,Departamento,13,7,109.0,3,4,1032.2,29,27.749,114.96,7.3828,-0.2204,0.4286,0.2501,Moderado
1305.86,False,33,Pequeno negocio,4,5,101.0,5,11,1307.81,29,45.0297,261.172,12.9293,-0.0015,0.1515,0.2966,Moderado
554.8,False,8,Casa,2,6,78.0,3,10,530.67,28,19.8143,92.4667,7.1128,0.0455,0.375,0.1244,Eficiente
679.27,False,36,Pequeno negocio,8,10,60.0,3,4,752.21,28,24.2596,67.927,11.3212,-0.097,0.0833,0.2735,Moderado
733.23,False,23,Casa,5,7,152.0,9,9,723.91,31,23.6526,104.7471,4.8239,0.0129,0.3913,0.329,Ineficiente
1303.78,False,7,Pequeno negocio,10,11,147.0,2,12,1248.88,30,43.4593,118.5255,8.8693,0.044,0.2857,0.2987,Moderado
565.2,True,5,Departamento,4,2,82.0,1,3,776.28,31,18.2323,282.6,6.8927,-0.2719,0.2,0.17,Eficiente
526.05,False,24,Casa,11,1,78.0,6,0,652.86,28,18.7875,526.05,6.7442,-0.1942,0.25,0.2739,Moderado
571.6,True,5,Departamento,5,5,99.0,5,3,583.0,29,19.7103,114.32,5.7737,-0.0196,1.0,0.2025,Eficiente
1297.78,True,19,Casa,5,7,94.0,9,10,1414.34,29,44.751,185.3971,13.8062,-0.0824,0.4737,0.3715,Ineficiente
281.09,False,7,Departamento,10,1,124.0,0,1,243.42,28,10.0389,281.09,2.2669,0.1548,0.0,0.1272,Eficiente
766.67,False,21,Departamento,3,4,41.0,9,3,721.47,31,24.7313,191.6675,18.6993,0.0626,0.4286,0.3313,Ineficiente
701.47,False,10,Departamento,4,6,124.0,8,12,684.82,31,22.6281,116.9117,5.657,0.0243,0.8,0.307,Ineficiente
913.02,False,31,Pequeno negocio,8,11,55.0,2,2,833.17,28,32.6079,83.0018,16.6004,0.0958,0.0645,0.2497,Moderado
690.51,True,14,Casa,4,7,124.0,8,6,626.39,31,22.2745,98.6443,5.5686,0.1024,0.5714,0.3153,Ineficiente
975.55,False,14,Casa,5,6,241.0,8,11,1084.99,31,31.4694,162.5917,4.0479,-0.1009,0.5714,0.2808,Moderado
2253.02,True,12,Casa,5,7,188.0,1,11,2075.5,29,77.6903,321.86,11.9841,0.0855,0.0833,0.3683,Ineficiente
657.29,True,8,Casa,9,7,180.0,0,3,521.88,30,21.9097,93.8986,3.6516,0.2595,0.0,0.2169,Eficiente
725.13,True,14,Casa,5,7,286.0,6,3,650.1,29,25.0045,103.59,2.5354,0.1154,0.4286,0.2166,Eficiente
738.46,False,17,Casa,9,4,158.0,5,7,777.6,29,25.4641,184.615,4.6738,-0.0503,0.2941,0.2986,Moderado
579.29,True,6,Casa,3,3,252.0,6,4,817.55,29,19.9755,193.0967,2.2988,-0.2914,1.0,0.2386,Moderado
696.45,True,6,Casa,13,3,233.0,6,9,881.59,28,24.8732,232.15,2.9891,-0.21,1.0,0.2983,Moderado
916.95,True,6,Pequeno negocio,14,13,133.0,1,8,896.77,31,29.579,70.5346,6.8944,0.0225,0.1667,0.2291,Moderado
677.84,True,21,Casa,0,2,130.0,9,5,782.14,28,24.2086,338.92,5.2142,-0.1334,0.4286,0.2373,Moderado
1497.74,True,10,Pequeno negocio,1,14,82.0,8,5,1841.93,29,51.6462,106.9814,18.2651,-0.1869,0.8,0.3096,Ineficiente
657.1,True,12,Casa,1,5,269.0,6,1,587.19,31,21.1968,131.42,2.4428,0.1191,0.5,0.2233,Eficiente
592.11,True,24,Casa,2,1,133.0,3,9,504.77,30,19.737,592.11,4.452,0.173,0.125,0.2722,Moderado
738.14,True,8,Departamento,11,4,119.0,6,11,878.7,28,26.3621,184.535,6.2029,-0.16,0.75,0.3067,Ineficiente
562.5,True,11,Casa,3,2,89.0,5,11,457.52,29,19.3966,281.25,6.3202,0.2295,0.4545,0.2666,Moderado
768.31,True,21,Casa,8,6,143.0,3,8,843.0,30,25.6103,128.0517,5.3728,-0.0886,0.1429,0.3501,Ineficiente
429.37,True,14,Departamento,3,4,122.0,0,9,417.56,28,15.3346,107.3425,3.5194,0.0283,0.0,0.1381,Eficiente
573.29,False,5,Casa,0,3,189.0,5,11,775.64,31,18.4932,191.0967,3.0333,-0.2609,1.0,0.1738,Eficiente
363.07,True,7,Casa,1,1,257.0,3,2,321.86,30,12.1023,363.07,1.4127,0.128,0.4286,0.1739,Eficiente
620.74,True,24,Departamento,14,1,62.0,2,9,816.99,29,21.4048,620.74,10.0119,-0.2402,0.0833,0.364,Ineficiente
692.53,True,20,Casa,8,6,242.0,3,1,900.51,31,22.3397,115.4217,2.8617,-0.231,0.15,0.2406,Moderado
1285.64,False,23,Pequeno negocio,9,8,76.0,0,10,1253.39,29,44.3324,160.705,16.9163,0.0257,0.0,0.3132,Ineficiente
464.32,False,13,Casa,2,3,282.0,3,2,611.45,29,16.011,154.7733,1.6465,-0.2406,0.2308,0.1481,Eficiente
1093.85,True,38,Pequeno negocio,7,7,88.0,8,7,1121.83,29,37.719,156.2643,12.4301,-0.0249,0.2105,0.3594,Ineficiente
374.97,True,6,Departamento,9,4,53.0,6,0,473.15,29,12.93,93.7425,7.0749,-0.2075,1.0,0.2307,Moderado
1093.01,True,37,Pequeno negocio,11,10,142.0,0,0,956.1,31,35.2584,109.301,7.6973,0.1432,0.0,0.3109,Ineficiente
635.22,True,13,Pequeno negocio,9,1,126.0,3,8,566.82,28,22.6864,635.22,5.0414,0.1207,0.2308,0.2491,Moderado
785.61,True,3,Casa,8,5,294.0,3,11,900.88,31,25.3423,157.122,2.6721,-0.128,1.0,0.2874,Moderado
2996.54,True,21,Departamento,9,7,47.0,9,1,2724.14,31,96.6626,428.0771,63.7562,0.1,0.4286,0.6032,Ineficiente
675.62,True,12,Casa,5,4,188.0,4,10,764.81,31,21.7942,168.905,3.5937,-0.1166,0.3333,0.2516,Moderado
1608.11,True,31,Pequeno negocio,10,15,38.0,9,9,1435.95,30,53.6037,107.2073,42.3187,0.1199,0.2903,0.4594,Ineficiente
523.04,True,22,Departamento,4,6,44.0,0,9,514.14,28,18.68,87.1733,11.8873,0.0173,0.0,0.284,Moderado
758.46,True,12,Casa,10,4,96.0,9,3,638.7,31,24.4665,189.615,7.9006,0.1875,0.75,0.3098,Ineficiente
833.58,True,31,Pequeno negocio,6,4,194.0,1,11,924.97,30,27.786,208.395,4.2968,-0.0988,0.0323,0.2476,Moderado
667.58,False,6,Casa,8,4,99.0,6,7,678.44,29,23.02,166.895,6.7432,-0.016,1.0,0.1877,Eficiente
341.59,True,9,Departamento,7,4,105.0,1,2,322.03,30,11.3863,85.3975,3.2532,0.0607,0.1111,0.2721,Moderado
1263.91,True,9,Departamento,8,1,110.0,9,11,1026.41,29,43.5831,1263.91,11.4901,0.2314,1.0,0.481,Ineficiente
555.63,False,10,Casa,10,1,288.0,2,3,550.17,31,17.9235,555.63,1.9293,0.0099,0.2,0.2413,Moderado
610.92,True,24,Departamento,4,5,62.0,3,6,717.62,31,19.7071,122.184,9.8535,-0.1487,0.125,0.2429,Moderado
936.66,True,18,Pequeno negocio,7,6,122.0,6,2,1271.23,30,31.222,156.11,7.6775,-0.2632,0.3333,0.2304,Moderado
557.59,False,7,Casa,6,4,121.0,0,5,583.89,31,17.9868,139.3975,4.6082,-0.045,0.0,0.1248,Eficiente
527.93,True,18,Departamento,0,6,116.0,5,8,530.14,29,18.2045,87.9883,4.5511,-0.0042,0.2778,0.2454,Moderado
804.81,True,4,Casa,12,2,273.0,2,11,1183.07,28,28.7432,402.405,2.948,-0.3197,0.5,0.3277,Ineficiente
516.43,False,4,Departamento,10,3,126.0,4,5,515.18,29,17.8079,172.1433,4.0987,0.0024,1.0,0.1976,Eficiente
689.31,False,17,Casa,0,7,258.0,3,8,617.29,31,22.2358,98.4729,2.6717,0.1167,0.1765,0.1883,Eficiente
1218.91,False,30,Pequeno negocio,1,5,141.0,8,1,1543.78,31,39.3197,243.782,8.6448,-0.2104,0.2667,0.2178,Eficiente
1077.85,True,16,Pequeno negocio,13,15,71.0,4,3,1201.42,28,38.4946,71.8567,15.181,-0.1029,0.25,0.2855,Moderado
849.84,True,21,Casa,12,2,160.0,7,7,1297.98,30,28.328,424.92,5.3115,-0.3453,0.3333,0.291,Moderado
956.93,True,11,Casa,10,7,156.0,0,0,1040.43,31,30.8687,136.7043,6.1342,-0.0803,0.0,0.1395,Eficiente
602.67,True,7,Departamento,10,3,116.0,6,4,671.44,28,21.5239,200.89,5.1954,-0.1024,0.8571,0.2842,Moderado
461.09,False,24,Departamento,12,1,108.0,3,0,409.74,30,15.3697,461.09,4.2694,0.1253,0.125,0.3541,Ineficiente
694.28,False,9,Casa,8,6,100.0,5,6,711.61,31,22.3961,115.7133,6.9428,-0.0244,0.5556,0.271,Moderado
828.33,True,17,Casa,0,2,265.0,8,3,774.25,29,28.5631,414.165,3.1258,0.0698,0.4706,0.295,Moderado
628.76,False,6,Casa,6,3,231.0,6,3,561.46,30,20.9587,209.5867,2.7219,0.1199,1.0,0.2369,Moderado
1159.34,True,36,Pequeno negocio,4,15,134.0,3,6,870.25,29,39.9772,77.2893,8.6518,0.3322,0.0833,0.3608,Ineficiente
391.97,False,19,Departamento,2,6,82.0,2,2,384.9,28,13.9989,65.3283,4.7801,0.0184,0.1053,0.1688,Eficiente
1268.27,True,34,Pequeno negocio,12,6,128.0,8,9,1487.54,29,43.7334,211.3783,9.9084,-0.1474,0.2353,0.4672,Ineficiente
609.15,False,3,Departamento,9,7,117.0,2,5,709.41,29,21.0052,87.0214,5.2064,-0.1413,0.6667,0.1674,Eficiente
850.61,False,27,Pequeno negocio,13,8,136.0,0,11,806.42,29,29.3314,106.3262,6.2545,0.0548,0.0,0.2317,Moderado
352.69,False,9,Casa,1,3,167.0,2,2,326.8,29,12.1617,117.5633,2.1119,0.0792,0.2222,0.1508,Eficiente
501.03,False,24,Casa,14,3,86.0,0,0,481.13,31,16.1623,167.01,5.8259,0.0414,0.0,0.2085,Eficiente
1556.63,False,5,Pequeno negocio,9,13,124.0,5,5,1741.6,30,51.8877,119.7408,12.5535,-0.1062,1.0,0.2321,Moderado
1450.88,False,11,Pequeno negocio,8,14,198.0,8,1,1195.26,30,48.3627,103.6343,7.3277,0.2139,0.7273,0.2837,Moderado
254.88,False,3,Casa,2,1,131.0,3,4,258.3,30,8.496,254.88,1.9456,-0.0132,1.0,0.1182,Eficiente
850.98,True,6,Casa,9,6,237.0,6,10,985.57,29,29.3441,141.83,3.5906,-0.1366,1.0,0.3253,Ineficiente
617.37,True,23,Departamento,8,3,85.0,9,12,515.29,31,19.9152,205.79,7.2632,0.1981,0.3913,0.4387,Ineficiente
603.63,False,6,Casa,10,3,221.0,6,5,472.72,29,20.8148,201.21,2.7314,0.2769,1.0,0.2673,Moderado
382.02,True,22,Casa,2,1,201.0,0,2,307.48,28,13.6436,382.02,1.9006,0.2424,0.0,0.248,Moderado
4320.4,True,5,Pequeno negocio,9,12,223.0,0,5,5000.0,29,148.9793,360.0333,19.374,-0.1359,0.0,0.4249,Ineficiente
1147.88,True,17,Casa,1,1,142.0,3,3,902.32,29,39.5821,1147.88,8.0837,0.2721,0.1765,0.2765,Moderado
377.0,True,11,Departamento,1,7,85.0,2,1,408.63,29,13.0,53.8571,4.4353,-0.0774,0.1818,0.2069,Eficiente
520.79,False,12,Casa,7,1,209.0,1,10,581.34,28,18.5996,520.79,2.4918,-0.1042,0.0833,0.1612,Eficiente
1888.53,False,18,Casa,1,4,212.0,1,9,1799.94,29,65.1217,472.1325,8.9082,0.0492,0.0556,0.2177,Eficiente
398.56,True,6,Departamento,10,1,61.0,6,3,418.38,28,14.2343,398.56,6.5338,-0.0474,1.0,0.2685,Moderado
414.6,True,10,Casa,7,4,106.0,1,6,455.97,29,14.2966,103.65,3.9113,-0.0907,0.1,0.2042,Eficiente
537.92,True,15,Departamento,3,6,113.0,4,6,577.84,31,17.3523,89.6533,4.7604,-0.0691,0.2667,0.2346,Moderado
551.87,False,10,Casa,4,5,254.0,0,5,541.68,30,18.3957,110.374,2.1727,0.0188,0.0,0.1999,Eficiente
697.3,False,27,Pequeno negocio,7,3,108.0,6,9,744.8,31,22.4935,232.4333,6.4565,-0.0638,0.2222,0.2804,Moderado
321.66,True,3,Departamento,8,1,52.0,3,9,289.4,28,11.4879,321.66,6.1858,0.1115,1.0,0.2176,Eficiente
1140.33,True,9,Pequeno negocio,11,9,157.0,5,0,1171.91,31,36.7848,126.7033,7.2632,-0.0269,0.5556,0.3085,Ineficiente
519.54,False,4,Casa,8,3,283.0,2,2,596.96,28,18.555,173.18,1.8358,-0.1297,0.5,0.2064,Eficiente
503.8,False,6,Casa,8,4,117.0,0,12,616.82,30,16.7933,125.95,4.306,-0.1832,0.0,0.2029,Eficiente
742.42,True,8,Casa,9,7,244.0,4,5,698.6,31,23.949,106.06,3.0427,0.0627,0.5,0.2741,Moderado
729.05,False,18,Departamento,8,5,109.0,7,6,716.84,29,25.1397,145.81,6.6885,0.017,0.3889,0.2688,Moderado
408.96,True,5,Casa,5,6,118.0,1,9,385.05,28,14.6057,68.16,3.4658,0.0621,0.2,0.2367,Moderado
403.02,False,10,Casa,3,2,62.0,8,9,398.49,29,13.8972,201.51,6.5003,0.0114,0.8,0.1761,Eficiente
458.18,False,4,Casa,7,4,119.0,4,7,430.3,28,16.3636,114.545,3.8503,0.0648,1.0,0.1737,Eficiente
561.48,True,14,Casa,1,4,124.0,6,11,628.05,30,18.716,140.37,4.5281,-0.106,0.4286,0.218,Eficiente
636.19,False,6,Casa,3,2,238.0,6,7,655.12,31,20.5223,318.095,2.6731,-0.0289,1.0,0.2526,Moderado
407.07,False,6,Casa,2,3,187.0,2,11,327.47,30,13.569,135.69,2.1768,0.2431,0.3333,0.2457,Moderado
713.98,True,10,Casa,7,6,163.0,6,5,686.31,28,25.4993,118.9967,4.3802,0.0403,0.6,0.3277,Ineficiente
696.18,False,8,Departamento,14,7,128.0,7,2,598.63,28,24.8636,99.4543,5.4389,0.163,0.875,0.2699,Moderado
887.92,True,4,Casa,13,6,288.0,4,1,1107.02,29,30.6179,147.9867,3.0831,-0.1979,1.0,0.2015,Eficiente
669.03,True,12,Casa,1,7,285.0,7,7,725.01,31,21.5816,95.5757,2.3475,-0.0772,0.5833,0.2476,Moderado
879.48,False,14,Departamento,12,7,50.0,1,11,998.53,29,30.3269,125.64,17.5896,-0.1192,0.0714,0.2439,Moderado
450.97,False,13,Departamento,2,2,125.0,9,5,550.92,31,14.5474,225.485,3.6078,-0.1814,0.6923,0.1979,Eficiente
905.86,True,12,Casa,13,6,146.0,6,9,913.76,31,29.2213,150.9767,6.2045,-0.0086,0.5,0.3565,Ineficiente
473.62,True,24,Departamento,3,5,66.0,1,6,510.02,31,15.2781,94.724,7.1761,-0.0714,0.0417,0.2774,Moderado
714.34,False,22,Pequeno negocio,1,6,106.0,6,10,736.66,28,25.5121,119.0567,6.7391,-0.0303,0.2727,0.2401,Moderado
693.3,False,10,Departamento,11,5,101.0,9,10,685.18,28,24.7607,138.66,6.8644,0.0119,0.9,0.3168,Ineficiente
762.13,True,5,Pequeno negocio,12,6,170.0,0,9,811.81,28,27.2189,127.0217,4.4831,-0.0612,0.0,0.3059,Ineficiente
364.95,False,4,Departamento,5,4,71.0,4,4,341.98,29,12.5845,91.2375,5.1401,0.0672,1.0,0.1703,Eficiente
530.91,False,24,Casa,8,6,77.0,3,5,466.83,29,18.3072,88.485,6.8949,0.1373,0.125,0.2284,Moderado
442.37,False,14,Casa,11,1,68.0,2,6,610.67,30,14.7457,442.37,6.5054,-0.2756,0.1429,0.1728,Eficiente
595.58,True,18,Departamento,12,4,51.0,4,10,639.73,28,21.2707,148.895,11.678,-0.069,0.2222,0.3488,Ineficiente
664.06,False,24,Pequeno negocio,6,2,79.0,7,7,591.68,29,22.8986,332.03,8.4058,0.1223,0.2917,0.323,Ineficiente
424.39,True,18,Departamento,11,4,54.0,1,2,474.32,29,14.6341,106.0975,7.8591,-0.1053,0.0556,0.2627,Moderado
715.43,False,22,Casa,11,6,163.0,2,3,579.96,29,24.67,119.2383,4.3891,0.2336,0.0909,0.2787,Moderado
692.46,True,15,Departamento,11,1,116.0,8,4,557.84,30,23.082,692.46,5.9695,0.2413,0.5333,0.442,Ineficiente
528.23,False,7,Casa,13,3,137.0,2,7,623.1,30,17.6077,176.0767,3.8557,-0.1523,0.2857,0.2188,Eficiente
693.71,False,18,Departamento,12,7,112.0,3,9,740.12,31,22.3777,99.1014,6.1938,-0.0627,0.1667,0.2627,Moderado
443.34,False,21,Departamento,6,4,44.0,6,1,420.56,28,15.8336,110.835,10.0759,0.0542,0.2857,0.2741,Moderado
536.56,True,18,Departamento,4,2,114.0,2,9,433.42,28,19.1629,268.28,4.7067,0.238,0.1111,0.2753,Moderado
498.74,False,27,Pequeno negocio,14,1,220.0,0,8,465.9,28,17.8121,498.74,2.267,0.0705,0.0,0.2837,Moderado
456.29,True,13,Departamento,6,5,36.0,5,2,436.98,29,15.7341,91.258,12.6747,0.0442,0.3846,0.282,Moderado
478.77,True,7,Departamento,13,7,122.0,0,1,462.18,28,17.0989,68.3957,3.9243,0.0359,0.0,0.1977,Eficiente
664.8,False,18,Departamento,14,1,60.0,3,1,621.81,29,22.9241,664.8,11.08,0.0691,0.1667,0.2318,Moderado
924.0,False,17,Pequeno negocio,0,8,195.0,6,10,919.86,29,31.8621,115.5,4.7385,0.0045,0.3529,0.2568,Moderado
1111.48,False,11,Pequeno negocio,2,13,161.0,7,3,1107.37,30,37.0493,85.4985,6.9036,0.0037,0.6364,0.2804,Moderado
822.61,True,13,Casa,8,2,281.0,9,2,845.05,29,28.3659,411.305,2.9274,-0.0266,0.6923,0.3891,Ineficiente
272.79,True,3,Departamento,1,1,118.0,3,5,274.62,30,9.093,272.79,2.3118,-0.0067,1.0,0.144,Eficiente
501.96,True,14,Casa,9,3,87.0,0,8,518.03,31,16.1923,167.32,5.7697,-0.031,0.0,0.2445,Moderado
1071.22,True,8,Pequeno negocio,0,15,217.0,4,5,884.8,28,38.2579,71.4147,4.9365,0.2107,0.5,0.1703,Eficiente
446.83,False,11,Departamento,12,6,52.0,0,7,403.98,28,15.9582,74.4717,8.5929,0.1061,0.0,0.2094,Eficiente
507.42,False,18,Casa,6,3,65.0,8,4,506.55,30,16.914,169.14,7.8065,0.0017,0.4444,0.3553,Ineficiente
642.2,True,15,Casa,10,5,166.0,0,5,497.14,29,22.1448,128.44,3.8687,0.2918,0.0,0.2579,Moderado
2120.8,True,11,Casa,6,6,260.0,7,7,2925.14,31,68.4129,353.4667,8.1569,-0.275,0.6364,0.4207,Ineficiente
492.92,True,18,Departamento,10,1,39.0,0,8,521.27,28,17.6043,492.92,12.639,-0.0544,0.0,0.2397,Moderado
527.8,True,5,Casa,10,6,148.0,1,9,524.49,28,18.85,87.9667,3.5662,0.0063,0.2,0.2507,Moderado
804.77,False,14,Casa,4,2,279.0,9,11,813.48,29,27.7507,402.385,2.8845,-0.0107,0.6429,0.2858,Moderado
715.52,True,35,Pequeno negocio,12,1,110.0,1,4,659.1,30,23.8507,715.52,6.5047,0.0856,0.0286,0.4036,Ineficiente
546.29,True,16,Departamento,12,6,41.0,4,1,498.85,28,19.5104,91.0483,13.3241,0.0951,0.25,0.2867,Moderado
609.26,True,3,Casa,4,6,247.0,3,1,578.2,29,21.009,101.5433,2.4666,0.0537,1.0,0.1199,Eficiente
794.39,False,21,Casa,0,3,252.0,6,8,954.36,29,27.3928,264.7967,3.1523,-0.1676,0.2857,0.2666,Moderado
1496.69,True,20,Pequeno negocio,6,15,210.0,9,5,1308.28,30,49.8897,99.7793,7.1271,0.144,0.45,0.3434,Ineficiente
513.77,True,13,Departamento,9,1,123.0,4,5,560.37,31,16.5732,513.77,4.177,-0.0832,0.3077,0.244,Moderado
1059.61,False,17,Departamento,11,4,48.0,6,9,1060.3,30,35.3203,264.9025,22.0752,-0.0007,0.3529,0.3135,Ineficiente
1177.84,False,12,Casa,3,7,79.0,9,8,1103.93,31,37.9948,168.2629,14.9094,0.067,0.75,0.2428,Moderado
529.64,True,7,Casa,7,2,246.0,1,11,811.81,30,17.6547,264.82,2.153,-0.3476,0.1429,0.1773,Eficiente
657.11,False,8,Casa,11,2,145.0,4,11,685.4,29,22.659,328.555,4.5318,-0.0413,0.5,0.2545,Moderado
542.81,True,21,Departamento,7,5,63.0,3,9,782.37,28,19.3861,108.562,8.616,-0.3062,0.1429,0.298,Moderado
860.29,False,5,Casa,11,4,206.0,5,8,883.04,29,29.6652,215.0725,4.1762,-0.0258,1.0,0.243,Moderado
755.38,True,18,Casa,10,4,69.0,6,11,1082.38,29,26.0476,188.845,10.9475,-0.3021,0.3333,0.2865,Moderado
420.11,True,9,Departamento,2,2,46.0,6,2,358.59,31,13.5519,210.055,9.1328,0.1716,0.6667,0.1799,Eficiente
772.43,True,37,Pequeno negocio,3,2,237.0,1,12,842.34,29,26.6355,386.215,3.2592,-0.083,0.027,0.3489,Ineficiente
703.92,True,11,Departamento,11,6,117.0,9,5,787.23,30,23.464,117.32,6.0164,-0.1058,0.8182,0.2912,Moderado
351.92,True,5,Departamento,10,3,98.0,0,3,266.29,28,12.5686,117.3067,3.591,0.3216,0.0,0.2455,Moderado
671.55,True,19,Departamento,12,6,42.0,4,7,693.98,29,23.1569,111.925,15.9893,-0.0323,0.2105,0.3212,Ineficiente
744.96,True,19,Casa,4,4,117.0,6,11,664.18,31,24.031,186.24,6.3672,0.1216,0.3158,0.3365,Ineficiente
574.57,True,7,Casa,0,3,266.0,7,1,696.18,31,18.5345,191.5233,2.16,-0.1747,1.0,0.211,Eficiente
508.41,True,20,Departamento,3,2,70.0,2,2,604.25,29,17.5314,254.205,7.263,-0.1586,0.1,0.2238,Eficiente
637.09,True,18,Casa,6,5,115.0,3,8,654.18,29,21.9686,127.418,5.5399,-0.0261,0.1667,0.2521,Moderado
276.52,False,17,Departamento,1,2,79.0,0,8,308.0,29,9.5352,138.26,3.5003,-0.1022,0.0,0.1296,Eficiente
2211.04,False,23,Pequeno negocio,2,8,181.0,6,9,2445.24,31,71.3239,276.38,12.2157,-0.0958,0.2609,0.3121,Ineficiente
416.07,False,9,Pequeno negocio,2,1,63.0,1,11,428.69,28,14.8596,416.07,6.6043,-0.0294,0.1111,0.2041,Eficiente
508.92,True,6,Casa,1,6,101.0,6,9,578.5,31,16.4168,84.82,5.0388,-0.1203,1.0,0.2339,Moderado
564.27,True,20,Casa,5,4,123.0,0,10,750.01,30,18.809,141.0675,4.5876,-0.2477,0.0,0.171,Eficiente
550.36,True,10,Casa,12,3,123.0,4,1,523.07,31,17.7535,183.4533,4.4745,0.0522,0.4,0.3053,Ineficiente
1004.07,False,14,Casa,5,4,165.0,4,4,1025.02,28,35.8596,251.0175,6.0853,-0.0204,0.2857,0.2333,Moderado
1200.57,True,13,Casa,4,4,281.0,5,9,1322.33,28,42.8775,300.1425,4.2725,-0.0921,0.3846,0.2163,Eficiente
708.54,False,24,Casa,8,4,170.0,3,10,568.38,28,25.305,177.135,4.1679,0.2466,0.125,0.2614,Moderado
430.37,False,6,Departamento,9,7,127.0,1,4,391.64,29,14.8403,61.4814,3.3887,0.0989,0.1667,0.2075,Eficiente
943.01,True,20,Departamento,5,5,49.0,7,7,1020.0,28,33.6789,188.602,19.2451,-0.0755,0.35,0.3399,Ineficiente
1576.68,True,37,Pequeno negocio,0,7,209.0,9,2,1656.96,29,54.3683,225.24,7.5439,-0.0485,0.2432,0.4076,Ineficiente
474.73,True,24,Casa,4,1,84.0,2,11,732.66,29,16.37,474.73,5.6515,-0.352,0.0833,0.2768,Moderado
390.46,False,15,Casa,1,1,110.0,4,6,460.11,30,13.0153,390.46,3.5496,-0.1514,0.2667,0.1751,Eficiente
448.46,False,8,Casa,2,5,134.0,1,1,432.94,29,15.4641,89.692,3.3467,0.0358,0.125,0.1287,Eficiente
542.53,True,12,Casa,9,2,152.0,1,7,444.88,29,18.7079,271.265,3.5693,0.2195,0.0833,0.26,Moderado
719.98,True,19,Casa,2,3,231.0,3,3,814.1,31,23.2252,239.9933,3.1168,-0.1156,0.1579,0.2595,Moderado
1199.49,False,29,Pequeno negocio,5,11,220.0,7,5,1278.35,28,42.8389,109.0445,5.4522,-0.0617,0.2414,0.2965,Moderado
487.38,True,4,Casa,5,1,224.0,4,4,489.96,29,16.8062,487.38,2.1758,-0.0053,1.0,0.2313,Moderado
1158.57,False,9,Casa,13,2,81.0,7,10,1127.11,29,39.9507,579.285,14.3033,0.0279,0.7778,0.3996,Ineficiente
467.22,True,23,Departamento,2,1,107.0,0,11,566.34,29,16.111,467.22,4.3665,-0.175,0.0,0.2663,Moderado
177.24,True,11,Departamento,1,2,103.0,0,2,219.57,29,6.1117,88.62,1.7208,-0.1928,0.0,0.1363,Eficiente
382.7,True,13,Departamento,8,1,120.0,2,4,278.07,30,12.7567,382.7,3.1892,0.3763,0.1538,0.2524,Moderado
989.68,False,7,Casa,9,5,161.0,3,5,1309.88,31,31.9252,197.936,6.1471,-0.2444,0.4286,0.1879,Eficiente
1227.72,True,27,Pequeno negocio,7,15,197.0,5,11,1030.28,29,42.3352,81.848,6.2321,0.1916,0.1852,0.3809,Ineficiente
381.7,True,8,Casa,10,2,116.0,5,3,361.8,31,12.3129,190.85,3.2905,0.055,0.625,0.2021,Eficiente
602.65,True,22,Casa,12,4,99.0,1,9,612.88,30,20.0883,150.6625,6.0874,-0.0167,0.0455,0.3354,Ineficiente
882.49,False,14,Departamento,9,3,56.0,8,0,851.84,29,30.4307,294.1633,15.7588,0.036,0.5714,0.2668,Moderado
1510.25,True,34,Pequeno negocio,8,14,230.0,7,12,1204.32,29,52.0776,107.875,6.5663,0.254,0.2059,0.4621,Ineficiente
685.82,False,14,Casa,10,4,240.0,3,4,679.2,28,24.4936,171.455,2.8576,0.0097,0.2143,0.2039,Eficiente
1995.92,False,20,Departamento,3,5,90.0,6,3,1859.64,28,71.2829,399.184,22.1769,0.0733,0.3,0.3752,Ineficiente
553.1,True,22,Casa,3,2,188.0,2,9,442.53,30,18.4367,276.55,2.942,0.2499,0.0909,0.2311,Moderado
587.59,False,9,Casa,5,6,225.0,0,7,513.5,31,18.9545,97.9317,2.6115,0.1443,0.0,0.0763,Eficiente
882.52,True,21,Casa,11,7,163.0,7,6,1188.6,29,30.4317,126.0743,5.4142,-0.2575,0.3333,0.3706,Ineficiente
776.21,False,20,Departamento,12,1,82.0,0,12,1041.9,28,27.7218,776.21,9.466,-0.255,0.0,0.2265,Eficiente
868.28,True,3,Casa,8,2,259.0,2,5,841.02,29,29.9407,434.14,3.3524,0.0324,0.6667,0.2153,Eficiente
496.1,False,22,Departamento,9,3,82.0,3,7,566.08,30,16.5367,165.3667,6.05,-0.1236,0.1364,0.1655,Eficiente
690.03,False,8,Casa,11,6,99.0,8,6,673.08,29,23.7941,115.005,6.97,0.0252,1.0,0.3114,Ineficiente
717.99,True,11,Pequeno negocio,3,4,245.0,5,2,683.7,29,24.7583,179.4975,2.9306,0.0502,0.4545,0.2601,Moderado
858.24,True,8,Pequeno negocio,1,3,246.0,7,4,681.36,29,29.5945,286.08,3.4888,0.2596,0.875,0.298,Moderado
959.06,True,15,Casa,11,4,189.0,9,7,1014.48,28,34.2521,239.765,5.0744,-0.0546,0.6,0.4088,Ineficiente
525.9,True,9,Casa,1,1,71.0,8,1,542.9,28,18.7821,525.9,7.407,-0.0313,0.8889,0.2672,Moderado
571.66,False,21,Casa,2,1,225.0,6,9,692.07,28,20.4164,571.66,2.5407,-0.174,0.2857,0.2191,Eficiente
1059.73,False,14,Pequeno negocio,5,15,159.0,3,7,1078.76,30,35.3243,70.6487,6.665,-0.0176,0.2143,0.2258,Eficiente
697.37,True,19,Casa,11,1,122.0,4,8,842.26,31,22.4958,697.37,5.7161,-0.172,0.2105,0.3629,Ineficiente
521.45,True,17,Departamento,5,4,92.0,1,10,485.56,31,16.821,130.3625,5.6679,0.0739,0.0588,0.2681,Moderado
494.1,False,10,Casa,1,7,120.0,5,6,528.51,30,16.47,70.5857,4.1175,-0.0651,0.5,0.1319,Eficiente
491.64,True,14,Departamento,1,3,105.0,5,10,517.96,31,15.8594,163.88,4.6823,-0.0508,0.3571,0.2427,Moderado
457.34,False,7,Departamento,3,2,122.0,7,9,410.25,29,15.7703,228.67,3.7487,0.1148,1.0,0.2184,Eficiente
775.82,True,3,Departamento,1,2,116.0,1,3,779.46,30,25.8607,387.91,6.6881,-0.0047,0.3333,0.2095,Eficiente
812.54,False,15,Pequeno negocio,4,6,114.0,7,3,726.72,30,27.0847,135.4233,7.1275,0.1181,0.4667,0.2449,Moderado
640.42,False,7,Casa,1,7,255.0,2,5,715.46,29,22.0834,91.4886,2.5115,-0.1049,0.2857,0.1306,Eficiente
624.72,True,15,Pequeno negocio,12,7,45.0,0,1,561.06,30,20.824,89.2457,13.8827,0.1135,0.0,0.2424,Moderado
526.47,True,5,Casa,0,4,200.0,4,7,631.29,31,16.9829,131.6175,2.6324,-0.166,0.8,0.1904,Eficiente
481.93,True,17,Departamento,2,2,74.0,9,11,427.39,29,16.6183,240.965,6.5126,0.1276,0.5294,0.3029,Moderado
756.82,True,31,Pequeno negocio,0,2,81.0,4,10,846.33,30,25.2273,378.41,9.3435,-0.1058,0.129,0.3161,Ineficiente
373.7,False,8,Departamento,4,1,40.0,1,9,451.57,28,13.3464,373.7,9.3425,-0.1724,0.125,0.1498,Eficiente
411.44,False,6,Departamento,12,2,114.0,3,2,402.87,30,13.7147,205.72,3.6091,0.0213,0.5,0.1705,Eficiente
802.38,False,23,Casa,8,5,220.0,6,10,646.95,30,26.746,160.476,3.6472,0.2403,0.2609,0.306,Ineficiente
735.09,True,16,Casa,14,2,84.0,2,1,735.32,29,25.3479,367.545,8.7511,-0.0003,0.125,0.287,Moderado
553.88,True,17,Casa,9,1,104.0,2,5,552.46,31,17.8671,553.88,5.3258,0.0026,0.1176,0.2705,Moderado
577.18,True,11,Departamento,6,5,87.0,2,12,726.81,31,18.6187,115.436,6.6343,-0.2059,0.1818,0.2382,Moderado
487.6,True,21,Departamento,14,1,51.0,0,9,351.39,31,15.729,487.6,9.5608,0.3876,0.0,0.3605,Ineficiente
465.58,True,4,Casa,2,2,139.0,4,1,572.63,31,15.0187,232.79,3.3495,-0.1869,1.0,0.1094,Eficiente
452.05,True,12,Casa,1,5,164.0,3,6,434.86,30,15.0683,90.41,2.7564,0.0395,0.25,0.2447,Moderado
492.54,False,4,Casa,4,2,242.0,3,12,471.92,30,16.418,246.27,2.0353,0.0437,0.75,0.1662,Eficiente
790.89,True,18,Casa,13,6,198.0,3,5,809.44,31,25.5126,131.815,3.9944,-0.0229,0.1667,0.3705,Ineficiente
598.63,True,23,Casa,12,1,264.0,6,7,554.55,29,20.6424,598.63,2.2675,0.0795,0.2609,0.3914,Ineficiente
1262.59,True,20,Pequeno negocio,8,6,181.0,8,4,1128.67,28,45.0925,210.4317,6.9756,0.1187,0.4,0.3284,Ineficiente
505.88,False,6,Departamento,13,1,45.0,6,6,705.99,29,17.4441,505.88,11.2418,-0.2834,1.0,0.2203,Eficiente
1117.53,False,20,Casa,9,6,192.0,5,6,894.94,29,38.5355,186.255,5.8205,0.2487,0.25,0.3191,Ineficiente
463.13,False,8,Departamento,3,6,47.0,7,2,525.97,30,15.4377,77.1883,9.8538,-0.1195,0.875,0.1339,Eficiente
996.94,True,12,Pequeno negocio,0,10,241.0,2,12,1068.01,28,35.605,99.694,4.1367,-0.0665,0.1667,0.2689,Moderado
1337.22,True,15,Casa,0,2,279.0,9,11,1520.41,28,47.7579,668.61,4.7929,-0.1205,0.6,0.3567,Ineficiente
647.56,False,12,Casa,12,2,261.0,6,1,782.97,31,20.889,323.78,2.4811,-0.1729,0.5,0.3171,Ineficiente
743.5,False,7,Casa,4,7,225.0,7,2,625.14,29,25.6379,106.2143,3.3044,0.1893,1.0,0.2233,Eficiente
596.8,False,14,Casa,6,6,155.0,2,8,626.33,29,20.5793,99.4667,3.8503,-0.0471,0.1429,0.1609,Eficiente
260.41,False,7,Departamento,5,2,60.0,1,5,231.15,28,9.3004,130.205,4.3402,0.1266,0.1429,0.1706,Eficiente
1231.34,True,33,Pequeno negocio,1,10,86.0,7,8,1086.9,28,43.9764,123.134,14.3179,0.1329,0.2121,0.3699,Ineficiente
318.33,True,4,Casa,0,3,171.0,3,0,260.09,31,10.2687,106.11,1.8616,0.2239,0.75,0.1561,Eficiente
604.4,False,20,Departamento,10,5,93.0,2,9,750.12,30,20.1467,120.88,6.4989,-0.1943,0.1,0.2526,Moderado
1465.52,False,24,Casa,10,3,115.0,7,0,1609.51,29,50.5352,488.5067,12.7437,-0.0895,0.2917,0.3006,Moderado
478.53,True,19,Departamento,3,6,60.0,5,2,448.28,29,16.501,79.755,7.9755,0.0675,0.2632,0.263,Moderado
1392.76,False,16,Departamento,1,4,117.0,7,9,1209.76,29,48.0262,348.19,11.9039,0.1513,0.4375,0.3116,Ineficiente
673.04,False,12,Casa,7,7,287.0,2,4,785.71,31,21.711,96.1486,2.3451,-0.1434,0.1667,0.1837,Eficiente
426.81,True,14,Casa,1,7,119.0,0,2,512.0,31,13.7681,60.9729,3.5866,-0.1664,0.0,0.0765,Eficiente
522.06,True,14,Departamento,4,4,83.0,4,11,475.9,29,18.0021,130.515,6.2899,0.097,0.2857,0.2757,Moderado
1038.43,True,19,Pequeno negocio,10,4,207.0,9,7,1030.75,29,35.8079,259.6075,5.0166,0.0075,0.4737,0.3303,Ineficiente
1219.26,True,5,Casa,2,4,146.0,5,3,1364.16,29,42.0434,304.815,8.3511,-0.1062,1.0,0.1919,Eficiente
707.68,False,16,Casa,11,1,206.0,8,9,906.7,29,24.4028,707.68,3.4353,-0.2195,0.5,0.2711,Moderado
771.04,False,15,Casa,13,3,297.0,8,1,914.65,29,26.5876,257.0133,2.5961,-0.157,0.5333,0.2682,Moderado
536.79,True,8,Departamento,2,3,121.0,8,6,493.46,29,18.51,178.93,4.4363,0.0878,1.0,0.246,Moderado
813.06,False,12,Departamento,9,7,39.0,4,2,698.34,29,28.0366,116.1514,20.8477,0.1643,0.3333,0.3061,Ineficiente
550.51,True,13,Departamento,11,6,119.0,2,8,476.3,31,17.7584,91.7517,4.6261,0.1558,0.1538,0.3224,Ineficiente
299.9,False,3,Departamento,7,2,60.0,3,3,351.23,29,10.3414,149.95,4.9983,-0.1461,1.0,0.1815,Eficiente
1355.33,False,39,Pequeno negocio,4,15,217.0,5,3,1163.91,29,46.7355,90.3553,6.2458,0.1645,0.1282,0.3445,Ineficiente
1057.13,False,24,Pequeno negocio,14,12,209.0,3,3,886.91,29,36.4528,88.0942,5.058,0.1919,0.125,0.2697,Moderado
566.13,True,11,Casa,4,4,249.0,4,10,536.07,29,19.5217,141.5325,2.2736,0.0561,0.3636,0.2288,Moderado
569.35,False,9,Departamento,3,6,86.0,7,11,558.53,28,20.3339,94.8917,6.6203,0.0194,0.7778,0.1299,Eficiente
694.05,False,19,Casa,1,2,190.0,3,2,636.76,29,23.9328,347.025,3.6529,0.09,0.1579,0.1827,Eficiente
870.76,False,24,Casa,13,6,161.0,8,2,1137.13,30,29.0253,145.1267,5.4084,-0.2342,0.3333,0.3537,Ineficiente
647.54,False,32,Pequeno negocio,3,1,190.0,2,7,883.43,30,21.5847,647.54,3.4081,-0.267,0.0625,0.2282,Eficiente
264.35,False,8,Departamento,1,3,97.0,3,8,267.75,30,8.8117,88.1167,2.7253,-0.0127,0.375,0.0944,Eficiente
942.09,True,10,Pequeno negocio,0,13,61.0,1,10,962.83,30,31.403,72.4685,15.4441,-0.0215,0.1,0.1931,Eficiente
857.01,True,13,Casa,4,7,80.0,8,10,1541.67,30,28.567,122.43,10.7126,-0.4441,0.6154,0.2941,Moderado
643.37,True,11,Departamento,10,3,120.0,8,10,623.99,29,22.1852,214.4567,5.3614,0.0311,0.7273,0.3245,Ineficiente
324.7,True,13,Departamento,10,4,73.0,2,0,283.75,31,10.4742,81.175,4.4479,0.1443,0.1538,0.2715,Moderado
646.38,False,4,Casa,12,7,227.0,4,0,537.92,30,21.546,92.34,2.8475,0.2016,1.0,0.2436,Moderado
748.31,True,22,Casa,10,1,179.0,7,2,713.59,29,25.8038,748.31,4.1805,0.0487,0.3182,0.3506,Ineficiente
434.4,True,24,Departamento,0,4,118.0,6,4,471.78,30,14.48,108.6,3.6814,-0.0792,0.25,0.1972,Eficiente
777.69,False,23,Casa,12,5,225.0,6,9,658.69,29,26.8169,155.538,3.4564,0.1807,0.2609,0.3513,Ineficiente
1741.77,True,26,Pequeno negocio,3,12,142.0,2,11,1478.88,30,58.059,145.1475,12.266,0.1778,0.0769,0.3345,Ineficiente
730.3,True,17,Casa,14,1,260.0,0,9,711.05,29,25.1828,730.3,2.8088,0.0271,0.0,0.3535,Ineficiente
2427.54,False,4,Casa,5,6,226.0,4,11,2196.08,29,83.7083,404.59,10.7413,0.1054,1.0,0.3393,Ineficiente
637.66,False,16,Departamento,0,6,102.0,9,4,575.18,30,21.2553,106.2767,6.2516,0.1086,0.5625,0.2017,Eficiente
1082.16,True,16,Casa,5,3,111.0,9,8,822.29,31,34.9084,360.72,9.7492,0.316,0.5625,0.4344,Ineficiente
617.04,False,14,Pequeno negocio,6,11,87.0,0,1,1227.35,30,20.568,56.0945,7.0924,-0.4973,0.0,0.1024,Eficiente
718.99,True,20,Departamento,12,4,83.0,6,1,637.55,30,23.9663,179.7475,8.6625,0.1277,0.3,0.3738,Ineficiente
601.63,True,3,Casa,8,5,67.0,2,10,619.83,31,19.4074,120.326,8.9796,-0.0294,0.6667,0.2727,Moderado
424.84,True,11,Departamento,0,3,124.0,3,5,421.0,31,13.7045,141.6133,3.4261,0.0091,0.2727,0.176,Eficiente
1712.8,True,13,Departamento,0,2,85.0,4,9,1530.2,28,61.1714,856.4,20.1506,0.1193,0.3077,0.3039,Moderado
437.33,False,13,Departamento,9,6,54.0,2,12,436.4,29,15.0803,72.8883,8.0987,0.0021,0.1538,0.2299,Moderado
798.25,False,10,Pequeno negocio,1,12,59.0,5,7,767.86,30,26.6083,66.5208,13.5297,0.0396,0.5,0.2251,Eficiente
370.61,True,18,Departamento,7,2,82.0,5,1,381.8,29,12.7797,185.305,4.5196,-0.0293,0.2778,0.2472,Moderado
734.43,True,15,Departamento,13,7,99.0,9,8,680.29,28,26.2296,104.9186,7.4185,0.0796,0.6,0.3687,Ineficiente
1385.63,True,8,Casa,12,7,115.0,8,10,1304.81,30,46.1877,197.9471,12.049,0.0619,1.0,0.4115,Ineficiente
1057.43,False,17,Departamento,9,5,39.0,7,3,1233.35,28,37.7654,211.486,27.1136,-0.1426,0.4118,0.3053,Ineficiente
1438.72,False,9,Pequeno negocio,4,15,164.0,9,5,1341.74,30,47.9573,95.9147,8.7727,0.0723,1.0,0.2476,Moderado
1132.7,False,7,Departamento,7,3,125.0,4,8,1018.48,30,37.7567,377.5667,9.0616,0.1121,0.5714,0.2084,Eficiente
359.87,True,16,Departamento,1,5,42.0,0,9,346.04,29,12.4093,71.974,8.5683,0.04,0.0,0.2204,Eficiente
716.76,False,14,Casa,11,5,82.0,8,2,607.05,30,23.892,143.352,8.741,0.1807,0.5714,0.2643,Moderado
503.04,False,20,Departamento,1,4,76.0,3,0,511.37,31,16.2271,125.76,6.6189,-0.0163,0.15,0.1356,Eficiente
657.66,True,13,Pequeno negocio,0,3,61.0,4,8,770.25,29,22.6779,219.22,10.7813,-0.1462,0.3077,0.2617,Moderado
1165.04,True,22,Casa,9,4,76.0,3,0,1142.67,29,40.1738,291.26,15.3295,0.0196,0.1364,0.4125,Ineficiente
834.18,True,14,Casa,8,7,135.0,9,5,839.19,30,27.806,119.1686,6.1791,-0.006,0.6429,0.3989,Ineficiente
485.95,True,23,Departamento,8,5,64.0,3,3,618.8,30,16.1983,97.19,7.593,-0.2147,0.1304,0.2564,Moderado
426.83,True,5,Departamento,7,3,73.0,5,5,386.18,30,14.2277,142.2767,5.847,0.1053,1.0,0.3006,Moderado
1261.94,True,5,Departamento,8,5,57.0,5,11,971.07,29,43.5152,252.388,22.1393,0.2995,1.0,0.3154,Ineficiente
558.89,False,7,Casa,6,2,124.0,5,12,562.86,28,19.9604,279.445,4.5072,-0.0071,0.7143,0.2189,Eficiente
854.67,True,20,Casa,2,2,290.0,5,8,942.31,29,29.4714,427.335,2.9471,-0.093,0.25,0.2668,Moderado
475.86,True,14,Departamento,8,6,40.0,0,4,694.48,29,16.409,79.31,11.8965,-0.3148,0.0,0.1829,Eficiente
493.5,False,17,Departamento,0,5,102.0,8,7,466.29,29,17.0172,98.7,4.8382,0.0584,0.4706,0.22,Eficiente
194.86,True,3,Departamento,0,1,109.0,3,1,170.56,31,6.2858,194.86,1.7877,0.1425,1.0,0.1607,Eficiente
425.59,True,11,Departamento,8,3,62.0,2,12,447.91,29,14.6755,141.8633,6.8644,-0.0498,0.1818,0.2502,Moderado
572.78,False,10,Departamento,10,7,73.0,2,11,584.99,31,18.4768,81.8257,7.8463,-0.0209,0.2,0.2347,Moderado
404.69,True,23,Departamento,1,5,73.0,3,4,547.21,30,13.4897,80.938,5.5437,-0.2604,0.1304,0.1662,Eficiente
372.84,True,5,Departamento,5,7,37.0,5,0,358.65,28,13.3157,53.2629,10.0768,0.0396,1.0,0.1085,Eficiente
686.25,True,21,Departamento,13,4,86.0,5,11,828.89,28,24.5089,171.5625,7.9797,-0.1721,0.2381,0.359,Ineficiente
381.21,True,11,Departamento,11,1,78.0,8,0,351.11,30,12.707,381.21,4.8873,0.0857,0.7273,0.32,Ineficiente
653.04,True,20,Casa,12,2,67.0,8,1,640.39,28,23.3229,326.52,9.7469,0.0198,0.4,0.3856,Ineficiente
695.89,False,9,Casa,9,1,282.0,3,0,718.71,31,22.4481,695.89,2.4677,-0.0318,0.3333,0.1633,Eficiente
454.53,False,4,Departamento,2,6,110.0,4,2,386.83,29,15.6734,75.755,4.1321,0.175,1.0,0.091,Eficiente
1553.52,True,34,Pequeno negocio,5,14,112.0,6,11,1872.02,28,55.4829,110.9657,13.8707,-0.1701,0.1765,0.318,Ineficiente
600.56,True,6,Departamento,8,4,52.0,6,6,472.33,29,20.709,150.14,11.5492,0.2715,1.0,0.3143,Ineficiente
631.4,True,6,Casa,9,6,271.0,0,2,590.09,31,20.3677,105.2333,2.3299,0.07,0.0,0.1838,Eficiente
437.86,False,23,Departamento,1,4,118.0,5,12,439.07,28,15.6379,109.465,3.7107,-0.0028,0.2174,0.199,Eficiente
798.23,False,7,Casa,14,6,252.0,6,5,870.45,29,27.5252,133.0383,3.1676,-0.083,0.8571,0.283,Moderado
652.72,True,24,Departamento,14,5,115.0,2,9,572.48,31,21.0555,130.544,5.6758,0.1402,0.0833,0.4049,Ineficiente
1156.54,False,7,Pequeno negocio,0,12,221.0,6,7,1243.35,31,37.3077,96.3783,5.2332,-0.0698,0.8571,0.1727,Eficiente
401.79,True,9,Departamento,8,5,105.0,7,1,339.9,28,14.3496,80.358,3.8266,0.1821,0.7778,0.2976,Moderado
289.72,False,12,Departamento,2,3,106.0,1,9,240.22,31,9.3458,96.5733,2.7332,0.2061,0.0833,0.176,Eficiente
816.69,True,9,Casa,4,6,172.0,9,12,933.89,30,27.223,136.115,4.7482,-0.1255,1.0,0.3547,Ineficiente
3066.55,False,23,Casa,13,7,296.0,9,12,2854.67,28,109.5196,438.0786,10.36,0.0742,0.3913,0.5202,Ineficiente
744.77,False,11,Pequeno negocio,10,5,202.0,2,9,956.68,29,25.6817,148.954,3.687,-0.2215,0.1818,0.1892,Eficiente
497.95,False,19,Departamento,5,5,101.0,1,8,428.27,28,17.7839,99.59,4.9302,0.1627,0.0526,0.1828,Eficiente
290.83,False,4,Departamento,0,1,102.0,1,9,274.39,28,10.3868,290.83,2.8513,0.0599,0.25,0.1716,Eficiente
536.67,True,8,Casa,12,3,94.0,0,12,549.81,31,17.3119,178.89,5.7093,-0.0239,0.0,0.3415,Ineficiente
495.96,True,16,Casa,4,5,179.0,0,7,697.08,29,17.1021,99.192,2.7707,-0.2885,0.0,0.1544,Eficiente
584.02,False,13,Casa,9,2,194.0,3,11,534.96,29,20.1386,292.01,3.0104,0.0917,0.2308,0.1886,Eficiente
527.32,False,24,Casa,3,2,160.0,6,5,527.62,28,18.8329,263.66,3.2958,-0.0006,0.25,0.2443,Moderado
975.48,False,18,Casa,11,3,243.0,6,4,1165.95,29,33.6372,325.16,4.0143,-0.1634,0.3333,0.2366,Moderado
1062.73,False,22,Pequeno negocio,5,15,240.0,5,1,1020.35,28,37.9546,70.8487,4.428,0.0415,0.2273,0.1926,Eficiente
684.46,True,12,Departamento,11,5,54.0,6,6,563.17,31,22.0794,136.892,12.6752,0.2154,0.5,0.3109,Ineficiente
435.44,True,19,Casa,1,1,76.0,1,8,353.6,29,15.0152,435.44,5.7295,0.2314,0.0526,0.2251,Eficiente
706.99,False,12,Casa,9,3,125.0,9,5,733.76,31,22.8061,235.6633,5.6559,-0.0365,0.75,0.2165,Eficiente
527.19,True,14,Casa,14,3,200.0,1,1,640.45,31,17.0061,175.73,2.636,-0.1768,0.0714,0.2771,Moderado
829.66,True,11,Pequeno negocio,7,9,115.0,3,5,719.97,31,26.7632,92.1844,7.2144,0.1524,0.2727,0.2627,Moderado
755.28,True,9,Casa,7,7,106.0,6,7,953.15,29,26.0441,107.8971,7.1253,-0.2076,0.6667,0.283,Moderado
197.15,True,5,Departamento,10,1,42.0,1,1,230.09,31,6.3597,197.15,4.694,-0.1432,0.2,0.1622,Eficiente
1178.28,False,7,Pequeno negocio,12,4,106.0,4,7,1061.19,30,39.276,294.57,11.1158,0.1103,0.5714,0.2956,Moderado
951.44,True,7,Casa,12,6,263.0,7,4,804.16,28,33.98,158.5733,3.6176,0.1831,1.0,0.3303,Ineficiente
402.53,False,15,Departamento,0,3,112.0,2,7,365.47,28,14.3761,134.1767,3.594,0.1014,0.1333,0.1708,Eficiente
810.58,False,36,Pequeno negocio,4,3,241.0,6,0,837.52,31,26.1477,270.1933,3.3634,-0.0322,0.1667,0.2221,Eficiente
918.1,False,19,Casa,12,7,242.0,6,10,834.03,31,29.6161,131.1571,3.7938,0.1008,0.3158,0.3552,Ineficiente
534.04,False,19,Casa,14,2,159.0,0,5,454.49,30,17.8013,267.02,3.3587,0.175,0.0,0.2547,Moderado
796.7,True,32,Pequeno negocio,9,8,201.0,0,5,738.76,29,27.4724,99.5875,3.9637,0.0784,0.0,0.2798,Moderado
730.92,True,18,Pequeno negocio,0,15,172.0,1,1,1063.32,30,24.364,48.728,4.2495,-0.3126,0.0556,0.163,Eficiente
450.36,False,23,Departamento,10,2,48.0,0,5,494.24,28,16.0843,225.18,9.3825,-0.0888,0.0,0.2574,Moderado
872.64,True,19,Departamento,14,4,52.0,5,5,761.95,31,28.1497,218.16,16.7815,0.1453,0.2632,0.4061,Ineficiente
610.81,True,5,Casa,12,7,121.0,2,0,677.37,29,21.0624,87.2586,5.048,-0.0983,0.4,0.2566,Moderado
739.77,False,6,Pequeno negocio,10,3,182.0,5,7,647.43,29,25.5093,246.59,4.0647,0.1426,0.8333,0.2545,Moderado
382.56,False,24,Departamento,7,1,112.0,2,3,358.74,31,12.3406,382.56,3.4157,0.0664,0.0833,0.1879,Eficiente
526.63,True,4,Casa,13,2,249.0,3,4,499.51,31,16.9881,263.315,2.115,0.0543,0.75,0.2618,Moderado
601.23,False,15,Departamento,9,6,95.0,1,1,507.07,30,20.041,100.205,6.3287,0.1857,0.0667,0.204,Eficiente
1016.41,False,14,Pequeno negocio,7,1,118.0,7,8,1051.46,28,36.3004,1016.41,8.6136,-0.0333,0.5,0.3516,Ineficiente
828.73,False,21,Pequeno negocio,13,6,178.0,1,1,744.26,28,29.5975,138.1217,4.6558,0.1135,0.0476,0.2246,Eficiente
630.01,False,18,Casa,0,4,194.0,9,7,644.16,30,21.0003,157.5025,3.2475,-0.022,0.5,0.264,Moderado
484.7,True,4,Casa,1,3,263.0,1,5,456.97,28,17.3107,161.5667,1.843,0.0607,0.25,0.1968,Eficiente
1334.05,False,16,Pequeno negocio,12,14,172.0,9,9,1166.17,29,46.0017,95.2893,7.7561,0.144,0.5625,0.4127,Ineficiente
1185.29,False,34,Pequeno negocio,0,12,126.0,7,5,1354.75,31,38.2352,98.7742,9.4071,-0.1251,0.2059,0.2958,Moderado
820.72,True,6,Departamento,13,7,53.0,6,8,791.83,29,28.3007,117.2457,15.4853,0.0365,1.0,0.3392,Ineficiente
739.0,False,12,Departamento,14,5,101.0,8,12,876.03,31,23.8387,147.8,7.3168,-0.1564,0.6667,0.2998,Moderado
376.02,True,13,Departamento,3,1,111.0,4,3,397.8,30,12.534,376.02,3.3876,-0.0548,0.3077,0.2652,Moderado
691.86,False,23,Casa,13,1,88.0,1,1,741.42,28,24.7093,691.86,7.862,-0.0668,0.0435,0.2837,Moderado
779.25,False,13,Casa,8,3,227.0,6,7,866.27,28,27.8304,259.75,3.4328,-0.1005,0.4615,0.1949,Eficiente
660.74,True,19,Casa,7,4,73.0,6,1,579.3,29,22.7841,165.185,9.0512,0.1406,0.3158,0.3423,Ineficiente
1395.94,True,4,Casa,13,4,160.0,4,2,1391.55,28,49.855,348.985,8.7246,0.0032,1.0,0.3221,Ineficiente
1067.54,True,32,Pequeno negocio,11,14,39.0,2,9,768.5,28,38.1264,76.2529,27.3728,0.3891,0.0625,0.4339,Ineficiente
760.57,True,11,Casa,13,2,299.0,8,8,752.56,29,26.2266,380.285,2.5437,0.0106,0.7273,0.4288,Ineficiente
479.87,True,10,Casa,13,1,102.0,8,0,523.09,28,17.1382,479.87,4.7046,-0.0826,0.8,0.3056,Ineficiente
726.85,True,23,Departamento,10,5,58.0,7,7,646.59,31,23.4468,145.37,12.5319,0.1241,0.3043,0.3032,Moderado
708.56,True,13,Casa,7,7,140.0,2,8,657.81,28,25.3057,101.2229,5.0611,0.0771,0.1538,0.2736,Moderado
433.12,False,13,Casa,2,2,107.0,2,4,375.76,31,13.9716,216.56,4.0479,0.1527,0.1538,0.1412,Eficiente
423.12,True,21,Departamento,1,3,93.0,1,9,451.79,29,14.5903,141.04,4.5497,-0.0635,0.0476,0.2054,Eficiente
2944.14,True,22,Casa,3,5,177.0,8,9,3101.08,30,98.138,588.828,16.6336,-0.0506,0.3636,0.434,Ineficiente
485.48,True,20,Departamento,7,2,65.0,4,8,466.04,28,17.3386,242.74,7.4689,0.0417,0.2,0.2406,Moderado
842.84,True,18,Pequeno negocio,2,11,47.0,3,3,858.76,31,27.1884,76.6218,17.9328,-0.0185,0.1667,0.2684,Moderado
326.51,True,7,Casa,5,2,83.0,1,3,277.36,30,10.8837,163.255,3.9339,0.1772,0.1429,0.2481,Moderado
1133.5,False,22,Pequeno negocio,11,4,57.0,4,7,1363.23,30,37.7833,283.375,19.886,-0.1685,0.1818,0.3271,Ineficiente
957.76,True,27,Pequeno negocio,0,13,236.0,1,1,842.44,29,33.0262,73.6738,4.0583,0.1369,0.037,0.2032,Eficiente
949.51,False,34,Pequeno negocio,4,6,137.0,8,5,727.29,30,31.6503,158.2517,6.9307,0.3055,0.2353,0.3279,Ineficiente
601.09,True,5,Departamento,14,2,105.0,3,12,529.47,29,20.7272,300.545,5.7247,0.1353,0.6,0.4187,Ineficiente
468.4,True,12,Departamento,4,1,111.0,4,8,408.73,31,15.1097,468.4,4.2198,0.146,0.3333,0.2923,Moderado
694.85,False,14,Departamento,10,4,88.0,6,11,686.51,31,22.4145,173.7125,7.896,0.0121,0.4286,0.2908,Moderado
586.48,True,15,Departamento,9,7,44.0,6,4,703.06,29,20.2234,83.7829,13.3291,-0.1658,0.4,0.2447,Moderado
621.9,True,4,Casa,11,5,251.0,1,9,908.31,29,21.4448,124.38,2.4777,-0.3153,0.25,0.229,Moderado
2874.03,True,33,Pequeno negocio,10,12,146.0,0,9,2677.56,31,92.7106,239.5025,19.6851,0.0734,0.0,0.4493,Ineficiente
416.92,False,8,Departamento,8,4,61.0,2,2,422.4,28,14.89,104.23,6.8348,-0.013,0.25,0.1902,Eficiente
448.62,True,10,Departamento,14,1,41.0,7,2,549.82,30,14.954,448.62,10.942,-0.1841,0.7,0.3117,Ineficiente
759.51,True,21,Casa,4,3,285.0,8,5,603.74,29,26.19,253.17,2.6649,0.258,0.381,0.3742,Ineficiente
782.74,False,13,Casa,4,7,283.0,9,8,838.63,30,26.0913,111.82,2.7659,-0.0666,0.6923,0.2949,Moderado
485.54,False,11,Departamento,8,6,105.0,2,9,475.82,29,16.7428,80.9233,4.6242,0.0204,0.1818,0.1435,Eficiente
453.77,False,3,Departamento,10,5,54.0,3,12,441.22,31,14.6377,90.754,8.4031,0.0284,1.0,0.237,Moderado
437.91,True,24,Casa,10,3,139.0,1,1,393.0,29,15.1003,145.97,3.1504,0.1143,0.0417,0.3211,Ineficiente
866.75,False,16,Casa,14,5,248.0,1,8,804.83,28,30.9554,173.35,3.495,0.0769,0.0625,0.3118,Ineficiente
771.71,False,19,Casa,8,5,287.0,5,12,899.93,29,26.6107,154.342,2.6889,-0.1425,0.2632,0.188,Eficiente
359.97,True,12,Departamento,11,5,80.0,0,2,460.62,31,11.6119,71.994,4.4996,-0.2185,0.0,0.2699,Moderado
593.06,False,8,Casa,1,7,261.0,0,12,599.22,29,20.4503,84.7229,2.2723,-0.0103,0.0,0.0896,Eficiente
1126.44,False,34,Pequeno negocio,0,2,137.0,9,10,1189.25,29,38.8428,563.22,8.2222,-0.0528,0.2647,0.267,Moderado
868.96,True,3,Casa,12,2,136.0,3,1,779.13,30,28.9653,434.48,6.3894,0.1153,1.0,0.2218,Eficiente
681.37,True,22,Casa,6,2,273.0,6,2,762.53,30,22.7123,340.685,2.4959,-0.1064,0.2727,0.3045,Moderado
497.43,True,14,Casa,4,5,154.0,2,2,477.22,31,16.0461,99.486,3.2301,0.0423,0.1429,0.1723,Eficiente
293.62,False,10,Departamento,11,7,79.0,0,1,256.42,31,9.4716,41.9457,3.7167,0.1451,0.0,0.1418,Eficiente
441.01,False,18,Departamento,5,7,94.0,1,4,557.75,29,15.2072,63.0014,4.6916,-0.2093,0.0556,0.1296,Eficiente
455.64,True,5,Departamento,0,5,90.0,4,5,429.21,30,15.188,91.128,5.0627,0.0616,0.8,0.2255,Eficiente
1290.9,True,17,Pequeno negocio,8,13,212.0,8,5,1260.06,30,43.03,99.3,6.0892,0.0245,0.4706,0.376,Ineficiente
1889.28,True,12,Casa,1,6,275.0,5,10,2051.85,30,62.976,314.88,6.8701,-0.0792,0.4167,0.2678,Moderado
730.5,True,22,Departamento,14,7,70.0,8,5,965.27,31,23.5645,104.3571,10.4357,-0.2432,0.3636,0.3352,Ineficiente
516.91,False,20,Casa,4,1,134.0,9,2,792.31,31,16.6745,516.91,3.8575,-0.3476,0.45,0.1671,Eficiente
838.16,True,19,Casa,4,3,187.0,7,8,883.28,29,28.9021,279.3867,4.4821,-0.0511,0.3684,0.2832,Moderado
387.67,True,8,Departamento,12,3,89.0,0,8,376.04,31,12.5055,129.2233,4.3558,0.0309,0.0,0.2644,Moderado
1391.1,True,14,Casa,0,4,258.0,2,6,1307.92,28,49.6821,347.775,5.3919,0.0636,0.1429,0.2447,Moderado
550.38,True,24,Departamento,10,3,50.0,3,8,599.64,30,18.346,183.46,11.0076,-0.0821,0.125,0.2754,Moderado
456.28,False,3,Departamento,14,3,40.0,3,2,387.06,29,15.7338,152.0933,11.407,0.1788,1.0,0.2582,Moderado
580.46,False,17,Departamento,0,1,74.0,7,10,499.78,29,20.0159,580.46,7.8441,0.1614,0.4118,0.2563,Moderado
497.34,False,10,Departamento,14,1,123.0,9,3,531.73,30,16.578,497.34,4.0434,-0.0647,0.9,0.259,Moderado
481.98,True,19,Departamento,9,4,41.0,9,0,498.04,30,16.066,120.495,11.7556,-0.0322,0.4737,0.3664,Ineficiente
708.63,False,13,Casa,2,7,290.0,4,5,724.05,31,22.859,101.2329,2.4436,-0.0213,0.3077,0.1852,Eficiente
935.29,True,18,Casa,12,3,250.0,9,3,917.11,29,32.2514,311.7633,3.7412,0.0198,0.5,0.3691,Ineficiente
648.42,True,8,Casa,12,2,87.0,8,6,607.53,31,20.9168,324.21,7.4531,0.0673,1.0,0.3562,Ineficiente
515.46,False,22,Departamento,14,2,36.0,1,6,413.85,31,16.6277,257.73,14.3183,0.2455,0.0455,0.2447,Moderado
2142.28,True,25,Pequeno negocio,13,8,124.0,6,11,2536.23,31,69.1058,267.785,17.2765,-0.1553,0.24,0.4135,Ineficiente
835.09,True,17,Casa,9,5,185.0,4,5,886.66,30,27.8363,167.018,4.514,-0.0582,0.2353,0.267,Moderado
509.52,True,12,Departamento,0,5,51.0,8,1,493.94,29,17.5697,101.904,9.9906,0.0315,0.6667,0.2591,Moderado
590.66,False,6,Departamento,11,2,125.0,6,6,680.17,29,20.3676,295.33,4.7253,-0.1316,1.0,0.2143,Eficiente
1771.57,True,32,Pequeno negocio,11,14,179.0,1,10,1914.12,29,61.0886,126.5407,9.897,-0.0745,0.0312,0.3813,Ineficiente
617.26,False,11,Departamento,11,2,95.0,6,3,481.23,29,21.2848,308.63,6.4975,0.2827,0.5455,0.3466,Ineficiente
981.22,True,20,Departamento,2,7,99.0,9,4,840.46,29,33.8352,140.1743,9.9113,0.1675,0.45,0.2671,Moderado
709.7,True,23,Departamento,11,7,54.0,6,2,665.97,28,25.3464,101.3857,13.1426,0.0657,0.2609,0.3724,Ineficiente
1106.26,True,13,Pequeno negocio,12,7,35.0,8,9,1128.9,29,38.1469,158.0371,31.6074,-0.0201,0.6154,0.3646,Ineficiente
1793.22,False,23,Casa,1,7,157.0,7,2,2066.64,28,64.0436,256.1743,11.4218,-0.1323,0.3043,0.3054,Ineficiente
646.36,False,22,Pequeno negocio,0,2,206.0,7,3,577.37,31,20.8503,323.18,3.1377,0.1195,0.3182,0.1957,Eficiente
667.09,True,19,Casa,1,5,172.0,8,1,589.4,30,22.2363,133.418,3.8784,0.1318,0.4211,0.2608,Moderado
897.93,False,21,Pequeno negocio,10,7,162.0,9,5,1008.88,28,32.0689,128.2757,5.5428,-0.11,0.4286,0.2729,Moderado
806.14,True,6,Casa,4,5,105.0,1,11,742.31,29,27.7979,161.228,7.6775,0.086,0.1667,0.191,Eficiente
725.49,False,18,Casa,12,4,173.0,7,5,939.68,30,24.183,181.3725,4.1936,-0.2279,0.3889,0.2358,Moderado
593.76,True,22,Casa,14,3,116.0,3,1,522.71,29,20.4745,197.92,5.1186,0.1359,0.1364,0.3179,Ineficiente
552.08,True,12,Casa,0,5,61.0,5,9,660.31,29,19.0372,110.416,9.0505,-0.1639,0.4167,0.2016,Eficiente
600.73,False,8,Casa,11,2,159.0,6,4,525.61,30,20.0243,300.365,3.7782,0.1429,0.75,0.2145,Eficiente
674.76,True,9,Casa,11,2,73.0,6,2,594.54,31,21.7665,337.38,9.2433,0.1349,0.6667,0.3262,Ineficiente
245.93,False,16,Departamento,1,2,103.0,1,0,193.78,30,8.1977,122.965,2.3877,0.2691,0.0625,0.0612,Eficiente
659.78,True,18,Casa,1,1,211.0,8,4,587.77,30,21.9927,659.78,3.1269,0.1225,0.4444,0.3022,Moderado
544.45,True,7,Departamento,12,7,54.0,7,2,423.23,30,18.1483,77.7786,10.0824,0.2864,1.0,0.2995,Moderado
727.14,True,6,Pequeno negocio,1,6,143.0,6,6,833.32,28,25.9693,121.19,5.0849,-0.1274,1.0,0.2335,Moderado
652.06,True,19,Departamento,2,6,36.0,6,5,784.97,28,23.2879,108.6767,18.1128,-0.1693,0.3158,0.3108,Ineficiente
760.56,True,3,Casa,13,4,156.0,3,8,740.83,30,25.352,190.14,4.8754,0.0266,1.0,0.2702,Moderado
764.69,True,11,Casa,10,3,270.0,2,3,973.09,29,26.3686,254.8967,2.8322,-0.2142,0.1818,0.2304,Moderado
1065.41,False,15,Pequeno negocio,13,15,40.0,5,0,765.67,29,36.7383,71.0273,26.6352,0.3915,0.3333,0.3457,Ineficiente
475.85,True,20,Casa,4,6,180.0,2,1,395.62,31,15.35,79.3083,2.6436,0.2028,0.1,0.2305,Moderado
711.67,True,17,Casa,11,4,231.0,8,1,799.28,30,23.7223,177.9175,3.0808,-0.1096,0.4706,0.3411,Ineficiente
756.48,False,36,Pequeno negocio,9,8,211.0,0,3,897.08,30,25.216,94.56,3.5852,-0.1567,0.0,0.2072,Eficiente
848.7,True,33,Pequeno negocio,13,2,138.0,0,9,849.55,28,30.3107,424.35,6.15,-0.001,0.0,0.3855,Ineficiente
639.17,False,13,Casa,3,6,227.0,7,7,642.01,31,20.6184,106.5283,2.8157,-0.0044,0.5385,0.2192,Eficiente
514.57,True,24,Departamento,0,5,60.0,7,4,671.59,30,17.1523,102.914,8.5762,-0.2338,0.2917,0.2533,Moderado
486.85,False,24,Departamento,5,4,113.0,5,3,478.32,29,16.7879,121.7125,4.3084,0.0178,0.2083,0.2049,Eficiente
787.53,False,6,Departamento,7,7,72.0,5,2,760.08,30,26.251,112.5043,10.9379,0.0361,0.8333,0.1936,Eficiente
356.91,True,13,Casa,8,7,112.0,0,1,274.28,31,11.5132,50.9871,3.1867,0.3013,0.0,0.1871,Eficiente
871.09,True,19,Casa,13,7,189.0,8,3,822.38,28,31.1104,124.4414,4.6089,0.0592,0.4211,0.3834,Ineficiente
469.82,True,9,Departamento,10,1,94.0,8,6,404.59,28,16.7793,469.82,4.9981,0.1612,0.8889,0.3333,Ineficiente
798.47,True,24,Casa,13,7,291.0,2,7,730.12,30,26.6157,114.0671,2.7439,0.0936,0.0833,0.3396,Ineficiente
411.59,True,13,Departamento,10,2,43.0,0,12,380.91,31,13.2771,205.795,9.5719,0.0805,0.0,0.2482,Moderado
728.99,False,10,Casa,5,5,202.0,5,12,809.93,31,23.5158,145.798,3.6089,-0.0999,0.5,0.2397,Moderado
945.07,False,14,Pequeno negocio,12,12,163.0,2,3,1118.98,31,30.4861,78.7558,5.798,-0.1554,0.1429,0.1841,Eficiente
1166.3,True,38,Pequeno negocio,4,7,197.0,1,9,1108.06,28,41.6536,166.6143,5.9203,0.0526,0.0263,0.3556,Ineficiente
214.77,False,4,Departamento,12,1,126.0,1,1,228.25,30,7.159,214.77,1.7045,-0.0591,0.25,0.0959,Eficiente
2724.17,True,5,Departamento,10,7,65.0,5,10,3172.42,29,93.9369,389.1671,41.9103,-0.1413,1.0,0.5083,Ineficiente
674.3,True,24,Casa,3,7,102.0,3,12,654.21,28,24.0821,96.3286,6.6108,0.0307,0.125,0.3866,Ineficiente
486.91,True,16,Departamento,0,2,126.0,7,7,578.84,29,16.79,243.455,3.8644,-0.1588,0.4375,0.2688,Moderado
751.01,True,22,Casa,13,5,112.0,3,7,612.4,31,24.2261,150.202,6.7054,0.2263,0.1364,0.3549,Ineficiente
1131.69,True,22,Pequeno negocio,11,6,193.0,6,4,1229.83,30,37.723,188.615,5.8637,-0.0798,0.2727,0.3234,Ineficiente
863.25,True,29,Pequeno negocio,0,14,70.0,2,11,1439.03,28,30.8304,61.6607,12.3321,-0.4001,0.069,0.2154,Eficiente
1079.93,True,10,Pequeno negocio,3,10,241.0,5,12,935.53,30,35.9977,107.993,4.481,0.1544,0.5,0.2882,Moderado
1281.79,False,34,Pequeno negocio,7,12,39.0,6,9,1027.35,31,41.3481,106.8158,32.8664,0.2477,0.1765,0.4144,Ineficiente
753.23,False,33,Pequeno negocio,7,4,237.0,3,1,772.4,30,25.1077,188.3075,3.1782,-0.0248,0.0909,0.2448,Moderado
735.8,False,17,Casa,5,4,61.0,8,11,739.14,29,25.3724,183.95,12.0623,-0.0045,0.4706,0.3943,Ineficiente
870.43,True,6,Pequeno negocio,2,9,171.0,6,10,928.23,29,30.0148,96.7144,5.0902,-0.0623,1.0,0.2361,Moderado
546.63,False,23,Departamento,10,4,104.0,2,4,425.26,29,18.8493,136.6575,5.2561,0.2854,0.087,0.2468,Moderado
788.23,True,21,Casa,11,1,267.0,8,3,804.51,31,25.4268,788.23,2.9522,-0.0202,0.381,0.368,Ineficiente
625.94,True,20,Departamento,9,5,120.0,4,9,762.6,29,21.5841,125.188,5.2162,-0.1792,0.2,0.3063,Ineficiente
2345.96,True,10,Casa,14,6,69.0,7,7,2599.38,29,80.8952,390.9933,33.9994,-0.0975,0.7,0.4395,Ineficiente
624.01,True,12,Casa,5,4,140.0,3,9,553.58,28,22.2861,156.0025,4.4572,0.1272,0.25,0.2931,Moderado
563.63,True,21,Casa,8,2,263.0,0,12,480.59,31,18.1816,281.815,2.1431,0.1728,0.0,0.2406,Moderado
401.15,False,5,Casa,4,1,179.0,5,4,355.89,29,13.8328,401.15,2.2411,0.1272,1.0,0.2288,Moderado
616.18,False,6,Departamento,14,3,119.0,5,10,653.36,31,19.8768,205.3933,5.178,-0.0569,0.8333,0.2764,Moderado
964.88,True,34,Pequeno negocio,6,7,49.0,7,6,916.2,28,34.46,137.84,19.6914,0.0531,0.2059,0.3675,Ineficiente
701.99,False,24,Departamento,6,3,103.0,7,11,874.11,28,25.0711,233.9967,6.8154,-0.1969,0.2917,0.3252,Ineficiente
636.23,True,12,Departamento,11,7,46.0,6,3,665.79,29,21.939,90.89,13.8311,-0.0444,0.5,0.3176,Ineficiente
623.56,True,22,Casa,4,3,177.0,5,10,711.29,28,22.27,207.8533,3.5229,-0.1233,0.2273,0.2564,Moderado
358.59,True,10,Departamento,5,3,128.0,0,9,264.22,30,11.953,119.53,2.8015,0.3572,0.0,0.212,Eficiente
778.13,True,14,Casa,12,6,213.0,5,5,849.08,31,25.101,129.6883,3.6532,-0.0836,0.3571,0.2876,Moderado
837.19,True,18,Pequeno negocio,0,2,112.0,9,11,751.33,31,27.0061,418.595,7.4749,0.1143,0.5,0.349,Ineficiente
784.09,True,11,Casa,0,1,286.0,9,5,653.97,29,27.0376,784.09,2.7416,0.199,0.8182,0.3211,Ineficiente
503.95,True,22,Departamento,12,1,126.0,0,9,442.24,28,17.9982,503.95,3.9996,0.1395,0.0,0.3108,Ineficiente
516.71,False,23,Departamento,4,2,36.0,8,6,568.09,30,17.2237,258.355,14.3531,-0.0904,0.3478,0.2663,Moderado
418.17,False,19,Departamento,11,7,57.0,1,1,315.39,28,14.9346,59.7386,7.3363,0.3259,0.0526,0.3418,Ineficiente
629.5,False,38,Pequeno negocio,10,5,228.0,0,3,683.24,28,22.4821,125.9,2.761,-0.0787,0.0,0.212,Eficiente
549.47,True,24,Casa,2,1,131.0,0,10,570.19,29,18.9472,549.47,4.1944,-0.0363,0.0,0.2436,Moderado
881.81,True,12,Pequeno negocio,2,3,181.0,5,6,692.98,31,28.4455,293.9367,4.8719,0.2725,0.4167,0.2997,Moderado
1465.06,False,9,Departamento,14,5,103.0,1,11,1353.05,31,47.26,293.012,14.2239,0.0828,0.1111,0.3639,Ineficiente
558.7,False,13,Departamento,13,7,44.0,6,1,551.28,29,19.2655,79.8143,12.6977,0.0135,0.4615,0.2571,Moderado
499.12,True,12,Departamento,3,2,105.0,4,9,492.14,28,17.8257,249.56,4.7535,0.0142,0.3333,0.1834,Eficiente
1224.67,False,38,Pequeno negocio,7,8,216.0,8,11,1679.49,30,40.8223,153.0838,5.6698,-0.2708,0.2105,0.4034,Ineficiente
1126.09,False,29,Pequeno negocio,12,12,182.0,2,12,1560.58,31,36.3255,93.8408,6.1873,-0.2784,0.069,0.3465,Ineficiente
596.38,True,5,Casa,3,5,249.0,2,9,549.62,28,21.2993,119.276,2.3951,0.0851,0.4,0.2034,Eficiente
1044.57,False,30,Pequeno negocio,9,7,188.0,5,6,1088.76,29,36.0197,149.2243,5.5562,-0.0406,0.1667,0.3214,Ineficiente
484.03,True,8,Departamento,5,7,115.0,1,0,554.08,28,17.2868,69.1471,4.209,-0.1264,0.125,0.2244,Eficiente
436.36,True,20,Departamento,13,3,128.0,4,2,406.54,29,15.0469,145.4533,3.4091,0.0734,0.2,0.31,Ineficiente
3363.7,True,34,Pequeno negocio,4,1,168.0,5,8,4089.5,31,108.5065,3363.7,20.022,-0.1775,0.1471,0.6226,Ineficiente
2161.21,False,13,Casa,6,7,253.0,6,11,2153.21,30,72.0403,308.7443,8.5423,0.0037,0.4615,0.3481,Ineficiente
537.34,True,20,Departamento,10,1,40.0,4,9,597.1,30,17.9113,537.34,13.4335,-0.1001,0.2,0.3067,Ineficiente
1810.09,True,10,Casa,10,6,80.0,1,7,1611.56,28,64.6461,301.6817,22.6261,0.1232,0.1,0.3438,Ineficiente
740.31,True,21,Casa,1,4,151.0,2,11,774.9,31,23.881,185.0775,4.9027,-0.0446,0.0952,0.2922,Moderado
361.16,True,12,Pequeno negocio,1,1,122.0,0,4,313.77,31,11.6503,361.16,2.9603,0.151,0.0,0.1624,Eficiente
738.93,False,14,Casa,12,2,238.0,9,4,788.52,28,26.3904,369.465,3.1047,-0.0629,0.6429,0.3336,Ineficiente
1540.36,True,5,Casa,11,7,63.0,5,1,1801.69,30,51.3453,220.0514,24.4502,-0.145,1.0,0.3169,Ineficiente
441.29,True,17,Casa,2,4,82.0,3,8,438.82,29,15.2169,110.3225,5.3816,0.0056,0.1765,0.2191,Eficiente
501.84,False,20,Departamento,9,3,86.0,3,2,434.9,31,16.1884,167.28,5.8353,0.1539,0.15,0.2966,Moderado
745.14,False,22,Pequeno negocio,4,6,239.0,0,3,883.06,31,24.0368,124.19,3.1177,-0.1562,0.0,0.1628,Eficiente
436.76,False,11,Pequeno negocio,6,1,102.0,4,1,520.68,31,14.089,436.76,4.282,-0.1612,0.3636,0.1235,Eficiente
617.82,True,17,Casa,9,3,287.0,0,11,708.6,30,20.594,205.94,2.1527,-0.1281,0.0,0.2694,Moderado
487.69,True,16,Departamento,9,1,88.0,7,2,389.77,29,16.8169,487.69,5.5419,0.2512,0.4375,0.2611,Moderado
1600.6,False,21,Departamento,5,4,37.0,2,11,1788.28,30,53.3533,400.15,43.2595,-0.105,0.0952,0.3644,Ineficiente
422.66,False,24,Departamento,12,4,66.0,1,3,358.68,30,14.0887,105.665,6.4039,0.1784,0.0417,0.1907,Eficiente
351.1,True,8,Casa,7,3,272.0,1,0,362.06,28,12.5393,117.0333,1.2908,-0.0303,0.125,0.1525,Eficiente
685.28,False,9,Casa,12,7,293.0,0,12,746.21,30,22.8427,97.8971,2.3388,-0.0817,0.0,0.2844,Moderado
377.16,True,23,Departamento,8,1,122.0,3,3,340.74,30,12.572,377.16,3.0915,0.1069,0.1304,0.276,Moderado
412.26,False,5,Departamento,5,7,63.0,0,9,415.93,31,13.2987,58.8943,6.5438,-0.0088,0.0,0.1701,Eficiente
406.49,True,23,Departamento,3,7,94.0,0,1,349.09,30,13.5497,58.07,4.3244,0.1644,0.0,0.1953,Eficiente
134.89,True,6,Departamento,0,1,80.0,2,2,151.27,31,4.3513,134.89,1.6861,-0.1083,0.3333,0.1407,Eficiente
897.24,True,5,Pequeno negocio,8,9,230.0,5,5,866.67,28,32.0443,99.6933,3.901,0.0353,1.0,0.2388,Moderado
436.04,True,6,Departamento,8,2,110.0,2,9,524.49,30,14.5347,218.02,3.964,-0.1686,0.3333,0.2191,Eficiente
553.39,False,24,Casa,14,1,127.0,4,0,721.01,29,19.0824,553.39,4.3574,-0.2325,0.1667,0.218,Eficiente
555.1,False,16,Pequeno negocio,3,3,67.0,4,8,606.26,28,19.825,185.0333,8.2851,-0.0844,0.25,0.2072,Eficiente
640.19,True,16,Pequeno negocio,0,1,204.0,5,10,663.98,28,22.8639,640.19,3.1382,-0.0358,0.3125,0.2964,Moderado
1080.36,False,3,Casa,13,3,189.0,0,1,1148.17,30,36.012,360.12,5.7162,-0.0591,0.0,0.207,Eficiente
356.06,True,3,Departamento,8,1,70.0,3,5,444.21,31,11.4858,356.06,5.0866,-0.1984,1.0,0.221,Eficiente
777.64,True,14,Casa,0,1,289.0,0,12,816.42,30,25.9213,777.64,2.6908,-0.0475,0.0,0.2,Eficiente
302.44,True,3,Departamento,4,1,56.0,3,6,318.42,31,9.7561,302.44,5.4007,-0.0502,1.0,0.2314,Moderado
1746.67,True,14,Casa,14,6,138.0,2,9,1423.16,30,58.2223,291.1117,12.657,0.2273,0.1429,0.4372,Ineficiente
457.79,True,18,Departamento,12,1,90.0,4,9,425.85,28,16.3496,457.79,5.0866,0.075,0.2222,0.3632,Ineficiente
608.99,False,13,Casa,8,6,160.0,0,5,837.57,30,20.2997,101.4983,3.8062,-0.2729,0.0,0.113,Eficiente
339.15,False,20,Departamento,1,2,35.0,3,9,377.07,31,10.9403,169.575,9.69,-0.1006,0.15,0.2155,Eficiente
2230.79,True,19,Pequeno negocio,9,1,81.0,8,12,2054.57,31,71.961,2230.79,27.5406,0.0858,0.4211,0.5858,Ineficiente
581.27,True,8,Casa,0,6,178.0,6,4,629.13,30,19.3757,96.8783,3.2656,-0.0761,0.75,0.1872,Eficiente
529.15,False,7,Pequeno negocio,5,1,166.0,6,0,599.96,30,17.6383,529.15,3.1877,-0.118,0.8571,0.1805,Eficiente
1292.55,True,21,Pequeno negocio,6,6,65.0,3,10,1563.49,31,41.6952,215.425,19.8854,-0.1733,0.1429,0.3078,Ineficiente
1055.98,True,15,Pequeno negocio,11,5,128.0,9,4,1047.96,31,34.0639,211.196,8.2498,0.0077,0.6,0.3672,Ineficiente
3550.3,False,14,Casa,10,6,282.0,7,8,2799.01,30,118.3433,591.7167,12.5897,0.2684,0.5,0.4933,Ineficiente
1255.24,False,21,Pequeno negocio,7,15,225.0,2,2,1456.84,31,40.4916,83.6827,5.5788,-0.1384,0.0952,0.2282,Eficiente
1146.2,False,12,Casa,0,5,160.0,6,2,975.82,28,40.9357,229.24,7.1638,0.1746,0.5,0.2848,Moderado
766.58,True,19,Casa,0,7,153.0,3,9,720.29,30,25.5527,109.5114,5.0103,0.0643,0.1579,0.2408,Moderado
1122.51,True,11,Pequeno negocio,12,1,211.0,1,0,1228.37,31,36.21,1122.51,5.32,-0.0862,0.0909,0.3048,Moderado
503.02,False,20,Departamento,9,2,80.0,6,6,468.4,31,16.2265,251.51,6.2878,0.0739,0.3,0.2285,Moderado
616.78,True,7,Departamento,5,6,60.0,4,9,802.19,31,19.8961,102.7967,10.2797,-0.2311,0.5714,0.236,Moderado
666.49,False,22,Casa,11,7,234.0,0,6,606.01,28,23.8032,95.2129,2.8482,0.0998,0.0,0.2263,Eficiente
1960.04,True,10,Pequeno negocio,13,8,49.0,8,2,2015.28,30,65.3347,245.005,40.0008,-0.0274,0.8,0.4039,Ineficiente
619.8,False,12,Departamento,0,6,71.0,6,8,627.03,30,20.66,103.3,8.7296,-0.0115,0.5,0.2216,Eficiente
636.26,True,4,Departamento,13,6,85.0,4,1,632.73,29,21.94,106.0433,7.4854,0.0056,1.0,0.298,Moderado
1322.2,True,31,Pequeno negocio,3,11,155.0,9,7,1160.56,28,47.2214,120.2,8.5303,0.1393,0.2903,0.3945,Ineficiente
831.82,False,16,Casa,11,6,208.0,7,5,950.19,31,26.8329,138.6367,3.9991,-0.1246,0.4375,0.265,Moderado
1594.84,False,10,Casa,8,1,102.0,9,7,2409.54,31,51.4465,1594.84,15.6357,-0.3381,0.9,0.3835,Ineficiente
869.75,True,16,Departamento,11,6,93.0,7,11,1364.69,28,31.0625,144.9583,9.3522,-0.3627,0.4375,0.3845,Ineficiente
592.24,False,16,Pequeno negocio,1,3,193.0,1,11,627.71,29,20.4221,197.4133,3.0686,-0.0565,0.0625,0.2091,Eficiente
656.03,False,24,Casa,9,4,66.0,4,9,491.01,31,21.1623,164.0075,9.9398,0.3361,0.1667,0.3084,Ineficiente
615.36,False,11,Casa,14,3,158.0,5,6,653.78,29,21.2193,205.12,3.8947,-0.0588,0.4545,0.2931,Moderado
750.26,True,24,Casa,11,2,274.0,2,10,616.59,31,24.2019,375.13,2.7382,0.2168,0.0833,0.379,Ineficiente
566.03,False,30,Pequeno negocio,11,1,54.0,3,1,634.44,28,20.2154,566.03,10.482,-0.1078,0.1,0.3362,Ineficiente
553.2,False,23,Casa,2,1,226.0,5,3,496.83,29,19.0759,553.2,2.4478,0.1135,0.2174,0.2913,Moderado
521.42,False,6,Departamento,4,4,57.0,4,6,574.94,31,16.82,130.355,9.1477,-0.0931,0.6667,0.1565,Eficiente
1026.97,False,30,Pequeno negocio,12,10,169.0,1,10,1293.75,28,36.6775,102.697,6.0767,-0.2062,0.0333,0.3194,Ineficiente
542.0,True,17,Casa,6,3,107.0,5,5,540.46,30,18.0667,180.6667,5.0654,0.0028,0.2941,0.2378,Moderado
385.41,False,3,Departamento,8,1,118.0,3,5,373.35,28,13.7646,385.41,3.2662,0.0323,1.0,0.1921,Eficiente
628.0,False,12,Departamento,2,5,82.0,8,12,607.6,28,22.4286,125.6,7.6585,0.0336,0.6667,0.2536,Moderado
955.79,True,28,Pequeno negocio,11,5,187.0,1,12,822.09,31,30.8319,191.158,5.1112,0.1626,0.0357,0.368,Ineficiente
600.28,False,20,Casa,6,6,271.0,4,0,554.87,29,20.6993,100.0467,2.2151,0.0818,0.2,0.23,Moderado
708.03,False,13,Casa,7,1,253.0,9,7,592.72,31,22.8397,708.03,2.7985,0.1945,0.6923,0.3103,Ineficiente
498.97,True,5,Casa,14,1,144.0,2,9,418.16,31,16.0958,498.97,3.4651,0.1933,0.4,0.3081,Ineficiente
318.48,True,3,Departamento,9,3,54.0,3,7,320.16,29,10.9821,106.16,5.8978,-0.0052,1.0,0.1906,Eficiente
504.9,True,3,Departamento,6,3,125.0,3,12,693.09,30,16.83,168.3,4.0392,-0.2715,1.0,0.1933,Eficiente
705.93,True,3,Casa,5,7,213.0,1,11,756.64,31,22.7719,100.8471,3.3142,-0.067,0.3333,0.24,Moderado
708.71,True,13,Casa,9,4,108.0,7,3,659.86,29,24.4383,177.1775,6.5621,0.074,0.5385,0.2855,Moderado
2124.18,False,29,Pequeno negocio,6,12,131.0,7,12,2085.16,31,68.5219,177.015,16.2151,0.0187,0.2414,0.4123,Ineficiente
618.04,False,7,Casa,3,6,145.0,7,5,490.62,28,22.0729,103.0067,4.2623,0.2597,1.0,0.2242,Eficiente
589.85,True,11,Casa,5,2,266.0,7,0,491.95,31,19.0274,294.925,2.2175,0.199,0.6364,0.23,Moderado
490.13,True,12,Departamento,4,7,87.0,3,4,447.35,29,16.901,70.0186,5.6337,0.0956,0.25,0.269,Moderado
553.39,False,15,Casa,11,3,140.0,7,3,532.01,30,18.4463,184.4633,3.9528,0.0402,0.4667,0.281,Moderado
345.44,False,13,Casa,7,3,69.0,0,12,361.73,28,12.3371,115.1467,5.0064,-0.045,0.0,0.1874,Eficiente
372.13,False,23,Departamento,3,3,36.0,3,7,334.4,31,12.0042,124.0433,10.3369,0.1128,0.1304,0.2128,Eficiente
303.66,False,11,Casa,2,1,127.0,2,4,305.59,29,10.471,303.66,2.391,-0.0063,0.1818,0.0792,Eficiente
689.3,True,11,Departamento,13,5,92.0,5,0,827.95,28,24.6179,137.86,7.4924,-0.1675,0.4545,0.2201,Eficiente
603.8,False,12,Departamento,13,5,101.0,6,4,514.38,28,21.5643,120.76,5.9782,0.1738,0.5,0.3202,Ineficiente
530.15,False,4,Departamento,12,5,61.0,4,4,747.2,28,18.9339,106.03,8.691,-0.2905,1.0,0.1683,Eficiente
1065.38,False,19,Casa,11,5,75.0,1,5,1190.47,30,35.5127,213.076,14.2051,-0.1051,0.0526,0.2342,Moderado
1225.04,False,26,Pequeno negocio,12,14,203.0,3,2,1304.76,30,40.8347,87.5029,6.0347,-0.0611,0.1154,0.2257,Eficiente
509.94,True,11,Casa,9,7,101.0,0,6,594.22,28,18.2121,72.8486,5.0489,-0.1418,0.0,0.2447,Moderado
705.12,True,10,Departamento,13,4,76.0,5,6,818.53,28,25.1829,176.28,9.2779,-0.1386,0.5,0.312,Ineficiente
924.41,True,14,Casa,13,5,212.0,7,9,901.11,28,33.0146,184.882,4.3604,0.0259,0.5,0.3778,Ineficiente
326.61,True,22,Departamento,6,1,106.0,2,7,352.02,28,11.6646,326.61,3.0812,-0.0722,0.0909,0.2675,Moderado
666.83,True,11,Casa,3,6,194.0,5,9,621.02,29,22.9941,111.1383,3.4373,0.0738,0.4545,0.2733,Moderado
1014.55,False,12,Casa,13,5,102.0,8,2,1001.38,28,36.2339,202.91,9.9466,0.0132,0.6667,0.3014,Moderado
306.35,True,5,Departamento,12,3,109.0,1,1,303.29,28,10.9411,102.1167,2.8106,0.0101,0.2,0.2069,Eficiente
779.26,True,10,Casa,6,7,157.0,9,6,713.98,29,26.871,111.3229,4.9634,0.0914,0.9,0.2961,Moderado
706.37,False,19,Casa,13,5,175.0,3,12,826.21,29,24.3576,141.274,4.0364,-0.145,0.1579,0.2273,Eficiente
477.85,True,18,Departamento,1,7,104.0,3,5,683.25,29,16.4776,68.2643,4.5947,-0.3006,0.1667,0.1396,Eficiente
1213.66,True,6,Pequeno negocio,12,9,111.0,6,9,1094.82,28,43.345,134.8511,10.9339,0.1085,1.0,0.4207,Ineficiente
464.37,False,13,Casa,0,2,297.0,3,12,478.18,31,14.9797,232.185,1.5635,-0.0289,0.2308,0.2268,Eficiente
356.58,True,5,Pequeno negocio,1,1,67.0,4,1,332.57,28,12.735,356.58,5.3221,0.0722,0.8,0.1014,Eficiente
291.14,True,15,Departamento,0,6,110.0,2,0,487.74,29,10.0393,48.5233,2.6467,-0.4031,0.1333,0.1359,Eficiente
715.14,True,27,Pequeno negocio,1,3,103.0,1,8,785.16,28,25.5407,238.38,6.9431,-0.0892,0.037,0.2054,Eficiente
534.22,True,6,Departamento,2,6,104.0,6,10,549.47,30,17.8073,89.0367,5.1367,-0.0278,1.0,0.3166,Ineficiente
330.52,True,13,Departamento,5,4,36.0,0,8,323.65,29,11.3972,82.63,9.1811,0.0212,0.0,0.1752,Eficiente
539.75,True,11,Departamento,5,7,81.0,1,12,467.74,31,17.4113,77.1071,6.6636,0.154,0.0909,0.2697,Moderado
431.3,False,5,Departamento,6,2,126.0,5,0,476.85,30,14.3767,215.65,3.423,-0.0955,1.0,0.1549,Eficiente
1249.63,True,25,Pequeno negocio,14,7,243.0,7,7,1826.03,31,40.3106,178.5186,5.1425,-0.3157,0.28,0.4085,Ineficiente
671.27,True,16,Casa,7,3,223.0,2,9,782.13,29,23.1472,223.7567,3.0102,-0.1417,0.125,0.298,Moderado
596.97,True,19,Casa,3,4,207.0,8,8,629.63,29,20.5852,149.2425,2.8839,-0.0519,0.4211,0.2536,Moderado
1300.92,False,7,Casa,2,5,223.0,7,0,1226.62,30,43.364,260.184,5.8337,0.0606,1.0,0.2641,Moderado
944.88,True,30,Pequeno negocio,13,8,46.0,3,1,898.25,30,31.496,118.11,20.5409,0.0519,0.1,0.3406,Ineficiente
466.25,False,14,Casa,4,5,255.0,0,12,565.73,28,16.6518,93.25,1.8284,-0.1758,0.0,0.0973,Eficiente
528.32,False,5,Departamento,12,1,111.0,5,4,459.74,31,17.0426,528.32,4.7596,0.1492,1.0,0.2381,Moderado
782.92,True,19,Pequeno negocio,11,1,68.0,6,2,1018.94,29,26.9972,782.92,11.5135,-0.2316,0.3158,0.3324,Ineficiente
2376.42,False,19,Pequeno negocio,12,8,178.0,4,2,1730.01,31,76.6587,297.0525,13.3507,0.3736,0.2105,0.4315,Ineficiente
543.67,True,10,Casa,2,2,242.0,2,2,562.49,28,19.4168,271.835,2.2466,-0.0335,0.2,0.205,Eficiente
489.2,False,15,Departamento,11,4,39.0,3,7,595.3,29,16.869,122.3,12.5436,-0.1782,0.2,0.2504,Moderado
963.86,False,16,Pequeno negocio,11,14,76.0,2,6,1034.68,29,33.2366,68.8471,12.6824,-0.0684,0.125,0.2279,Eficiente
965.62,False,9,Casa,14,2,254.0,8,12,1136.12,30,32.1873,482.81,3.8017,-0.1501,0.8889,0.3749,Ineficiente
570.27,True,14,Departamento,10,7,72.0,2,6,662.99,28,20.3668,81.4671,7.9204,-0.1399,0.1429,0.2744,Moderado
495.68,True,24,Casa,1,6,232.0,4,0,446.99,30,16.5227,82.6133,2.1366,0.1089,0.1667,0.2435,Moderado
580.33,True,21,Departamento,6,7,43.0,6,6,501.94,31,18.7203,82.9043,13.496,0.1562,0.2857,0.3643,Ineficiente
405.61,True,16,Departamento,7,4,92.0,0,6,429.45,28,14.4861,101.4025,4.4088,-0.0555,0.0,0.2033,Eficiente
567.66,False,10,Casa,7,3,155.0,5,4,585.59,31,18.3116,189.22,3.6623,-0.0306,0.5,0.2652,Moderado
825.78,True,23,Casa,5,7,101.0,6,9,1014.3,30,27.526,117.9686,8.176,-0.1859,0.2609,0.3303,Ineficiente
1459.97,True,5,Casa,12,6,290.0,5,12,1261.01,30,48.6657,243.3283,5.0344,0.1578,1.0,0.4066,Ineficiente
725.36,True,9,Casa,4,6,134.0,6,5,789.66,28,25.9057,120.8933,5.4131,-0.0814,0.6667,0.2552,Moderado
2013.25,False,12,Departamento,6,2,80.0,4,9,1759.49,30,67.1083,1006.625,25.1656,0.1442,0.3333,0.354,Ineficiente
849.16,True,15,Casa,6,7,244.0,6,7,826.04,29,29.2814,121.3086,3.4802,0.028,0.4,0.3765,Ineficiente
728.51,False,17,Casa,9,4,166.0,9,9,790.73,29,25.121,182.1275,4.3886,-0.0787,0.5294,0.2971,Moderado
417.77,False,12,Departamento,7,6,88.0,3,5,501.79,28,14.9204,69.6283,4.7474,-0.1674,0.25,0.1484,Eficiente
529.16,True,23,Departamento,14,6,114.0,3,3,421.38,31,17.0697,88.1933,4.6418,0.2558,0.1304,0.3027,Moderado
505.68,True,12,Departamento,14,1,37.0,6,7,470.55,28,18.06,505.68,13.667,0.0747,0.5,0.428,Ineficiente
669.05,False,18,Pequeno negocio,6,3,61.0,0,5,674.01,30,22.3017,223.0167,10.968,-0.0074,0.0,0.2209,Eficiente
306.16,False,4,Casa,3,1,151.0,2,0,264.32,28,10.9343,306.16,2.0275,0.1583,0.5,0.0783,Eficiente
906.33,True,27,Pequeno negocio,11,4,42.0,1,9,881.99,29,31.2528,226.5825,21.5793,0.0276,0.037,0.3536,Ineficiente
790.62,True,7,Casa,13,7,104.0,4,7,840.48,31,25.5039,112.9457,7.6021,-0.0593,0.5714,0.2992,Moderado
481.9,True,3,Departamento,13,1,99.0,1,7,620.87,28,17.2107,481.9,4.8677,-0.2238,0.3333,0.2221,Eficiente
925.18,False,38,Pequeno negocio,2,9,116.0,2,6,1152.31,28,33.0421,102.7978,7.9757,-0.1971,0.0526,0.2579,Moderado
892.43,True,20,Pequeno negocio,0,14,127.0,4,11,794.78,31,28.7881,63.745,7.027,0.1229,0.2,0.275,Moderado
509.77,False,21,Departamento,9,3,115.0,6,2,560.04,28,18.2061,169.9233,4.4328,-0.0898,0.2857,0.2423,Moderado
259.73,True,10,Departamento,4,1,117.0,4,1,303.59,31,8.3784,259.73,2.2199,-0.1445,0.4,0.1492,Eficiente
632.21,True,5,Casa,4,5,270.0,5,6,572.34,31,20.3939,126.442,2.3415,0.1046,1.0,0.2171,Eficiente
726.21,True,10,Departamento,0,7,80.0,7,11,768.82,29,25.0417,103.7443,9.0776,-0.0554,0.7,0.2243,Eficiente
544.32,True,3,Departamento,14,2,45.0,0,6,587.02,30,18.144,272.16,12.096,-0.0727,0.0,0.3507,Ineficiente
626.95,False,10,Pequeno negocio,0,3,237.0,6,5,795.97,30,20.8983,208.9833,2.6454,-0.2123,0.6,0.0621,Eficiente
517.33,True,5,Departamento,9,2,115.0,0,7,631.2,30,17.2443,258.665,4.4985,-0.1804,0.0,0.1882,Eficiente
528.03,False,7,Casa,13,2,283.0,1,4,529.45,28,18.8582,264.015,1.8658,-0.0027,0.1429,0.2038,Eficiente
801.67,True,17,Departamento,0,4,107.0,7,7,816.1,31,25.8603,200.4175,7.4922,-0.0177,0.4118,0.2538,Moderado
819.97,True,24,Casa,9,1,298.0,5,12,872.31,29,28.2748,819.97,2.7516,-0.06,0.2083,0.3869,Ineficiente
691.3,True,8,Casa,13,3,187.0,3,5,561.65,30,23.0433,230.4333,3.6968,0.2308,0.375,0.2778,Moderado
551.56,True,24,Casa,6,1,106.0,1,6,555.73,30,18.3853,551.56,5.2034,-0.0075,0.0417,0.2887,Moderado
473.34,False,19,Departamento,4,5,58.0,3,10,451.0,30,15.778,94.668,8.161,0.0495,0.1579,0.2613,Moderado
1095.78,True,5,Casa,10,4,280.0,5,8,1360.16,29,37.7855,273.945,3.9135,-0.1944,1.0,0.2252,Eficiente
1797.62,True,3,Casa,13,1,64.0,3,4,1854.02,29,61.9869,1797.62,28.0878,-0.0304,1.0,0.4057,Ineficiente
435.02,True,5,Casa,8,1,155.0,1,6,453.26,30,14.5007,435.02,2.8066,-0.0402,0.2,0.206,Eficiente
900.0,False,34,Pequeno negocio,0,10,114.0,4,6,986.43,30,30.0,90.0,7.8947,-0.0876,0.1176,0.2864,Moderado
481.6,True,17,Departamento,10,5,53.0,2,5,367.31,31,15.5355,96.32,9.0868,0.3112,0.1176,0.3087,Ineficiente
1269.54,False,22,Casa,3,2,182.0,1,5,1315.36,31,40.9529,634.77,6.9755,-0.0348,0.0455,0.2061,Eficiente
381.43,False,14,Casa,14,3,231.0,0,0,368.37,30,12.7143,127.1433,1.6512,0.0355,0.0,0.1981,Eficiente
953.79,False,3,Departamento,4,5,65.0,3,6,882.07,29,32.8893,190.758,14.6737,0.0813,1.0,0.1445,Eficiente
669.33,True,24,Casa,9,4,259.0,1,4,688.55,29,23.0803,167.3325,2.5843,-0.0279,0.0417,0.3286,Ineficiente
477.48,True,22,Departamento,10,1,123.0,1,10,481.37,28,17.0529,477.48,3.882,-0.0081,0.0455,0.3222,Ineficiente
817.86,False,18,Casa,6,3,284.0,8,8,732.84,29,28.2021,272.62,2.8798,0.116,0.4444,0.2867,Moderado
1273.02,True,27,Pequeno negocio,11,10,238.0,8,9,1607.45,29,43.8972,127.302,5.3488,-0.2081,0.2963,0.4082,Ineficiente
914.09,False,9,Casa,13,7,294.0,5,3,743.35,30,30.4697,130.5843,3.1091,0.2297,0.5556,0.2661,Moderado
696.42,False,14,Departamento,9,6,104.0,7,0,661.88,29,24.0145,116.07,6.6963,0.0522,0.5,0.2084,Eficiente
421.97,False,14,Casa,11,3,113.0,0,4,345.46,28,15.0704,140.6567,3.7342,0.2215,0.0,0.193,Eficiente
827.65,True,32,Pequeno negocio,0,6,231.0,1,6,755.94,28,29.5589,137.9417,3.5829,0.0949,0.0312,0.2965,Moderado
653.12,False,25,Pequeno negocio,3,1,85.0,3,5,893.91,28,23.3257,653.12,7.6838,-0.2694,0.12,0.2137,Eficiente
381.01,True,15,Departamento,6,6,35.0,7,1,440.36,30,12.7003,63.5017,10.886,-0.1348,0.4667,0.2624,Moderado
303.72,False,23,Departamento,1,7,93.0,0,2,324.46,31,9.7974,43.3886,3.2658,-0.0639,0.0,0.1599,Eficiente
1484.41,False,9,Casa,7,2,181.0,6,9,1917.19,31,47.8842,742.205,8.2012,-0.2257,0.6667,0.3205,Ineficiente
781.11,True,30,Pequeno negocio,1,8,92.0,0,11,806.38,29,26.9348,97.6388,8.4903,-0.0313,0.0,0.2448,Moderado
1816.44,True,23,Departamento,5,2,97.0,9,12,2223.61,28,64.8729,908.22,18.7262,-0.1831,0.3913,0.474,Ineficiente
536.11,True,6,Casa,0,7,269.0,2,6,564.93,31,17.2939,76.5871,1.993,-0.051,0.3333,0.1693,Eficiente
418.23,True,14,Departamento,6,3,76.0,7,8,483.71,29,14.4217,139.41,5.503,-0.1354,0.5,0.2446,Moderado
732.85,True,20,Departamento,6,1,40.0,6,7,758.54,31,23.6403,732.85,18.3212,-0.0339,0.3,0.3705,Ineficiente
856.14,True,32,Pequeno negocio,7,7,142.0,3,4,729.88,29,29.5221,122.3057,6.0292,0.173,0.0938,0.3616,Ineficiente
794.48,True,19,Departamento,14,7,55.0,7,4,900.5,29,27.3959,113.4971,14.4451,-0.1177,0.3684,0.3039,Moderado
497.59,True,16,Departamento,8,3,109.0,6,0,484.57,30,16.5863,165.8633,4.565,0.0269,0.375,0.2351,Moderado
371.61,True,3,Departamento,2,7,74.0,3,0,432.18,30,12.387,53.0871,5.0218,-0.1401,1.0,0.1083,Eficiente
562.5,False,9,Casa,9,2,157.0,6,4,522.8,28,20.0893,281.25,3.5828,0.0759,0.6667,0.3063,Ineficiente
610.2,True,20,Casa,14,2,146.0,2,4,680.18,29,21.0414,305.1,4.1795,-0.1029,0.1,0.2796,Moderado
722.25,False,14,Casa,3,4,288.0,7,6,683.27,31,23.2984,180.5625,2.5078,0.057,0.5,0.1616,Eficiente
508.55,False,10,Departamento,1,5,48.0,7,12,719.01,30,16.9517,101.71,10.5948,-0.2927,0.7,0.1482,Eficiente
886.55,False,22,Casa,13,3,297.0,4,11,1116.16,28,31.6625,295.5167,2.985,-0.2057,0.1818,0.3328,Ineficiente
700.97,True,10,Casa,2,6,281.0,6,2,654.57,30,23.3657,116.8283,2.4946,0.0709,0.6,0.2058,Eficiente
751.24,True,11,Casa,12,6,200.0,8,6,634.63,31,24.2335,125.2067,3.7562,0.1837,0.7273,0.3217,Ineficiente
497.69,True,11,Casa,6,1,101.0,6,7,436.15,31,16.0545,497.69,4.9276,0.1411,0.5455,0.237,Moderado
626.96,True,10,Departamento,11,7,64.0,2,12,608.28,28,22.3914,89.5657,9.7962,0.0307,0.2,0.3304,Ineficiente
560.46,True,14,Casa,10,2,64.0,2,5,623.92,28,20.0164,280.23,8.7572,-0.1017,0.1429,0.2978,Moderado
1085.42,True,24,Casa,12,4,245.0,9,4,1344.84,31,35.0135,271.355,4.4303,-0.1929,0.375,0.3887,Ineficiente
480.56,False,24,Departamento,11,3,73.0,8,9,494.98,31,15.5019,160.1867,6.583,-0.0291,0.3333,0.2834,Moderado
497.06,True,10,Casa,7,4,137.0,3,0,596.48,29,17.14,124.265,3.6282,-0.1667,0.3,0.1804,Eficiente
545.28,True,11,Casa,3,1,235.0,7,1,590.21,28,19.4743,545.28,2.3203,-0.0761,0.6364,0.2213,Eficiente
465.25,True,21,Casa,14,3,198.0,0,8,438.17,31,15.0081,155.0833,2.3497,0.0618,0.0,0.2963,Moderado
1214.6,True,34,Pequeno negocio,2,9,179.0,6,4,1342.47,31,39.1806,134.9556,6.7855,-0.0952,0.1765,0.2948,Moderado
547.06,True,6,Casa,5,7,80.0,2,2,589.61,31,17.6471,78.1514,6.8382,-0.0722,0.3333,0.1512,Eficiente
523.89,True,15,Departamento,4,2,52.0,3,10,544.56,30,17.463,261.945,10.0748,-0.038,0.2,0.2602,Moderado
1707.58,False,35,Pequeno negocio,6,7,111.0,9,3,1610.97,31,55.0832,243.94,15.3836,0.06,0.2571,0.43,Ineficiente
260.9,False,11,Departamento,3,2,68.0,1,0,276.26,31,8.4161,130.45,3.8368,-0.0556,0.0909,0.0648,Eficiente
729.09,False,16,Casa,12,2,290.0,7,0,620.19,31,23.519,364.545,2.5141,0.1756,0.4375,0.2958,Moderado
1376.49,False,20,Departamento,6,3,103.0,4,11,1238.82,31,44.4029,458.83,13.364,0.1111,0.2,0.3614,Ineficiente
703.41,False,5,Departamento,13,7,65.0,4,6,597.05,29,24.2555,100.4871,10.8217,0.1781,0.8,0.266,Moderado
563.4,True,24,Casa,0,4,156.0,4,0,535.78,28,20.1214,140.85,3.6115,0.0516,0.1667,0.2256,Eficiente
1062.12,False,4,Departamento,6,7,52.0,4,3,864.62,29,36.6248,151.7314,20.4254,0.2284,1.0,0.2038,Eficiente
672.36,True,5,Casa,8,6,92.0,5,4,656.81,29,23.1848,112.06,7.3083,0.0237,1.0,0.2856,Moderado
813.42,False,9,Casa,12,4,266.0,2,12,759.03,31,26.2394,203.355,3.058,0.0717,0.2222,0.3012,Moderado
660.98,True,3,Casa,10,7,83.0,0,7,878.5,29,22.7924,94.4257,7.9636,-0.2476,0.0,0.2577,Moderado
604.91,True,17,Casa,9,3,86.0,2,10,574.8,31,19.5132,201.6367,7.0338,0.0524,0.1176,0.32,Ineficiente
761.68,True,14,Casa,12,4,190.0,1,5,700.65,29,26.2648,190.42,4.0088,0.0871,0.0714,0.2756,Moderado
1000.4,True,10,Departamento,5,5,66.0,1,9,946.87,29,34.4966,200.08,15.1576,0.0565,0.1,0.2662,Moderado
1086.2,False,6,Pequeno negocio,14,15,143.0,6,0,966.97,30,36.2067,72.4133,7.5958,0.1233,1.0,0.2408,Moderado
796.94,False,8,Casa,13,6,154.0,4,4,763.04,29,27.4807,132.8233,5.1749,0.0444,0.5,0.2545,Moderado
1931.84,False,22,Departamento,13,2,125.0,9,5,1970.82,30,64.3947,965.92,15.4547,-0.0198,0.4091,0.4501,Ineficiente
358.49,False,15,Departamento,7,4,114.0,5,0,300.72,28,12.8032,89.6225,3.1446,0.1921,0.3333,0.2193,Eficiente
446.42,False,18,Casa,1,5,98.0,2,3,536.52,30,14.8807,89.284,4.5553,-0.1679,0.1111,0.1772,Eficiente
969.58,False,23,Casa,12,3,178.0,1,8,872.34,29,33.4338,323.1933,5.4471,0.1115,0.0435,0.2989,Moderado
812.48,False,8,Casa,6,7,100.0,7,8,819.8,28,29.0171,116.0686,8.1248,-0.0089,0.875,0.216,Eficiente
395.68,False,5,Casa,12,3,92.0,1,0,373.74,29,13.6441,131.8933,4.3009,0.0587,0.2,0.1638,Eficiente
509.48,True,20,Casa,0,3,109.0,0,3,556.0,28,18.1957,169.8267,4.6741,-0.0837,0.0,0.1865,Eficiente
412.99,False,17,Casa,1,3,121.0,3,5,380.48,31,13.3223,137.6633,3.4131,0.0854,0.1765,0.1922,Eficiente
513.78,True,7,Departamento,5,5,65.0,3,3,605.3,31,16.5735,102.756,7.9043,-0.1512,0.4286,0.1835,Eficiente
764.54,True,23,Casa,13,1,172.0,2,0,816.04,29,26.3634,764.54,4.445,-0.0631,0.087,0.3088,Ineficiente
1731.5,True,18,Casa,0,2,93.0,5,0,1672.9,29,59.7069,865.75,18.6183,0.035,0.2778,0.3445,Ineficiente
462.75,False,14,Casa,2,6,69.0,5,7,529.0,29,15.9569,77.125,6.7065,-0.1252,0.3571,0.1488,Eficiente
378.74,False,5,Departamento,7,2,104.0,4,4,327.62,31,12.2174,189.37,3.6417,0.156,0.8,0.2023,Eficiente
685.63,True,24,Casa,12,1,211.0,5,7,595.52,28,24.4868,685.63,3.2494,0.1513,0.2083,0.4147,Ineficiente
562.25,True,14,Departamento,2,2,97.0,6,9,619.42,28,20.0804,281.125,5.7964,-0.0923,0.4286,0.2602,Moderado
552.31,False,16,Casa,11,3,66.0,1,6,501.32,28,19.7254,184.1033,8.3683,0.1017,0.0625,0.2603,Moderado
368.77,False,3,Casa,7,1,68.0,3,7,402.33,30,12.2923,368.77,5.4231,-0.0834,1.0,0.1373,Eficiente
1187.96,True,10,Pequeno negocio,11,5,108.0,0,9,969.77,31,38.3213,237.592,10.9996,0.225,0.0,0.3139,Ineficiente
781.07,False,21,Casa,10,1,233.0,9,2,1177.92,30,26.0357,781.07,3.3522,-0.3369,0.4286,0.2627,Moderado
812.05,False,20,Casa,13,3,236.0,6,2,726.83,28,29.0018,270.6833,3.4409,0.1172,0.3,0.3213,Ineficiente
577.33,True,11,Casa,0,2,101.0,8,9,512.75,29,19.9079,288.665,5.7161,0.1259,0.7273,0.1873,Eficiente
946.31,True,14,Pequeno negocio,9,5,170.0,7,3,1052.94,31,30.5261,189.262,5.5665,-0.1013,0.5,0.336,Ineficiente
290.43,True,12,Departamento,6,1,67.0,0,11,274.1,31,9.3687,290.43,4.3348,0.0596,0.0,0.212,Eficiente
462.96,False,15,Departamento,5,7,67.0,4,5,511.41,28,16.5343,66.1371,6.9099,-0.0947,0.2667,0.1583,Eficiente
4306.46,False,14,Pequeno negocio,11,11,242.0,8,1,4780.75,28,153.8021,391.4964,17.7953,-0.0992,0.5714,0.5126,Ineficiente
2669.44,False,16,Casa,8,1,204.0,5,9,2327.09,31,86.111,2669.44,13.0855,0.1471,0.3125,0.4883,Ineficiente
948.57,False,7,Pequeno negocio,6,4,102.0,5,5,776.31,30,31.619,237.1425,9.2997,0.2219,0.7143,0.2255,Eficiente
1098.4,True,5,Casa,10,7,247.0,5,1,1266.67,28,39.2286,156.9143,4.447,-0.1328,1.0,0.2767,Moderado
394.25,True,8,Departamento,8,3,60.0,7,2,341.8,28,14.0804,131.4167,6.5708,0.1535,0.875,0.2778,Moderado
553.73,False,13,Casa,5,1,183.0,7,11,486.62,30,18.4577,553.73,3.0258,0.1379,0.5385,0.2686,Moderado
1064.23,True,6,Casa,5,1,226.0,6,5,1382.75,31,34.33,1064.23,4.709,-0.2304,1.0,0.3273,Ineficiente
1019.23,False,38,Pequeno negocio,3,15,45.0,3,3,1130.54,31,32.8784,67.9487,22.6496,-0.0985,0.0789,0.1865,Eficiente
392.1,False,4,Casa,4,4,147.0,4,7,458.82,28,14.0036,98.025,2.6673,-0.1454,1.0,0.1077,Eficiente
652.05,True,30,Pequeno negocio,7,4,39.0,8,1,643.92,28,23.2875,163.0125,16.7192,0.0126,0.2667,0.3094,Ineficiente
336.72,True,10,Casa,2,2,261.0,0,5,378.83,30,11.224,168.36,1.2901,-0.1112,0.0,0.2107,Eficiente
587.23,False,12,Departamento,13,3,125.0,5,7,587.28,30,19.5743,195.7433,4.6978,-0.0001,0.4167,0.3171,Ineficiente
892.13,True,12,Pequeno negocio,8,7,105.0,2,12,785.01,31,28.7784,127.4471,8.4965,0.1365,0.1667,0.3112,Ineficiente
651.08,True,6,Casa,9,4,179.0,5,3,607.18,31,21.0026,162.77,3.6373,0.0723,0.8333,0.2621,Moderado
1137.2,False,31,Pequeno negocio,8,2,146.0,8,10,1261.2,29,39.2138,568.6,7.789,-0.0983,0.2581,0.3539,Ineficiente
460.77,True,6,Departamento,13,2,60.0,6,5,405.41,28,16.4561,230.385,7.6795,0.1366,1.0,0.3496,Ineficiente
825.41,True,23,Departamento,12,6,65.0,7,11,725.09,28,29.4789,137.5683,12.6986,0.1384,0.3043,0.3662,Ineficiente
673.36,False,14,Casa,7,4,260.0,4,0,587.66,30,22.4453,168.34,2.5898,0.1458,0.2857,0.238,Moderado
289.27,True,19,Departamento,5,4,113.0,0,1,256.16,28,10.3311,72.3175,2.5599,0.1293,0.0,0.2572,Moderado
2049.45,True,3,Departamento,14,1,104.0,3,6,2493.37,30,68.315,2049.45,19.7062,-0.178,1.0,0.4485,Ineficiente
423.91,False,18,Departamento,8,1,82.0,0,10,377.65,30,14.1303,423.91,5.1696,0.1225,0.0,0.2415,Moderado
589.72,True,12,Casa,11,6,295.0,1,3,620.55,31,19.0232,98.2867,1.9991,-0.0497,0.0833,0.2465,Moderado
567.64,True,14,Casa,2,7,104.0,7,1,599.44,30,18.9213,81.0914,5.4581,-0.053,0.5,0.2148,Eficiente
824.57,False,16,Pequeno negocio,5,9,154.0,4,2,826.23,29,28.4334,91.6189,5.3544,-0.002,0.25,0.1444,Eficiente
502.23,False,16,Casa,3,1,205.0,4,3,498.51,31,16.201,502.23,2.4499,0.0075,0.25,0.196,Eficiente
994.06,True,23,Departamento,6,4,44.0,0,5,1369.84,30,33.1353,248.515,22.5923,-0.2743,0.0,0.2466,Moderado
678.46,False,24,Pequeno negocio,7,6,208.0,1,7,632.91,30,22.6153,113.0767,3.2618,0.072,0.0417,0.1986,Eficiente
3013.64,True,22,Casa,14,1,78.0,7,10,2964.15,31,97.2142,3013.64,38.6364,0.0167,0.3182,0.6711,Ineficiente
468.54,False,18,Casa,1,1,182.0,5,1,455.43,31,15.1142,468.54,2.5744,0.0288,0.2778,0.2065,Eficiente
552.95,False,7,Departamento,14,4,58.0,2,9,706.77,30,18.4317,138.2375,9.5336,-0.2176,0.2857,0.2422,Moderado
817.88,False,11,Casa,12,3,90.0,4,12,934.92,28,29.21,272.6267,9.0876,-0.1252,0.3636,0.2941,Moderado
430.42,True,4,Departamento,6,4,125.0,4,4,458.03,28,15.3721,107.605,3.4434,-0.0603,1.0,0.2302,Moderado
590.32,True,7,Departamento,4,5,74.0,7,2,560.43,30,19.6773,118.064,7.9773,0.0533,1.0,0.257,Moderado
679.6,True,8,Departamento,12,2,56.0,8,12,604.67,28,24.2714,339.8,12.1357,0.1239,1.0,0.4102,Ineficiente
662.08,False,17,Casa,2,3,151.0,4,11,738.89,31,21.3574,220.6933,4.3846,-0.104,0.2353,0.2461,Moderado
428.81,False,3,Departamento,13,5,94.0,1,1,383.46,29,14.7866,85.762,4.5618,0.1183,0.3333,0.2116,Eficiente
1603.81,True,23,Departamento,14,2,120.0,5,10,1776.44,29,55.3038,801.905,13.3651,-0.0972,0.2174,0.4266,Ineficiente
432.14,True,19,Casa,3,1,107.0,0,11,465.82,29,14.9014,432.14,4.0387,-0.0723,0.0,0.2641,Moderado
839.23,True,17,Departamento,8,6,87.0,6,3,859.51,30,27.9743,139.8717,9.6463,-0.0236,0.3529,0.2884,Moderado
1211.02,True,27,Pequeno negocio,7,4,244.0,5,12,1313.22,29,41.7593,302.755,4.9632,-0.0778,0.1852,0.3358,Ineficiente
421.57,False,8,Departamento,11,1,92.0,8,2,402.36,28,15.0561,421.57,4.5823,0.0477,1.0,0.2331,Moderado
609.86,False,14,Departamento,11,6,69.0,4,7,681.93,29,21.0297,101.6433,8.8386,-0.1057,0.2857,0.2132,Eficiente
718.9,False,17,Casa,14,4,280.0,5,9,670.66,29,24.7897,179.725,2.5675,0.0719,0.2941,0.3381,Ineficiente
563.78,False,21,Casa,1,2,268.0,0,0,557.79,31,18.1865,281.89,2.1037,0.0107,0.0,0.1443,Eficiente
890.44,False,18,Casa,12,6,61.0,8,11,1102.14,28,31.8014,148.4067,14.5974,-0.1921,0.4444,0.369,Ineficiente
695.68,True,20,Casa,12,2,83.0,2,11,614.9,31,22.4413,347.84,8.3817,0.1314,0.1,0.39,Ineficiente
1079.04,False,11,Pequeno negocio,11,9,78.0,7,4,1020.42,29,37.2083,119.8933,13.8338,0.0574,0.6364,0.2907,Moderado
454.0,True,11,Casa,3,5,151.0,2,5,439.61,28,16.2143,90.8,3.0066,0.0327,0.1818,0.2231,Eficiente
1320.07,True,30,Pequeno negocio,11,15,162.0,3,4,1441.65,28,47.1454,88.0047,8.1486,-0.0843,0.1,0.3052,Ineficiente
472.22,False,16,Casa,7,6,215.0,2,2,611.64,29,16.2834,78.7033,2.1964,-0.2279,0.125,0.1264,Eficiente
860.87,True,11,Casa,4,5,145.0,8,11,818.35,30,28.6957,172.174,5.937,0.052,0.7273,0.2633,Moderado
831.55,False,12,Casa,5,1,280.0,7,11,594.55,30,27.7183,831.55,2.9698,0.3986,0.5833,0.2874,Moderado
1114.66,True,15,Casa,6,7,198.0,7,7,1821.9,31,35.9568,159.2371,5.6296,-0.3882,0.4667,0.2618,Moderado
368.22,True,16,Departamento,11,1,93.0,3,5,323.52,28,13.1507,368.22,3.9594,0.1382,0.1875,0.2788,Moderado
1266.96,True,33,Pequeno negocio,3,14,69.0,7,8,1518.8,30,42.232,90.4971,18.3617,-0.1658,0.2121,0.3447,Ineficiente
905.91,True,21,Pequeno negocio,3,6,237.0,4,6,831.54,28,32.3539,150.985,3.8224,0.0894,0.1905,0.2557,Moderado
730.41,True,22,Casa,5,3,131.0,7,9,865.4,29,25.1866,243.47,5.5756,-0.156,0.3182,0.2753,Moderado
738.54,True,9,Departamento,6,5,97.0,2,7,674.97,31,23.8239,147.708,7.6138,0.0942,0.2222,0.2852,Moderado
609.21,True,6,Casa,14,1,193.0,5,2,517.13,30,20.307,609.21,3.1565,0.1781,0.8333,0.3161,Ineficiente
1175.42,True,16,Pequeno negocio,3,9,98.0,9,11,1166.68,31,37.9168,130.6022,11.9941,0.0075,0.5625,0.3668,Ineficiente
410.47,True,22,Departamento,13,3,38.0,0,5,382.74,28,14.6596,136.8233,10.8018,0.0725,0.0,0.2702,Moderado
538.78,True,6,Casa,0,5,90.0,6,6,520.22,31,17.38,107.756,5.9864,0.0357,1.0,0.1759,Eficiente
706.26,False,18,Casa,7,4,163.0,6,8,796.2,29,24.3538,176.565,4.3329,-0.113,0.3333,0.2873,Moderado
958.41,False,12,Casa,12,6,299.0,4,11,976.97,31,30.9165,159.735,3.2054,-0.019,0.3333,0.3247,Ineficiente
708.33,True,16,Casa,4,2,218.0,9,5,656.74,29,24.4252,354.165,3.2492,0.0786,0.5625,0.3203,Ineficiente
951.25,False,31,Pequeno negocio,3,11,144.0,7,2,796.43,30,31.7083,86.4773,6.6059,0.1944,0.2258,0.2766,Moderado
492.61,False,7,Departamento,9,3,88.0,5,1,539.24,30,16.4203,164.2033,5.5978,-0.0865,0.7143,0.2453,Moderado
884.83,True,12,Pequeno negocio,3,15,117.0,3,8,826.33,31,28.5429,58.9887,7.5626,0.0708,0.25,0.291,Moderado
595.78,False,20,Casa,0,4,170.0,6,5,628.54,31,19.2187,148.945,3.5046,-0.0521,0.3,0.1834,Eficiente
246.5,False,24,Departamento,0,2,41.0,0,6,225.54,30,8.2167,123.25,6.0122,0.0929,0.0,0.1157,Eficiente
1137.16,True,21,Casa,7,6,215.0,2,11,1027.13,28,40.6129,189.5267,5.2891,0.1071,0.0952,0.3794,Ineficiente
413.73,True,9,Departamento,7,2,50.0,4,4,421.34,29,14.2666,206.865,8.2746,-0.0181,0.4444,0.1553,Eficiente
619.48,False,8,Casa,0,7,251.0,2,8,582.66,29,21.3614,88.4971,2.468,0.0632,0.25,0.1388,Eficiente
610.86,True,23,Casa,4,2,121.0,5,2,785.93,28,21.8164,305.43,5.0484,-0.2228,0.2174,0.2366,Moderado
843.57,True,18,Departamento,11,7,95.0,8,9,777.58,29,29.0886,120.51,8.8797,0.0849,0.4444,0.3546,Ineficiente
606.12,True,7,Casa,8,3,203.0,3,0,573.77,30,20.204,202.04,2.9858,0.0564,0.4286,0.1984,Eficiente
554.2,True,17,Departamento,9,5,62.0,4,2,479.51,30,18.4733,110.84,8.9387,0.1558,0.2353,0.2836,Moderado
484.42,True,10,Departamento,10,7,37.0,4,3,668.54,28,17.3007,69.2029,13.0924,-0.2754,0.4,0.2801,Moderado
534.9,True,6,Casa,13,1,192.0,6,2,543.35,29,18.4448,534.9,2.7859,-0.0156,1.0,0.2704,Moderado
1650.83,False,21,Pequeno negocio,0,10,193.0,7,8,2017.59,31,53.2526,165.083,8.5535,-0.1818,0.3333,0.3196,Ineficiente
447.93,True,11,Departamento,7,7,68.0,2,5,543.14,28,15.9975,63.99,6.5872,-0.1753,0.1818,0.2019,Eficiente
1283.35,False,37,Pequeno negocio,3,8,33.0,8,3,1834.49,30,42.7783,160.4188,38.8894,-0.3004,0.2162,0.2813,Moderado
458.35,False,20,Departamento,10,1,121.0,6,3,441.55,31,14.7855,458.35,3.788,0.038,0.3,0.2414,Moderado
605.18,True,6,Departamento,5,4,88.0,6,9,664.57,31,19.5219,151.295,6.877,-0.0894,1.0,0.2375,Moderado
1146.2,False,7,Departamento,2,1,98.0,7,7,1127.65,30,38.2067,1146.2,11.6959,0.0165,1.0,0.258,Moderado
1150.52,False,8,Pequeno negocio,13,14,154.0,5,11,1128.75,29,39.6731,82.18,7.4709,0.0193,0.625,0.265,Moderado
691.07,True,12,Departamento,7,7,73.0,7,6,649.83,30,23.0357,98.7243,9.4667,0.0635,0.5833,0.3237,Ineficiente
520.42,True,7,Casa,1,2,99.0,6,9,475.85,29,17.9455,260.21,5.2568,0.0937,0.8571,0.2659,Moderado
1251.71,True,4,Casa,3,2,263.0,4,11,1046.95,31,40.3777,625.855,4.7594,0.1956,1.0,0.2972,Moderado
488.7,False,4,Departamento,11,6,103.0,4,10,493.23,29,16.8517,81.45,4.7447,-0.0092,1.0,0.1856,Eficiente
527.47,True,9,Casa,7,4,71.0,2,9,556.85,29,18.1886,131.8675,7.4292,-0.0528,0.2222,0.2199,Eficiente
758.77,False,8,Casa,14,6,280.0,3,7,918.05,29,26.1645,126.4617,2.7099,-0.1735,0.375,0.2367,Moderado
744.7,False,15,Casa,0,7,186.0,7,11,693.22,31,24.0226,106.3857,4.0038,0.0743,0.4667,0.1824,Eficiente
581.4,False,17,Departamento,1,3,41.0,7,12,661.1,29,20.0483,193.8,14.1805,-0.1206,0.4118,0.1914,Eficiente
374.82,False,6,Casa,10,2,83.0,4,1,364.6,30,12.494,187.41,4.5159,0.028,0.6667,0.1773,Eficiente
444.76,True,12,Departamento,4,5,83.0,1,9,342.41,28,15.8843,88.952,5.3586,0.2989,0.0833,0.1873,Eficiente
378.18,True,13,Departamento,13,5,79.0,1,0,491.27,31,12.1994,75.636,4.7871,-0.2302,0.0769,0.2452,Moderado
1120.8,True,12,Pequeno negocio,11,3,38.0,8,4,1349.95,31,36.1548,373.6,29.4947,-0.1697,0.6667,0.3748,Ineficiente
467.38,True,13,Casa,0,3,191.0,1,10,460.75,28,16.6921,155.7933,2.447,0.0144,0.0769,0.2429,Moderado
419.72,False,4,Departamento,14,2,122.0,2,9,504.86,28,14.99,209.86,3.4403,-0.1686,0.5,0.1681,Eficiente
407.61,False,9,Departamento,14,4,62.0,0,7,345.24,30,13.587,101.9025,6.5744,0.1807,0.0,0.2032,Eficiente
397.22,False,19,Departamento,3,3,109.0,2,8,467.1,31,12.8135,132.4067,3.6442,-0.1496,0.1053,0.195,Eficiente
614.71,True,8,Departamento,9,4,59.0,8,2,621.87,31,19.8294,153.6775,10.4188,-0.0115,1.0,0.3175,Ineficiente
2366.53,True,18,Casa,9,1,235.0,2,9,2222.77,29,81.6045,2366.53,10.0703,0.0647,0.1111,0.4339,Ineficiente
804.32,True,6,Pequeno negocio,0,7,173.0,6,1,1008.61,31,25.9458,114.9029,4.6492,-0.2025,1.0,0.237,Moderado
939.89,True,13,Casa,10,5,185.0,8,4,933.95,29,32.41,187.978,5.0805,0.0064,0.6154,0.3056,Ineficiente
732.9,False,5,Pequeno negocio,14,7,183.0,5,1,609.24,30,24.43,104.7,4.0049,0.203,1.0,0.3001,Moderado
491.49,False,14,Departamento,6,6,78.0,2,6,457.31,31,15.8545,81.915,6.3012,0.0747,0.1429,0.1833,Eficiente
1098.32,False,20,Casa,14,5,194.0,9,11,1166.19,28,39.2257,219.664,5.6614,-0.0582,0.45,0.4048,Ineficiente
2625.64,False,8,Departamento,10,3,126.0,6,11,2380.71,30,87.5213,875.2133,20.8384,0.1029,0.75,0.3515,Ineficiente
778.97,True,7,Casa,11,5,104.0,7,0,1192.43,29,26.861,155.794,7.4901,-0.3467,1.0,0.4012,Ineficiente
644.08,True,13,Departamento,8,4,45.0,3,12,705.08,29,22.2097,161.02,14.3129,-0.0865,0.2308,0.2946,Moderado
596.46,False,8,Departamento,10,7,122.0,6,2,771.92,29,20.5676,85.2086,4.889,-0.2273,0.75,0.2473,Moderado
803.93,True,19,Casa,14,2,248.0,6,4,777.95,29,27.7217,401.965,3.2417,0.0334,0.3158,0.3665,Ineficiente
601.36,True,10,Casa,8,1,191.0,5,3,595.48,30,20.0453,601.36,3.1485,0.0099,0.5,0.2925,Moderado
506.29,True,19,Departamento,8,1,67.0,5,6,586.75,28,18.0818,506.29,7.5566,-0.1371,0.2632,0.3359,Ineficiente
368.65,False,3,Casa,2,2,86.0,3,0,319.83,30,12.2883,184.325,4.2866,0.1526,1.0,0.1808,Eficiente
1089.01,False,27,Pequeno negocio,7,10,55.0,9,4,1555.66,30,36.3003,108.901,19.8002,-0.3,0.3333,0.306,Ineficiente
550.16,True,8,Departamento,12,2,59.0,8,3,442.89,31,17.7471,275.08,9.3247,0.2422,1.0,0.3948,Ineficiente
496.65,False,17,Departamento,10,1,96.0,3,9,432.47,30,16.555,496.65,5.1734,0.1484,0.1765,0.2752,Moderado
654.1,True,7,Casa,10,3,232.0,7,11,645.52,30,21.8033,218.0333,2.8194,0.0133,1.0,0.343,Ineficiente
447.09,True,13,Departamento,2,6,57.0,3,0,487.14,31,14.4223,74.515,7.8437,-0.0822,0.2308,0.1889,Eficiente
833.85,True,12,Pequeno negocio,12,7,110.0,2,5,870.39,30,27.795,119.1214,7.5805,-0.042,0.1667,0.2935,Moderado
664.35,True,19,Casa,7,2,242.0,1,12,636.44,29,22.9086,332.175,2.7452,0.0439,0.0526,0.2851,Moderado
811.92,False,11,Casa,6,2,195.0,7,12,903.04,31,26.191,405.96,4.1637,-0.1009,0.6364,0.256,Moderado
561.75,True,18,Casa,0,6,271.0,4,7,576.13,28,20.0625,93.625,2.0729,-0.025,0.2222,0.2173,Eficiente
1175.37,True,4,Casa,13,4,288.0,4,9,1124.77,29,40.53,293.8425,4.0811,0.045,1.0,0.3681,Ineficiente
545.81,False,19,Departamento,9,3,112.0,8,3,503.59,28,19.4932,181.9367,4.8733,0.0838,0.4211,0.3169,Ineficiente
486.18,True,17,Departamento,4,6,76.0,5,10,405.48,31,15.6832,81.03,6.3971,0.199,0.2941,0.2206,Eficiente
234.73,False,6,Departamento,8,3,55.0,2,0,192.89,31,7.5719,78.2433,4.2678,0.2169,0.3333,0.1411,Eficiente
499.76,True,5,Casa,13,3,66.0,1,6,507.57,29,17.2331,166.5867,7.5721,-0.0154,0.2,0.1958,Eficiente
2398.56,True,10,Casa,12,6,271.0,9,7,3151.09,31,77.3729,399.76,8.8508,-0.2388,0.9,0.4357,Ineficiente
543.76,True,24,Casa,4,3,228.0,3,2,546.85,31,17.5406,181.2533,2.3849,-0.0057,0.125,0.1982,Eficiente
1662.73,False,30,Pequeno negocio,11,13,103.0,0,7,1391.04,29,57.3355,127.9023,16.143,0.1953,0.0,0.2996,Moderado
525.51,True,13,Departamento,0,5,44.0,3,12,535.56,28,18.7682,105.102,11.9434,-0.0188,0.2308,0.2209,Eficiente
692.31,True,12,Casa,6,2,194.0,8,9,559.63,29,23.8728,346.155,3.5686,0.2371,0.6667,0.2817,Moderado
327.62,True,9,Departamento,8,1,101.0,0,1,402.98,31,10.5684,327.62,3.2438,-0.187,0.0,0.2006,Eficiente
644.09,False,13,Casa,9,6,189.0,6,6,607.23,31,20.7771,107.3483,3.4079,0.0607,0.4615,0.2577,Moderado
500.62,False,6,Casa,0,3,296.0,4,9,472.05,30,16.6873,166.8733,1.6913,0.0605,0.6667,0.1293,Eficiente
630.42,False,17,Casa,4,3,244.0,9,6,501.73,29,21.7386,210.14,2.5837,0.2565,0.5294,0.2885,Moderado
748.18,False,29,Pequeno negocio,3,7,71.0,4,1,743.11,29,25.7993,106.8829,10.5377,0.0068,0.1379,0.2082,Eficiente
1006.11,True,15,Departamento,5,1,35.0,5,3,945.72,31,32.4552,1006.11,28.746,0.0639,0.3333,0.3492,Ineficiente
404.96,True,9,Departamento,10,1,64.0,4,5,367.71,30,13.4987,404.96,6.3275,0.1013,0.4444,0.3742,Ineficiente
806.65,True,15,Casa,1,3,128.0,6,2,963.64,31,26.021,268.8833,6.302,-0.1629,0.4,0.2238,Eficiente
599.2,True,15,Casa,11,7,88.0,0,5,658.14,31,19.329,85.6,6.8091,-0.0896,0.0,0.2546,Moderado
370.39,True,16,Departamento,1,5,113.0,0,3,353.32,30,12.3463,74.078,3.2778,0.0483,0.0,0.1954,Eficiente
658.33,False,16,Casa,7,5,65.0,5,1,642.1,31,21.2365,131.666,10.1282,0.0253,0.3125,0.3227,Ineficiente
1173.8,True,23,Pequeno negocio,12,14,45.0,3,4,1228.34,30,39.1267,83.8429,26.0844,-0.0444,0.1304,0.3379,Ineficiente
409.22,False,15,Departamento,13,7,66.0,1,0,386.51,29,14.111,58.46,6.2003,0.0588,0.0667,0.1906,Eficiente
1019.17,True,7,Casa,14,6,287.0,7,10,996.18,28,36.3989,169.8617,3.5511,0.0231,1.0,0.3838,Ineficiente
384.77,False,11,Departamento,6,1,110.0,7,0,336.8,28,13.7418,384.77,3.4979,0.1424,0.6364,0.1978,Eficiente
634.71,True,35,Pequeno negocio,7,1,146.0,1,1,691.04,28,22.6682,634.71,4.3473,-0.0815,0.0286,0.3034,Moderado
560.25,False,14,Departamento,13,4,92.0,1,3,536.35,31,18.0726,140.0625,6.0897,0.0446,0.0714,0.2925,Moderado
448.15,False,20,Departamento,1,2,76.0,7,8,475.86,31,14.4565,224.075,5.8967,-0.0582,0.35,0.2097,Eficiente
1210.27,True,30,Pequeno negocio,13,15,105.0,4,5,1313.46,29,41.7334,80.6847,11.5264,-0.0786,0.1333,0.3646,Ineficiente
450.24,True,5,Casa,1,2,248.0,3,0,378.07,28,16.08,225.12,1.8155,0.1909,0.6,0.2372,Moderado
1182.48,False,7,Pequeno negocio,1,14,155.0,5,4,1035.12,28,42.2314,84.4629,7.6289,0.1424,0.7143,0.1817,Eficiente
206.66,False,9,Casa,0,1,216.0,3,0,203.56,28,7.3807,206.66,0.9568,0.0152,0.3333,0.1096,Eficiente
353.06,False,15,Departamento,3,5,114.0,0,5,384.8,28,12.6093,70.612,3.097,-0.0825,0.0,0.0602,Eficiente
1032.25,True,9,Departamento,13,6,124.0,6,3,863.01,31,33.2984,172.0417,8.3246,0.1961,0.6667,0.3687,Ineficiente
430.84,False,24,Departamento,3,4,110.0,6,11,338.73,30,14.3613,107.71,3.9167,0.2719,0.25,0.2756,Moderado
238.62,False,16,Departamento,6,1,118.0,0,4,304.51,28,8.5221,238.62,2.0222,-0.2164,0.0,0.0841,Eficiente
488.99,True,22,Departamento,12,1,60.0,2,7,539.05,28,17.4639,488.99,8.1498,-0.0929,0.0909,0.3164,Ineficiente
1978.61,False,23,Casa,13,5,243.0,6,2,2156.94,30,65.9537,395.722,8.1424,-0.0827,0.2609,0.3988,Ineficiente
612.7,True,5,Casa,6,7,86.0,5,6,634.59,28,21.8821,87.5286,7.1244,-0.0345,1.0,0.2229,Eficiente
859.87,True,22,Casa,5,5,200.0,9,11,914.95,30,28.6623,171.974,4.2994,-0.0602,0.4091,0.3313,Ineficiente
414.66,True,4,Departamento,6,1,104.0,4,0,424.33,29,14.2986,414.66,3.9871,-0.0228,1.0,0.248,Moderado
697.54,False,5,Casa,8,6,299.0,0,3,635.43,28,24.9121,116.2567,2.3329,0.0977,0.0,0.158,Eficiente
579.91,True,14,Casa,4,4,262.0,3,4,608.42,30,19.3303,144.9775,2.2134,-0.0469,0.2143,0.2447,Moderado
731.95,True,7,Pequeno negocio,10,10,44.0,2,6,782.87,28,26.1411,73.195,16.6352,-0.065,0.2857,0.3076,Ineficiente
625.04,False,17,Casa,12,3,96.0,9,5,636.61,28,22.3229,208.3467,6.5108,-0.0182,0.5294,0.2767,Moderado
512.66,True,3,Casa,0,2,214.0,0,12,495.3,29,17.6779,256.33,2.3956,0.035,0.0,0.1488,Eficiente
1100.62,True,5,Casa,12,7,276.0,3,1,1085.15,31,35.5039,157.2314,3.9878,0.0143,0.6,0.2874,Moderado
749.75,False,20,Casa,10,7,137.0,5,3,716.95,28,26.7768,107.1071,5.4726,0.0457,0.25,0.2343,Moderado
740.34,False,16,Departamento,0,1,126.0,2,6,745.57,29,25.529,740.34,5.8757,-0.007,0.125,0.1897,Eficiente
745.26,True,11,Casa,11,5,169.0,7,8,816.92,28,26.6164,149.052,4.4098,-0.0877,0.6364,0.3347,Ineficiente
420.79,True,7,Casa,7,1,166.0,1,1,402.09,31,13.5739,420.79,2.5349,0.0465,0.1429,0.2312,Moderado
647.21,True,13,Pequeno negocio,0,6,114.0,9,9,844.71,31,20.8777,107.8683,5.6773,-0.2338,0.6923,0.2426,Moderado
758.2,False,5,Pequeno negocio,1,7,197.0,4,6,699.74,31,24.4581,108.3143,3.8487,0.0835,0.8,0.224,Eficiente
351.28,True,13,Departamento,0,6,102.0,3,3,309.92,31,11.3316,58.5467,3.4439,0.1335,0.2308,0.2776,Moderado
874.31,True,10,Pequeno negocio,6,5,74.0,9,4,1045.43,30,29.1437,174.862,11.815,-0.1637,0.9,0.2667,Moderado
378.58,False,7,Pequeno negocio,7,4,100.0,1,0,332.56,28,13.5207,94.645,3.7858,0.1384,0.1429,0.237,Moderado
1332.11,False,12,Casa,3,2,129.0,4,8,1093.23,29,45.9348,666.055,10.3264,0.2185,0.3333,0.2577,Moderado
544.8,False,23,Departamento,14,2,86.0,0,10,626.69,30,18.16,272.4,6.3349,-0.1307,0.0,0.2154,Eficiente
619.34,False,5,Departamento,0,7,43.0,5,12,595.88,31,19.9787,88.4771,14.4033,0.0394,1.0,0.1928,Eficiente
2488.93,False,3,Casa,14,7,69.0,3,3,2642.65,29,85.8252,355.5614,36.0714,-0.0582,1.0,0.3717,Ineficiente
684.54,True,24,Casa,2,1,103.0,7,3,703.29,28,24.4479,684.54,6.646,-0.0267,0.2917,0.2829,Moderado
583.57,True,23,Casa,1,1,233.0,5,4,634.15,29,20.1231,583.57,2.5046,-0.0798,0.2174,0.2511,Moderado
561.5,True,11,Departamento,7,6,43.0,6,1,690.24,30,18.7167,93.5833,13.0581,-0.1865,0.5455,0.2717,Moderado
919.06,True,8,Departamento,11,7,51.0,8,5,757.7,31,29.6471,131.2943,18.0208,0.213,1.0,0.3003,Moderado
530.05,False,5,Departamento,9,4,113.0,5,1,535.03,30,17.6683,132.5125,4.6907,-0.0093,1.0,0.1856,Eficiente
377.1,False,6,Casa,11,2,65.0,2,0,370.98,28,13.4679,188.55,5.8015,0.0165,0.3333,0.1316,Eficiente
1718.69,True,22,Casa,6,2,236.0,5,4,1555.59,30,57.2897,859.345,7.2826,0.1048,0.2273,0.3672,Ineficiente
728.92,True,19,Departamento,13,2,68.0,7,11,675.95,31,23.5135,364.46,10.7194,0.0784,0.3684,0.4582,Ineficiente
602.72,False,21,Departamento,11,5,55.0,1,12,650.73,29,20.7834,120.544,10.9585,-0.0738,0.0476,0.2747,Moderado
1022.91,True,39,Pequeno negocio,0,9,45.0,4,11,1099.5,29,35.2728,113.6567,22.7313,-0.0697,0.1026,0.4267,Ineficiente
728.85,False,30,Pequeno negocio,7,1,162.0,5,12,758.17,28,26.0304,728.85,4.4991,-0.0387,0.1667,0.3065,Ineficiente
1117.18,False,28,Pequeno negocio,14,5,180.0,8,11,963.44,30,37.2393,223.436,6.2066,0.1596,0.2857,0.451,Ineficiente
969.38,False,6,Pequeno negocio,10,5,128.0,0,8,1033.05,29,33.4269,193.876,7.5733,-0.0616,0.0,0.2407,Moderado
1907.96,True,27,Pequeno negocio,12,11,120.0,8,2,2087.96,31,61.5471,173.4509,15.8997,-0.0862,0.2963,0.3731,Ineficiente
498.96,False,9,Departamento,10,7,53.0,2,10,546.13,29,17.2055,71.28,9.4143,-0.0864,0.2222,0.1926,Eficiente
3305.11,False,14,Casa,9,3,196.0,8,12,3286.12,30,110.1703,1101.7033,16.8628,0.0058,0.5714,0.5389,Ineficiente
593.32,False,7,Casa,5,1,69.0,6,6,565.39,30,19.7773,593.32,8.5988,0.0494,0.8571,0.2457,Moderado
511.61,True,7,Casa,1,3,154.0,4,8,364.75,31,16.5035,170.5367,3.3221,0.4026,0.5714,0.2146,Eficiente
339.3,False,10,Casa,4,2,198.0,1,4,409.77,29,11.7,169.65,1.7136,-0.172,0.1,0.0613,Eficiente
524.07,False,23,Casa,3,2,187.0,3,7,628.5,28,18.7168,262.035,2.8025,-0.1662,0.1304,0.1276,Eficiente
1185.5,True,6,Pequeno negocio,10,15,110.0,6,0,960.53,28,42.3393,79.0333,10.7773,0.2342,1.0,0.3441,Ineficiente
668.71,True,17,Casa,5,2,87.0,2,9,997.84,30,22.2903,334.355,7.6863,-0.3298,0.1176,0.2035,Eficiente
1042.96,True,37,Pequeno negocio,5,4,34.0,6,6,909.68,29,35.9641,260.74,30.6753,0.1465,0.1622,0.4642,Ineficiente
636.96,False,16,Departamento,12,6,47.0,2,9,714.71,29,21.9641,106.16,13.5523,-0.1088,0.125,0.2902,Moderado
328.51,True,5,Departamento,2,1,120.0,0,4,335.5,28,11.7325,328.51,2.7376,-0.0208,0.0,0.0608,Eficiente
518.33,True,20,Departamento,11,1,69.0,6,5,529.93,29,17.8734,518.33,7.512,-0.0219,0.3,0.3566,Ineficiente
859.04,True,20,Casa,5,3,132.0,8,1,703.27,30,28.6347,286.3467,6.5079,0.2215,0.4,0.3001,Moderado
729.37,True,5,Departamento,14,7,73.0,5,7,769.34,28,26.0489,104.1957,9.9914,-0.052,1.0,0.3074,Ineficiente
873.25,False,11,Casa,14,6,274.0,5,11,778.56,30,29.1083,145.5417,3.187,0.1216,0.4545,0.3142,Ineficiente
798.58,True,34,Pequeno negocio,6,3,112.0,6,7,857.3,30,26.6193,266.1933,7.1302,-0.0685,0.1765,0.3422,Ineficiente
931.33,True,8,Casa,11,7,74.0,6,11,1055.18,29,32.1148,133.0471,12.5855,-0.1174,0.75,0.3457,Ineficiente
569.73,True,14,Casa,13,1,210.0,4,0,629.89,30,18.991,569.73,2.713,-0.0955,0.2857,0.2491,Moderado
467.49,True,21,Departamento,9,3,106.0,0,9,502.24,31,15.0803,155.83,4.4103,-0.0692,0.0,0.2955,Moderado
494.06,False,20,Departamento,13,4,118.0,2,0,615.36,28,17.645,123.515,4.1869,-0.1971,0.1,0.1542,Eficiente
378.88,False,11,Departamento,10,2,69.0,3,5,396.09,29,13.0648,189.44,5.491,-0.0434,0.2727,0.194,Eficiente
702.71,True,18,Departamento,0,7,119.0,6,6,586.16,30,23.4237,100.3871,5.9051,0.1988,0.3333,0.2565,Moderado
1453.31,True,23,Casa,9,5,290.0,3,6,1307.15,30,48.4437,290.662,5.0114,0.1118,0.1304,0.4106,Ineficiente
494.76,True,12,Departamento,3,6,35.0,2,7,497.79,29,17.0607,82.46,14.136,-0.0061,0.1667,0.1833,Eficiente
3930.75,True,24,Casa,8,2,262.0,9,9,3710.95,30,131.025,1965.375,15.0029,0.0592,0.375,0.6409,Ineficiente
724.48,True,19,Casa,11,6,208.0,0,9,765.46,30,24.1493,120.7467,3.4831,-0.0535,0.0,0.3115,Ineficiente
510.45,False,17,Casa,2,1,190.0,7,0,504.29,30,17.015,510.45,2.6866,0.0122,0.4118,0.2288,Moderado
572.35,True,18,Casa,9,1,112.0,0,9,542.21,31,18.4629,572.35,5.1103,0.0556,0.0,0.2828,Moderado
742.04,True,7,Casa,8,5,292.0,3,5,929.42,28,26.5014,148.408,2.5412,-0.2016,0.4286,0.2499,Moderado
250.22,False,3,Departamento,3,1,111.0,3,7,233.47,29,8.6283,250.22,2.2542,0.0717,1.0,0.1931,Eficiente
923.98,False,21,Casa,11,2,186.0,8,11,864.1,29,31.8614,461.99,4.9676,0.0693,0.381,0.3313,Ineficiente
626.68,True,18,Casa,11,6,85.0,3,3,695.36,30,20.8893,104.4467,7.3727,-0.0988,0.1667,0.2675,Moderado
351.43,False,23,Departamento,0,4,85.0,0,7,380.85,30,11.7143,87.8575,4.1345,-0.0772,0.0,0.1406,Eficiente
692.54,False,14,Casa,4,3,139.0,9,8,604.25,31,22.34,230.8467,4.9823,0.1461,0.6429,0.2406,Moderado
335.57,False,11,Departamento,1,3,39.0,8,6,286.46,28,11.9846,111.8567,8.6044,0.1714,0.7273,0.2616,Moderado
767.7,True,8,Pequeno negocio,9,10,117.0,4,3,815.16,30,25.59,76.77,6.5615,-0.0582,0.5,0.2465,Moderado
824.13,True,23,Casa,13,7,260.0,0,9,753.0,28,29.4332,117.7329,3.1697,0.0945,0.0,0.3208,Ineficiente
1495.17,False,38,Pequeno negocio,14,9,144.0,6,10,1220.6,31,48.2313,166.13,10.3831,0.2249,0.1579,0.4057,Ineficiente
613.89,False,21,Casa,5,3,77.0,7,12,595.59,28,21.9246,204.63,7.9726,0.0307,0.3333,0.3002,Moderado
524.21,False,6,Casa,3,3,204.0,6,5,646.02,28,18.7218,174.7367,2.5697,-0.1886,1.0,0.185,Eficiente
454.21,True,22,Departamento,4,1,40.0,7,1,488.47,31,14.6519,454.21,11.3552,-0.0701,0.3182,0.2402,Moderado
745.28,False,3,Departamento,0,2,82.0,3,11,954.98,29,25.6993,372.64,9.0888,-0.2196,1.0,0.1757,Eficiente
943.77,True,38,Pequeno negocio,5,5,222.0,5,7,794.28,29,32.5438,188.754,4.2512,0.1882,0.1316,0.3968,Ineficiente
505.67,True,7,Casa,9,3,215.0,1,1,386.94,30,16.8557,168.5567,2.352,0.3068,0.1429,0.2444,Moderado
534.78,True,3,Departamento,0,7,128.0,3,10,504.77,28,19.0993,76.3971,4.178,0.0595,1.0,0.1607,Eficiente
905.56,False,19,Casa,10,7,269.0,2,9,1043.15,29,31.2262,129.3657,3.3664,-0.1319,0.1053,0.2385,Moderado
798.71,True,10,Casa,12,1,262.0,6,10,703.87,29,27.5417,798.71,3.0485,0.1347,0.6,0.3192,Ineficiente
430.56,False,22,Casa,4,3,196.0,1,5,496.21,29,14.8469,143.52,2.1967,-0.1323,0.0455,0.1155,Eficiente
729.99,True,23,Pequeno negocio,11,1,67.0,0,6,567.81,28,26.0711,729.99,10.8954,0.2856,0.0,0.3787,Ineficiente
485.11,True,18,Casa,7,1,156.0,4,1,552.36,29,16.7279,485.11,3.1097,-0.1218,0.2222,0.3049,Ineficiente
1146.68,False,35,Pequeno negocio,14,6,71.0,5,5,1118.04,29,39.5407,191.1133,16.1504,0.0256,0.1429,0.3641,Ineficiente
627.94,True,21,Departamento,7,7,90.0,1,7,553.05,30,20.9313,89.7057,6.9771,0.1354,0.0476,0.2974,Moderado
660.71,True,21,Departamento,8,2,104.0,7,11,644.4,28,23.5968,330.355,6.353,0.0253,0.3333,0.3361,Ineficiente
676.76,False,15,Departamento,12,5,110.0,6,2,922.83,31,21.831,135.352,6.1524,-0.2666,0.4,0.2364,Moderado
1002.07,False,12,Pequeno negocio,4,12,130.0,8,0,935.79,28,35.7882,83.5058,7.7082,0.0708,0.6667,0.2428,Moderado
616.78,False,14,Casa,10,4,242.0,3,3,702.09,30,20.5593,154.195,2.5487,-0.1215,0.2143,0.2236,Eficiente
853.9,True,16,Casa,12,7,284.0,6,2,824.16,29,29.4448,121.9857,3.0067,0.0361,0.375,0.3072,Ineficiente
728.89,False,24,Departamento,4,6,85.0,9,5,894.13,31,23.5126,121.4817,8.5752,-0.1848,0.375,0.2872,Moderado
578.79,False,6,Casa,12,6,101.0,1,9,559.82,30,19.293,96.465,5.7306,0.0339,0.1667,0.1754,Eficiente
525.68,True,4,Casa,4,3,175.0,4,4,479.99,30,17.5227,175.2267,3.0039,0.0952,1.0,0.265,Moderado
1346.73,True,13,Casa,9,1,123.0,6,4,1163.03,28,48.0975,1346.73,10.949,0.1579,0.4615,0.3709,Ineficiente
832.91,True,12,Casa,4,7,237.0,7,5,739.03,31,26.8681,118.9871,3.5144,0.127,0.5833,0.3024,Moderado
848.83,True,22,Casa,9,7,162.0,6,12,692.29,31,27.3816,121.2614,5.2397,0.2261,0.2727,0.3246,Ineficiente
707.61,True,9,Casa,2,7,210.0,6,5,645.66,28,25.2718,101.0871,3.3696,0.0959,0.6667,0.1993,Eficiente
1401.5,True,33,Pequeno negocio,12,10,210.0,7,9,1460.48,30,46.7167,140.15,6.6738,-0.0404,0.2121,0.3756,Ineficiente
164.09,False,5,Casa,2,2,80.0,0,0,160.7,31,5.2932,82.045,2.0511,0.0211,0.0,0.0231,Eficiente
447.09,False,19,Pequeno negocio,5,4,176.0,0,1,401.97,30,14.903,111.7725,2.5403,0.1122,0.0,0.1993,Eficiente
960.25,True,12,Pequeno negocio,12,11,182.0,0,4,1260.13,31,30.9758,87.2955,5.2761,-0.238,0.0,0.2382,Moderado
771.19,False,24,Casa,1,3,93.0,9,6,1098.24,31,24.8771,257.0633,8.2924,-0.2978,0.375,0.261,Moderado
324.43,False,8,Departamento,12,2,128.0,4,5,309.86,31,10.4655,162.215,2.5346,0.047,0.5,0.24,Moderado
1009.46,False,4,Departamento,6,7,116.0,4,3,764.04,29,34.809,144.2086,8.7022,0.3212,1.0,0.245,Moderado
551.22,False,13,Departamento,3,5,73.0,9,7,472.14,31,17.7813,110.244,7.551,0.1675,0.6923,0.2896,Moderado
684.43,True,6,Casa,12,2,152.0,3,3,716.03,28,24.4439,342.215,4.5028,-0.0441,0.5,0.2606,Moderado
556.89,False,6,Casa,12,5,172.0,0,6,484.02,31,17.9642,111.378,3.2377,0.1506,0.0,0.1878,Eficiente
721.68,True,22,Casa,12,5,122.0,8,1,752.82,30,24.056,144.336,5.9154,-0.0414,0.3636,0.2926,Moderado
373.98,False,11,Departamento,8,4,51.0,4,2,424.6,28,13.3564,93.495,7.3329,-0.1192,0.3636,0.1818,Eficiente
800.23,False,35,Pequeno negocio,2,6,160.0,2,11,991.34,30,26.6743,133.3717,5.0014,-0.1928,0.0571,0.2349,Moderado
572.05,False,7,Departamento,10,7,129.0,7,7,582.28,31,18.4532,81.7214,4.4345,-0.0176,1.0,0.2079,Eficiente
542.38,True,11,Departamento,10,4,115.0,4,3,614.04,31,17.4961,135.595,4.7163,-0.1167,0.3636,0.2308,Moderado
683.04,True,22,Pequeno negocio,13,5,30.0,3,0,603.96,28,24.3943,136.608,22.768,0.1309,0.1364,0.3069,Ineficiente
582.16,True,17,Departamento,11,2,113.0,3,10,757.13,31,18.7794,291.08,5.1519,-0.2311,0.1765,0.2539,Moderado
639.86,True,14,Casa,4,6,77.0,9,4,581.11,31,20.6406,106.6433,8.3099,0.1011,0.6429,0.3486,Ineficiente
1361.33,True,37,Pequeno negocio,6,14,48.0,3,5,1557.75,31,43.9139,97.2379,28.361,-0.1261,0.0811,0.3869,Ineficiente
1092.52,True,20,Casa,9,5,267.0,9,8,1061.9,30,36.4173,218.504,4.0918,0.0288,0.45,0.4352,Ineficiente
632.8,False,7,Casa,11,2,288.0,5,0,701.57,31,20.4129,316.4,2.1972,-0.098,0.7143,0.2398,Moderado
330.6,False,13,Departamento,4,4,49.0,0,8,288.47,29,11.4,82.65,6.7469,0.146,0.0,0.2032,Eficiente
2396.68,True,9,Pequeno negocio,3,12,90.0,1,12,2490.9,30,79.8893,199.7233,26.6298,-0.0378,0.1111,0.2798,Moderado
737.75,False,3,Casa,13,1,159.0,3,2,661.36,29,25.4397,737.75,4.6399,0.1155,1.0,0.224,Eficiente
1602.52,False,15,Departamento,14,5,54.0,1,12,1541.16,29,55.2593,320.504,29.6763,0.0398,0.0667,0.4018,Ineficiente
399.8,False,18,Casa,4,5,155.0,1,4,349.59,29,13.7862,79.96,2.5794,0.1436,0.0556,0.198,Eficiente
441.53,False,17,Casa,0,4,286.0,4,0,476.92,30,14.7177,110.3825,1.5438,-0.0742,0.2353,0.1616,Eficiente
555.37,False,4,Casa,9,5,66.0,4,5,456.67,30,18.5123,111.074,8.4147,0.2161,1.0,0.1854,Eficiente
559.59,True,11,Departamento,0,7,90.0,9,2,605.96,31,18.0513,79.9414,6.2177,-0.0765,0.8182,0.248,Moderado
1022.85,False,35,Pequeno negocio,2,10,139.0,8,5,1006.97,30,34.095,102.285,7.3586,0.0158,0.2286,0.2515,Moderado
598.34,False,6,Casa,7,4,168.0,6,2,605.8,28,21.3693,149.585,3.5615,-0.0123,1.0,0.189,Eficiente
958.97,True,15,Casa,5,6,174.0,0,8,861.47,29,33.0679,159.8283,5.5113,0.1132,0.0,0.2761,Moderado
780.42,True,14,Casa,0,6,98.0,8,4,638.91,30,26.014,130.07,7.9635,0.2215,0.5714,0.2402,Moderado
721.53,False,20,Casa,5,4,143.0,9,9,726.77,29,24.8803,180.3825,5.0457,-0.0072,0.45,0.2878,Moderado
584.59,False,19,Departamento,10,7,116.0,6,2,510.23,28,20.8782,83.5129,5.0396,0.1457,0.3158,0.2529,Moderado
2402.6,False,22,Departamento,11,3,39.0,9,0,2867.87,28,85.8071,800.8667,61.6051,-0.1622,0.4091,0.4556,Ineficiente
661.2,True,12,Departamento,11,4,113.0,8,4,633.74,30,22.04,165.3,5.8513,0.0433,0.6667,0.3127,Ineficiente
723.61,True,7,Casa,4,6,158.0,6,9,581.36,29,24.9521,120.6017,4.5798,0.2447,0.8571,0.2461,Moderado
603.01,True,14,Departamento,9,4,44.0,4,12,595.02,30,20.1003,150.7525,13.7048,0.0134,0.2857,0.2887,Moderado
526.16,False,17,Casa,4,3,197.0,3,11,497.16,30,17.5387,175.3867,2.6709,0.0583,0.1765,0.2259,Eficiente
565.9,True,10,Casa,9,4,71.0,3,0,484.66,29,19.5138,141.475,7.9704,0.1676,0.3,0.2076,Eficiente
965.8,True,28,Pequeno negocio,0,9,214.0,2,11,1047.57,30,32.1933,107.3111,4.5131,-0.0781,0.0714,0.2505,Moderado
535.64,False,23,Departamento,6,7,128.0,5,5,407.24,30,17.8547,76.52,4.1847,0.3153,0.2174,0.2693,Moderado
891.66,False,20,Pequeno negocio,4,8,215.0,4,0,924.5,28,31.845,111.4575,4.1473,-0.0355,0.2,0.1981,Eficiente
886.76,False,10,Pequeno negocio,10,12,159.0,2,3,839.72,31,28.6052,73.8967,5.5771,0.056,0.2,0.1881,Eficiente
420.49,True,23,Departamento,4,1,57.0,1,11,554.74,30,14.0163,420.49,7.377,-0.242,0.0435,0.2676,Moderado
2083.04,True,9,Pequeno negocio,4,4,232.0,5,7,1785.37,31,67.1948,520.76,8.9786,0.1667,0.5556,0.3758,Ineficiente
621.04,True,14,Casa,8,3,267.0,0,2,594.36,31,20.0335,207.0133,2.326,0.0449,0.0,0.2537,Moderado
575.37,False,8,Casa,9,2,124.0,3,10,586.45,29,19.8403,287.685,4.6401,-0.0189,0.375,0.2205,Eficiente
470.96,True,9,Casa,6,2,145.0,0,4,551.63,31,15.1923,235.48,3.248,-0.1462,0.0,0.2278,Eficiente
676.88,False,20,Casa,13,1,198.0,3,1,521.84,31,21.8348,676.88,3.4186,0.2971,0.15,0.2835,Moderado
2173.28,True,20,Casa,14,2,165.0,6,4,2010.7,28,77.6171,1086.64,13.1714,0.0809,0.3,0.4371,Ineficiente
818.39,True,13,Casa,9,6,123.0,6,9,650.05,30,27.2797,136.3983,6.6536,0.259,0.4615,0.3041,Moderado
454.45,True,14,Departamento,8,5,83.0,0,3,434.78,31,14.6597,90.89,5.4753,0.0452,0.0,0.2251,Eficiente
509.08,False,16,Departamento,7,5,40.0,7,2,485.29,28,18.1814,101.816,12.727,0.049,0.4375,0.2006,Eficiente
270.17,False,22,Departamento,1,1,114.0,3,3,258.7,28,9.6489,270.17,2.3699,0.0443,0.1364,0.1974,Eficiente
644.16,True,3,Casa,6,5,219.0,3,10,707.21,29,22.2124,128.832,2.9414,-0.0892,1.0,0.2611,Moderado
573.97,True,15,Departamento,12,7,47.0,6,2,615.72,28,20.4989,81.9957,12.2121,-0.0678,0.4,0.3582,Ineficiente
1389.44,True,4,Casa,10,7,174.0,0,5,1369.84,28,49.6229,198.4914,7.9853,0.0143,0.0,0.287,Moderado
373.24,True,23,Casa,0,3,172.0,1,8,293.5,28,13.33,124.4133,2.17,0.2717,0.0435,0.1741,Eficiente
447.84,False,8,Casa,2,5,279.0,1,0,671.44,28,15.9943,89.568,1.6052,-0.333,0.125,0.0679,Eficiente
526.03,True,3,Casa,12,3,174.0,3,7,442.46,29,18.139,175.3433,3.0232,0.1889,1.0,0.2745,Moderado
711.44,True,20,Casa,11,7,131.0,0,10,827.81,31,22.9497,101.6343,5.4308,-0.1406,0.0,0.3019,Moderado
1081.65,False,13,Pequeno negocio,6,15,203.0,0,7,1095.49,31,34.8919,72.11,5.3283,-0.0126,0.0,0.1936,Eficiente
465.62,False,22,Departamento,14,2,38.0,5,2,504.11,28,16.6293,232.81,12.2532,-0.0764,0.2273,0.3174,Ineficiente
297.63,True,10,Departamento,0,4,85.0,1,6,270.22,31,9.601,74.4075,3.5015,0.1014,0.1,0.1583,Eficiente
737.8,True,9,Casa,11,2,133.0,4,11,604.58,31,23.8,368.9,5.5474,0.2204,0.4444,0.3455,Ineficiente
853.85,True,16,Pequeno negocio,14,10,220.0,2,2,769.11,29,29.4431,85.385,3.8811,0.1102,0.125,0.3134,Ineficiente
563.9,False,23,Departamento,6,3,71.0,9,2,641.64,29,19.4448,187.9667,7.9423,-0.1212,0.3913,0.2596,Moderado
594.65,False,23,Casa,7,5,104.0,1,7,573.39,29,20.5052,118.93,5.7178,0.0371,0.0435,0.2233,Eficiente
578.85,True,11,Departamento,3,7,62.0,4,5,512.04,31,18.6726,82.6929,9.3363,0.1305,0.3636,0.2267,Eficiente
651.11,True,17,Departamento,12,7,68.0,4,8,617.42,28,23.2539,93.0157,9.5751,0.0546,0.2353,0.3323,Ineficiente
677.31,True,21,Casa,10,2,70.0,7,7,607.0,30,22.577,338.655,9.6759,0.1158,0.3333,0.3467,Ineficiente
358.32,True,19,Casa,6,1,127.0,1,0,307.26,31,11.5587,358.32,2.8214,0.1662,0.0526,0.208,Eficiente
1079.25,False,16,Departamento,3,6,40.0,9,9,1166.73,30,35.975,179.875,26.9812,-0.075,0.5625,0.27,Moderado
513.28,True,6,Casa,6,1,64.0,3,12,511.15,29,17.6993,513.28,8.02,0.0042,0.5,0.2674,Moderado
271.58,False,16,Casa,6,3,132.0,0,1,255.77,31,8.7606,90.5267,2.0574,0.0618,0.0,0.1196,Eficiente
669.99,True,6,Casa,5,7,174.0,6,7,596.99,28,23.9282,95.7129,3.8505,0.1223,1.0,0.2064,Eficiente
675.31,False,11,Pequeno negocio,12,3,160.0,5,4,659.42,28,24.1182,225.1033,4.2207,0.0241,0.4545,0.3045,Moderado
677.4,False,15,Casa,5,1,215.0,6,8,875.89,31,21.8516,677.4,3.1507,-0.2266,0.4,0.2235,Eficiente
653.92,True,3,Casa,1,7,231.0,3,7,648.12,31,21.0942,93.4171,2.8308,0.0089,1.0,0.1663,Eficiente
764.48,False,12,Casa,11,5,141.0,3,7,785.1,28,27.3029,152.896,5.4218,-0.0263,0.25,0.2196,Eficiente
846.96,False,5,Pequeno negocio,10,1,59.0,5,1,929.45,31,27.3213,846.96,14.3553,-0.0888,1.0,0.2264,Eficiente
418.39,False,5,Departamento,0,5,41.0,5,8,488.32,28,14.9425,83.678,10.2046,-0.1432,1.0,0.1191,Eficiente
1329.67,False,33,Pequeno negocio,10,12,119.0,5,8,1586.8,29,45.8507,110.8058,11.1737,-0.162,0.1515,0.319,Ineficiente
684.99,False,19,Casa,7,4,95.0,7,8,733.32,31,22.0965,171.2475,7.2104,-0.0659,0.3684,0.2974,Moderado
504.68,True,22,Casa,10,7,67.0,0,2,557.29,29,17.4028,72.0971,7.5325,-0.0944,0.0,0.2353,Moderado
568.79,False,18,Departamento,3,6,112.0,6,10,593.63,28,20.3139,94.7983,5.0785,-0.0418,0.3333,0.2644,Moderado
360.78,False,7,Casa,2,2,269.0,0,2,377.79,31,11.6381,180.39,1.3412,-0.045,0.0,0.1271,Eficiente
930.93,False,30,Pequeno negocio,8,12,80.0,4,2,1126.07,28,33.2475,77.5775,11.6366,-0.1733,0.1333,0.1883,Eficiente
1540.42,False,23,Pequeno negocio,0,12,125.0,7,4,2318.1,31,49.691,128.3683,12.3234,-0.3355,0.3043,0.2566,Moderado
151.19,False,4,Departamento,3,1,127.0,0,2,126.39,29,5.2134,151.19,1.1905,0.1962,0.0,0.0641,Eficiente
465.82,True,22,Pequeno negocio,0,3,89.0,4,4,445.13,29,16.0628,155.2733,5.2339,0.0465,0.1818,0.2694,Moderado
535.52,False,11,Departamento,5,5,102.0,4,2,598.28,29,18.4662,107.104,5.2502,-0.1049,0.3636,0.1476,Eficiente
626.41,False,6,Casa,13,7,231.0,2,1,625.87,28,22.3718,89.4871,2.7117,0.0009,0.3333,0.1793,Eficiente
548.99,True,16,Departamento,7,6,74.0,5,12,443.95,31,17.7094,91.4983,7.4188,0.2366,0.3125,0.3235,Ineficiente
875.61,True,19,Casa,11,5,290.0,8,8,723.05,31,28.2455,175.122,3.0193,0.211,0.4211,0.4058,Ineficiente
936.7,True,8,Pequeno negocio,11,6,205.0,8,4,1235.33,30,31.2233,156.1167,4.5693,-0.2417,1.0,0.2574,Moderado
763.41,False,13,Casa,1,1,262.0,9,4,783.33,28,27.2646,763.41,2.9138,-0.0254,0.6923,0.2471,Moderado
834.45,False,12,Casa,14,7,187.0,9,4,799.84,30,27.815,119.2071,4.4623,0.0433,0.75,0.3549,Ineficiente
390.69,False,7,Departamento,2,4,57.0,2,9,322.79,30,13.023,97.6725,6.8542,0.2104,0.2857,0.1715,Eficiente
403.04,True,4,Casa,3,4,88.0,1,2,477.2,28,14.3943,100.76,4.58,-0.1554,0.25,0.1449,Eficiente
678.67,False,21,Casa,9,7,216.0,1,1,682.8,30,22.6223,96.9529,3.142,-0.006,0.0476,0.1704,Eficiente
737.8,True,21,Departamento,7,2,87.0,9,6,851.52,29,25.4414,368.9,8.4805,-0.1335,0.4286,0.3468,Ineficiente
465.45,False,24,Casa,3,2,189.0,2,2,492.57,30,15.515,232.725,2.4627,-0.0551,0.0833,0.1933,Eficiente
1424.39,False,5,Departamento,5,6,113.0,5,11,1410.5,31,45.9481,237.3983,12.6052,0.0098,1.0,0.27,Moderado
761.02,False,12,Casa,6,2,174.0,4,4,872.15,29,26.2421,380.51,4.3737,-0.1274,0.3333,0.2106,Eficiente
812.02,True,17,Casa,9,7,247.0,6,8,862.56,28,29.0007,116.0029,3.2875,-0.0586,0.3529,0.3427,Ineficiente
658.39,False,22,Casa,11,7,134.0,7,5,649.48,29,22.7031,94.0557,4.9134,0.0137,0.3182,0.299,Moderado
1049.94,False,12,Departamento,5,1,120.0,9,2,926.28,28,37.4979,1049.94,8.7495,0.1335,0.75,0.2821,Moderado
566.02,False,20,Pequeno negocio,5,5,61.0,0,4,643.42,29,19.5179,113.204,9.279,-0.1203,0.0,0.1794,Eficiente
730.23,True,23,Casa,1,6,131.0,3,10,691.33,28,26.0796,121.705,5.5743,0.0563,0.1304,0.2393,Moderado
1355.32,True,30,Pequeno negocio,14,5,89.0,1,1,1376.96,28,48.4043,271.064,15.2283,-0.0157,0.0333,0.3778,Ineficiente
610.52,True,18,Departamento,9,2,98.0,3,12,547.58,31,19.6942,305.26,6.2298,0.1149,0.1667,0.3028,Moderado
387.07,True,11,Departamento,3,1,95.0,3,0,509.18,29,13.3472,387.07,4.0744,-0.2398,0.2727,0.2629,Moderado
494.25,False,3,Departamento,0,1,53.0,3,9,578.51,31,15.9435,494.25,9.3255,-0.1457,1.0,0.1931,Eficiente
629.93,True,14,Departamento,14,2,79.0,7,8,706.63,29,21.7217,314.965,7.9738,-0.1085,0.5,0.3881,Ineficiente
878.57,False,22,Pequeno negocio,0,13,136.0,1,7,1095.57,29,30.2955,67.5823,6.4601,-0.1981,0.0455,0.1759,Eficiente
205.75,False,12,Departamento,2,3,69.0,4,0,202.05,29,7.0948,68.5833,2.9819,0.0183,0.3333,0.1273,Eficiente
694.96,True,6,Departamento,13,6,126.0,6,8,698.96,28,24.82,115.8267,5.5156,-0.0057,1.0,0.2619,Moderado
710.77,True,17,Casa,5,4,147.0,7,0,676.98,31,22.9281,177.6925,4.8352,0.0499,0.4118,0.289,Moderado
772.86,False,9,Casa,13,1,187.0,8,9,757.94,31,24.931,772.86,4.1329,0.0197,0.8889,0.2985,Moderado
386.25,True,6,Departamento,8,1,99.0,2,10,298.86,30,12.875,386.25,3.9015,0.2924,0.3333,0.2572,Moderado
893.99,True,11,Casa,8,1,245.0,8,11,807.02,28,31.9282,893.99,3.6489,0.1078,0.7273,0.3396,Ineficiente
698.81,False,7,Casa,13,3,61.0,7,5,644.5,31,22.5423,232.9367,11.4559,0.0843,1.0,0.2112,Eficiente
550.03,True,14,Casa,0,6,127.0,2,8,564.58,29,18.9666,91.6717,4.3309,-0.0258,0.1429,0.17,Eficiente
472.73,False,14,Casa,5,1,140.0,6,2,379.17,31,15.2494,472.73,3.3766,0.2467,0.4286,0.2343,Moderado
773.94,False,20,Departamento,5,3,82.0,6,6,808.23,29,26.6876,257.98,9.4383,-0.0424,0.3,0.1614,Eficiente
781.72,True,24,Departamento,10,4,38.0,8,9,718.68,30,26.0573,195.43,20.5716,0.0877,0.3333,0.4037,Ineficiente
274.63,True,4,Casa,5,2,165.0,0,2,288.24,29,9.47,137.315,1.6644,-0.0472,0.0,0.2142,Eficiente
676.69,True,3,Casa,13,1,171.0,2,10,653.49,31,21.8287,676.69,3.9573,0.0355,0.6667,0.2918,Moderado
435.68,False,12,Casa,10,2,81.0,8,4,404.91,28,15.56,217.84,5.3788,0.076,0.6667,0.2913,Moderado
611.85,True,4,Casa,13,2,186.0,0,12,537.9,31,19.7371,305.925,3.2895,0.1375,0.0,0.2618,Moderado
600.54,True,21,Departamento,12,6,52.0,4,1,713.24,31,19.3723,100.09,11.5488,-0.158,0.1905,0.3908,Ineficiente
474.47,False,20,Departamento,11,7,77.0,2,2,463.7,28,16.9454,67.7814,6.1619,0.0232,0.1,0.2336,Moderado
674.94,True,12,Departamento,5,5,83.0,6,9,788.7,28,24.105,134.988,8.1318,-0.1442,0.5,0.2701,Moderado
620.06,False,24,Departamento,10,6,123.0,4,2,654.32,29,21.3814,103.3433,5.0411,-0.0524,0.1667,0.2125,Eficiente
1133.25,False,30,Pequeno negocio,6,8,109.0,8,12,1116.73,29,39.0776,141.6562,10.3968,0.0148,0.2667,0.3426,Ineficiente
488.06,True,15,Departamento,5,7,36.0,0,12,467.92,30,16.2687,69.7229,13.5572,0.043,0.0,0.2436,Moderado
375.24,False,20,Departamento,3,1,76.0,5,1,377.38,30,12.508,375.24,4.9374,-0.0057,0.25,0.1809,Eficiente
849.31,True,15,Departamento,13,7,123.0,5,10,991.04,28,30.3325,121.33,6.905,-0.143,0.3333,0.2897,Moderado
831.33,True,18,Casa,10,4,269.0,5,5,744.02,31,26.8171,207.8325,3.0904,0.1173,0.2778,0.2982,Moderado
503.65,True,19,Pequeno negocio,0,1,161.0,0,10,668.38,28,17.9875,503.65,3.1283,-0.2465,0.0,0.2304,Moderado
663.29,False,14,Casa,5,6,249.0,4,9,633.61,30,22.1097,110.5483,2.6638,0.0468,0.2857,0.1906,Eficiente
604.3,False,20,Casa,8,4,271.0,8,4,593.46,30,20.1433,151.075,2.2299,0.0183,0.4,0.3283,Ineficiente
2894.32,False,35,Pequeno negocio,10,13,205.0,6,0,2867.41,29,99.8041,222.64,14.1186,0.0094,0.1714,0.4824,Ineficiente
252.99,True,7,Departamento,4,1,87.0,1,4,210.47,29,8.7238,252.99,2.9079,0.202,0.1429,0.1549,Eficiente
457.83,False,3,Casa,10,2,101.0,3,5,443.73,28,16.3511,228.915,4.533,0.0318,1.0,0.1553,Eficiente
1566.2,True,16,Casa,4,1,269.0,9,6,1236.67,28,55.9357,1566.2,5.8223,0.2665,0.5625,0.3568,Ineficiente
890.13,False,4,Casa,2,3,263.0,4,10,729.35,29,30.6941,296.71,3.3845,0.2204,1.0,0.298,Moderado
477.06,True,18,Departamento,1,6,48.0,0,10,522.89,28,17.0379,79.51,9.9388,-0.0876,0.0,0.2023,Eficiente
646.8,True,12,Casa,13,3,96.0,0,3,643.8,30,21.56,215.6,6.7375,0.0047,0.0,0.2554,Moderado
689.48,True,6,Pequeno negocio,9,7,120.0,1,2,737.15,31,22.2413,98.4971,5.7457,-0.0647,0.1667,0.2121,Eficiente
1264.26,True,28,Pequeno negocio,12,13,200.0,3,8,1058.28,29,43.5952,97.2508,6.3213,0.1946,0.1071,0.4097,Ineficiente
615.47,True,4,Departamento,8,5,113.0,4,9,568.42,30,20.5157,123.094,5.4466,0.0828,1.0,0.2052,Eficiente
2102.52,True,7,Departamento,8,7,91.0,4,7,2508.64,30,70.084,300.36,23.1046,-0.1619,0.5714,0.372,Ineficiente
472.39,False,4,Casa,4,3,68.0,4,8,417.34,30,15.7463,157.4633,6.9469,0.1319,1.0,0.2284,Moderado
451.37,False,6,Casa,1,4,170.0,0,9,443.74,31,14.5603,112.8425,2.6551,0.0172,0.0,0.128,Eficiente
1005.7,False,19,Departamento,10,7,39.0,7,5,885.92,30,33.5233,143.6714,25.7872,0.1352,0.3684,0.3409,Ineficiente
600.59,True,18,Casa,2,5,211.0,7,3,741.78,28,21.4496,120.118,2.8464,-0.1903,0.3889,0.2007,Eficiente
901.24,True,16,Casa,13,3,205.0,9,10,912.7,31,29.0723,300.4133,4.3963,-0.0126,0.5625,0.4454,Ineficiente
665.8,True,12,Casa,1,1,258.0,5,2,626.4,31,21.4774,665.8,2.5806,0.0629,0.4167,0.2557,Moderado
701.7,False,7,Casa,14,7,159.0,6,0,765.2,29,24.1966,100.2429,4.4132,-0.083,0.8571,0.2062,Eficiente
525.85,False,21,Casa,6,5,170.0,0,0,490.33,30,17.5283,105.17,3.0932,0.0724,0.0,0.1829,Eficiente
937.52,True,22,Departamento,4,1,83.0,8,5,1014.18,31,30.2426,937.52,11.2954,-0.0756,0.3636,0.3947,Ineficiente
1242.16,False,23,Pequeno negocio,3,12,201.0,6,6,1206.47,29,42.8331,103.5133,6.1799,0.0296,0.2609,0.2172,Eficiente
601.73,True,22,Departamento,10,7,91.0,7,7,535.99,28,21.4904,85.9614,6.6124,0.1227,0.3182,0.3966,Ineficiente
800.1,False,7,Pequeno negocio,12,4,175.0,3,2,759.01,30,26.67,200.025,4.572,0.0541,0.4286,0.2252,Eficiente
351.23,False,10,Casa,7,2,271.0,0,5,445.48,29,12.1114,175.615,1.2961,-0.2116,0.0,0.1443,Eficiente
1202.64,False,13,Pequeno negocio,6,13,215.0,7,8,988.25,30,40.088,92.5108,5.5937,0.2169,0.5385,0.2586,Moderado
385.38,False,15,Departamento,13,7,64.0,7,3,341.34,29,13.289,55.0543,6.0216,0.129,0.4667,0.2012,Eficiente
475.03,True,3,Casa,6,6,102.0,1,7,452.54,31,15.3235,79.1717,4.6572,0.0497,0.3333,0.2147,Eficiente
990.88,True,19,Pequeno negocio,4,13,108.0,8,3,773.45,28,35.3886,76.2215,9.1748,0.2811,0.4211,0.2896,Moderado
585.76,True,18,Casa,13,3,105.0,0,10,589.66,29,20.1986,195.2533,5.5787,-0.0066,0.0,0.2469,Moderado
764.98,False,13,Casa,12,6,226.0,6,5,683.74,30,25.4993,127.4967,3.3849,0.1188,0.4615,0.2426,Moderado
398.65,False,6,Casa,8,5,198.0,0,10,552.47,30,13.2883,79.73,2.0134,-0.2784,0.0,0.1743,Eficiente
477.33,True,6,Casa,0,4,177.0,6,4,388.57,31,15.3977,119.3325,2.6968,0.2284,1.0,0.2538,Moderado
798.85,True,18,Casa,5,7,233.0,4,4,717.54,29,27.5466,114.1214,3.4285,0.1133,0.2222,0.3227,Ineficiente
566.0,True,21,Departamento,14,3,59.0,3,9,458.51,31,18.2581,188.6667,9.5932,0.2344,0.1429,0.4098,Ineficiente
1526.92,True,28,Pequeno negocio,14,14,215.0,7,3,1673.89,29,52.6524,109.0657,7.102,-0.0878,0.25,0.3836,Ineficiente
975.91,True,6,Casa,10,1,150.0,6,9,738.27,31,31.481,975.91,6.5061,0.3219,1.0,0.3448,Ineficiente
415.3,False,17,Departamento,6,5,98.0,6,1,370.9,28,14.8321,83.06,4.2378,0.1197,0.3529,0.2363,Moderado
784.98,True,9,Casa,12,4,96.0,7,10,694.5,29,27.0683,196.245,8.1769,0.1303,0.7778,0.3765,Ineficiente
723.71,False,23,Pequeno negocio,8,5,53.0,0,9,829.46,31,23.3455,144.742,13.6549,-0.1275,0.0,0.2627,Moderado
590.71,True,15,Casa,0,3,69.0,8,7,546.45,31,19.0552,196.9033,8.561,0.081,0.5333,0.2991,Moderado
697.86,True,22,Casa,5,7,165.0,5,6,663.89,28,24.9236,99.6943,4.2295,0.0512,0.2273,0.2926,Moderado
590.29,False,21,Departamento,4,5,77.0,1,4,577.09,29,20.3548,118.058,7.6661,0.0229,0.0476,0.222,Eficiente
421.95,True,4,Departamento,10,2,72.0,4,4,393.78,30,14.065,210.975,5.8604,0.0715,1.0,0.2588,Moderado
270.14,False,3,Departamento,3,2,126.0,3,4,352.16,28,9.6479,135.07,2.144,-0.2329,1.0,0.1455,Eficiente
643.16,False,23,Departamento,11,2,60.0,7,9,559.64,29,22.1779,321.58,10.7193,0.1492,0.3043,0.3132,Ineficiente
341.72,True,9,Departamento,3,3,111.0,5,2,389.01,31,11.0232,113.9067,3.0786,-0.1216,0.5556,0.1343,Eficiente
336.6,False,4,Casa,9,4,136.0,2,3,336.62,31,10.8581,84.15,2.475,-0.0001,0.5,0.1483,Eficiente
484.92,True,7,Casa,4,7,65.0,2,5,501.49,29,16.7214,69.2743,7.4603,-0.033,0.2857,0.1907,Eficiente
755.15,True,13,Casa,3,7,268.0,7,6,753.19,29,26.0397,107.8786,2.8177,0.0026,0.5385,0.2522,Moderado
944.64,False,22,Casa,10,5,296.0,8,3,1185.3,29,32.5738,188.928,3.1914,-0.203,0.3636,0.2425,Moderado
1029.74,True,23,Casa,14,4,253.0,6,5,1322.4,28,36.7764,257.435,4.0701,-0.2213,0.2609,0.356,Ineficiente
769.7,False,17,Departamento,11,5,52.0,7,10,812.77,30,25.6567,153.94,14.8019,-0.053,0.4118,0.2803,Moderado
703.07,True,8,Casa,7,3,84.0,6,3,934.58,28,25.1096,234.3567,8.3699,-0.2477,0.75,0.2172,Eficiente
476.05,False,18,Departamento,13,2,107.0,4,2,560.02,30,15.8683,238.025,4.4491,-0.1499,0.2222,0.2111,Eficiente
576.67,True,21,Departamento,12,4,95.0,4,10,532.27,29,19.8852,144.1675,6.0702,0.0834,0.1905,0.2799,Moderado
2334.28,True,12,Departamento,13,6,48.0,4,3,2460.37,31,75.2994,389.0467,48.6308,-0.0512,0.3333,0.4325,Ineficiente
283.04,False,16,Departamento,0,1,83.0,0,9,294.5,30,9.4347,283.04,3.4101,-0.0389,0.0,0.152,Eficiente
560.38,False,13,Casa,12,1,223.0,5,12,459.29,31,18.0768,560.38,2.5129,0.2201,0.3846,0.2786,Moderado
526.81,False,21,Casa,7,2,126.0,1,6,841.8,30,17.5603,263.405,4.181,-0.3742,0.0476,0.223,Eficiente
526.87,True,16,Departamento,10,2,68.0,9,7,567.89,31,16.9958,263.435,7.7481,-0.0722,0.5625,0.3129,Ineficiente
468.26,False,4,Departamento,14,2,75.0,4,8,457.78,31,15.1052,234.13,6.2435,0.0229,1.0,0.2474,Moderado
579.72,True,22,Casa,7,1,113.0,4,1,545.58,30,19.324,579.72,5.1303,0.0626,0.1818,0.2672,Moderado
629.28,True,15,Casa,10,1,176.0,6,1,791.33,29,21.6993,629.28,3.5755,-0.2048,0.4,0.2454,Moderado
353.6,True,12,Departamento,14,3,53.0,0,2,335.91,28,12.6286,117.8667,6.6717,0.0527,0.0,0.2344,Moderado
424.73,True,7,Departamento,1,6,119.0,5,5,452.9,31,13.701,70.7883,3.5692,-0.0622,0.7143,0.1657,Eficiente
903.56,True,18,Casa,11,2,188.0,8,10,748.41,30,30.1187,451.78,4.8062,0.2073,0.4444,0.402,Ineficiente
544.14,False,3,Casa,10,3,85.0,3,7,482.0,28,19.4336,181.38,6.4016,0.1289,1.0,0.2256,Eficiente
1554.75,True,37,Pequeno negocio,2,14,228.0,8,11,1619.15,28,55.5268,111.0536,6.8191,-0.0398,0.2162,0.4674,Ineficiente
433.6,True,18,Casa,0,2,292.0,0,5,435.52,31,13.9871,216.8,1.4849,-0.0044,0.0,0.1906,Eficiente
1162.73,False,37,Pequeno negocio,9,8,97.0,9,10,1115.47,30,38.7577,145.3412,11.9869,0.0424,0.2432,0.4026,Ineficiente
791.85,True,19,Casa,5,4,244.0,3,9,770.82,28,28.2804,197.9625,3.2453,0.0273,0.1579,0.2753,Moderado
345.0,True,8,Departamento,4,6,88.0,0,1,347.68,31,11.129,57.5,3.9205,-0.0077,0.0,0.1042,Eficiente
554.43,True,19,Casa,3,3,235.0,6,6,573.95,31,17.8848,184.81,2.3593,-0.034,0.3158,0.2756,Moderado
982.83,True,17,Casa,8,3,218.0,6,8,759.8,29,33.8907,327.61,4.5084,0.2935,0.3529,0.3372,Ineficiente
584.77,False,23,Pequeno negocio,3,2,124.0,1,4,517.65,29,20.1645,292.385,4.7159,0.1297,0.0435,0.1961,Eficiente
452.9,True,19,Departamento,1,1,104.0,3,10,432.91,28,16.175,452.9,4.3548,0.0462,0.1579,0.2424,Moderado
1068.34,True,32,Pequeno negocio,0,3,245.0,9,5,979.31,30,35.6113,356.1133,4.3606,0.0909,0.2812,0.2518,Moderado
716.28,True,11,Casa,3,7,211.0,1,9,802.8,28,25.5814,102.3257,3.3947,-0.1078,0.0909,0.1991,Eficiente
653.3,True,5,Pequeno negocio,9,7,131.0,0,9,675.09,30,21.7767,93.3286,4.987,-0.0323,0.0,0.218,Eficiente
1290.06,True,14,Pequeno negocio,7,1,161.0,8,2,1550.65,28,46.0736,1290.06,8.0128,-0.1681,0.5714,0.3859,Ineficiente
480.02,True,10,Departamento,11,5,36.0,6,0,482.7,30,16.0007,96.004,13.3339,-0.0056,0.6,0.3095,Ineficiente
578.57,True,13,Casa,8,1,105.0,4,11,682.19,29,19.9507,578.57,5.5102,-0.1519,0.3077,0.3168,Ineficiente
438.93,False,19,Departamento,4,1,127.0,3,10,461.18,31,14.159,438.93,3.4561,-0.0482,0.1579,0.201,Eficiente
712.82,True,22,Departamento,13,4,116.0,8,12,739.12,30,23.7607,178.205,6.145,-0.0356,0.3636,0.4151,Ineficiente
681.45,True,5,Pequeno negocio,8,1,222.0,5,0,750.04,30,22.715,681.45,3.0696,-0.0914,1.0,0.2367,Moderado
551.69,False,5,Casa,9,7,125.0,0,9,489.6,29,19.0238,78.8129,4.4135,0.1268,0.0,0.1925,Eficiente
649.92,True,7,Casa,7,2,177.0,7,1,481.73,28,23.2114,324.96,3.6719,0.3491,1.0,0.3343,Ineficiente
631.48,True,14,Casa,6,1,164.0,4,6,816.48,30,21.0493,631.48,3.8505,-0.2266,0.2857,0.2732,Moderado
711.24,False,12,Departamento,14,3,122.0,3,10,636.33,29,24.5255,237.08,5.8298,0.1177,0.25,0.3635,Ineficiente
837.89,True,17,Pequeno negocio,5,13,139.0,3,3,848.62,28,29.9246,64.4531,6.028,-0.0126,0.1765,0.2836,Moderado
560.65,False,7,Casa,12,2,119.0,4,4,677.01,28,20.0232,280.325,4.7113,-0.1719,0.5714,0.1843,Eficiente
485.19,False,15,Departamento,1,5,46.0,5,6,547.72,30,16.173,97.038,10.5476,-0.1142,0.3333,0.1638,Eficiente
1323.2,True,32,Pequeno negocio,14,7,191.0,9,5,1297.34,29,45.6276,189.0286,6.9277,0.0199,0.2812,0.4374,Ineficiente
869.06,True,12,Casa,11,4,168.0,0,0,861.24,28,31.0379,217.265,5.173,0.0091,0.0,0.2389,Moderado
1755.05,False,8,Casa,12,2,200.0,6,4,1669.35,29,60.519,877.525,8.7752,0.0513,0.75,0.358,Ineficiente
343.59,True,5,Departamento,4,1,92.0,0,10,391.96,31,11.0835,343.59,3.7347,-0.1234,0.0,0.1483,Eficiente
342.74,True,16,Departamento,9,1,80.0,0,1,471.22,30,11.4247,342.74,4.2842,-0.2727,0.0,0.1896,Eficiente
582.74,False,16,Casa,11,1,158.0,3,4,574.38,28,20.8121,582.74,3.6882,0.0146,0.1875,0.2355,Moderado
1018.69,True,34,Pequeno negocio,1,1,180.0,7,7,879.7,31,32.861,1018.69,5.6594,0.158,0.2059,0.3787,Ineficiente
474.26,False,21,Departamento,9,2,119.0,3,4,576.78,31,15.2987,237.13,3.9854,-0.1777,0.1429,0.2718,Moderado
1712.16,True,22,Pequeno negocio,12,2,50.0,3,8,1547.26,29,59.04,856.08,34.2432,0.1066,0.1364,0.4395,Ineficiente
1070.75,False,34,Pequeno negocio,12,4,141.0,9,3,1043.29,29,36.9224,267.6875,7.594,0.0263,0.2647,0.3365,Ineficiente
1074.83,True,17,Pequeno negocio,11,15,195.0,2,2,892.28,31,34.6719,71.6553,5.5119,0.2046,0.1176,0.3498,Ineficiente
676.27,False,10,Departamento,13,5,97.0,7,12,631.18,29,23.3197,135.254,6.9719,0.0714,0.7,0.3253,Ineficiente
1084.17,True,22,Casa,4,4,184.0,8,9,850.54,31,34.9732,271.0425,5.8922,0.2747,0.3636,0.4272,Ineficiente
557.46,True,5,Departamento,10,6,40.0,5,3,473.52,30,18.582,92.91,13.9365,0.1773,1.0,0.254,Moderado
510.87,False,17,Casa,4,1,105.0,9,1,704.34,30,17.029,510.87,4.8654,-0.2747,0.5294,0.2172,Eficiente
620.76,False,9,Departamento,12,1,125.0,9,5,678.4,31,20.0245,620.76,4.9661,-0.085,1.0,0.3018,Moderado
769.53,True,3,Casa,7,6,117.0,0,10,1038.55,30,25.651,128.255,6.5772,-0.259,0.0,0.2284,Moderado
413.93,True,16,Departamento,12,3,83.0,1,7,346.82,28,14.7832,137.9767,4.9871,0.1935,0.0625,0.3335,Ineficiente
2259.32,False,11,Casa,4,1,226.0,3,9,2340.89,31,72.8813,2259.32,9.997,-0.0348,0.2727,0.3522,Ineficiente
703.64,True,18,Casa,4,4,229.0,6,6,667.36,28,25.13,175.91,3.0727,0.0544,0.3333,0.2742,Moderado
1377.35,False,11,Casa,14,4,264.0,2,11,1868.76,29,47.4948,344.3375,5.2172,-0.263,0.1818,0.2442,Moderado
743.09,True,7,Departamento,13,7,63.0,6,1,991.82,28,26.5389,106.1557,11.7951,-0.2508,0.8571,0.2661,Moderado
1704.86,True,5,Departamento,2,7,114.0,5,10,1831.91,31,54.9955,243.5514,14.9549,-0.0694,1.0,0.4267,Ineficiente
614.31,True,6,Casa,5,4,197.0,0,12,626.52,30,20.477,153.5775,3.1183,-0.0195,0.0,0.1999,Eficiente
1250.5,True,35,Pequeno negocio,2,10,215.0,8,10,1434.52,29,43.1207,125.05,5.8163,-0.1283,0.2286,0.3504,Ineficiente
928.5,False,31,Pequeno negocio,9,9,125.0,4,3,955.51,31,29.9516,103.1667,7.428,-0.0283,0.129,0.3254,Ineficiente
502.88,True,5,Casa,0,2,249.0,5,12,492.66,28,17.96,251.44,2.0196,0.0207,1.0,0.2536,Moderado
584.05,False,9,Departamento,0,6,118.0,6,12,551.0,28,20.8589,97.3417,4.9496,0.06,0.6667,0.1745,Eficiente
716.14,True,21,Casa,8,5,255.0,0,10,751.34,30,23.8713,143.228,2.8084,-0.0468,0.0,0.2866,Moderado
924.36,False,21,Casa,13,3,135.0,9,4,821.59,31,29.8181,308.12,6.8471,0.1251,0.4286,0.4108,Ineficiente
593.2,False,10,Departamento,11,7,127.0,0,10,532.97,29,20.4552,84.7429,4.6709,0.113,0.0,0.2919,Moderado
834.73,True,14,Casa,10,4,212.0,2,11,677.8,30,27.8243,208.6825,3.9374,0.2315,0.1429,0.3561,Ineficiente
1232.09,False,22,Pequeno negocio,8,12,191.0,5,2,994.0,28,44.0032,102.6742,6.4507,0.2395,0.2273,0.2613,Moderado
1162.29,True,18,Pequeno negocio,2,11,236.0,9,3,1232.43,28,41.5104,105.6627,4.925,-0.0569,0.5,0.2961,Moderado
496.56,False,27,Pequeno negocio,3,1,172.0,1,9,606.06,28,17.7343,496.56,2.887,-0.1807,0.037,0.1945,Eficiente
297.89,True,3,Departamento,9,2,70.0,3,10,311.95,29,10.2721,148.945,4.2556,-0.0451,1.0,0.2967,Moderado
455.89,True,21,Departamento,13,2,99.0,1,8,427.59,29,15.7203,227.945,4.6049,0.0662,0.0476,0.2799,Moderado
539.07,True,8,Pequeno negocio,0,4,91.0,3,7,560.6,28,19.2525,134.7675,5.9238,-0.0384,0.375,0.1532,Eficiente
846.07,True,23,Casa,5,5,113.0,2,12,874.85,28,30.2168,169.214,7.4873,-0.0329,0.087,0.2582,Moderado
599.18,False,7,Casa,2,7,112.0,4,4,590.35,28,21.3993,85.5971,5.3498,0.015,0.5714,0.1027,Eficiente
509.55,False,22,Departamento,2,2,88.0,7,9,543.52,28,18.1982,254.775,5.7903,-0.0625,0.3182,0.2385,Moderado
643.55,False,5,Casa,5,2,90.0,5,12,719.04,30,21.4517,321.775,7.1506,-0.105,1.0,0.1941,Eficiente
542.64,False,22,Casa,2,5,169.0,6,3,637.6,28,19.38,108.528,3.2109,-0.1489,0.2727,0.1318,Eficiente
537.09,False,5,Casa,3,2,163.0,0,0,470.94,28,19.1818,268.545,3.295,0.1405,0.0,0.0863,Eficiente
436.07,False,10,Departamento,6,1,69.0,7,2,446.52,30,14.5357,436.07,6.3199,-0.0234,0.7,0.2198,Eficiente
1254.92,True,23,Casa,11,5,170.0,6,8,1161.51,30,41.8307,250.984,7.3819,0.0804,0.2609,0.411,Ineficiente
423.29,False,14,Casa,8,4,275.0,0,3,424.14,28,15.1175,105.8225,1.5392,-0.002,0.0,0.1283,Eficiente
604.54,True,7,Casa,8,1,125.0,7,9,675.46,29,20.8462,604.54,4.8363,-0.105,1.0,0.2599,Moderado
494.89,False,11,Casa,9,2,158.0,7,6,527.82,31,15.9642,247.445,3.1322,-0.0624,0.6364,0.283,Moderado
714.76,True,15,Pequeno negocio,3,1,231.0,6,11,931.15,28,25.5271,714.76,3.0942,-0.2324,0.4,0.2677,Moderado
1569.69,True,23,Casa,1,5,128.0,4,8,1509.61,31,50.6352,313.938,12.2632,0.0398,0.1739,0.3932,Ineficiente
572.41,True,12,Departamento,0,5,94.0,7,7,453.37,30,19.0803,114.482,6.0895,0.2626,0.5833,0.2691,Moderado
453.33,False,5,Departamento,13,6,63.0,3,2,437.71,30,15.111,75.555,7.1957,0.0357,0.6,0.1346,Eficiente
585.31,False,6,Casa,13,1,150.0,6,4,518.72,31,18.881,585.31,3.9021,0.1284,1.0,0.2481,Moderado
2610.38,True,18,Pequeno negocio,5,10,198.0,6,3,3193.6,28,93.2279,261.038,13.1837,-0.1826,0.3333,0.369,Ineficiente
320.17,False,3,Departamento,11,2,87.0,3,0,452.16,28,11.4346,160.085,3.6801,-0.2919,1.0,0.1647,Eficiente
654.36,False,8,Departamento,3,7,100.0,7,3,694.17,30,21.812,93.48,6.5436,-0.0573,0.875,0.1405,Eficiente
544.6,False,16,Casa,4,7,128.0,1,12,394.28,31,17.5677,77.8,4.2547,0.3813,0.0625,0.2182,Eficiente
2360.11,True,21,Casa,10,4,263.0,1,10,3196.16,28,84.2896,590.0275,8.9738,-0.2616,0.0476,0.3598,Ineficiente
1078.07,True,38,Pequeno negocio,13,5,165.0,5,3,923.9,30,35.9357,215.614,6.5338,0.1669,0.1316,0.44,Ineficiente
703.22,False,10,Departamento,9,5,126.0,8,4,673.56,31,22.6845,140.644,5.5811,0.044,0.8,0.2103,Eficiente
1168.28,True,39,Pequeno negocio,14,6,232.0,2,9,1078.29,30,38.9427,194.7133,5.0357,0.0835,0.0513,0.4189,Ineficiente
4378.71,True,27,Pequeno negocio,14,10,200.0,5,1,4246.68,28,156.3825,437.871,21.8936,0.0311,0.1852,0.5551,Ineficiente
701.22,True,20,Casa,0,1,295.0,9,9,767.71,28,25.0436,701.22,2.377,-0.0866,0.45,0.316,Ineficiente
706.45,False,23,Departamento,6,7,78.0,6,7,748.98,28,25.2304,100.9214,9.0571,-0.0568,0.2609,0.2469,Moderado
2094.51,True,16,Departamento,7,6,78.0,0,9,1881.62,29,72.2245,349.085,26.8527,0.1131,0.0,0.3291,Ineficiente
350.05,False,6,Departamento,2,5,73.0,6,0,309.09,28,12.5018,70.01,4.7952,0.1325,1.0,0.1344,Eficiente
710.43,False,23,Casa,3,3,79.0,9,12,921.41,31,22.9171,236.81,8.9928,-0.229,0.3913,0.2296,Moderado
966.38,False,19,Casa,14,3,259.0,7,8,956.73,31,31.1735,322.1267,3.7312,0.0101,0.3684,0.302,Moderado
514.59,True,17,Departamento,2,3,38.0,6,2,540.27,29,17.7445,171.53,13.5418,-0.0475,0.3529,0.2371,Moderado
821.85,True,10,Departamento,7,4,108.0,5,10,1014.24,28,29.3518,205.4625,7.6097,-0.1897,0.5,0.2143,Eficiente
847.37,False,20,Departamento,7,5,76.0,6,0,714.59,30,28.2457,169.474,11.1496,0.1858,0.3,0.2919,Moderado
595.12,False,11,Casa,9,6,84.0,3,2,629.77,28,21.2543,99.1867,7.0848,-0.055,0.2727,0.2001,Eficiente
573.96,True,10,Casa,8,3,200.0,6,10,562.87,29,19.7917,191.32,2.8698,0.0197,0.6,0.3622,Ineficiente
541.68,True,5,Pequeno negocio,0,2,84.0,5,10,458.88,28,19.3457,270.84,6.4486,0.1804,1.0,0.3085,Ineficiente
784.32,False,17,Casa,6,1,261.0,7,1,693.89,30,26.144,784.32,3.0051,0.1303,0.4118,0.2287,Moderado
921.92,False,16,Casa,5,6,208.0,8,8,769.87,31,29.7394,153.6533,4.4323,0.1975,0.5,0.3072,Ineficiente
550.78,True,7,Departamento,1,5,50.0,7,10,657.61,29,18.9924,110.156,11.0156,-0.1625,1.0,0.2412,Moderado
3283.4,True,10,Casa,14,4,67.0,9,1,2658.71,29,113.2207,820.85,49.006,0.235,0.9,0.606,Ineficiente
529.85,True,7,Departamento,8,3,88.0,4,0,579.78,30,17.6617,176.6167,6.021,-0.0861,0.5714,0.207,Eficiente
694.65,True,19,Casa,14,3,86.0,7,2,802.45,31,22.4081,231.55,8.0773,-0.1343,0.3684,0.3287,Ineficiente
962.28,True,26,Pequeno negocio,13,6,94.0,3,2,891.01,30,32.076,160.38,10.237,0.08,0.1154,0.3438,Ineficiente
1277.91,False,18,Pequeno negocio,14,10,193.0,7,2,1363.75,31,41.2229,127.791,6.6213,-0.0629,0.3889,0.3239,Ineficiente
652.68,True,11,Pequeno negocio,3,5,182.0,2,10,586.15,29,22.5062,130.536,3.5862,0.1135,0.1818,0.2331,Moderado
552.13,True,11,Departamento,12,5,86.0,6,2,623.88,30,18.4043,110.426,6.4201,-0.115,0.5455,0.3003,Moderado
400.36,True,3,Casa,0,7,86.0,0,6,393.58,31,12.9148,57.1943,4.6553,0.0172,0.0,0.1153,Eficiente
405.15,True,3,Departamento,7,4,52.0,3,4,324.39,28,14.4696,101.2875,7.7913,0.249,1.0,0.1753,Eficiente
932.3,False,12,Pequeno negocio,13,7,192.0,2,4,867.21,29,32.1483,133.1857,4.8557,0.0751,0.1667,0.2321,Moderado
393.92,False,4,Departamento,8,5,103.0,2,11,399.52,31,12.7071,78.784,3.8245,-0.014,0.5,0.163,Eficiente
766.25,False,23,Departamento,3,4,96.0,3,4,731.06,30,25.5417,191.5625,7.9818,0.0481,0.1304,0.2907,Moderado
382.3,True,9,Departamento,1,5,50.0,4,2,585.71,29,13.1828,76.46,7.646,-0.3473,0.4444,0.1504,Eficiente
422.53,True,14,Departamento,6,7,88.0,1,2,437.2,30,14.0843,60.3614,4.8015,-0.0336,0.0714,0.2266,Eficiente
717.05,False,23,Departamento,11,5,119.0,5,12,881.69,29,24.7259,143.41,6.0256,-0.1867,0.2174,0.2885,Moderado
692.94,True,13,Casa,13,6,66.0,1,10,725.04,29,23.8945,115.49,10.4991,-0.0443,0.0769,0.2608,Moderado
684.01,True,11,Departamento,11,4,78.0,5,7,827.04,30,22.8003,171.0025,8.7694,-0.1729,0.4545,0.2587,Moderado
658.5,False,19,Departamento,6,6,40.0,3,7,633.56,28,23.5179,109.75,16.4625,0.0394,0.1579,0.2475,Moderado
1054.18,True,19,Casa,10,7,281.0,5,6,1503.83,30,35.1393,150.5971,3.7515,-0.299,0.2632,0.3361,Ineficiente
740.86,True,11,Pequeno negocio,11,4,213.0,1,7,750.38,31,23.8987,185.215,3.4782,-0.0127,0.0909,0.2929,Moderado
852.93,True,23,Departamento,5,7,122.0,9,8,713.03,31,27.5139,121.8471,6.9912,0.1962,0.3913,0.3698,Ineficiente
418.06,True,5,Casa,3,5,299.0,0,0,365.9,31,13.4858,83.612,1.3982,0.1426,0.0,0.1677,Eficiente
1415.55,False,9,Pequeno negocio,3,14,233.0,8,10,1434.99,31,45.6629,101.1107,6.0753,-0.0135,0.8889,0.2825,Moderado
638.93,False,23,Departamento,11,6,85.0,3,9,555.94,30,21.2977,106.4883,7.5168,0.1493,0.1304,0.3022,Moderado
516.91,True,15,Departamento,12,2,86.0,8,12,524.9,29,17.8245,258.455,6.0106,-0.0152,0.5333,0.3844,Ineficiente
671.51,True,15,Casa,2,5,131.0,5,5,668.82,30,22.3837,134.302,5.126,0.004,0.3333,0.2516,Moderado
1031.5,True,38,Pequeno negocio,14,2,140.0,8,0,1197.76,28,36.8393,515.75,7.3679,-0.1388,0.2105,0.4061,Ineficiente
532.0,False,12,Casa,0,7,254.0,5,4,549.43,29,18.3448,76.0,2.0945,-0.0317,0.4167,0.1497,Eficiente
542.01,False,16,Departamento,6,5,78.0,7,5,469.38,31,17.4842,108.402,6.9488,0.1547,0.4375,0.3234,Ineficiente
810.88,True,15,Casa,7,4,288.0,6,7,738.49,28,28.96,202.72,2.8156,0.098,0.4,0.3263,Ineficiente
318.36,False,5,Departamento,0,4,67.0,5,2,251.9,28,11.37,79.59,4.7516,0.2638,1.0,0.1794,Eficiente
719.02,False,9,Departamento,10,4,79.0,5,1,636.21,30,23.9673,179.755,9.1015,0.1302,0.5556,0.2196,Eficiente
498.86,False,19,Departamento,13,7,124.0,2,1,587.41,30,16.6287,71.2657,4.0231,-0.1507,0.1053,0.2073,Eficiente
566.72,False,10,Departamento,3,6,49.0,8,8,815.2,31,18.2813,94.4533,11.5657,-0.3048,0.8,0.165,Eficiente
963.25,True,34,Pequeno negocio,10,1,122.0,8,1,891.71,28,34.4018,963.25,7.8955,0.0802,0.2353,0.4021,Ineficiente
574.09,True,24,Departamento,14,4,81.0,7,8,523.12,29,19.7962,143.5225,7.0875,0.0974,0.2917,0.4122,Ineficiente
606.89,True,19,Casa,10,3,217.0,2,9,603.97,29,20.9272,202.2967,2.7967,0.0048,0.1053,0.2582,Moderado
1163.55,True,37,Pequeno negocio,6,10,115.0,4,7,940.0,31,37.5339,116.355,10.1178,0.2378,0.1081,0.4451,Ineficiente
732.3,True,19,Departamento,14,7,108.0,7,0,709.7,30,24.41,104.6143,6.7806,0.0318,0.3684,0.3485,Ineficiente
1213.21,False,28,Pequeno negocio,6,15,166.0,1,1,1058.46,28,43.3289,80.8807,7.3085,0.1462,0.0357,0.3056,Ineficiente
890.35,False,13,Pequeno negocio,10,12,43.0,1,10,851.97,30,29.6783,74.1958,20.7058,0.045,0.0769,0.3039,Moderado
1072.4,True,31,Pequeno negocio,11,1,168.0,4,8,1040.18,30,35.7467,1072.4,6.3833,0.031,0.129,0.4289,Ineficiente
1382.82,False,16,Departamento,9,3,119.0,5,9,1173.65,31,44.6071,460.94,11.6203,0.1782,0.3125,0.3045,Moderado
677.53,True,13,Departamento,4,6,128.0,8,12,513.22,29,23.3631,112.9217,5.2932,0.3202,0.6154,0.3186,Ineficiente
459.27,True,8,Casa,10,2,173.0,3,5,463.15,31,14.8152,229.635,2.6547,-0.0084,0.375,0.2515,Moderado
1549.81,True,13,Departamento,4,1,38.0,2,11,1413.08,29,53.4417,1549.81,40.7845,0.0968,0.1538,0.4054,Ineficiente
547.33,False,23,Departamento,7,3,37.0,7,5,511.07,30,18.2443,182.4433,14.7927,0.0709,0.3043,0.2892,Moderado
485.27,False,4,Departamento,8,5,77.0,4,11,502.29,29,16.7334,97.054,6.3022,-0.0339,1.0,0.2757,Moderado
853.24,False,7,Pequeno negocio,4,14,170.0,7,8,964.92,29,29.4221,60.9457,5.0191,-0.1157,1.0,0.1931,Eficiente
621.54,False,22,Casa,11,2,88.0,6,2,533.61,30,20.718,310.77,7.063,0.1648,0.2727,0.26,Moderado
506.7,True,21,Casa,3,4,284.0,0,0,412.78,30,16.89,126.675,1.7842,0.2275,0.0,0.224,Eficiente
538.12,True,14,Departamento,2,7,72.0,6,11,533.3,31,17.3587,76.8743,7.4739,0.009,0.4286,0.2791,Moderado
368.67,True,10,Casa,10,2,120.0,1,5,391.86,29,12.7128,184.335,3.0722,-0.0592,0.1,0.1949,Eficiente
782.54,False,5,Casa,13,3,108.0,5,11,672.75,30,26.0847,260.8467,7.2457,0.1632,1.0,0.334,Ineficiente
746.34,True,17,Casa,3,3,77.0,9,2,859.4,29,25.7359,248.78,9.6927,-0.1316,0.5294,0.2206,Eficiente
1108.1,True,27,Pequeno negocio,7,15,141.0,6,5,1041.07,31,35.7452,73.8733,7.8589,0.0644,0.2222,0.3847,Ineficiente
511.18,False,20,Departamento,13,5,47.0,2,2,480.7,31,16.4897,102.236,10.8762,0.0634,0.1,0.2895,Moderado
432.11,True,10,Casa,5,3,137.0,2,1,424.04,29,14.9003,144.0367,3.1541,0.019,0.2,0.2667,Moderado
770.63,True,20,Casa,6,5,157.0,7,7,661.06,30,25.6877,154.126,4.9085,0.1657,0.35,0.3192,Ineficiente
656.51,True,24,Departamento,10,1,52.0,7,5,620.47,29,22.6383,656.51,12.6252,0.0581,0.2917,0.3831,Ineficiente
959.38,True,6,Casa,9,5,145.0,6,3,954.46,28,34.2636,191.876,6.6164,0.0052,1.0,0.2933,Moderado
258.29,False,19,Departamento,1,1,95.0,1,4,279.16,31,8.3319,258.29,2.7188,-0.0748,0.0526,0.111,Eficiente
436.6,False,16,Departamento,0,3,90.0,7,4,445.32,30,14.5533,145.5333,4.8511,-0.0196,0.4375,0.188,Eficiente
869.36,True,11,Casa,5,7,167.0,9,2,920.54,31,28.0439,124.1943,5.2057,-0.0556,0.8182,0.2944,Moderado
339.19,False,7,Departamento,6,3,61.0,0,9,350.66,29,11.6962,113.0633,5.5605,-0.0327,0.0,0.1636,Eficiente
998.21,True,6,Casa,9,5,260.0,4,3,898.24,29,34.421,199.642,3.8393,0.1113,0.6667,0.3087,Ineficiente
549.97,False,5,Casa,5,3,197.0,5,8,606.16,28,19.6418,183.3233,2.7917,-0.0927,1.0,0.2089,Eficiente
1015.61,True,11,Pequeno negocio,1,14,226.0,5,9,905.01,29,35.021,72.5436,4.4938,0.1222,0.4545,0.2628,Moderado
671.14,True,14,Departamento,11,7,121.0,9,4,586.18,31,21.6497,95.8771,5.5466,0.1449,0.6429,0.2933,Moderado
1111.83,True,37,Pequeno negocio,6,9,236.0,6,0,899.75,31,35.8655,123.5367,4.7111,0.2357,0.1622,0.4177,Ineficiente
326.03,False,24,Casa,0,3,142.0,3,0,297.5,28,11.6439,108.6767,2.296,0.0959,0.125,0.1097,Eficiente
875.27,True,19,Casa,8,3,203.0,6,7,828.42,28,31.2596,291.7567,4.3117,0.0566,0.3158,0.3467,Ineficiente
513.73,True,24,Departamento,6,5,96.0,7,0,456.49,30,17.1243,102.746,5.3514,0.1254,0.2917,0.2439,Moderado
678.75,True,19,Departamento,8,6,111.0,7,1,617.99,28,24.2411,113.125,6.1149,0.0983,0.3684,0.2897,Moderado
878.99,False,26,Pequeno negocio,12,9,46.0,2,6,777.7,31,28.3545,97.6656,19.1085,0.1302,0.0769,0.3144,Ineficiente
564.7,True,20,Casa,2,6,72.0,9,3,693.71,28,20.1679,94.1167,7.8431,-0.186,0.45,0.2733,Moderado
1205.8,False,13,Pequeno negocio,10,12,151.0,9,5,1400.35,29,41.5793,100.4833,7.9854,-0.1389,0.6923,0.2595,Moderado
792.92,True,7,Pequeno negocio,1,3,154.0,2,9,891.46,29,27.3421,264.3067,5.1488,-0.1105,0.2857,0.2612,Moderado
412.97,True,8,Departamento,11,3,60.0,2,10,336.23,29,14.2403,137.6567,6.8828,0.2282,0.25,0.2737,Moderado
503.58,True,18,Casa,5,2,253.0,3,5,752.37,31,16.2445,251.79,1.9904,-0.3307,0.1667,0.2584,Moderado
331.61,True,7,Departamento,11,4,90.0,3,1,282.24,30,11.0537,82.9025,3.6846,0.1749,0.4286,0.2283,Eficiente
405.77,True,9,Casa,0,5,193.0,1,2,410.41,29,13.9921,81.154,2.1024,-0.0113,0.1111,0.1322,Eficiente
556.77,True,18,Departamento,9,6,63.0,1,11,548.68,30,18.559,92.795,8.8376,0.0147,0.0556,0.3628,Ineficiente
426.41,True,14,Departamento,3,3,52.0,7,0,409.82,30,14.2137,142.1367,8.2002,0.0405,0.5,0.2443,Moderado
1100.35,True,20,Pequeno negocio,5,11,221.0,9,2,1575.38,31,35.4952,100.0318,4.979,-0.3015,0.45,0.2311,Moderado
470.24,False,18,Departamento,3,3,78.0,0,12,514.3,31,15.169,156.7467,6.0287,-0.0857,0.0,0.1808,Eficiente
522.14,True,19,Departamento,5,5,65.0,5,4,486.79,31,16.8432,104.428,8.0329,0.0726,0.2632,0.2693,Moderado
738.15,True,6,Departamento,11,2,82.0,2,0,654.43,28,26.3625,369.075,9.0018,0.1279,0.3333,0.2484,Moderado
292.09,False,5,Departamento,0,3,55.0,2,11,258.57,28,10.4318,97.3633,5.3107,0.1296,0.4,0.0951,Eficiente
1203.48,False,16,Pequeno negocio,9,12,120.0,5,9,1185.79,28,42.9814,100.29,10.029,0.0149,0.3125,0.2712,Moderado
588.08,False,10,Casa,2,7,166.0,1,10,487.63,30,19.6027,84.0114,3.5427,0.206,0.1,0.2325,Moderado
830.82,True,17,Pequeno negocio,5,6,193.0,0,8,837.39,31,26.8006,138.47,4.3048,-0.0078,0.0,0.2234,Eficiente
1143.85,False,35,Pequeno negocio,8,10,49.0,8,6,1085.23,28,40.8518,114.385,23.3439,0.054,0.2286,0.3814,Ineficiente
1240.95,True,30,Pequeno negocio,1,11,169.0,4,9,1136.38,31,40.0306,112.8136,7.3429,0.092,0.1333,0.3034,Moderado
468.67,True,20,Departamento,13,1,127.0,0,1,508.79,28,16.7382,468.67,3.6903,-0.0789,0.0,0.2288,Moderado
701.96,True,15,Pequeno negocio,10,2,35.0,8,1,656.43,30,23.3987,350.98,20.056,0.0694,0.5333,0.326,Ineficiente
816.27,False,9,Casa,9,6,252.0,6,7,842.17,29,28.1472,136.045,3.2392,-0.0308,0.6667,0.2744,Moderado
611.67,True,7,Departamento,13,4,101.0,7,6,629.44,31,19.7313,152.9175,6.0561,-0.0282,1.0,0.3547,Ineficiente
943.37,True,12,Casa,5,5,261.0,6,9,883.76,29,32.53,188.674,3.6144,0.0675,0.5,0.2862,Moderado
774.7,True,16,Casa,2,6,264.0,4,12,707.66,28,27.6679,129.1167,2.9345,0.0947,0.25,0.2602,Moderado
808.86,True,15,Casa,12,4,110.0,7,3,794.89,30,26.962,202.215,7.3533,0.0176,0.4667,0.4172,Ineficiente
755.57,True,21,Casa,9,5,216.0,3,4,757.27,28,26.9846,151.114,3.498,-0.0022,0.1429,0.3079,Ineficiente
433.96,True,3,Casa,6,2,169.0,3,2,404.63,30,14.4653,216.98,2.5678,0.0725,1.0,0.2391,Moderado
926.06,False,20,Pequeno negocio,1,6,200.0,8,10,897.47,28,33.0736,154.3433,4.6303,0.0319,0.4,0.2861,Moderado
573.73,True,10,Casa,3,2,259.0,8,6,649.78,29,19.7838,286.865,2.2152,-0.117,0.8,0.3083,Ineficiente
465.51,False,11,Departamento,8,3,53.0,5,4,404.53,30,15.517,155.17,8.7832,0.1507,0.4545,0.2262,Eficiente
551.17,True,19,Casa,1,5,286.0,0,9,613.65,31,17.7797,110.234,1.9272,-0.1018,0.0,0.2087,Eficiente
1480.67,True,5,Departamento,8,7,113.0,0,6,1272.49,30,49.3557,211.5243,13.1033,0.1636,0.0,0.2749,Moderado
535.38,True,9,Departamento,12,4,117.0,4,6,490.51,31,17.2703,133.845,4.5759,0.0915,0.4444,0.2506,Moderado
687.24,True,4,Casa,6,5,167.0,4,10,633.76,31,22.169,137.448,4.1152,0.0844,1.0,0.2457,Moderado
509.11,True,15,Departamento,9,7,39.0,0,3,431.73,30,16.9703,72.73,13.0541,0.1792,0.0,0.1813,Eficiente
693.12,True,35,Pequeno negocio,3,5,56.0,4,8,653.87,29,23.9007,138.624,12.3771,0.06,0.1143,0.2948,Moderado
912.72,True,22,Pequeno negocio,8,1,136.0,4,11,675.08,29,31.4731,912.72,6.7112,0.352,0.1818,0.415,Ineficiente
457.69,False,4,Casa,2,2,192.0,4,11,457.17,31,14.7642,228.845,2.3838,0.0011,1.0,0.2149,Eficiente
598.5,False,5,Departamento,10,5,48.0,5,11,842.9,28,21.375,119.7,12.4688,-0.29,1.0,0.1868,Eficiente
359.5,True,15,Departamento,7,3,111.0,2,2,376.79,31,11.5968,119.8333,3.2387,-0.0459,0.1333,0.2438,Moderado
629.95,True,8,Casa,9,2,162.0,5,8,513.71,28,22.4982,314.975,3.8886,0.2263,0.625,0.3007,Moderado
978.86,True,39,Pequeno negocio,4,4,161.0,4,7,732.18,31,31.5761,244.715,6.0799,0.3369,0.1026,0.3688,Ineficiente
1581.18,False,18,Casa,5,5,99.0,9,0,1190.09,29,54.5234,316.236,15.9715,0.3286,0.5,0.3681,Ineficiente
989.87,True,21,Pequeno negocio,9,13,140.0,3,6,802.82,30,32.9957,76.1438,7.0705,0.233,0.1429,0.3505,Ineficiente
816.49,True,16,Casa,9,1,260.0,9,3,801.24,31,26.3384,816.49,3.1403,0.019,0.5625,0.3157,Ineficiente
636.54,False,3,Casa,10,6,222.0,3,6,648.53,31,20.5335,106.09,2.8673,-0.0185,1.0,0.1875,Eficiente
3091.4,False,20,Pequeno negocio,2,5,246.0,3,8,2366.67,29,106.6,618.28,12.5667,0.3062,0.15,0.3683,Ineficiente
1093.73,True,20,Pequeno negocio,2,15,93.0,4,9,995.23,28,39.0618,72.9153,11.7605,0.099,0.2,0.328,Ineficiente
790.69,False,19,Pequeno negocio,4,1,98.0,6,10,818.67,29,27.2652,790.69,8.0683,-0.0342,0.3158,0.3201,Ineficiente
954.42,True,34,Pequeno negocio,5,3,216.0,4,7,828.45,30,31.814,318.14,4.4186,0.1521,0.1176,0.3738,Ineficiente
2128.82,True,22,Casa,8,5,137.0,7,6,2570.1,29,73.4076,425.764,15.5388,-0.1717,0.3182,0.4094,Ineficiente
591.74,False,17,Casa,7,1,62.0,2,12,671.53,31,19.0884,591.74,9.5442,-0.1188,0.1176,0.2153,Eficiente
756.12,False,13,Casa,1,3,192.0,9,3,939.7,30,25.204,252.04,3.9381,-0.1954,0.6923,0.1771,Eficiente
483.08,True,9,Departamento,0,6,90.0,6,3,467.48,28,17.2529,80.5133,5.3676,0.0334,0.6667,0.2027,Eficiente
581.11,True,7,Casa,12,6,235.0,0,11,507.79,31,18.7455,96.8517,2.4728,0.1444,0.0,0.2858,Moderado
598.75,True,13,Pequeno negocio,8,3,50.0,2,12,561.01,29,20.6466,199.5833,11.975,0.0673,0.1538,0.2866,Moderado
439.75,False,14,Casa,0,1,247.0,6,4,543.28,28,15.7054,439.75,1.7804,-0.1906,0.4286,0.2077,Eficiente
1033.1,True,16,Casa,12,1,151.0,2,11,983.3,28,36.8964,1033.1,6.8417,0.0506,0.125,0.4104,Ineficiente
1805.72,False,12,Casa,5,4,97.0,4,11,1963.73,31,58.249,451.43,18.6157,-0.0805,0.3333,0.3662,Ineficiente
832.95,False,9,Casa,9,5,173.0,6,11,992.49,31,26.8694,166.59,4.8147,-0.1607,0.6667,0.2149,Eficiente
683.07,True,6,Casa,6,5,112.0,3,6,817.09,29,23.5541,136.614,6.0988,-0.164,0.5,0.2501,Moderado
492.49,False,9,Departamento,2,3,81.0,9,9,421.93,30,16.4163,164.1633,6.0801,0.1672,1.0,0.2773,Moderado
743.15,True,7,Casa,10,1,238.0,6,7,704.06,29,25.6259,743.15,3.1225,0.0555,0.8571,0.2979,Moderado
322.5,True,13,Departamento,5,2,45.0,4,0,279.48,31,10.4032,161.25,7.1667,0.1539,0.3077,0.2393,Moderado
750.44,True,12,Pequeno negocio,2,11,216.0,2,1,565.57,30,25.0147,68.2218,3.4743,0.3269,0.1667,0.2194,Eficiente
555.83,False,20,Departamento,3,4,129.0,2,12,539.2,28,19.8511,138.9575,4.3088,0.0308,0.1,0.2071,Eficiente
400.48,False,15,Departamento,12,3,113.0,0,3,335.38,30,13.3493,133.4933,3.5441,0.1941,0.0,0.1758,Eficiente
1498.13,True,9,Casa,7,1,296.0,0,2,1567.88,28,53.5046,1498.13,5.0612,-0.0445,0.0,0.2922,Moderado
606.64,True,4,Casa,6,5,191.0,4,12,613.54,28,21.6657,121.328,3.1761,-0.0112,1.0,0.2307,Moderado
1724.03,True,5,Casa,11,3,216.0,5,4,1630.23,28,61.5725,574.6767,7.9816,0.0575,1.0,0.3901,Ineficiente
805.57,True,31,Pequeno negocio,3,12,149.0,0,9,787.37,28,28.7704,67.1308,5.4065,0.0231,0.0,0.3249,Ineficiente
417.21,False,10,Departamento,2,3,104.0,5,10,390.65,31,13.4584,139.07,4.0116,0.068,0.5,0.1594,Eficiente
365.57,False,10,Casa,1,1,251.0,3,6,450.62,30,12.1857,365.57,1.4565,-0.1887,0.3,0.1605,Eficiente
372.54,False,4,Departamento,1,5,83.0,4,8,319.15,30,12.418,74.508,4.4884,0.1673,1.0,0.1588,Eficiente
793.9,True,15,Pequeno negocio,13,6,40.0,5,6,863.28,30,26.4633,132.3167,19.8475,-0.0804,0.3333,0.3553,Ineficiente
536.91,True,14,Departamento,13,7,91.0,7,5,529.92,30,17.897,76.7014,5.9001,0.0132,0.5,0.3159,Ineficiente
1341.99,True,24,Departamento,6,5,80.0,6,1,1283.21,30,44.733,268.398,16.7749,0.0458,0.25,0.3217,Ineficiente
581.26,False,8,Pequeno negocio,7,10,98.0,1,1,480.17,30,19.3753,58.126,5.9312,0.2105,0.125,0.2194,Eficiente
384.97,False,3,Departamento,5,5,75.0,3,10,341.19,29,13.2748,76.994,5.1329,0.1283,1.0,0.1609,Eficiente
707.63,True,18,Departamento,8,6,92.0,8,11,743.53,28,25.2725,117.9383,7.6916,-0.0483,0.4444,0.3755,Ineficiente
857.14,True,24,Casa,2,4,181.0,9,0,1209.94,30,28.5713,214.285,4.7356,-0.2916,0.375,0.297,Moderado
754.17,True,20,Casa,9,6,202.0,7,4,680.08,31,24.3281,125.695,3.7335,0.1089,0.35,0.3271,Ineficiente
892.19,False,34,Pequeno negocio,7,3,71.0,4,5,738.2,31,28.7803,297.3967,12.5661,0.2086,0.1176,0.3397,Ineficiente
449.05,False,6,Departamento,13,6,35.0,5,0,510.77,28,16.0375,74.8417,12.83,-0.1208,0.8333,0.1973,Eficiente
539.9,False,22,Casa,4,4,108.0,1,5,501.31,31,17.4161,134.975,4.9991,0.077,0.0455,0.2069,Eficiente
650.79,True,21,Departamento,11,4,58.0,6,12,603.31,28,23.2425,162.6975,11.2205,0.0787,0.2857,0.316,Ineficiente
541.28,True,14,Casa,2,6,252.0,1,7,457.32,28,19.3314,90.2133,2.1479,0.1836,0.0714,0.1973,Eficiente
1097.52,True,38,Pequeno negocio,1,9,219.0,2,11,1180.06,31,35.4039,121.9467,5.0115,-0.0699,0.0526,0.3159,Ineficiente
626.15,True,13,Casa,11,2,105.0,5,5,550.68,28,22.3625,313.075,5.9633,0.137,0.3846,0.2662,Moderado
571.27,True,7,Pequeno negocio,13,2,63.0,4,9,593.23,29,19.699,285.635,9.0678,-0.037,0.5714,0.2707,Moderado
764.44,True,20,Departamento,13,6,70.0,3,12,884.56,30,25.4813,127.4067,10.9206,-0.1358,0.15,0.2928,Moderado
519.99,True,18,Casa,0,2,93.0,6,7,576.62,28,18.5711,259.995,5.5913,-0.0982,0.3333,0.2648,Moderado
930.56,True,15,Casa,5,7,67.0,9,10,924.21,28,33.2343,132.9371,13.889,0.0069,0.6,0.2999,Moderado
2207.61,True,38,Pequeno negocio,7,15,100.0,9,2,2022.26,29,76.1245,147.174,22.0761,0.0917,0.2368,0.4354,Ineficiente
3470.27,False,22,Casa,4,7,192.0,5,12,3332.87,31,111.9442,495.7529,18.0743,0.0412,0.2273,0.4169,Ineficiente
749.38,False,17,Casa,4,5,122.0,5,12,784.23,31,24.1735,149.876,6.1425,-0.0444,0.2941,0.2726,Moderado
647.44,True,22,Departamento,5,3,73.0,4,6,673.21,29,22.3255,215.8133,8.869,-0.0383,0.1818,0.1835,Eficiente
362.23,False,12,Casa,0,1,80.0,8,1,443.33,29,12.4907,362.23,4.5279,-0.1829,0.6667,0.1424,Eficiente
738.51,False,14,Casa,13,6,157.0,8,3,1010.54,28,26.3754,123.085,4.7039,-0.2692,0.5714,0.3046,Moderado
410.27,False,17,Casa,4,1,288.0,0,3,493.5,29,14.1472,410.27,1.4245,-0.1687,0.0,0.1089,Eficiente
1101.34,False,27,Pequeno negocio,8,6,76.0,7,12,1382.63,31,35.5271,183.5567,14.4913,-0.2034,0.2593,0.3449,Ineficiente
687.6,True,6,Casa,11,6,197.0,0,0,552.61,28,24.5571,114.6,3.4904,0.2443,0.0,0.2537,Moderado
484.94,True,13,Casa,2,5,106.0,7,1,453.8,28,17.3193,96.988,4.5749,0.0686,0.5385,0.1777,Eficiente
761.63,True,5,Casa,3,1,221.0,3,10,677.04,29,26.2631,761.63,3.4463,0.1249,0.6,0.2551,Moderado
864.38,True,18,Casa,9,3,74.0,5,12,822.32,28,30.8707,288.1267,11.6808,0.0511,0.2778,0.3371,Ineficiente
675.66,True,20,Casa,14,5,108.0,7,3,734.53,31,21.7955,135.132,6.2561,-0.0801,0.35,0.3524,Ineficiente
434.45,False,18,Casa,6,5,61.0,2,1,456.36,31,14.0145,86.89,7.1221,-0.048,0.1111,0.189,Eficiente
852.03,False,22,Casa,13,3,215.0,1,12,1178.61,29,29.3803,284.01,3.9629,-0.2771,0.0455,0.2859,Moderado
603.13,True,17,Casa,0,3,232.0,5,10,664.51,28,21.5404,201.0433,2.5997,-0.0924,0.2941,0.2641,Moderado
1445.54,False,31,Pequeno negocio,11,11,108.0,8,9,1627.52,30,48.1847,131.4127,13.3846,-0.1118,0.2581,0.355,Ineficiente
561.12,False,4,Casa,14,1,168.0,1,10,771.4,29,19.349,561.12,3.34,-0.2726,0.25,0.2115,Eficiente
1252.91,False,3,Casa,11,7,130.0,3,12,1147.16,28,44.7468,178.9871,9.6378,0.0922,1.0,0.3045,Moderado
1422.09,True,7,Pequeno negocio,1,12,244.0,5,8,1475.53,29,49.0376,118.5075,5.8282,-0.0362,0.7143,0.2783,Moderado
374.25,False,12,Pequeno negocio,0,3,165.0,2,1,317.82,31,12.0726,124.75,2.2682,0.1776,0.1667,0.064,Eficiente
461.91,False,10,Departamento,6,1,49.0,8,10,394.47,28,16.4968,461.91,9.4267,0.171,0.8,0.2883,Moderado
818.39,True,24,Casa,8,7,215.0,5,1,638.18,31,26.3997,116.9129,3.8065,0.2824,0.2083,0.2751,Moderado
653.45,True,8,Casa,9,3,219.0,5,1,557.02,28,23.3375,217.8167,2.9838,0.1731,0.625,0.2286,Moderado
675.13,False,19,Casa,13,6,130.0,1,6,644.24,29,23.2803,112.5217,5.1933,0.0479,0.0526,0.2903,Moderado
491.94,True,7,Casa,8,6,123.0,0,4,499.5,28,17.5693,81.99,3.9995,-0.0151,0.0,0.2282,Eficiente
500.53,False,18,Casa,4,3,250.0,1,7,543.64,30,16.6843,166.8433,2.0021,-0.0793,0.0556,0.1455,Eficiente
299.89,False,4,Departamento,0,6,94.0,0,4,253.23,29,10.341,49.9817,3.1903,0.1843,0.0,0.0934,Eficiente
858.89,True,18,Casa,13,3,84.0,5,10,1006.46,30,28.6297,286.2967,10.2249,-0.1466,0.2778,0.3765,Ineficiente
736.37,True,13,Departamento,9,6,113.0,8,12,739.58,31,23.7539,122.7283,6.5165,-0.0043,0.6154,0.3165,Ineficiente
1109.46,True,15,Casa,10,7,185.0,7,12,1093.7,31,35.789,158.4943,5.9971,0.0144,0.4667,0.2931,Moderado
478.01,True,3,Casa,10,6,196.0,2,6,476.02,30,15.9337,79.6683,2.4388,0.0042,0.6667,0.2386,Moderado
683.55,False,11,Departamento,12,6,89.0,1,6,910.4,29,23.5707,113.925,7.6803,-0.2492,0.0909,0.2549,Moderado
1015.3,False,24,Pequeno negocio,12,8,145.0,5,0,1019.32,30,33.8433,126.9125,7.0021,-0.0039,0.2083,0.2646,Moderado
896.24,False,16,Casa,13,1,118.0,7,11,929.63,30,29.8747,896.24,7.5953,-0.0359,0.4375,0.3606,Ineficiente
345.77,True,3,Departamento,2,4,81.0,3,3,294.85,30,11.5257,86.4425,4.2688,0.1727,1.0,0.2144,Eficiente
729.88,False,22,Casa,4,1,273.0,5,3,625.64,30,24.3293,729.88,2.6736,0.1666,0.2273,0.308,Ineficiente
552.7,False,6,Casa,0,4,294.0,2,10,631.08,31,17.829,138.175,1.8799,-0.1242,0.3333,0.1408,Eficiente
561.93,False,14,Departamento,1,7,53.0,4,12,484.5,30,18.731,80.2757,10.6025,0.1598,0.2857,0.1977,Eficiente
1320.9,True,24,Casa,14,1,234.0,7,11,1475.99,30,44.03,1320.9,5.6449,-0.1051,0.2917,0.4792,Ineficiente
1078.02,True,12,Casa,6,7,85.0,8,0,1165.48,28,38.5007,154.0029,12.6826,-0.075,0.6667,0.281,Moderado
423.06,False,14,Departamento,10,5,73.0,0,12,418.2,31,13.6471,84.612,5.7953,0.0116,0.0,0.2055,Eficiente
669.43,True,24,Casa,8,1,67.0,7,5,614.62,28,23.9082,669.43,9.9915,0.0892,0.2917,0.3859,Ineficiente
606.11,True,4,Casa,6,6,192.0,4,1,733.27,30,20.2037,101.0183,3.1568,-0.1734,1.0,0.2072,Eficiente
284.09,False,15,Casa,2,1,167.0,2,1,263.69,28,10.1461,284.09,1.7011,0.0774,0.1333,0.1533,Eficiente
968.82,False,37,Pequeno negocio,10,10,97.0,0,8,1009.69,30,32.294,96.882,9.9878,-0.0405,0.0,0.2852,Moderado
861.53,True,18,Departamento,11,4,127.0,3,10,948.55,29,29.7079,215.3825,6.7837,-0.0917,0.1667,0.3769,Ineficiente
880.9,False,16,Casa,2,6,237.0,2,5,1056.62,28,31.4607,146.8167,3.7169,-0.1663,0.125,0.1363,Eficiente
464.78,True,13,Casa,4,3,114.0,1,7,441.61,31,14.9929,154.9267,4.077,0.0525,0.0769,0.1558,Eficiente
476.26,False,15,Departamento,14,1,69.0,2,9,421.84,31,15.3632,476.26,6.9023,0.129,0.1333,0.2644,Moderado
709.92,True,9,Casa,12,3,241.0,1,5,908.38,29,24.48,236.64,2.9457,-0.2185,0.1111,0.2606,Moderado
2602.3,True,10,Departamento,9,6,122.0,8,10,3119.64,29,89.7345,433.7167,21.3303,-0.1658,0.8,0.4373,Ineficiente
540.83,False,23,Departamento,14,7,87.0,0,3,632.08,30,18.0277,77.2614,6.2164,-0.1444,0.0,0.1911,Eficiente
482.21,False,17,Casa,13,2,90.0,5,3,452.52,31,15.5552,241.105,5.3579,0.0656,0.2941,0.315,Ineficiente
504.62,False,18,Casa,9,3,194.0,3,6,470.82,31,16.2781,168.2067,2.6011,0.0718,0.1667,0.1634,Eficiente
566.9,True,6,Casa,8,7,114.0,6,6,555.04,31,18.2871,80.9857,4.9728,0.0214,1.0,0.2616,Moderado
865.64,True,11,Casa,9,3,146.0,4,4,1108.23,28,30.9157,288.5467,5.929,-0.2189,0.3636,0.265,Moderado
556.83,True,7,Casa,12,2,125.0,5,4,566.66,28,19.8868,278.415,4.4546,-0.0173,0.7143,0.3676,Ineficiente
961.04,False,20,Pequeno negocio,14,12,47.0,3,3,1308.51,28,34.3229,80.0867,20.4477,-0.2655,0.15,0.3068,Ineficiente
729.91,False,24,Casa,4,4,277.0,8,5,707.86,29,25.1693,182.4775,2.6351,0.0312,0.3333,0.2816,Moderado
569.99,True,10,Departamento,4,5,36.0,6,9,508.52,28,20.3568,113.998,15.8331,0.1209,0.6,0.363,Ineficiente
1027.71,True,12,Departamento,1,4,95.0,5,3,1534.32,31,33.1519,256.9275,10.818,-0.3302,0.4167,0.2461,Moderado
533.24,True,18,Casa,0,5,147.0,3,8,706.19,30,17.7747,106.648,3.6275,-0.2449,0.1667,0.2322,Moderado
494.14,True,6,Casa,5,2,94.0,4,4,557.72,28,17.6479,247.07,5.2568,-0.114,0.6667,0.1955,Eficiente
740.4,True,15,Casa,3,6,196.0,2,2,818.95,31,23.8839,123.4,3.7776,-0.0959,0.1333,0.2505,Moderado
476.07,False,7,Departamento,13,3,56.0,6,3,477.25,30,15.869,158.69,8.5012,-0.0025,0.8571,0.2105,Eficiente
602.31,True,14,Casa,7,4,127.0,2,10,486.02,29,20.7693,150.5775,4.7426,0.2393,0.1429,0.2651,Moderado
370.71,True,18,Departamento,10,2,106.0,2,3,365.64,29,12.7831,185.355,3.4973,0.0139,0.1111,0.3167,Ineficiente
762.42,False,27,Pequeno negocio,3,8,42.0,4,8,906.47,30,25.414,95.3025,18.1529,-0.1589,0.1481,0.2408,Moderado
649.9,False,5,Departamento,6,4,62.0,5,7,1224.45,30,21.6633,162.475,10.4823,-0.4692,1.0,0.1755,Eficiente
1433.61,False,27,Pequeno negocio,12,15,244.0,4,8,1222.12,31,46.2455,95.574,5.8755,0.1731,0.1481,0.4181,Ineficiente
608.97,True,10,Departamento,3,7,104.0,9,7,645.35,31,19.6442,86.9957,5.8555,-0.0564,0.9,0.2475,Moderado
830.8,True,12,Pequeno negocio,5,4,239.0,5,12,729.72,31,26.8,207.7,3.4762,0.1385,0.4167,0.3083,Ineficiente
781.8,True,21,Pequeno negocio,8,10,36.0,0,11,767.38,30,26.06,78.18,21.7167,0.0188,0.0,0.2574,Moderado
926.52,True,13,Departamento,3,3,74.0,5,4,964.01,31,29.8877,308.84,12.5205,-0.0389,0.3846,0.2953,Moderado
1020.91,False,30,Pequeno negocio,8,8,91.0,9,5,1124.54,29,35.2038,127.6138,11.2188,-0.0922,0.3,0.3588,Ineficiente
910.19,False,9,Pequeno negocio,9,3,110.0,8,4,854.24,31,29.361,303.3967,8.2745,0.0655,0.8889,0.2901,Moderado
508.07,True,13,Departamento,7,7,102.0,1,8,447.52,30,16.9357,72.5814,4.9811,0.1353,0.0769,0.2229,Eficiente
574.47,False,7,Departamento,2,1,59.0,2,6,501.85,30,19.149,574.47,9.7368,0.1447,0.2857,0.1972,Eficiente
640.14,False,5,Departamento,11,4,118.0,5,12,600.12,28,22.8621,160.035,5.4249,0.0667,1.0,0.2381,Moderado
999.93,True,13,Pequeno negocio,12,9,249.0,4,9,1009.49,31,32.2558,111.1033,4.0158,-0.0095,0.3077,0.2814,Moderado
3953.7,True,13,Casa,3,6,268.0,8,6,3537.13,28,141.2036,658.95,14.7526,0.1178,0.6154,0.5234,Ineficiente
575.02,False,13,Pequeno negocio,1,5,109.0,5,4,648.57,28,20.5364,115.004,5.2754,-0.1134,0.3846,0.1668,Eficiente
661.77,True,3,Departamento,7,4,35.0,2,10,580.41,30,22.059,165.4425,18.9077,0.1402,0.6667,0.2558,Moderado
1731.25,True,19,Pequeno negocio,2,7,63.0,3,10,2063.37,29,59.6983,247.3214,27.4802,-0.161,0.1579,0.3515,Ineficiente
598.26,True,24,Casa,4,4,110.0,1,12,538.61,31,19.2987,149.565,5.4387,0.1107,0.0417,0.2386,Moderado
744.89,False,14,Departamento,9,2,109.0,2,7,655.63,28,26.6032,372.445,6.8339,0.1361,0.1429,0.2828,Moderado
515.75,False,16,Departamento,3,2,121.0,7,10,502.65,30,17.1917,257.875,4.2624,0.0261,0.4375,0.2617,Moderado
1202.65,True,30,Pequeno negocio,5,15,136.0,2,11,1161.41,28,42.9518,80.1767,8.843,0.0355,0.0667,0.284,Moderado
912.01,True,30,Pequeno negocio,4,7,231.0,4,1,882.3,30,30.4003,130.2871,3.9481,0.0337,0.1333,0.3295,Ineficiente
334.86,False,4,Departamento,10,3,94.0,1,1,351.92,29,11.5469,111.62,3.5623,-0.0485,0.25,0.2265,Eficiente
468.88,False,7,Departamento,12,5,62.0,4,2,519.16,28,16.7457,93.776,7.5626,-0.0968,0.5714,0.2537,Moderado
575.73,False,5,Casa,13,3,179.0,5,2,545.76,29,19.8528,191.91,3.2164,0.0549,1.0,0.2769,Moderado
892.12,False,6,Pequeno negocio,1,12,225.0,6,3,894.56,28,31.8614,74.3433,3.965,-0.0027,1.0,0.1651,Eficiente
1243.12,False,19,Casa,11,5,245.0,7,0,1200.4,31,40.1006,248.624,5.074,0.0356,0.3684,0.2372,Moderado
391.18,True,19,Departamento,4,1,100.0,2,8,359.66,29,13.489,391.18,3.9118,0.0876,0.1053,0.2532,Moderado
498.63,True,9,Departamento,13,6,82.0,3,7,436.62,28,17.8082,83.105,6.0809,0.142,0.3333,0.2918,Moderado
601.07,False,11,Casa,7,7,179.0,0,8,632.1,31,19.3894,85.8671,3.3579,-0.0491,0.0,0.1657,Eficiente
579.98,True,10,Casa,13,2,66.0,9,10,650.26,30,19.3327,289.99,8.7876,-0.1081,0.9,0.3449,Ineficiente
1022.23,True,6,Casa,6,3,251.0,6,1,1029.82,29,35.2493,340.7433,4.0726,-0.0074,1.0,0.2755,Moderado
1341.28,True,7,Pequeno negocio,4,14,86.0,3,4,1381.04,29,46.251,95.8057,15.5963,-0.0288,0.4286,0.2341,Moderado
417.74,True,14,Departamento,12,3,121.0,6,5,540.61,31,13.4755,139.2467,3.4524,-0.2273,0.4286,0.2577,Moderado
465.3,False,7,Casa,5,4,246.0,2,3,490.85,29,16.0448,116.325,1.8915,-0.0521,0.2857,0.1299,Eficiente
607.03,True,9,Departamento,11,7,67.0,6,5,681.27,28,21.6796,86.7186,9.0601,-0.109,0.6667,0.2858,Moderado
277.15,False,13,Casa,0,5,77.0,0,6,291.45,30,9.2383,55.43,3.5994,-0.0491,0.0,0.0851,Eficiente
1556.81,True,13,Pequeno negocio,10,4,231.0,3,8,1493.23,29,53.6831,389.2025,6.7394,0.0426,0.2308,0.3983,Ineficiente
487.27,False,15,Casa,13,3,167.0,3,2,725.74,28,17.4025,162.4233,2.9178,-0.3286,0.2,0.2193,Eficiente
662.37,True,10,Casa,4,4,106.0,9,3,644.98,28,23.6561,165.5925,6.2488,0.027,0.9,0.3007,Moderado
578.19,True,18,Casa,14,1,163.0,4,3,517.79,29,19.9376,578.19,3.5472,0.1166,0.2222,0.376,Ineficiente
281.1,True,19,Departamento,0,2,43.0,2,3,264.56,31,9.0677,140.55,6.5372,0.0625,0.1053,0.1769,Eficiente
452.27,True,11,Departamento,1,5,44.0,0,10,512.73,31,14.5894,90.454,10.2789,-0.1179,0.0,0.2457,Moderado
260.7,False,10,Departamento,4,2,41.0,1,7,204.66,28,9.3107,130.35,6.3585,0.2738,0.1,0.1958,Eficiente
476.69,True,14,Departamento,4,7,94.0,2,10,567.31,28,17.0246,68.0986,5.0712,-0.1597,0.1429,0.2404,Moderado
873.68,False,3,Casa,9,2,96.0,3,1,849.78,28,31.2029,436.84,9.1008,0.0281,1.0,0.165,Eficiente
753.15,True,7,Casa,13,2,287.0,1,9,595.11,28,26.8982,376.575,2.6242,0.2656,0.1429,0.2824,Moderado
639.94,True,5,Casa,1,6,237.0,5,8,688.44,28,22.855,106.6567,2.7002,-0.0704,1.0,0.2274,Eficiente
2508.64,False,37,Pequeno negocio,11,5,109.0,3,10,2598.36,30,83.6213,501.728,23.015,-0.0345,0.0811,0.4142,Ineficiente
727.59,True,16,Casa,12,3,233.0,2,5,714.15,28,25.9854,242.53,3.1227,0.0188,0.125,0.2805,Moderado
3355.36,True,20,Pequeno negocio,8,15,206.0,5,9,3090.1,30,111.8453,223.6907,16.2882,0.0858,0.25,0.4842,Ineficiente
786.26,True,14,Casa,14,5,238.0,3,6,567.85,29,27.1124,157.252,3.3036,0.3846,0.2143,0.3373,Ineficiente
940.76,True,18,Casa,1,6,292.0,6,10,900.88,30,31.3587,156.7933,3.2218,0.0443,0.3333,0.3169,Ineficiente
766.96,True,17,Casa,11,2,142.0,5,10,766.09,31,24.7406,383.48,5.4011,0.0011,0.2941,0.3836,Ineficiente
655.2,False,14,Casa,6,3,62.0,9,10,615.0,31,21.1355,218.4,10.5677,0.0654,0.6429,0.2536,Moderado
597.69,True,15,Departamento,6,4,86.0,6,2,824.96,31,19.2803,149.4225,6.9499,-0.2755,0.4,0.2291,Moderado
443.02,False,12,Departamento,9,5,64.0,3,9,376.0,30,14.7673,88.604,6.9222,0.1782,0.25,0.2267,Eficiente
507.84,False,13,Casa,11,3,258.0,1,2,379.9,30,16.928,169.28,1.9684,0.3368,0.0769,0.2134,Eficiente
487.0,True,20,Departamento,7,4,99.0,1,6,360.54,30,16.2333,121.75,4.9192,0.3508,0.05,0.2924,Moderado
494.78,False,13,Departamento,4,4,71.0,6,11,468.16,31,15.9606,123.695,6.9687,0.0569,0.4615,0.144,Eficiente
506.66,False,23,Pequeno negocio,3,9,40.0,0,1,584.71,29,17.471,56.2956,12.6665,-0.1335,0.0,0.1459,Eficiente
1267.14,True,36,Pequeno negocio,14,13,82.0,3,9,1377.97,29,43.6945,97.4723,15.4529,-0.0804,0.0833,0.3347,Ineficiente
679.64,True,23,Departamento,6,4,81.0,0,3,685.4,29,23.4359,169.91,8.3906,-0.0084,0.0,0.2649,Moderado
1027.93,False,7,Pequeno negocio,5,12,104.0,3,3,1076.74,31,33.159,85.6608,9.8839,-0.0453,0.4286,0.1675,Eficiente
1432.27,False,21,Departamento,8,4,86.0,8,0,1560.57,28,51.1525,358.0675,16.6543,-0.0822,0.381,0.3198,Ineficiente
420.78,False,11,Departamento,10,7,101.0,0,9,467.6,28,15.0279,60.1114,4.1661,-0.1001,0.0,0.1762,Eficiente
889.56,True,24,Departamento,0,3,96.0,9,10,1007.1,29,30.6745,296.52,9.2662,-0.1167,0.375,0.3561,Ineficiente
595.59,True,17,Casa,0,5,170.0,9,5,745.25,29,20.5376,119.118,3.5035,-0.2008,0.5294,0.2209,Eficiente
583.02,False,22,Departamento,8,7,35.0,8,2,551.72,30,19.434,83.2886,16.6577,0.0567,0.3636,0.2716,Moderado
1403.19,True,35,Pequeno negocio,9,14,210.0,6,8,1184.79,28,50.1139,100.2279,6.6819,0.1843,0.1714,0.4438,Ineficiente
443.91,False,5,Casa,7,4,117.0,1,12,414.47,28,15.8539,110.9775,3.7941,0.071,0.2,0.2589,Moderado
878.17,True,30,Pequeno negocio,4,9,232.0,0,10,704.28,31,28.3281,97.5744,3.7852,0.2469,0.0,0.277,Moderado
3799.23,True,38,Pequeno negocio,11,12,58.0,9,9,3288.93,30,126.641,316.6025,65.504,0.1552,0.2368,0.7168,Ineficiente
564.38,False,10,Casa,1,7,254.0,3,0,497.19,29,19.4614,80.6257,2.222,0.1351,0.3,0.09,Eficiente
474.67,False,3,Departamento,9,3,111.0,3,11,580.25,31,15.3119,158.2233,4.2763,-0.182,1.0,0.1646,Eficiente
689.56,False,29,Pequeno negocio,6,1,233.0,0,7,797.32,28,24.6271,689.56,2.9595,-0.1352,0.0,0.293,Moderado
621.63,False,12,Pequeno negocio,5,11,64.0,0,8,666.09,30,20.721,56.5118,9.713,-0.0667,0.0,0.1744,Eficiente
422.23,True,23,Casa,1,4,70.0,5,4,440.13,28,15.0796,105.5575,6.0319,-0.0407,0.2174,0.2382,Moderado
579.76,False,15,Casa,10,2,219.0,4,11,696.92,30,19.3253,289.88,2.6473,-0.1681,0.2667,0.2377,Moderado
524.38,True,18,Departamento,2,2,51.0,7,6,431.81,29,18.0821,262.19,10.282,0.2144,0.3889,0.2759,Moderado
505.38,False,16,Casa,8,3,110.0,8,3,414.71,28,18.0493,168.46,4.5944,0.2186,0.5,0.2502,Moderado
551.08,False,18,Casa,13,6,246.0,0,4,631.0,30,18.3693,91.8467,2.2402,-0.1267,0.0,0.2505,Moderado
787.03,False,14,Casa,11,4,79.0,9,2,820.73,29,27.139,196.7575,9.9624,-0.0411,0.6429,0.2535,Moderado
444.31,True,3,Casa,0,3,111.0,3,12,514.23,30,14.8103,148.1033,4.0028,-0.136,1.0,0.1424,Eficiente
567.69,False,6,Departamento,14,4,47.0,5,10,646.26,31,18.3126,141.9225,12.0785,-0.1216,0.8333,0.2371,Moderado
521.78,True,23,Departamento,9,3,49.0,3,7,446.66,31,16.8316,173.9267,10.6486,0.1682,0.1304,0.3083,Ineficiente
686.71,False,4,Departamento,12,6,51.0,1,10,796.02,29,23.6797,114.4517,13.4649,-0.1373,0.25,0.1477,Eficiente
263.11,False,4,Departamento,0,3,108.0,2,11,254.93,30,8.7703,87.7033,2.4362,0.0321,0.5,0.0854,Eficiente
2479.34,False,20,Casa,13,4,297.0,7,4,4355.87,30,82.6447,619.835,8.3479,-0.4308,0.35,0.3918,Ineficiente
443.03,False,23,Casa,10,4,252.0,1,3,351.61,29,15.2769,110.7575,1.7581,0.26,0.0435,0.2457,Moderado
1446.05,False,12,Casa,13,5,147.0,9,11,1428.48,28,51.6446,289.21,9.8371,0.0123,0.75,0.4218,Ineficiente
1401.72,True,6,Casa,14,3,90.0,1,4,1240.16,30,46.724,467.24,15.5747,0.1303,0.1667,0.3486,Ineficiente
623.15,False,15,Casa,12,1,257.0,7,0,596.43,29,21.4879,623.15,2.4247,0.0448,0.4667,0.3031,Moderado
559.18,False,3,Casa,6,5,104.0,3,10,533.52,31,18.0381,111.836,5.3767,0.0481,1.0,0.2325,Moderado
564.82,True,10,Casa,12,4,184.0,2,2,641.48,29,19.4766,141.205,3.0697,-0.1195,0.2,0.2301,Moderado
742.35,False,15,Casa,14,5,240.0,4,3,886.25,29,25.5983,148.47,3.0931,-0.1624,0.2667,0.2858,Moderado
726.6,True,22,Departamento,13,4,86.0,5,9,1040.4,28,25.95,181.65,8.4488,-0.3016,0.2273,0.36,Ineficiente
391.86,True,5,Departamento,9,4,52.0,5,12,307.5,29,13.5124,97.965,7.5358,0.2743,1.0,0.2973,Moderado
725.95,False,11,Pequeno negocio,14,10,182.0,0,1,604.16,31,23.4177,72.595,3.9887,0.2016,0.0,0.2501,Moderado
513.58,True,3,Departamento,8,1,108.0,2,8,431.26,30,17.1193,513.58,4.7554,0.1909,0.6667,0.2123,Eficiente
1130.41,False,13,Departamento,6,1,114.0,1,4,1189.35,30,37.6803,1130.41,9.9159,-0.0496,0.0769,0.2428,Moderado
661.04,False,17,Casa,2,7,170.0,3,11,595.71,30,22.0347,94.4343,3.8885,0.1097,0.1765,0.2068,Eficiente
391.93,False,3,Departamento,6,7,45.0,3,11,436.14,29,13.5148,55.99,8.7096,-0.1014,1.0,0.206,Eficiente
671.16,False,19,Casa,14,3,97.0,4,1,568.27,31,21.6503,223.72,6.9192,0.1811,0.2105,0.2873,Moderado
661.17,False,24,Casa,1,4,105.0,4,0,672.9,29,22.799,165.2925,6.2969,-0.0174,0.1667,0.1966,Eficiente
3258.72,True,9,Casa,12,4,174.0,4,5,3477.65,29,112.3697,814.68,18.7283,-0.063,0.4444,0.4956,Ineficiente
458.3,True,19,Casa,9,7,114.0,0,0,529.99,30,15.2767,65.4714,4.0202,-0.1353,0.0,0.2106,Eficiente
608.24,False,14,Casa,1,4,214.0,0,4,624.06,30,20.2747,152.06,2.8422,-0.0254,0.0,0.0672,Eficiente
360.83,False,23,Departamento,3,6,90.0,2,2,429.39,29,12.4424,60.1383,4.0092,-0.1597,0.087,0.1524,Eficiente
1163.97,False,28,Pequeno negocio,0,13,239.0,0,12,1515.19,30,38.799,89.5362,4.8702,-0.2318,0.0,0.164,Eficiente
669.28,True,20,Departamento,11,3,69.0,8,9,718.23,31,21.5897,223.0933,9.6997,-0.0682,0.4,0.3727,Ineficiente
524.12,True,6,Departamento,5,5,106.0,6,1,497.97,30,17.4707,104.824,4.9445,0.0525,1.0,0.2329,Moderado
336.85,True,8,Departamento,2,3,48.0,4,8,355.01,29,11.6155,112.2833,7.0177,-0.0512,0.5,0.2521,Moderado
680.91,True,12,Casa,2,1,213.0,6,9,785.21,28,24.3182,680.91,3.1968,-0.1328,0.5,0.2726,Moderado
357.91,False,22,Departamento,7,2,104.0,0,10,244.03,31,11.5455,178.955,3.4414,0.4667,0.0,0.2403,Moderado
614.13,True,17,Departamento,5,7,59.0,0,8,656.53,31,19.8106,87.7329,10.409,-0.0646,0.0,0.2123,Eficiente
649.76,True,7,Casa,13,3,205.0,6,7,545.15,30,21.6587,216.5867,3.1696,0.1919,0.8571,0.3395,Ineficiente
871.74,True,22,Casa,14,1,274.0,7,11,1246.33,28,31.1336,871.74,3.1815,-0.3006,0.3182,0.4463,Ineficiente
1381.26,True,11,Pequeno negocio,3,15,184.0,9,3,2372.44,31,44.5568,92.084,7.5068,-0.4178,0.8182,0.2295,Moderado
608.11,True,12,Departamento,12,7,79.0,3,12,498.52,28,21.7182,86.8729,7.6976,0.2198,0.25,0.3525,Ineficiente
220.51,False,11,Departamento,0,4,35.0,4,2,211.79,31,7.1132,55.1275,6.3003,0.0412,0.3636,0.1095,Eficiente
568.73,False,18,Departamento,6,5,74.0,7,10,500.7,30,18.9577,113.746,7.6855,0.1359,0.3889,0.2692,Moderado
657.59,False,22,Casa,8,6,162.0,1,12,604.51,30,21.9197,109.5983,4.0592,0.0878,0.0455,0.2256,Eficiente
1318.18,True,14,Departamento,4,1,82.0,9,3,1726.2,28,47.0779,1318.18,16.0754,-0.2364,0.6429,0.3253,Ineficiente
653.87,True,21,Casa,9,3,154.0,2,8,629.23,29,22.5472,217.9567,4.2459,0.0392,0.0952,0.3075,Ineficiente
818.71,True,18,Casa,8,4,187.0,0,10,703.34,28,29.2396,204.6775,4.3781,0.164,0.0,0.299,Moderado
379.99,False,4,Departamento,14,4,43.0,4,3,515.33,30,12.6663,94.9975,8.837,-0.2626,1.0,0.1908,Eficiente
2208.71,True,20,Casa,14,3,124.0,9,6,2357.38,31,71.2487,736.2367,17.8122,-0.0631,0.45,0.5123,Ineficiente
648.96,True,15,Departamento,12,1,35.0,4,10,594.93,31,20.9342,648.96,18.5417,0.0908,0.2667,0.3258,Ineficiente
1266.96,False,14,Casa,11,7,290.0,1,8,1510.89,30,42.232,180.9943,4.3688,-0.1614,0.0714,0.2574,Moderado
384.37,False,16,Departamento,5,5,40.0,1,10,333.66,31,12.399,76.874,9.6092,0.152,0.0625,0.2222,Eficiente
588.93,True,4,Departamento,13,6,57.0,2,3,674.72,31,18.9977,98.155,10.3321,-0.1271,0.5,0.2202,Eficiente
1815.67,False,22,Departamento,5,4,41.0,5,6,2676.35,31,58.57,453.9175,44.2846,-0.3216,0.2273,0.3361,Ineficiente
910.58,True,22,Departamento,11,4,123.0,6,10,861.45,28,32.5207,227.645,7.4031,0.057,0.2727,0.4087,Ineficiente
2472.33,True,15,Pequeno negocio,7,9,228.0,6,2,2133.08,31,79.7526,274.7033,10.8436,0.159,0.4,0.3656,Ineficiente
2107.58,False,16,Departamento,7,4,123.0,7,5,1738.87,28,75.2707,526.895,17.1348,0.212,0.4375,0.3935,Ineficiente
488.71,True,8,Departamento,12,5,99.0,2,6,386.0,29,16.8521,97.742,4.9365,0.2661,0.25,0.279,Moderado
573.93,True,16,Departamento,2,7,82.0,1,10,750.52,29,19.7907,81.99,6.9991,-0.2353,0.0625,0.2244,Eficiente
1037.5,False,9,Casa,12,6,102.0,9,9,1039.38,31,33.4677,172.9167,10.1716,-0.0018,1.0,0.3266,Ineficiente
485.67,True,14,Casa,12,5,188.0,1,5,413.24,28,17.3454,97.134,2.5834,0.1753,0.0714,0.2355,Moderado
652.79,False,20,Casa,7,1,250.0,5,12,593.5,31,21.0577,652.79,2.6112,0.0999,0.25,0.2854,Moderado
536.73,False,6,Casa,9,4,64.0,2,8,564.43,29,18.5079,134.1825,8.3864,-0.0491,0.3333,0.1943,Eficiente
756.35,True,13,Casa,3,7,164.0,7,8,607.31,28,27.0125,108.05,4.6119,0.2454,0.5385,0.2442,Moderado
695.8,True,13,Casa,11,3,145.0,3,1,632.5,31,22.4452,231.9333,4.7986,0.1001,0.2308,0.358,Ineficiente
331.15,True,23,Departamento,1,4,72.0,1,2,279.54,28,11.8268,82.7875,4.5993,0.1846,0.0435,0.1948,Eficiente
602.37,True,14,Casa,11,3,113.0,3,1,746.56,29,20.7714,200.79,5.3307,-0.1931,0.2143,0.2541,Moderado
1275.47,False,9,Pequeno negocio,10,4,37.0,1,0,1353.37,29,43.9817,318.8675,34.4722,-0.0576,0.1111,0.236,Moderado
893.43,True,11,Casa,3,5,182.0,1,12,998.72,30,29.781,178.686,4.909,-0.1054,0.0909,0.2053,Eficiente
467.3,True,9,Departamento,12,3,108.0,4,3,471.43,28,16.6893,155.7667,4.3269,-0.0088,0.4444,0.278,Moderado
755.71,False,6,Casa,4,5,223.0,6,9,796.81,30,25.1903,151.142,3.3888,-0.0516,1.0,0.2111,Eficiente
603.22,False,18,Departamento,8,5,53.0,2,6,503.64,28,21.5436,120.644,11.3815,0.1977,0.1111,0.1603,Eficiente
775.7,False,19,Casa,12,6,154.0,7,2,866.09,28,27.7036,129.2833,5.037,-0.1044,0.3684,0.2679,Moderado
605.19,True,7,Departamento,0,7,67.0,5,10,627.63,28,21.6139,86.4557,9.0327,-0.0358,0.7143,0.2307,Moderado
668.2,False,13,Casa,6,4,188.0,9,7,597.6,28,23.8643,167.05,3.5543,0.1181,0.6923,0.2393,Moderado
1019.89,True,16,Pequeno negocio,9,7,36.0,5,9,1259.68,29,35.1686,145.6986,28.3303,-0.1904,0.3125,0.2903,Moderado
555.38,False,18,Casa,2,5,242.0,1,10,568.06,30,18.5127,111.076,2.295,-0.0223,0.0556,0.2097,Eficiente
631.37,False,4,Departamento,7,7,37.0,4,10,613.93,30,21.0457,90.1957,17.0641,0.0284,1.0,0.2167,Eficiente
736.74,False,4,Casa,9,4,119.0,0,7,787.84,28,26.3121,184.185,6.1911,-0.0649,0.0,0.1147,Eficiente
872.01,False,4,Departamento,13,4,74.0,2,2,940.89,29,30.0693,218.0025,11.7839,-0.0732,0.5,0.2321,Moderado
512.48,False,14,Departamento,4,6,56.0,5,5,490.61,29,17.6717,85.4133,9.1514,0.0446,0.3571,0.1624,Eficiente
1134.1,False,23,Casa,12,4,92.0,9,9,1305.33,29,39.1069,283.525,12.3272,-0.1312,0.3913,0.4215,Ineficiente
678.65,True,4,Casa,9,3,253.0,4,10,654.25,30,22.6217,226.2167,2.6824,0.0373,1.0,0.2613,Moderado
697.84,False,18,Casa,7,4,198.0,3,6,750.97,29,24.0634,174.46,3.5244,-0.0707,0.1667,0.1486,Eficiente
602.66,False,19,Casa,8,6,68.0,6,0,581.15,29,20.7814,100.4433,8.8626,0.037,0.3158,0.2812,Moderado
797.31,False,37,Pequeno negocio,14,1,125.0,2,12,721.65,28,28.4754,797.31,6.3785,0.1048,0.0541,0.3881,Ineficiente
435.62,True,15,Casa,9,3,96.0,0,8,408.19,29,15.0214,145.2067,4.5377,0.0672,0.0,0.2315,Moderado
826.66,True,24,Casa,6,5,214.0,7,7,862.0,31,26.6665,165.332,3.8629,-0.041,0.2917,0.3316,Ineficiente
5000.0,False,36,Pequeno negocio,14,12,211.0,8,6,3681.43,30,166.6667,416.6667,23.6967,0.3582,0.2222,0.6722,Ineficiente
780.41,True,8,Casa,10,7,201.0,6,5,720.38,29,26.9107,111.4871,3.8826,0.0833,0.75,0.3659,Ineficiente
741.27,True,24,Casa,4,7,193.0,4,8,862.76,29,25.561,105.8957,3.8408,-0.1408,0.1667,0.2534,Moderado
675.96,True,14,Departamento,9,6,123.0,4,8,607.04,29,23.309,112.66,5.4956,0.1135,0.2857,0.2716,Moderado
1135.43,True,5,Pequeno negocio,14,14,168.0,3,3,1199.36,30,37.8477,81.1021,6.7585,-0.0533,0.6,0.3914,Ineficiente
700.3,True,17,Departamento,10,4,56.0,9,5,642.93,31,22.5903,175.075,12.5054,0.0892,0.5294,0.3176,Ineficiente
446.01,True,12,Departamento,11,3,47.0,5,2,423.2,28,15.9289,148.67,9.4896,0.0539,0.4167,0.2795,Moderado
985.01,False,7,Pequeno negocio,9,9,138.0,7,4,955.89,30,32.8337,109.4456,7.1378,0.0305,1.0,0.2321,Moderado
997.73,True,19,Casa,12,5,159.0,0,12,932.87,31,32.1848,199.546,6.275,0.0695,0.0,0.3048,Moderado
872.44,True,38,Pequeno negocio,1,5,181.0,3,3,1069.72,28,31.1586,174.488,4.8201,-0.1844,0.0789,0.2539,Moderado
987.71,True,12,Pequeno negocio,12,9,56.0,2,11,1106.87,30,32.9237,109.7456,17.6377,-0.1077,0.1667,0.2946,Moderado
1765.76,False,19,Pequeno negocio,13,7,98.0,1,5,1945.98,30,58.8587,252.2514,18.018,-0.0926,0.0526,0.3292,Ineficiente
755.56,False,17,Casa,0,1,106.0,9,11,812.67,31,24.3729,755.56,7.1279,-0.0703,0.5294,0.2725,Moderado
1824.81,False,18,Casa,11,3,235.0,0,7,1490.35,29,62.9245,608.27,7.7651,0.2244,0.0,0.3198,Ineficiente
552.21,False,24,Departamento,7,6,113.0,5,9,513.33,31,17.8132,92.035,4.8868,0.0757,0.2083,0.2828,Moderado
479.55,True,10,Departamento,5,6,48.0,2,5,457.7,28,17.1268,79.925,9.9906,0.0477,0.2,0.155,Eficiente
350.38,True,18,Departamento,1,6,67.0,0,0,353.33,30,11.6793,58.3967,5.2296,-0.0083,0.0,0.1575,Eficiente
1155.93,False,24,Pequeno negocio,4,10,225.0,9,4,858.51,29,39.8597,115.593,5.1375,0.3464,0.375,0.3037,Moderado
410.8,True,6,Departamento,10,1,85.0,2,8,454.33,30,13.6933,410.8,4.8329,-0.0958,0.3333,0.2479,Moderado
1475.05,True,18,Casa,7,7,96.0,3,3,1306.45,30,49.1683,210.7214,15.3651,0.1291,0.1667,0.3448,Ineficiente
471.61,True,7,Casa,0,7,149.0,1,4,415.92,29,16.2624,67.3729,3.1652,0.1339,0.1429,0.1699,Eficiente
556.17,False,20,Casa,4,6,98.0,6,0,495.97,31,17.941,92.695,5.6752,0.1214,0.3,0.2511,Moderado
786.17,True,22,Casa,0,4,250.0,9,4,832.13,29,27.1093,196.5425,3.1447,-0.0552,0.4091,0.2712,Moderado
530.5,False,22,Casa,5,2,247.0,3,1,627.24,29,18.2931,265.25,2.1478,-0.1542,0.1364,0.1786,Eficiente
862.86,False,23,Pequeno negocio,13,1,128.0,8,3,810.25,30,28.762,862.86,6.7411,0.0649,0.3478,0.3729,Ineficiente
490.07,True,10,Departamento,11,2,106.0,4,4,482.85,30,16.3357,245.035,4.6233,0.015,0.4,0.2196,Eficiente
507.92,True,14,Departamento,13,6,106.0,5,2,525.38,30,16.9307,84.6533,4.7917,-0.0332,0.3571,0.3393,Ineficiente
659.35,True,3,Casa,2,7,235.0,3,1,702.1,28,23.5482,94.1929,2.8057,-0.0609,1.0,0.183,Eficiente
704.33,True,22,Departamento,9,7,43.0,9,1,625.25,31,22.7203,100.6186,16.3798,0.1265,0.4091,0.3369,Ineficiente
1105.2,True,5,Pequeno negocio,4,13,174.0,5,8,1133.42,29,38.1103,85.0154,6.3517,-0.0249,1.0,0.2506,Moderado
907.44,True,33,Pequeno negocio,6,8,99.0,3,1,1051.0,30,30.248,113.43,9.1661,-0.1366,0.0909,0.3238,Ineficiente
418.54,False,9,Departamento,14,6,93.0,4,0,302.36,28,14.9479,69.7567,4.5004,0.3842,0.4444,0.2248,Eficiente
1534.31,True,36,Pequeno negocio,12,11,96.0,8,9,1261.62,28,54.7968,139.4827,15.9824,0.2161,0.2222,0.5254,Ineficiente
457.21,False,21,Departamento,10,3,44.0,3,6,486.6,30,15.2403,152.4033,10.3911,-0.0604,0.1429,0.2828,Moderado
593.86,True,19,Departamento,14,5,56.0,4,12,467.45,28,21.2093,118.772,10.6046,0.2704,0.2105,0.3664,Ineficiente
914.63,False,19,Pequeno negocio,7,3,230.0,7,4,1154.98,30,30.4877,304.8767,3.9767,-0.2081,0.3684,0.2226,Eficiente
498.77,False,11,Casa,0,2,200.0,8,4,607.66,28,17.8132,249.385,2.4938,-0.1792,0.7273,0.2051,Eficiente
559.86,False,6,Casa,13,2,187.0,4,0,603.78,29,19.3055,279.93,2.9939,-0.0727,0.6667,0.2318,Moderado
668.52,False,22,Casa,1,3,203.0,9,1,554.26,31,21.5652,222.84,3.2932,0.2061,0.4091,0.2447,Moderado
391.35,True,5,Departamento,3,3,106.0,5,10,433.79,30,13.045,130.45,3.692,-0.0978,1.0,0.2257,Eficiente
617.08,False,15,Departamento,13,6,108.0,4,2,545.08,29,21.2786,102.8467,5.7137,0.1321,0.2667,0.2466,Moderado
569.3,False,13,Departamento,13,7,74.0,2,0,661.24,28,20.3321,81.3286,7.6932,-0.139,0.1538,0.2067,Eficiente
490.44,False,15,Casa,1,2,233.0,1,9,476.55,31,15.8206,245.22,2.1049,0.0291,0.0667,0.1943,Eficiente
705.93,False,11,Casa,12,3,278.0,1,12,683.61,30,23.531,235.31,2.5393,0.0327,0.0909,0.2888,Moderado
563.87,True,13,Pequeno negocio,10,7,94.0,1,4,624.1,29,19.4438,80.5529,5.9986,-0.0965,0.0769,0.2721,Moderado
764.53,False,16,Casa,1,5,197.0,0,5,710.23,31,24.6623,152.906,3.8809,0.0765,0.0,0.1485,Eficiente
932.73,False,11,Pequeno negocio,8,7,215.0,2,8,1076.71,31,30.0881,133.2471,4.3383,-0.1337,0.1818,0.1709,Eficiente
670.05,False,5,Casa,3,5,204.0,5,1,815.85,30,22.335,134.01,3.2846,-0.1787,1.0,0.2169,Eficiente
466.76,False,12,Departamento,7,7,72.0,2,2,507.44,29,16.0952,66.68,6.4828,-0.0802,0.1667,0.122,Eficiente
404.03,False,9,Departamento,2,3,73.0,3,11,488.02,30,13.4677,134.6767,5.5347,-0.1721,0.3333,0.1643,Eficiente
685.54,False,7,Pequeno negocio,1,15,72.0,3,9,843.21,31,22.1142,45.7027,9.5214,-0.187,0.4286,0.1494,Eficiente
1027.17,True,10,Casa,9,5,177.0,5,1,818.32,29,35.4197,205.434,5.8032,0.2552,0.5,0.3703,Ineficiente
1031.11,False,18,Pequeno negocio,10,1,187.0,5,8,1063.12,30,34.3703,1031.11,5.514,-0.0301,0.2778,0.3761,Ineficiente
553.38,True,13,Departamento,2,4,129.0,5,12,566.7,30,18.446,138.345,4.2898,-0.0235,0.3846,0.1801,Eficiente
438.97,False,21,Departamento,9,7,106.0,0,2,457.33,29,15.1369,62.71,4.1412,-0.0401,0.0,0.1222,Eficiente
443.74,True,5,Departamento,7,6,115.0,3,2,479.03,28,15.8479,73.9567,3.8586,-0.0737,0.6,0.2464,Moderado
757.99,True,3,Casa,13,3,210.0,3,12,1219.32,30,25.2663,252.6633,3.6095,-0.3784,1.0,0.3042,Moderado
672.16,True,22,Departamento,8,4,66.0,9,12,586.69,28,24.0057,168.04,10.1842,0.1457,0.4091,0.3642,Ineficiente
1972.77,False,10,Casa,7,5,115.0,0,6,1502.26,29,68.0266,394.554,17.1545,0.3132,0.0,0.3039,Moderado
508.11,True,18,Casa,0,1,89.0,6,6,548.61,29,17.521,508.11,5.7091,-0.0738,0.3333,0.2429,Moderado
481.43,False,16,Departamento,13,2,64.0,1,2,472.33,28,17.1939,240.715,7.5223,0.0193,0.0625,0.2165,Eficiente
435.98,True,19,Departamento,9,2,79.0,5,0,417.81,29,15.0338,217.99,5.5187,0.0435,0.2632,0.2961,Moderado
462.67,False,17,Casa,2,6,103.0,0,7,495.29,29,15.9541,77.1117,4.4919,-0.0659,0.0,0.1605,Eficiente
1014.18,True,8,Casa,0,6,252.0,7,1,1109.51,28,36.2207,169.03,4.0245,-0.0859,0.875,0.2112,Eficiente
820.96,True,14,Casa,3,6,162.0,9,5,777.13,29,28.309,136.8267,5.0677,0.0564,0.6429,0.2799,Moderado
1848.53,True,9,Casa,7,1,73.0,1,12,2309.91,30,61.6177,1848.53,25.3223,-0.1997,0.1111,0.3832,Ineficiente
500.66,True,11,Departamento,14,3,94.0,4,11,442.46,29,17.2641,166.8867,5.3262,0.1315,0.3636,0.3186,Ineficiente
601.37,False,14,Casa,9,3,266.0,1,6,647.71,29,20.7369,200.4567,2.2608,-0.0715,0.0714,0.1576,Eficiente
1004.98,True,11,Pequeno negocio,1,15,75.0,1,4,1504.94,30,33.4993,66.9987,13.3997,-0.3322,0.0909,0.2163,Eficiente
532.84,False,3,Casa,2,2,149.0,3,12,636.25,28,19.03,266.42,3.5761,-0.1625,1.0,0.2497,Moderado
530.63,False,18,Casa,3,4,107.0,1,11,558.31,31,17.1171,132.6575,4.9592,-0.0496,0.0556,0.1822,Eficiente
717.38,True,16,Pequeno negocio,1,10,196.0,1,7,634.35,28,25.6207,71.738,3.6601,0.1309,0.0625,0.2169,Eficiente
474.46,False,22,Casa,2,2,255.0,3,9,394.11,29,16.3607,237.23,1.8606,0.2039,0.1364,0.3211,Ineficiente
535.72,False,17,Casa,1,7,118.0,3,5,477.72,31,17.2813,76.5314,4.54,0.1214,0.1765,0.1189,Eficiente
950.81,True,8,Pequeno negocio,10,2,155.0,8,8,893.13,31,30.6713,475.405,6.1343,0.0646,1.0,0.3336,Ineficiente
964.01,False,7,Pequeno negocio,10,8,231.0,3,7,859.17,29,33.2417,120.5012,4.1732,0.122,0.4286,0.254,Moderado
538.11,True,18,Departamento,11,2,92.0,5,2,594.22,29,18.5555,269.055,5.849,-0.0944,0.2778,0.2891,Moderado
480.05,True,7,Casa,2,4,251.0,1,0,441.7,31,15.4855,120.0125,1.9125,0.0868,0.1429,0.133,Eficiente
1074.66,True,16,Departamento,13,7,127.0,3,1,917.39,29,37.0572,153.5229,8.4619,0.1714,0.1875,0.4015,Ineficiente
564.06,True,13,Pequeno negocio,5,1,51.0,2,10,645.39,28,20.145,564.06,11.06,-0.126,0.1538,0.2967,Moderado
643.23,True,7,Pequeno negocio,2,2,242.0,3,11,726.62,29,22.1803,321.615,2.658,-0.1148,0.4286,0.2386,Moderado
573.21,True,11,Casa,2,3,137.0,3,6,617.12,28,20.4718,191.07,4.184,-0.0712,0.2727,0.2437,Moderado
550.6,True,20,Casa,4,7,114.0,1,7,708.01,31,17.7613,78.6571,4.8298,-0.2223,0.05,0.2281,Eficiente
1125.07,False,22,Casa,1,7,116.0,5,11,947.02,28,40.1811,160.7243,9.6989,0.188,0.2273,0.3066,Ineficiente
725.43,True,3,Casa,4,5,175.0,3,12,786.45,28,25.9082,145.086,4.1453,-0.0776,1.0,0.2585,Moderado
481.94,True,4,Departamento,9,2,78.0,4,9,638.37,30,16.0647,240.97,6.1787,-0.245,1.0,0.1807,Eficiente
944.03,True,10,Casa,14,2,155.0,4,6,1457.32,29,32.5528,472.015,6.0905,-0.3522,0.4,0.31,Ineficiente
415.16,True,15,Casa,0,1,183.0,5,5,337.05,30,13.8387,415.16,2.2686,0.2317,0.3333,0.2435,Moderado
812.0,False,22,Casa,8,6,293.0,7,7,702.18,30,27.0667,135.3333,2.7713,0.1564,0.3182,0.2648,Moderado
378.33,False,12,Departamento,3,3,73.0,2,9,431.04,30,12.611,126.11,5.1826,-0.1223,0.1667,0.1339,Eficiente
729.4,True,21,Casa,5,5,250.0,1,12,661.43,29,25.1517,145.88,2.9176,0.1028,0.0476,0.2758,Moderado
656.85,False,19,Casa,9,2,152.0,6,8,795.4,29,22.65,328.425,4.3214,-0.1742,0.3158,0.2641,Moderado
531.48,True,18,Casa,4,7,78.0,1,9,536.94,28,18.9814,75.9257,6.8138,-0.0102,0.0556,0.2936,Moderado
1001.32,True,38,Pequeno negocio,6,12,118.0,3,0,1129.15,31,32.3006,83.4433,8.4858,-0.1132,0.0789,0.3397,Ineficiente
497.46,False,9,Casa,4,3,98.0,5,4,602.43,28,17.7664,165.82,5.0761,-0.1742,0.5556,0.1548,Eficiente
481.05,False,17,Departamento,5,4,63.0,5,3,423.79,29,16.5879,120.2625,7.6357,0.1351,0.2941,0.256,Moderado
654.25,False,20,Casa,10,1,66.0,7,10,619.41,28,23.3661,654.25,9.9129,0.0562,0.35,0.3245,Ineficiente
584.38,False,24,Casa,4,1,257.0,4,3,616.57,30,19.4793,584.38,2.2739,-0.0522,0.1667,0.1485,Eficiente
550.81,True,8,Casa,8,7,93.0,4,3,497.7,29,18.9934,78.6871,5.9227,0.1067,0.5,0.2423,Moderado
862.97,False,20,Casa,11,6,96.0,0,8,846.1,30,28.7657,143.8283,8.9893,0.0199,0.0,0.2975,Moderado
839.6,False,7,Casa,9,6,187.0,7,6,949.55,29,28.9517,139.9333,4.4898,-0.1158,1.0,0.3042,Moderado
682.77,True,24,Departamento,11,5,101.0,2,5,795.8,31,22.0248,136.554,6.7601,-0.142,0.0833,0.3018,Moderado
518.47,False,14,Departamento,7,2,116.0,8,3,462.35,31,16.7248,259.235,4.4696,0.1214,0.5714,0.2445,Moderado
815.61,True,22,Casa,6,1,246.0,6,11,801.33,30,27.187,815.61,3.3155,0.0178,0.2727,0.3604,Ineficiente
2723.8,False,15,Casa,0,6,74.0,9,12,2835.49,31,87.8645,453.9667,36.8081,-0.0394,0.6,0.381,Ineficiente
423.39,False,4,Departamento,10,3,114.0,4,0,438.71,29,14.5997,141.13,3.7139,-0.0349,1.0,0.1676,Eficiente
666.14,True,10,Casa,10,1,88.0,3,12,570.25,28,23.7907,666.14,7.5698,0.1682,0.3,0.3043,Moderado
558.15,True,16,Casa,7,1,80.0,3,10,504.15,29,19.2466,558.15,6.9769,0.1071,0.1875,0.265,Moderado
1088.61,False,16,Casa,10,4,220.0,9,11,1098.93,28,38.8789,272.1525,4.9482,-0.0094,0.5625,0.3326,Ineficiente
887.56,True,15,Casa,9,6,154.0,8,5,660.05,28,31.6986,147.9267,5.7634,0.3447,0.5333,0.3527,Ineficiente
476.82,False,18,Departamento,2,3,61.0,7,5,477.94,31,15.3813,158.94,7.8167,-0.0023,0.3889,0.172,Eficiente
1585.62,True,23,Pequeno negocio,3,6,217.0,9,7,1468.39,29,54.6766,264.27,7.307,0.0798,0.3913,0.3802,Ineficiente
1271.36,True,38,Pequeno negocio,9,6,143.0,6,9,1141.8,30,42.3787,211.8933,8.8906,0.1135,0.1579,0.4397,Ineficiente
732.22,True,6,Pequeno negocio,1,15,32.0,0,12,985.99,29,25.249,48.8147,22.8819,-0.2574,0.0,0.2183,Eficiente
1017.42,False,9,Casa,13,2,151.0,5,3,1055.86,30,33.914,508.71,6.7379,-0.0364,0.5556,0.1967,Eficiente
738.48,False,6,Casa,5,5,262.0,3,12,751.16,29,25.4648,147.696,2.8186,-0.0169,0.5,0.2114,Eficiente
941.97,False,18,Casa,9,2,140.0,0,5,1481.99,30,31.399,470.985,6.7284,-0.3644,0.0,0.2409,Moderado
732.81,False,24,Casa,7,6,207.0,5,8,699.45,30,24.427,122.135,3.5401,0.0477,0.2083,0.2926,Moderado
1000.63,False,23,Casa,10,4,173.0,5,10,1373.56,28,35.7368,250.1575,5.784,-0.2715,0.2174,0.3118,Ineficiente
708.34,True,15,Casa,5,1,234.0,7,8,501.34,30,23.6113,708.34,3.0271,0.4129,0.4667,0.3472,Ineficiente
768.28,True,22,Departamento,10,2,116.0,7,0,685.41,29,26.4924,384.14,6.6231,0.1209,0.3182,0.3195,Ineficiente
609.98,True,17,Casa,2,3,175.0,3,11,703.12,30,20.3327,203.3267,3.4856,-0.1325,0.1765,0.245,Moderado
364.78,False,5,Casa,4,4,160.0,5,0,271.23,29,12.5786,91.195,2.2799,0.3449,1.0,0.1841,Eficiente
479.43,True,15,Departamento,0,2,83.0,4,6,408.28,29,16.5321,239.715,5.7763,0.1743,0.2667,0.2526,Moderado
538.55,False,15,Casa,2,5,176.0,4,8,490.9,29,18.5707,107.71,3.0599,0.0971,0.2667,0.245,Moderado
931.86,True,30,Pequeno negocio,0,4,171.0,1,3,874.82,28,33.2807,232.965,5.4495,0.0652,0.0333,0.2299,Moderado
712.26,True,20,Casa,7,5,141.0,9,10,744.29,31,22.9761,142.452,5.0515,-0.043,0.45,0.3468,Ineficiente
354.21,False,24,Departamento,1,3,92.0,3,7,365.98,30,11.807,118.07,3.8501,-0.0322,0.125,0.1817,Eficiente
419.07,False,8,Casa,3,5,137.0,1,4,384.27,28,14.9668,83.814,3.0589,0.0906,0.125,0.0925,Eficiente
476.35,True,3,Departamento,7,7,108.0,3,2,361.13,28,17.0125,68.05,4.4106,0.3191,1.0,0.2068,Eficiente
613.61,False,17,Casa,10,2,66.0,9,8,546.28,28,21.9146,306.805,9.2971,0.1233,0.5294,0.3144,Ineficiente
293.35,False,5,Casa,0,2,131.0,2,1,232.51,29,10.1155,146.675,2.2393,0.2617,0.4,0.1003,Eficiente
507.59,True,12,Departamento,10,1,117.0,5,11,491.97,31,16.3739,507.59,4.3384,0.0317,0.4167,0.3054,Ineficiente
1300.5,False,23,Casa,7,6,292.0,9,1,1405.33,30,43.35,216.75,4.4538,-0.0746,0.3913,0.3377,Ineficiente
801.54,True,17,Casa,0,6,208.0,6,1,630.19,31,25.8561,133.59,3.8536,0.2719,0.3529,0.2626,Moderado
878.31,True,37,Pequeno negocio,1,6,203.0,4,2,674.79,29,30.2866,146.385,4.3267,0.3016,0.1081,0.3342,Ineficiente
1284.87,False,3,Casa,14,7,220.0,3,10,1528.57,29,44.3059,183.5529,5.8403,-0.1594,1.0,0.2552,Moderado
463.1,False,18,Departamento,6,5,57.0,1,10,465.79,29,15.969,92.62,8.1246,-0.0058,0.0556,0.1688,Eficiente
623.67,False,9,Departamento,13,7,75.0,9,7,529.41,29,21.5059,89.0957,8.3156,0.178,1.0,0.3307,Ineficiente
725.8,True,4,Casa,7,7,87.0,4,10,786.73,31,23.4129,103.6857,8.3425,-0.0774,1.0,0.1535,Eficiente
315.24,True,9,Departamento,1,7,44.0,0,5,321.98,30,10.508,45.0343,7.1645,-0.0209,0.0,0.1624,Eficiente
823.18,True,23,Casa,10,3,277.0,3,12,682.23,31,26.5542,274.3933,2.9718,0.2066,0.1304,0.2814,Moderado
437.0,False,12,Departamento,7,5,46.0,4,0,426.66,28,15.6071,87.4,9.5,0.0242,0.3333,0.2142,Eficiente
741.49,False,23,Casa,5,2,188.0,9,7,764.36,31,23.919,370.745,3.9441,-0.0299,0.3913,0.2244,Eficiente
605.98,False,5,Casa,3,7,166.0,5,4,563.9,31,19.5477,86.5686,3.6505,0.0746,1.0,0.1343,Eficiente
514.31,True,17,Casa,6,3,73.0,3,4,460.1,30,17.1437,171.4367,7.0453,0.1178,0.1765,0.2872,Moderado
953.39,False,21,Pequeno negocio,14,8,100.0,1,10,1599.7,29,32.8755,119.1738,9.5339,-0.404,0.0476,0.2182,Eficiente
575.1,False,9,Departamento,3,5,39.0,0,9,431.8,30,19.17,115.02,14.7462,0.3319,0.0,0.1896,Eficiente
768.19,False,34,Pequeno negocio,8,1,214.0,5,7,736.65,28,27.4354,768.19,3.5897,0.0428,0.1471,0.3847,Ineficiente
537.06,False,16,Departamento,0,6,41.0,4,11,464.94,28,19.1807,89.51,13.099,0.1551,0.25,0.2576,Moderado
543.96,False,3,Departamento,10,7,40.0,3,2,461.81,30,18.132,77.7086,13.599,0.1779,1.0,0.215,Eficiente
1140.94,True,17,Departamento,13,5,110.0,2,0,1341.78,31,36.8045,228.188,10.3722,-0.1497,0.1176,0.3506,Ineficiente
1144.53,False,25,Pequeno negocio,14,15,134.0,8,3,1593.39,30,38.151,76.302,8.5413,-0.2817,0.32,0.3393,Ineficiente
1326.0,False,20,Departamento,12,5,119.0,5,1,1144.36,28,47.3571,265.2,11.1429,0.1587,0.25,0.2934,Moderado
747.87,True,6,Casa,10,3,182.0,6,11,643.48,31,24.1248,249.29,4.1092,0.1622,1.0,0.2756,Moderado
1199.71,False,9,Departamento,8,7,80.0,2,6,1351.2,29,41.3693,171.3871,14.9964,-0.1121,0.2222,0.2283,Moderado
544.24,False,24,Departamento,13,3,122.0,2,5,443.38,30,18.1413,181.4133,4.461,0.2275,0.0833,0.2848,Moderado
1247.18,True,8,Casa,0,5,206.0,5,6,1424.86,31,40.2316,249.436,6.0543,-0.1247,0.625,0.2928,Moderado
411.24,False,5,Casa,3,3,116.0,5,1,440.18,28,14.6871,137.08,3.5452,-0.0657,1.0,0.1415,Eficiente
518.42,False,15,Casa,0,4,270.0,2,8,521.92,28,18.515,129.605,1.9201,-0.0067,0.1333,0.1846,Eficiente
1219.43,True,23,Pequeno negocio,3,4,133.0,5,12,1467.55,30,40.6477,304.8575,9.1686,-0.1691,0.2174,0.3452,Ineficiente
459.6,True,15,Casa,3,2,162.0,5,1,490.05,29,15.8483,229.8,2.837,-0.0621,0.3333,0.2211,Eficiente
1036.55,True,22,Pequeno negocio,6,11,73.0,6,3,970.39,28,37.0196,94.2318,14.1993,0.0682,0.2727,0.2765,Moderado
1237.62,False,5,Casa,10,6,287.0,5,10,1051.02,28,44.2007,206.27,4.3123,0.1775,1.0,0.2488,Moderado
897.4,True,9,Departamento,13,5,119.0,2,10,873.55,28,32.05,179.48,7.5412,0.0273,0.2222,0.3319,Ineficiente
421.33,False,4,Casa,8,1,150.0,1,3,438.74,29,14.5286,421.33,2.8089,-0.0397,0.25,0.1627,Eficiente
436.91,False,12,Pequeno negocio,0,5,66.0,2,0,514.96,29,15.0659,87.382,6.6198,-0.1516,0.1667,0.042,Eficiente
332.28,True,8,Departamento,1,2,76.0,1,9,334.85,31,10.7187,166.14,4.3721,-0.0077,0.125,0.1576,Eficiente
740.85,True,17,Casa,6,5,280.0,5,3,845.64,28,26.4589,148.17,2.6459,-0.1239,0.2941,0.2039,Eficiente
614.95,False,8,Casa,9,7,84.0,5,10,713.22,29,21.2052,87.85,7.3208,-0.1378,0.625,0.2691,Moderado
558.41,True,16,Casa,12,3,289.0,0,4,639.59,29,19.2555,186.1367,1.9322,-0.1269,0.0,0.2527,Moderado
661.86,True,5,Casa,5,3,248.0,5,12,633.04,28,23.6379,220.62,2.6688,0.0455,1.0,0.2965,Moderado
549.08,True,5,Departamento,2,4,115.0,5,11,515.85,31,17.7123,137.27,4.7746,0.0644,1.0,0.1942,Eficiente
377.51,True,15,Pequeno negocio,2,1,146.0,4,0,386.33,31,12.1777,377.51,2.5857,-0.0228,0.2667,0.1908,Eficiente
532.74,True,8,Departamento,9,3,123.0,1,9,453.19,28,19.0264,177.58,4.3312,0.1755,0.125,0.2423,Moderado
871.09,True,10,Departamento,14,2,89.0,1,9,754.71,30,29.0363,435.545,9.7875,0.1542,0.1,0.3215,Ineficiente
744.06,True,9,Casa,1,4,148.0,9,4,853.39,29,25.6572,186.015,5.0274,-0.1281,1.0,0.2996,Moderado
696.11,True,11,Pequeno negocio,0,3,169.0,2,11,563.95,28,24.8611,232.0367,4.119,0.2343,0.1818,0.2614,Moderado
1622.27,False,27,Pequeno negocio,0,3,60.0,8,10,2402.38,28,57.9382,540.7567,27.0378,-0.3247,0.2963,0.3443,Ineficiente
645.45,True,6,Casa,8,4,102.0,6,3,566.04,29,22.2569,161.3625,6.3279,0.1403,1.0,0.2614,Moderado
1357.82,True,16,Pequeno negocio,4,14,84.0,6,10,1309.0,30,45.2607,96.9871,16.1645,0.0373,0.375,0.3233,Ineficiente
2194.07,False,16,Casa,12,1,212.0,8,9,2320.21,29,75.6576,2194.07,10.3494,-0.0544,0.5,0.4997,Ineficiente
3129.05,False,35,Pequeno negocio,12,10,35.0,8,6,3296.68,29,107.8983,312.905,89.4014,-0.0508,0.2286,0.6557,Ineficiente
900.74,False,9,Pequeno negocio,7,9,160.0,2,11,856.21,30,30.0247,100.0822,5.6296,0.052,0.2222,0.217,Eficiente
405.62,False,10,Departamento,0,3,60.0,9,6,433.02,28,14.4864,135.2067,6.7603,-0.0633,0.9,0.1352,Eficiente
465.68,True,11,Casa,8,3,236.0,1,3,421.86,28,16.6314,155.2267,1.9732,0.1039,0.0909,0.2148,Eficiente
429.79,False,4,Departamento,5,5,127.0,4,6,630.81,31,13.8642,85.958,3.3842,-0.3187,1.0,0.1427,Eficiente
527.23,False,21,Casa,12,2,91.0,3,6,560.44,28,18.8296,263.615,5.7937,-0.0593,0.1429,0.3007,Moderado
403.19,True,11,Departamento,10,2,56.0,6,2,379.9,30,13.4397,201.595,7.1998,0.0613,0.5455,0.3028,Moderado
715.51,True,18,Casa,14,7,92.0,8,7,719.04,28,25.5539,102.2157,7.7773,-0.0049,0.4444,0.3843,Ineficiente
448.98,True,4,Departamento,5,4,121.0,4,10,534.03,31,14.4832,112.245,3.7106,-0.1593,1.0,0.1943,Eficiente
1708.81,False,12,Pequeno negocio,4,10,194.0,0,11,1716.32,30,56.9603,170.881,8.8083,-0.0044,0.0,0.2489,Moderado
904.65,True,11,Casa,7,5,160.0,8,9,842.49,31,29.1823,180.93,5.6541,0.0738,0.7273,0.2746,Moderado
596.08,False,3,Casa,12,5,259.0,1,6,562.49,31,19.2284,119.216,2.3015,0.0597,0.3333,0.2202,Eficiente
662.25,False,24,Departamento,7,5,35.0,7,11,691.01,29,22.8362,132.45,18.9214,-0.0416,0.2917,0.2606,Moderado
840.57,False,3,Casa,5,5,238.0,3,12,768.69,29,28.9852,168.114,3.5318,0.0935,1.0,0.2098,Eficiente
979.99,True,15,Casa,13,7,202.0,4,10,1043.78,31,31.6126,139.9986,4.8514,-0.0611,0.2667,0.3348,Ineficiente
662.85,True,10,Casa,5,6,127.0,2,10,697.62,30,22.095,110.475,5.2193,-0.0498,0.2,0.2751,Moderado
818.83,True,7,Casa,13,3,274.0,5,10,722.39,30,27.2943,272.9433,2.9884,0.1335,0.7143,0.315,Ineficiente
333.2,False,6,Departamento,9,2,70.0,1,6,391.83,29,11.4897,166.6,4.76,-0.1496,0.1667,0.0914,Eficiente
329.22,False,9,Departamento,0,6,117.0,2,10,324.1,29,11.3524,54.87,2.8138,0.0158,0.2222,0.1337,Eficiente
584.07,True,4,Casa,7,3,218.0,4,4,717.84,29,20.1403,194.69,2.6792,-0.1864,1.0,0.2395,Moderado
642.55,True,15,Departamento,10,3,86.0,7,12,563.91,31,20.7274,214.1833,7.4715,0.1395,0.4667,0.412,Ineficiente
613.28,False,8,Casa,13,1,269.0,5,11,586.75,29,21.1476,613.28,2.2799,0.0452,0.625,0.2846,Moderado
977.91,True,3,Casa,8,4,154.0,3,7,815.93,29,33.721,244.4775,6.3501,0.1985,1.0,0.3173,Ineficiente
303.33,False,5,Departamento,0,4,102.0,2,9,249.49,30,10.111,75.8325,2.9738,0.2158,0.4,0.1415,Eficiente
580.4,True,22,Casa,5,6,137.0,0,10,571.94,29,20.0138,96.7333,4.2365,0.0148,0.0,0.2712,Moderado
586.71,False,8,Departamento,14,6,97.0,3,7,726.81,28,20.9539,97.785,6.0486,-0.1928,0.375,0.2417,Moderado
830.59,True,7,Pequeno negocio,7,10,213.0,1,10,891.37,29,28.641,83.059,3.8995,-0.0682,0.1429,0.182,Eficiente
552.38,True,12,Departamento,5,4,69.0,5,9,604.0,30,18.4127,138.095,8.0055,-0.0855,0.4167,0.2188,Eficiente
805.18,True,13,Departamento,13,7,60.0,9,3,622.05,31,25.9735,115.0257,13.4197,0.2944,0.6923,0.3492,Ineficiente
958.36,True,21,Casa,6,7,187.0,4,1,898.47,29,33.0469,136.9086,5.1249,0.0667,0.1905,0.262,Moderado
583.29,True,18,Casa,11,6,263.0,1,7,524.19,31,18.8158,97.215,2.2178,0.1127,0.0556,0.2645,Moderado
566.25,True,15,Casa,0,3,163.0,5,0,457.15,31,18.2661,188.75,3.4739,0.2387,0.3333,0.2155,Eficiente
606.37,True,7,Departamento,8,2,46.0,7,9,552.74,28,21.6561,303.185,13.182,0.097,1.0,0.315,Ineficiente
1022.96,True,19,Pequeno negocio,0,11,191.0,8,8,975.75,28,36.5343,92.9964,5.3558,0.0484,0.4211,0.2876,Moderado
441.86,True,3,Casa,2,7,140.0,3,1,382.97,30,14.7287,63.1229,3.1561,0.1538,1.0,0.2187,Eficiente
726.39,False,15,Casa,8,6,202.0,4,4,1010.54,29,25.0479,121.065,3.596,-0.2812,0.2667,0.232,Moderado
633.16,False,16,Casa,9,7,120.0,5,6,764.77,28,22.6129,90.4514,5.2763,-0.1721,0.3125,0.2181,Eficiente
525.67,True,23,Departamento,1,6,55.0,2,9,509.22,31,16.9571,87.6117,9.5576,0.0323,0.087,0.2863,Moderado
336.05,True,6,Departamento,7,4,94.0,1,0,291.28,31,10.8403,84.0125,3.575,0.1537,0.1667,0.2785,Moderado
488.06,True,9,Departamento,6,2,86.0,7,7,482.04,28,17.4307,244.03,5.6751,0.0125,0.7778,0.2839,Moderado
926.85,False,35,Pequeno negocio,6,11,135.0,1,3,904.66,28,33.1018,84.2591,6.8656,0.0245,0.0286,0.2147,Eficiente
851.22,False,8,Casa,12,6,131.0,6,5,1166.43,31,27.4587,141.87,6.4979,-0.2702,0.75,0.2261,Eficiente
592.25,False,23,Departamento,14,3,123.0,5,6,502.03,28,21.1518,197.4167,4.815,0.1797,0.2174,0.3429,Ineficiente
338.46,False,3,Departamento,1,3,116.0,3,2,268.49,28,12.0879,112.82,2.9178,0.2606,1.0,0.0978,Eficiente
757.92,False,20,Casa,14,6,136.0,3,3,947.4,30,25.264,126.32,5.5729,-0.2,0.15,0.2277,Eficiente
868.35,True,10,Pequeno negocio,0,5,91.0,9,5,1206.34,28,31.0125,173.67,9.5423,-0.2802,0.9,0.2379,Moderado
820.2,True,5,Casa,14,7,169.0,5,10,729.83,30,27.34,117.1714,4.8533,0.1238,1.0,0.3716,Ineficiente
286.27,False,10,Departamento,9,4,96.0,1,3,249.36,29,9.8714,71.5675,2.982,0.148,0.1,0.191,Eficiente
2718.48,True,22,Departamento,11,6,36.0,9,8,5000.0,29,93.7407,453.08,75.5133,-0.4563,0.4091,0.5885,Ineficiente
985.98,True,23,Pequeno negocio,3,13,144.0,1,4,914.23,31,31.8058,75.8446,6.8471,0.0785,0.0435,0.2085,Eficiente
901.39,False,4,Departamento,8,3,46.0,4,3,939.67,30,30.0463,300.4633,19.5954,-0.0407,1.0,0.2052,Eficiente
2360.87,False,22,Casa,8,2,165.0,4,1,2585.3,29,81.4093,1180.435,14.3083,-0.0868,0.1818,0.3369,Ineficiente
1258.72,True,14,Pequeno negocio,4,3,37.0,4,0,1621.51,31,40.6039,419.5733,34.0195,-0.2237,0.2857,0.2537,Moderado
919.86,True,9,Departamento,7,7,59.0,5,4,881.86,28,32.8521,131.4086,15.5908,0.0431,0.5556,0.2811,Moderado
605.52,True,12,Departamento,14,4,42.0,4,3,667.82,28,21.6257,151.38,14.4171,-0.0933,0.3333,0.3181,Ineficiente
333.45,True,9,Departamento,1,3,114.0,1,9,348.87,29,11.4983,111.15,2.925,-0.0442,0.1111,0.155,Eficiente
569.29,True,14,Casa,6,3,255.0,1,6,435.41,29,19.6307,189.7633,2.2325,0.3075,0.0714,0.2792,Moderado
596.32,False,20,Departamento,5,2,87.0,7,0,467.67,31,19.2361,298.16,6.8543,0.2751,0.35,0.2067,Eficiente
1011.36,True,12,Pequeno negocio,3,12,228.0,6,9,871.01,29,34.8745,84.28,4.4358,0.1611,0.5,0.3269,Ineficiente
687.31,False,24,Casa,7,7,209.0,3,5,782.96,29,23.7003,98.1871,3.2886,-0.1222,0.125,0.2011,Eficiente
417.82,True,5,Departamento,1,1,112.0,4,7,456.91,30,13.9273,417.82,3.7305,-0.0856,0.8,0.2381,Moderado
1496.15,True,38,Pequeno negocio,1,12,179.0,3,1,1520.89,29,51.5914,124.6792,8.3584,-0.0163,0.0789,0.3494,Ineficiente
502.25,True,22,Departamento,12,2,105.0,8,0,431.08,30,16.7417,251.125,4.7833,0.1651,0.3636,0.3097,Ineficiente
1161.82,False,18,Pequeno negocio,4,2,215.0,0,1,1434.17,29,40.0628,580.91,5.4038,-0.1899,0.0,0.18,Eficiente
427.62,False,6,Casa,4,2,131.0,6,6,478.67,29,14.7455,213.81,3.2643,-0.1066,1.0,0.162,Eficiente
1369.21,True,17,Pequeno negocio,9,15,138.0,3,11,1332.45,31,44.1681,91.2807,9.9218,0.0276,0.1765,0.3302,Ineficiente
771.62,False,23,Casa,11,6,151.0,1,12,807.81,30,25.7207,128.6033,5.1101,-0.0448,0.0435,0.2924,Moderado
568.56,True,3,Departamento,12,4,114.0,1,10,650.74,28,20.3057,142.14,4.9874,-0.1263,0.3333,0.2565,Moderado
466.16,True,5,Departamento,9,3,72.0,4,11,451.43,28,16.6486,155.3867,6.4744,0.0326,0.8,0.2561,Moderado
344.29,True,4,Departamento,3,4,53.0,1,9,423.36,29,11.8721,86.0725,6.496,-0.1868,0.25,0.149,Eficiente
1166.5,True,29,Pequeno negocio,4,9,109.0,6,9,1199.03,29,40.2241,129.6111,10.7018,-0.0271,0.2069,0.3889,Ineficiente
447.4,False,20,Departamento,10,3,94.0,3,5,578.74,30,14.9133,149.1333,4.7596,-0.2269,0.15,0.1617,Eficiente
427.76,False,4,Departamento,12,5,104.0,4,3,385.08,30,14.2587,85.552,4.1131,0.1108,1.0,0.1956,Eficiente
592.61,False,24,Casa,13,3,169.0,1,8,808.13,31,19.1165,197.5367,3.5066,-0.2667,0.0417,0.2789,Moderado
505.51,False,11,Departamento,12,7,51.0,3,0,679.24,29,17.4314,72.2157,9.912,-0.2558,0.2727,0.1623,Eficiente
429.51,False,14,Departamento,9,4,120.0,3,2,488.43,30,14.317,107.3775,3.5792,-0.1206,0.2143,0.1859,Eficiente
710.78,True,15,Casa,2,6,270.0,6,5,930.16,31,22.9284,118.4633,2.6325,-0.2359,0.4,0.2309,Moderado
369.0,True,20,Departamento,6,2,115.0,2,8,386.85,28,13.1786,184.5,3.2087,-0.0461,0.1,0.2466,Moderado
487.97,True,10,Pequeno negocio,1,4,84.0,1,4,530.42,31,15.741,121.9925,5.8092,-0.08,0.1,0.1618,Eficiente
420.12,True,4,Departamento,6,4,78.0,4,10,396.94,31,13.5523,105.03,5.3862,0.0584,1.0,0.1909,Eficiente
790.99,True,21,Departamento,9,6,59.0,9,8,843.51,29,27.2755,131.8317,13.4066,-0.0623,0.4286,0.3495,Ineficiente
636.37,True,4,Casa,10,4,212.0,4,3,603.18,31,20.5281,159.0925,3.0017,0.055,1.0,0.2422,Moderado
1206.89,False,14,Departamento,3,6,102.0,5,0,1250.97,28,43.1032,201.1483,11.8323,-0.0352,0.3571,0.2751,Moderado
763.15,True,22,Casa,10,1,143.0,9,3,562.23,28,27.2554,763.15,5.3367,0.3574,0.4091,0.3799,Ineficiente
855.05,True,14,Casa,4,5,88.0,7,12,1065.4,28,30.5375,171.01,9.7165,-0.1974,0.5,0.2049,Eficiente
648.88,True,12,Departamento,10,6,58.0,7,2,854.21,28,23.1743,108.1467,11.1876,-0.2404,0.5833,0.3382,Ineficiente
739.24,True,10,Casa,14,4,225.0,3,9,740.45,29,25.491,184.81,3.2855,-0.0016,0.3,0.3331,Ineficiente
533.24,True,20,Casa,4,1,142.0,4,8,649.52,29,18.3876,533.24,3.7552,-0.179,0.2,0.269,Moderado
616.42,True,17,Departamento,2,4,71.0,9,12,638.32,31,19.8845,154.105,8.682,-0.0343,0.5294,0.3008,Moderado
2407.12,False,20,Casa,14,6,296.0,9,12,2048.81,30,80.2373,401.1867,8.1322,0.1749,0.45,0.4281,Ineficiente
774.31,False,22,Casa,7,4,233.0,7,11,738.12,28,27.6539,193.5775,3.3232,0.049,0.3182,0.3522,Ineficiente
474.0,False,16,Casa,3,1,287.0,0,4,427.28,29,16.3448,474.0,1.6516,0.1093,0.0,0.1544,Eficiente
329.76,True,10,Departamento,4,3,111.0,1,5,364.21,29,11.371,109.92,2.9708,-0.0946,0.1,0.1519,Eficiente
576.09,False,16,Casa,7,7,150.0,4,6,644.89,28,20.5746,82.2986,3.8406,-0.1067,0.25,0.2844,Moderado
405.68,False,10,Departamento,5,2,76.0,5,8,360.2,30,13.5227,202.84,5.3379,0.1263,0.5,0.212,Eficiente
501.06,False,7,Departamento,13,4,117.0,6,1,658.43,28,17.895,125.265,4.2826,-0.239,0.8571,0.2371,Moderado
550.91,True,10,Casa,5,3,205.0,2,10,533.72,30,18.3637,183.6367,2.6874,0.0322,0.2,0.3117,Ineficiente
801.07,False,10,Pequeno negocio,7,1,180.0,7,8,849.89,30,26.7023,801.07,4.4504,-0.0574,0.7,0.2808,Moderado
1162.21,True,8,Casa,3,3,298.0,8,2,1311.97,30,38.7403,387.4033,3.9,-0.1141,1.0,0.2658,Moderado
395.0,True,9,Departamento,10,3,115.0,2,0,411.32,28,14.1071,131.6667,3.4348,-0.0397,0.2222,0.1959,Eficiente
833.61,True,15,Casa,11,5,255.0,7,0,882.43,30,27.787,166.722,3.2691,-0.0553,0.4667,0.3035,Moderado
456.39,True,5,Departamento,8,5,106.0,1,4,427.54,29,15.7376,91.278,4.3056,0.0675,0.2,0.2475,Moderado
629.96,False,5,Casa,12,4,233.0,4,3,615.75,31,20.3213,157.49,2.7037,0.0231,0.8,0.2027,Eficiente
938.28,False,5,Pequeno negocio,4,15,44.0,5,1,1100.45,29,32.3545,62.552,21.3245,-0.1474,1.0,0.2077,Eficiente
517.07,False,21,Casa,8,1,89.0,3,5,437.58,29,17.83,517.07,5.8098,0.1817,0.1429,0.2471,Moderado
491.36,True,9,Departamento,10,5,107.0,6,0,404.4,29,16.9434,98.272,4.5921,0.215,0.6667,0.2984,Moderado
850.87,True,6,Casa,13,3,259.0,6,8,819.33,28,30.3882,283.6233,3.2852,0.0385,1.0,0.3728,Ineficiente
676.31,True,13,Casa,4,5,256.0,4,5,589.97,29,23.321,135.262,2.6418,0.1463,0.3077,0.2421,Moderado
496.46,False,6,Casa,2,3,133.0,6,3,499.26,30,16.5487,165.4867,3.7328,-0.0056,1.0,0.2225,Eficiente
681.57,True,22,Departamento,11,6,42.0,6,5,796.62,31,21.9861,113.595,16.2279,-0.1444,0.2727,0.379,Ineficiente
447.19,False,4,Departamento,7,5,126.0,4,5,407.89,30,14.9063,89.438,3.5491,0.0963,1.0,0.1761,Eficiente
720.84,True,28,Pequeno negocio,0,8,108.0,1,10,726.04,29,24.8566,90.105,6.6744,-0.0072,0.0357,0.2304,Moderado
638.77,True,11,Departamento,12,3,50.0,7,8,625.59,28,22.8132,212.9233,12.7754,0.0211,0.6364,0.2643,Moderado
913.25,True,25,Pequeno negocio,7,9,188.0,3,3,927.68,31,29.4597,101.4722,4.8577,-0.0156,0.12,0.3222,Ineficiente
473.24,True,19,Casa,9,1,139.0,2,10,416.12,31,15.2658,473.24,3.4046,0.1373,0.1053,0.3358,Ineficiente
580.22,False,8,Departamento,5,1,65.0,8,4,592.49,29,20.0076,580.22,8.9265,-0.0207,1.0,0.2284,Moderado
556.45,False,23,Departamento,14,1,119.0,3,2,554.16,30,18.5483,556.45,4.6761,0.0041,0.1304,0.2038,Eficiente
567.43,False,24,Departamento,6,3,79.0,3,9,505.43,31,18.3042,189.1433,7.1827,0.1227,0.125,0.197,Eficiente
772.9,True,8,Pequeno negocio,8,3,95.0,8,10,601.73,29,26.6517,257.6333,8.1358,0.2845,1.0,0.2996,Moderado
379.43,False,11,Departamento,8,3,109.0,2,0,394.45,30,12.6477,126.4767,3.481,-0.0381,0.1818,0.1694,Eficiente
1273.33,True,23,Pequeno negocio,14,8,144.0,7,12,969.82,31,41.0752,159.1662,8.8426,0.313,0.3043,0.45,Ineficiente
697.19,True,20,Departamento,9,3,119.0,5,8,596.79,30,23.2397,232.3967,5.8587,0.1682,0.25,0.3619,Ineficiente
1532.4,False,18,Casa,1,4,216.0,0,5,1434.43,30,51.08,383.1,7.0944,0.0683,0.0,0.1713,Eficiente
715.93,True,12,Departamento,12,3,59.0,5,9,639.64,31,23.0945,238.6433,12.1344,0.1193,0.4167,0.3431,Ineficiente
1171.62,False,18,Departamento,0,5,94.0,4,7,929.47,31,37.7942,234.324,12.464,0.2605,0.2222,0.2575,Moderado
1317.31,False,12,Pequeno negocio,7,3,150.0,7,12,1354.09,31,42.4939,439.1033,8.7821,-0.0272,0.5833,0.3674,Ineficiente
616.81,True,9,Pequeno negocio,5,3,223.0,3,0,869.46,30,20.5603,205.6033,2.766,-0.2906,0.3333,0.1749,Eficiente
1156.99,True,21,Casa,7,7,219.0,2,6,1485.91,28,41.3211,165.2843,5.2831,-0.2214,0.0952,0.2896,Moderado
636.75,True,12,Casa,12,5,156.0,2,9,738.11,30,21.225,127.35,4.0817,-0.1373,0.1667,0.2299,Moderado
662.19,False,17,Casa,1,4,298.0,5,0,604.74,29,22.8341,165.5475,2.2221,0.095,0.2941,0.1395,Eficiente
469.96,True,15,Departamento,0,1,73.0,9,11,475.22,28,16.7843,469.96,6.4378,-0.0111,0.6,0.2997,Moderado
1021.8,False,4,Casa,13,5,81.0,4,4,805.67,31,32.9613,204.36,12.6148,0.2683,1.0,0.3206,Ineficiente
173.79,False,4,Departamento,3,3,47.0,1,0,152.84,29,5.9928,57.93,3.6977,0.1371,0.25,0.0689,Eficiente
510.47,True,8,Departamento,6,3,105.0,8,5,504.51,30,17.0157,170.1567,4.8616,0.0118,1.0,0.2464,Moderado
855.04,True,21,Pequeno negocio,14,1,215.0,3,10,856.32,30,28.5013,855.04,3.9769,-0.0015,0.1429,0.3269,Ineficiente
551.06,True,7,Casa,10,1,169.0,4,12,580.46,30,18.3687,551.06,3.2607,-0.0506,0.5714,0.2358,Moderado
1804.25,True,23,Departamento,9,2,86.0,8,1,1892.87,31,58.2016,902.125,20.9797,-0.0468,0.3478,0.347,Ineficiente
367.59,False,16,Casa,0,6,80.0,1,5,363.02,31,11.8577,61.265,4.5949,0.0126,0.0625,0.1551,Eficiente
742.06,False,9,Pequeno negocio,5,3,164.0,1,10,936.42,31,23.9374,247.3533,4.5248,-0.2076,0.1111,0.1604,Eficiente
519.78,False,22,Casa,7,4,228.0,2,0,675.44,31,16.7671,129.945,2.2797,-0.2305,0.0909,0.1779,Eficiente
807.16,True,9,Casa,1,4,86.0,3,7,826.96,28,28.8271,201.79,9.3856,-0.0239,0.3333,0.2047,Eficiente
2503.32,True,24,Casa,9,7,133.0,8,7,2439.69,29,86.3214,357.6171,18.822,0.0261,0.3333,0.4969,Ineficiente
1453.55,True,26,Pequeno negocio,11,15,32.0,6,4,1496.48,30,48.4517,96.9033,45.4234,-0.0287,0.2308,0.4478,Ineficiente
508.78,False,4,Casa,5,4,228.0,4,4,559.53,31,16.4123,127.195,2.2315,-0.0907,1.0,0.1449,Eficiente
496.64,False,5,Departamento,13,2,96.0,3,12,413.26,29,17.1255,248.32,5.1733,0.2018,0.6,0.2212,Eficiente
1587.03,True,11,Departamento,14,4,85.0,4,4,1438.03,31,51.1945,396.7575,18.6709,0.1036,0.3636,0.4364,Ineficiente
558.78,False,23,Departamento,11,7,49.0,4,7,569.7,30,18.626,79.8257,11.4037,-0.0192,0.1739,0.2298,Moderado
508.41,True,15,Casa,4,5,97.0,1,9,564.96,30,16.947,101.682,5.2413,-0.1001,0.0667,0.1943,Eficiente
531.14,False,5,Casa,1,7,209.0,5,0,612.64,29,18.3152,75.8771,2.5413,-0.133,1.0,0.1096,Eficiente
2272.13,False,9,Casa,10,4,298.0,3,10,2038.8,30,75.7377,568.0325,7.6246,0.1144,0.3333,0.3131,Ineficiente
793.28,False,13,Casa,7,7,99.0,9,9,916.61,30,26.4427,113.3257,8.0129,-0.1346,0.6923,0.2975,Moderado
983.99,False,14,Departamento,10,2,129.0,6,2,815.93,29,33.9307,491.995,7.6278,0.206,0.4286,0.2931,Moderado
707.05,False,21,Casa,6,3,256.0,8,2,645.98,30,23.5683,235.6833,2.7619,0.0945,0.381,0.2818,Moderado
495.18,True,4,Casa,2,2,287.0,1,7,509.26,30,16.506,247.59,1.7254,-0.0276,0.25,0.1297,Eficiente
3085.76,False,3,Casa,13,6,183.0,1,12,3471.88,31,99.5406,514.2933,16.8621,-0.1112,0.3333,0.4147,Ineficiente
678.2,False,18,Departamento,14,4,91.0,4,11,639.07,28,24.2214,169.55,7.4527,0.0612,0.2222,0.3162,Ineficiente
668.26,True,5,Casa,11,2,74.0,5,2,695.36,30,22.2753,334.13,9.0305,-0.039,1.0,0.3033,Moderado
279.08,False,18,Departamento,0,2,99.0,5,7,299.11,28,9.9671,139.54,2.819,-0.067,0.2778,0.1892,Eficiente
703.62,False,10,Casa,12,3,251.0,6,6,772.25,28,25.1293,234.54,2.8033,-0.0889,0.6,0.2372,Moderado
951.57,True,7,Pequeno negocio,14,5,42.0,7,8,917.71,31,30.6958,190.314,22.6564,0.0369,1.0,0.4221,Ineficiente
566.37,True,6,Departamento,6,5,114.0,3,6,632.94,30,18.879,113.274,4.9682,-0.1052,0.5,0.2006,Eficiente
986.73,True,20,Casa,7,6,163.0,2,7,973.34,28,35.2404,164.455,6.0536,0.0138,0.1,0.2962,Moderado
506.65,True,7,Casa,0,7,175.0,2,7,435.93,30,16.8883,72.3786,2.8951,0.1622,0.2857,0.2215,Eficiente
684.31,False,3,Casa,9,2,151.0,3,0,754.04,31,22.0745,342.155,4.5319,-0.0925,1.0,0.0882,Eficiente
656.46,False,16,Casa,11,4,235.0,5,6,773.03,29,22.6366,164.115,2.7934,-0.1508,0.3125,0.2667,Moderado
457.7,True,6,Casa,3,4,84.0,6,1,356.02,30,15.2567,114.425,5.4488,0.2856,1.0,0.2572,Moderado
698.36,True,9,Pequeno negocio,9,5,241.0,4,5,722.79,29,24.0814,139.672,2.8978,-0.0338,0.4444,0.2424,Moderado
523.95,True,7,Departamento,3,4,129.0,4,7,470.74,29,18.0672,130.9875,4.0616,0.113,0.5714,0.2424,Moderado
792.54,False,17,Casa,2,2,136.0,9,9,809.52,31,25.5658,396.27,5.8275,-0.021,0.5294,0.3346,Ineficiente
338.18,False,19,Departamento,0,1,44.0,3,11,356.76,28,12.0779,338.18,7.6859,-0.0521,0.1579,0.1758,Eficiente
563.06,True,23,Casa,11,3,221.0,1,2,498.46,28,20.1093,187.6867,2.5478,0.1296,0.0435,0.2985,Moderado
670.44,True,14,Pequeno negocio,3,1,222.0,3,7,566.93,28,23.9443,670.44,3.02,0.1826,0.2143,0.229,Moderado
296.35,False,8,Casa,2,1,115.0,0,10,357.4,28,10.5839,296.35,2.577,-0.1708,0.0,0.1447,Eficiente
559.48,True,7,Departamento,14,4,86.0,3,4,831.19,31,18.0477,139.87,6.5056,-0.3269,0.4286,0.2739,Moderado
642.46,False,7,Departamento,11,7,61.0,7,0,587.03,30,21.4153,91.78,10.5321,0.0944,1.0,0.2812,Moderado
636.29,True,7,Casa,3,4,206.0,7,12,531.24,28,22.7246,159.0725,3.0888,0.1977,1.0,0.2301,Moderado
592.27,True,3,Casa,10,1,283.0,3,10,591.69,29,20.4231,592.27,2.0928,0.001,1.0,0.3025,Moderado
735.77,False,15,Casa,7,6,271.0,3,9,772.84,31,23.7345,122.6283,2.715,-0.048,0.2,0.2663,Moderado
3443.27,True,7,Pequeno negocio,0,7,192.0,4,9,3425.24,30,114.7757,491.8957,17.9337,0.0053,0.5714,0.4073,Ineficiente
341.09,False,3,Departamento,4,3,127.0,3,3,301.7,30,11.3697,113.6967,2.6857,0.1306,1.0,0.1387,Eficiente
893.91,False,11,Departamento,11,2,101.0,7,10,824.72,29,30.8245,446.955,8.8506,0.0839,0.6364,0.2523,Moderado
780.82,True,20,Departamento,10,7,102.0,1,12,911.12,31,25.1877,111.5457,7.6551,-0.143,0.05,0.2702,Moderado
865.61,True,38,Pequeno negocio,6,2,224.0,8,3,1074.11,29,29.8486,432.805,3.8643,-0.1941,0.2105,0.33,Ineficiente
447.78,False,11,Departamento,14,1,111.0,1,6,591.47,31,14.4445,447.78,4.0341,-0.2429,0.0909,0.258,Moderado
404.49,False,7,Departamento,7,2,65.0,2,11,398.35,29,13.9479,202.245,6.2229,0.0154,0.2857,0.1382,Eficiente
353.33,True,17,Departamento,0,2,44.0,5,2,287.0,30,11.7777,176.665,8.0302,0.2311,0.2941,0.3107,Ineficiente
807.83,True,10,Casa,14,3,267.0,6,8,1251.59,30,26.9277,269.2767,3.0256,-0.3546,0.6,0.2979,Moderado
675.96,True,24,Pequeno negocio,0,1,161.0,7,0,790.2,30,22.532,675.96,4.1985,-0.1446,0.2917,0.2731,Moderado
705.2,True,6,Casa,13,4,81.0,6,12,616.33,28,25.1857,176.3,8.7062,0.1442,1.0,0.368,Ineficiente
328.18,False,20,Casa,1,3,298.0,2,0,375.09,31,10.5865,109.3933,1.1013,-0.1251,0.1,0.0885,Eficiente
629.02,False,37,Pequeno negocio,5,3,189.0,3,0,575.08,29,21.6903,209.6733,3.3281,0.0938,0.0811,0.231,Moderado
447.26,False,11,Casa,0,4,158.0,7,5,502.39,29,15.4228,111.815,2.8308,-0.1097,0.6364,0.0965,Eficiente
1005.41,False,11,Casa,10,7,105.0,9,10,1201.39,30,33.5137,143.63,9.5753,-0.1631,0.8182,0.3412,Ineficiente
609.62,False,24,Casa,4,6,77.0,8,2,565.84,31,19.6652,101.6033,7.9171,0.0774,0.3333,0.276,Moderado
532.48,True,19,Departamento,7,3,63.0,9,8,657.07,30,17.7493,177.4933,8.4521,-0.1896,0.4737,0.2974,Moderado
880.48,True,6,Pequeno negocio,2,2,55.0,6,4,900.95,31,28.4026,440.24,16.0087,-0.0227,1.0,0.2892,Moderado
854.84,True,15,Casa,12,5,130.0,4,12,876.8,29,29.4772,170.968,6.5757,-0.025,0.2667,0.3448,Ineficiente
637.62,True,19,Casa,6,3,171.0,7,6,501.7,28,22.7721,212.54,3.7288,0.2709,0.3684,0.2586,Moderado
468.47,False,11,Departamento,4,7,128.0,0,5,520.21,30,15.6157,66.9243,3.6599,-0.0995,0.0,0.1672,Eficiente
804.73,False,16,Pequeno negocio,0,5,247.0,9,0,885.6,29,27.7493,160.946,3.258,-0.0913,0.5625,0.2015,Eficiente
954.8,True,16,Casa,7,3,250.0,9,3,871.31,29,32.9241,318.2667,3.8192,0.0958,0.5625,0.3681,Ineficiente
1002.19,True,16,Pequeno negocio,10,14,221.0,5,0,955.75,30,33.4063,71.585,4.5348,0.0486,0.3125,0.3033,Moderado
913.66,True,24,Pequeno negocio,1,14,67.0,5,11,1032.3,28,32.6307,65.2614,13.6367,-0.1149,0.2083,0.2836,Moderado
444.34,True,3,Casa,7,1,193.0,3,6,494.25,29,15.3221,444.34,2.3023,-0.101,1.0,0.2162,Eficiente
742.48,False,15,Pequeno negocio,13,2,240.0,1,4,859.63,29,25.6028,371.24,3.0937,-0.1363,0.0667,0.1897,Eficiente
530.6,False,20,Departamento,13,2,54.0,2,3,555.63,28,18.95,265.3,9.8259,-0.045,0.1,0.2677,Moderado
1914.88,True,11,Departamento,13,6,52.0,7,9,1803.24,30,63.8293,319.1467,36.8246,0.0619,0.6364,0.4688,Ineficiente
514.31,False,13,Casa,13,4,69.0,0,8,588.62,31,16.5906,128.5775,7.4538,-0.1262,0.0,0.2141,Eficiente
928.14,False,31,Pequeno negocio,4,13,192.0,6,4,1029.91,31,29.94,71.3954,4.8341,-0.0988,0.1935,0.2324,Moderado
411.38,True,22,Departamento,2,2,99.0,3,3,337.69,31,13.2703,205.69,4.1554,0.2182,0.1364,0.198,Eficiente
690.51,True,14,Departamento,8,6,126.0,1,12,711.38,28,24.6611,115.085,5.4802,-0.0293,0.0714,0.3045,Moderado
905.3,True,37,Pequeno negocio,10,4,40.0,5,0,813.69,28,32.3321,226.325,22.6325,0.1126,0.1351,0.3267,Ineficiente
356.77,False,15,Departamento,5,4,51.0,2,6,345.31,29,12.3024,89.1925,6.9955,0.0332,0.1333,0.2075,Eficiente
1728.83,False,22,Pequeno negocio,3,5,44.0,4,12,1748.98,30,57.6277,345.766,39.2916,-0.0115,0.1818,0.2713,Moderado
935.51,False,26,Pequeno negocio,2,12,101.0,8,4,820.64,31,30.1777,77.9592,9.2625,0.14,0.3077,0.2536,Moderado
555.6,False,22,Casa,7,4,169.0,6,0,583.97,29,19.1586,138.9,3.2876,-0.0486,0.2727,0.2438,Moderado
733.58,True,5,Casa,0,7,90.0,5,10,717.99,29,25.2959,104.7971,8.1509,0.0217,1.0,0.2607,Moderado
521.76,True,4,Casa,10,1,65.0,3,11,647.56,30,17.392,521.76,8.0271,-0.1943,0.75,0.2619,Moderado
2174.94,True,21,Pequeno negocio,12,6,151.0,4,0,2663.92,31,70.1594,362.49,14.4036,-0.1836,0.1905,0.4089,Ineficiente
878.13,False,19,Casa,12,6,84.0,6,4,1058.58,30,29.271,146.355,10.4539,-0.1705,0.3158,0.2409,Moderado
741.95,True,4,Departamento,4,6,65.0,1,1,922.95,30,24.7317,123.6583,11.4146,-0.1961,0.25,0.1397,Eficiente
787.89,False,19,Casa,1,3,262.0,8,11,659.46,31,25.4158,262.63,3.0072,0.1948,0.4211,0.2892,Moderado
529.01,True,8,Casa,7,4,188.0,3,10,601.7,31,17.0648,132.2525,2.8139,-0.1208,0.375,0.2275,Eficiente
574.06,True,7,Departamento,11,1,123.0,4,10,596.72,31,18.5181,574.06,4.6672,-0.038,0.5714,0.2837,Moderado
2112.37,False,7,Casa,13,2,269.0,5,4,1882.05,31,68.141,1056.185,7.8527,0.1224,0.7143,0.365,Ineficiente
676.68,False,16,Pequeno negocio,1,11,94.0,0,9,555.0,29,23.3338,61.5164,7.1987,0.2192,0.0,0.1652,Eficiente
692.12,False,16,Casa,0,5,284.0,3,2,713.23,28,24.7186,138.424,2.437,-0.0296,0.1875,0.1377,Eficiente
859.43,True,29,Pequeno negocio,2,14,33.0,1,1,883.73,31,27.7235,61.3879,26.0433,-0.0275,0.0345,0.3119,Ineficiente
1363.5,True,16,Casa,8,6,117.0,6,7,1693.28,31,43.9839,227.25,11.6538,-0.1948,0.375,0.3767,Ineficiente
4310.45,False,24,Pequeno negocio,2,11,145.0,7,12,5000.0,30,143.6817,391.8591,29.7272,-0.1379,0.2917,0.5125,Ineficiente
488.01,True,21,Departamento,14,4,110.0,0,3,425.01,28,17.4289,122.0025,4.4365,0.1482,0.0,0.2945,Moderado
1646.02,True,19,Casa,5,6,209.0,0,6,1670.83,31,53.0974,274.3367,7.8757,-0.0148,0.0,0.3039,Moderado
1041.83,True,14,Casa,12,6,120.0,8,12,962.13,30,34.7277,173.6383,8.6819,0.0828,0.5714,0.365,Ineficiente
337.64,False,7,Casa,4,1,110.0,3,5,319.69,30,11.2547,337.64,3.0695,0.0561,0.4286,0.228,Eficiente
699.3,True,19,Departamento,3,3,111.0,8,10,819.26,29,24.1138,233.1,6.3,-0.1464,0.4211,0.2771,Moderado
848.5,True,23,Pequeno negocio,1,2,197.0,6,8,980.25,28,30.3036,424.25,4.3071,-0.1344,0.2609,0.3385,Ineficiente
825.48,False,22,Casa,3,7,63.0,7,11,769.89,30,27.516,117.9257,13.1029,0.0722,0.3182,0.2792,Moderado
774.64,True,18,Casa,11,6,147.0,3,4,738.14,29,26.7117,129.1067,5.2697,0.0494,0.1667,0.3484,Ineficiente
605.58,True,5,Departamento,11,5,115.0,3,10,524.38,28,21.6279,121.116,5.2659,0.1548,0.6,0.2747,Moderado
2508.91,True,15,Departamento,10,1,64.0,7,10,2848.32,28,89.6039,2508.91,39.2017,-0.1192,0.4667,0.5949,Ineficiente
713.21,True,18,Departamento,1,6,117.0,6,11,830.39,28,25.4718,118.8683,6.0958,-0.1411,0.3333,0.3181,Ineficiente
629.54,False,24,Departamento,4,4,129.0,5,11,617.39,29,21.7083,157.385,4.8802,0.0197,0.2083,0.3061,Ineficiente
420.71,True,10,Departamento,8,2,103.0,3,4,350.5,28,15.0254,210.355,4.0846,0.2003,0.3,0.2644,Moderado
1299.43,True,22,Pequeno negocio,14,12,175.0,6,10,1066.22,28,46.4082,108.2858,7.4253,0.2187,0.2727,0.43,Ineficiente
584.51,True,9,Casa,3,4,261.0,3,8,693.98,29,20.1555,146.1275,2.2395,-0.1577,0.3333,0.2259,Eficiente
559.7,True,11,Casa,2,3,147.0,8,1,556.23,28,19.9893,186.5667,3.8075,0.0062,0.7273,0.2771,Moderado
1153.56,True,24,Casa,12,7,131.0,7,11,967.96,28,41.1986,164.7943,8.8058,0.1917,0.2917,0.4571,Ineficiente
653.2,True,6,Departamento,7,7,96.0,3,9,592.89,29,22.5241,93.3143,6.8042,0.1017,0.5,0.2722,Moderado
903.32,True,7,Casa,5,1,264.0,7,8,1177.42,28,32.2614,903.32,3.4217,-0.2328,1.0,0.3414,Ineficiente
735.37,False,25,Pequeno negocio,5,7,207.0,0,0,648.74,28,26.2632,105.0529,3.5525,0.1335,0.0,0.1427,Eficiente
594.94,True,23,Departamento,6,3,82.0,8,12,673.43,31,19.1916,198.3133,7.2554,-0.1166,0.3478,0.3617,Ineficiente
737.4,True,5,Departamento,7,6,107.0,4,12,702.49,29,25.4276,122.9,6.8916,0.0497,0.8,0.2563,Moderado
726.6,True,21,Departamento,11,6,63.0,2,11,682.01,31,23.4387,121.1,11.5333,0.0654,0.0952,0.4009,Ineficiente
663.91,True,15,Casa,10,5,123.0,8,4,596.32,29,22.8934,132.782,5.3976,0.1133,0.5333,0.3636,Ineficiente
894.39,True,9,Pequeno negocio,1,8,150.0,6,0,905.01,30,29.813,111.7988,5.9626,-0.0117,0.6667,0.167,Eficiente
609.09,True,13,Casa,1,5,291.0,0,9,581.56,28,21.7532,121.818,2.0931,0.0473,0.0,0.153,Eficiente
390.98,True,15,Departamento,9,6,103.0,2,6,391.59,30,13.0327,65.1633,3.7959,-0.0016,0.1333,0.2029,Eficiente
959.08,True,13,Pequeno negocio,12,7,70.0,4,3,939.46,29,33.0717,137.0114,13.7011,0.0209,0.3077,0.3367,Ineficiente
674.18,True,15,Departamento,14,6,127.0,6,3,558.56,29,23.2476,112.3633,5.3085,0.207,0.4,0.3748,Ineficiente
1883.93,True,33,Pequeno negocio,13,14,241.0,8,8,1791.16,29,64.9631,134.5664,7.8171,0.0518,0.2424,0.4132,Ineficiente
819.19,True,11,Casa,9,7,221.0,3,11,951.32,30,27.3063,117.0271,3.7067,-0.1389,0.2727,0.2616,Moderado
668.32,True,28,Pequeno negocio,3,3,143.0,8,7,644.85,30,22.2773,222.7733,4.6736,0.0364,0.2857,0.3113,Ineficiente
507.72,False,11,Departamento,1,4,109.0,7,12,537.64,30,16.924,126.93,4.658,-0.0557,0.6364,0.2185,Eficiente
434.7,False,6,Departamento,11,4,46.0,3,7,384.53,29,14.9897,108.675,9.45,0.1305,0.5,0.2144,Eficiente
3981.45,False,21,Casa,13,5,200.0,9,7,3602.16,28,142.1946,796.29,19.9072,0.1053,0.4286,0.5661,Ineficiente
726.96,True,11,Casa,6,5,64.0,9,4,676.21,31,23.4503,145.392,11.3588,0.0751,0.8182,0.2699,Moderado
424.35,False,11,Departamento,1,6,128.0,2,0,526.51,30,14.145,70.725,3.3152,-0.194,0.1818,0.0434,Eficiente
2839.73,False,24,Casa,10,4,141.0,5,3,2747.18,30,94.6577,709.9325,20.1399,0.0337,0.2083,0.3972,Ineficiente
596.69,True,13,Departamento,5,5,108.0,8,4,718.24,31,19.2481,119.338,5.5249,-0.1692,0.6154,0.2604,Moderado
709.61,False,28,Pequeno negocio,9,1,93.0,5,8,846.75,28,25.3432,709.61,7.6302,-0.162,0.1786,0.3116,Ineficiente
1447.02,False,10,Pequeno negocio,2,2,179.0,7,2,1491.37,29,49.8972,723.51,8.0839,-0.0297,0.7,0.192,Eficiente
734.85,True,21,Casa,5,5,106.0,7,6,679.58,31,23.7048,146.97,6.9325,0.0813,0.3333,0.2857,Moderado
1356.36,True,16,Pequeno negocio,10,15,235.0,5,6,1306.05,28,48.4414,90.424,5.7717,0.0385,0.3125,0.3572,Ineficiente
833.54,True,14,Casa,12,7,121.0,3,6,904.81,29,28.7428,119.0771,6.8888,-0.0788,0.2143,0.3496,Ineficiente
2451.44,True,21,Departamento,3,4,126.0,5,12,2434.24,31,79.0787,612.86,19.4559,0.0071,0.2381,0.3922,Ineficiente
1064.91,False,23,Pequeno negocio,11,7,200.0,8,2,864.87,30,35.497,152.13,5.3246,0.2313,0.3478,0.365,Ineficiente
584.91,False,9,Casa,3,6,285.0,3,4,647.98,29,20.1693,97.485,2.0523,-0.0973,0.3333,0.1011,Eficiente
741.56,True,14,Casa,11,2,118.0,8,4,1031.11,29,25.571,370.78,6.2844,-0.2808,0.5714,0.3754,Ineficiente
895.38,True,3,Casa,6,4,297.0,2,9,903.64,29,30.8752,223.845,3.0147,-0.0091,0.6667,0.187,Eficiente
634.3,False,22,Departamento,10,6,36.0,4,8,751.19,29,21.8724,105.7167,17.6194,-0.1556,0.1818,0.2056,Eficiente
594.93,True,27,Pequeno negocio,4,3,192.0,0,10,571.99,28,21.2475,198.31,3.0986,0.0401,0.0,0.2599,Moderado
430.38,False,8,Casa,1,2,132.0,8,6,564.2,30,14.346,215.19,3.2605,-0.2372,1.0,0.1153,Eficiente
889.82,False,13,Casa,11,6,287.0,7,10,1281.52,28,31.7793,148.3033,3.1004,-0.3057,0.5385,0.2782,Moderado
118.39,False,3,Departamento,0,2,68.0,1,0,133.11,30,3.9463,59.195,1.741,-0.1106,0.3333,0.0107,Eficiente
522.61,False,20,Casa,7,2,206.0,2,1,452.69,30,17.4203,261.305,2.5369,0.1545,0.1,0.2308,Moderado
477.18,False,14,Departamento,0,6,92.0,5,7,520.78,31,15.3929,79.53,5.1867,-0.0837,0.3571,0.1577,Eficiente
1108.42,False,29,Pequeno negocio,8,14,239.0,4,3,993.12,31,35.7555,79.1729,4.6377,0.1161,0.1379,0.2556,Moderado
300.13,False,13,Departamento,1,4,109.0,1,3,301.11,31,9.6816,75.0325,2.7535,-0.0033,0.0769,0.122,Eficiente
776.39,False,16,Pequeno negocio,2,3,198.0,8,2,1048.59,30,25.8797,258.7967,3.9212,-0.2596,0.5,0.1658,Eficiente
694.02,True,11,Departamento,14,7,49.0,4,1,696.43,28,24.7864,99.1457,14.1637,-0.0035,0.3636,0.2988,Moderado
1377.49,False,19,Pequeno negocio,13,4,186.0,6,3,1163.06,31,44.4352,344.3725,7.4059,0.1844,0.3158,0.3246,Ineficiente
671.56,False,17,Casa,6,3,149.0,7,11,643.18,31,21.6632,223.8533,4.5071,0.0441,0.4118,0.302,Moderado
441.95,True,13,Casa,5,4,77.0,1,0,376.53,28,15.7839,110.4875,5.7396,0.1737,0.0769,0.1606,Eficiente
585.54,False,14,Departamento,10,6,37.0,3,12,572.86,29,20.191,97.59,15.8254,0.0221,0.2143,0.2105,Eficiente
1061.42,False,14,Casa,5,4,253.0,7,7,894.86,28,37.9079,265.355,4.1953,0.1861,0.5,0.2984,Moderado
1222.3,True,17,Pequeno negocio,2,8,112.0,7,10,1172.95,29,42.1483,152.7875,10.9134,0.0421,0.4118,0.2782,Moderado
403.09,True,7,Departamento,3,6,77.0,2,9,532.42,29,13.8997,67.1817,5.2349,-0.2429,0.2857,0.1851,Eficiente
892.85,True,25,Pequeno negocio,9,8,109.0,3,0,1043.11,31,28.8016,111.6062,8.1913,-0.1441,0.12,0.3205,Ineficiente
1162.17,False,23,Casa,14,4,102.0,7,3,998.19,28,41.5061,290.5425,11.3938,0.1643,0.3043,0.3884,Ineficiente
559.23,False,6,Departamento,9,4,38.0,3,11,625.85,28,19.9725,139.8075,14.7166,-0.1064,0.5,0.2137,Eficiente
322.71,True,23,Departamento,9,1,115.0,0,8,322.32,30,10.757,322.71,2.8062,0.0012,0.0,0.3058,Ineficiente
443.5,False,3,Casa,11,1,126.0,3,4,422.23,30,14.7833,443.5,3.5198,0.0504,1.0,0.2054,Eficiente
306.41,False,14,Departamento,0,4,73.0,1,7,314.02,31,9.8842,76.6025,4.1974,-0.0242,0.0714,0.0839,Eficiente
853.54,False,21,Departamento,9,6,126.0,5,5,914.46,31,27.5335,142.2567,6.7741,-0.0666,0.2381,0.3336,Ineficiente
703.81,False,19,Pequeno negocio,2,10,66.0,9,1,658.91,28,25.1361,70.381,10.6638,0.0681,0.4737,0.2102,Eficiente
535.23,False,23,Departamento,6,3,124.0,1,12,541.52,30,17.841,178.41,4.3164,-0.0116,0.0435,0.2395,Moderado
928.36,True,24,Casa,7,4,235.0,2,3,823.27,31,29.9471,232.09,3.9505,0.1276,0.0833,0.2971,Moderado
620.11,True,12,Departamento,10,6,36.0,5,11,742.76,31,20.0035,103.3517,17.2253,-0.1651,0.4167,0.2655,Moderado
305.36,True,22,Departamento,2,3,114.0,1,3,331.57,30,10.1787,101.7867,2.6786,-0.079,0.0455,0.2202,Eficiente
719.17,True,4,Casa,14,2,90.0,4,7,572.03,29,24.799,359.585,7.9908,0.2572,1.0,0.3229,Ineficiente
1006.77,False,14,Casa,9,7,279.0,2,6,806.11,28,35.9561,143.8243,3.6085,0.2489,0.1429,0.2851,Moderado
834.56,False,9,Casa,5,4,108.0,6,11,846.84,29,28.7779,208.64,7.7274,-0.0145,0.6667,0.2089,Eficiente
482.62,True,16,Casa,4,2,73.0,3,8,577.04,30,16.0873,241.31,6.6112,-0.1636,0.1875,0.2093,Eficiente
439.71,False,8,Departamento,1,2,83.0,8,7,377.7,31,14.1842,219.855,5.2977,0.1642,1.0,0.2204,Eficiente
684.25,True,12,Casa,5,3,127.0,8,3,507.54,29,23.5948,228.0833,5.3878,0.3482,0.6667,0.3465,Ineficiente
530.58,True,19,Departamento,1,2,44.0,9,11,675.2,30,17.686,265.29,12.0586,-0.2142,0.4737,0.3178,Ineficiente
451.84,True,7,Casa,11,4,168.0,1,1,396.75,30,15.0613,112.96,2.6895,0.1389,0.1429,0.1665,Eficiente
726.03,True,21,Departamento,11,6,39.0,9,6,670.49,29,25.0355,121.005,18.6162,0.0828,0.4286,0.4199,Ineficiente
501.24,False,17,Casa,7,6,114.0,0,3,579.96,30,16.708,83.54,4.3968,-0.1357,0.0,0.1401,Eficiente
810.11,True,17,Pequeno negocio,14,9,116.0,2,5,706.18,31,26.1326,90.0122,6.9837,0.1472,0.1176,0.2814,Moderado
582.34,True,17,Casa,1,6,219.0,8,0,687.29,30,19.4113,97.0567,2.6591,-0.1527,0.4706,0.2627,Moderado
706.7,True,9,Departamento,13,3,125.0,8,8,751.51,30,23.5567,235.5667,5.6536,-0.0596,0.8889,0.3255,Ineficiente
462.21,False,15,Casa,5,1,222.0,2,9,479.13,30,15.407,462.21,2.082,-0.0353,0.1333,0.2362,Moderado
809.71,True,16,Casa,11,2,143.0,8,9,980.68,31,26.1197,404.855,5.6623,-0.1743,0.5,0.3665,Ineficiente
859.93,False,20,Departamento,13,6,44.0,0,9,866.53,30,28.6643,143.3217,19.5439,-0.0076,0.0,0.2889,Moderado
819.87,False,37,Pequeno negocio,1,10,192.0,3,0,996.69,28,29.2811,81.987,4.2702,-0.1774,0.0811,0.233,Moderado
921.03,True,36,Pequeno negocio,12,5,138.0,0,8,990.96,28,32.8939,184.206,6.6741,-0.0706,0.0,0.3187,Ineficiente
851.84,True,12,Casa,14,4,215.0,5,4,709.91,29,29.3738,212.96,3.962,0.1999,0.4167,0.383,Ineficiente
3882.05,False,21,Casa,11,7,77.0,8,8,3465.02,31,125.2274,554.5786,50.4162,0.1204,0.381,0.5047,Ineficiente
568.53,False,21,Departamento,2,4,75.0,6,8,517.51,28,20.3046,142.1325,7.5804,0.0986,0.2857,0.2439,Moderado
572.6,True,7,Departamento,12,7,63.0,5,3,497.5,28,20.45,81.8,9.0889,0.151,0.7143,0.35,Ineficiente
299.8,True,5,Casa,4,2,75.0,1,1,245.25,30,9.9933,149.9,3.9973,0.2224,0.2,0.2086,Eficiente
457.47,True,24,Departamento,1,6,73.0,6,1,612.47,30,15.249,76.245,6.2667,-0.2531,0.25,0.22,Eficiente
320.48,False,6,Departamento,9,4,49.0,3,5,306.8,28,11.4457,80.12,6.5404,0.0446,0.5,0.2396,Moderado
472.59,False,7,Departamento,1,2,38.0,6,7,554.45,31,15.2448,236.295,12.4366,-0.1476,0.8571,0.1464,Eficiente
370.45,True,5,Casa,8,2,138.0,1,0,413.89,28,13.2304,185.225,2.6844,-0.105,0.2,0.1882,Eficiente
483.16,True,6,Casa,0,3,93.0,5,9,593.93,28,17.2557,161.0533,5.1953,-0.1865,0.8333,0.1886,Eficiente
558.31,True,4,Casa,11,2,131.0,4,3,422.88,31,18.01,279.155,4.2619,0.3203,1.0,0.289,Moderado
1353.98,False,16,Departamento,1,7,114.0,7,10,1888.55,29,46.689,193.4257,11.877,-0.2831,0.4375,0.278,Moderado
697.65,True,14,Casa,10,2,135.0,9,9,680.38,30,23.255,348.825,5.1678,0.0254,0.6429,0.3685,Ineficiente
688.3,True,5,Departamento,12,5,44.0,5,9,547.84,28,24.5821,137.66,15.6432,0.2564,1.0,0.3102,Ineficiente
373.87,False,17,Departamento,1,4,79.0,3,2,377.98,28,13.3525,93.4675,4.7325,-0.0109,0.1765,0.0536,Eficiente
517.05,True,6,Departamento,0,4,113.0,6,8,863.8,28,18.4661,129.2625,4.5757,-0.4014,1.0,0.2249,Eficiente
1403.53,False,14,Casa,13,5,227.0,6,8,1051.82,29,48.3976,280.706,6.183,0.3344,0.4286,0.3904,Ineficiente
1436.77,True,19,Casa,6,7,282.0,8,10,1105.66,30,47.8923,205.2529,5.0949,0.2995,0.4211,0.4169,Ineficiente
702.24,False,12,Departamento,7,7,113.0,8,7,832.73,29,24.2152,100.32,6.2145,-0.1567,0.6667,0.2574,Moderado
373.82,False,9,Departamento,3,7,64.0,0,9,320.98,31,12.0587,53.4029,5.8409,0.1646,0.0,0.1458,Eficiente
1868.19,True,32,Pequeno negocio,7,8,235.0,8,6,1776.95,28,66.7211,233.5238,7.9497,0.0513,0.25,0.389,Ineficiente
731.9,False,20,Casa,12,6,185.0,4,12,922.49,29,25.2379,121.9833,3.9562,-0.2066,0.2,0.2913,Moderado
1206.23,False,11,Pequeno negocio,12,10,237.0,9,9,1041.99,28,43.0796,120.623,5.0896,0.1576,0.8182,0.3453,Ineficiente
755.71,True,6,Casa,12,7,89.0,6,0,818.84,31,24.3777,107.9586,8.4911,-0.0771,1.0,0.3227,Ineficiente
417.79,False,9,Casa,4,2,86.0,3,10,412.57,30,13.9263,208.895,4.858,0.0127,0.3333,0.1808,Eficiente
519.0,False,11,Casa,11,1,250.0,2,1,468.63,30,17.3,519.0,2.076,0.1075,0.1818,0.2461,Moderado
601.43,True,6,Departamento,6,6,36.0,6,0,557.14,31,19.401,100.2383,16.7064,0.0795,1.0,0.2431,Moderado
559.13,True,11,Casa,5,6,158.0,1,7,514.59,31,18.0365,93.1883,3.5388,0.0866,0.0909,0.2346,Moderado
355.36,True,8,Casa,4,1,113.0,0,6,430.24,29,12.2538,355.36,3.1448,-0.174,0.0,0.1346,Eficiente
576.95,True,13,Departamento,13,7,122.0,1,5,978.45,31,18.6113,82.4214,4.7291,-0.4103,0.0769,0.1803,Eficiente
920.9,False,18,Departamento,2,1,81.0,5,5,1036.96,29,31.7552,920.9,11.3691,-0.1119,0.2778,0.2371,Moderado
442.52,False,12,Casa,13,1,67.0,2,4,390.65,30,14.7507,442.52,6.6048,0.1328,0.1667,0.2752,Moderado
836.5,True,18,Casa,13,7,72.0,5,11,1023.63,29,28.8448,119.5,11.6181,-0.1828,0.2778,0.3606,Ineficiente
460.49,False,11,Departamento,9,2,37.0,8,9,468.59,29,15.879,230.245,12.4457,-0.0173,0.7273,0.2621,Moderado
656.48,True,13,Casa,0,2,272.0,2,10,629.92,30,21.8827,328.24,2.4135,0.0422,0.1538,0.2005,Eficiente
554.35,True,10,Casa,9,6,115.0,0,6,562.81,30,18.4783,92.3917,4.8204,-0.015,0.0,0.1702,Eficiente
572.01,True,4,Departamento,1,5,88.0,3,9,476.69,31,18.4519,114.402,6.5001,0.2,0.75,0.2346,Moderado
657.0,True,3,Casa,5,4,262.0,3,6,716.17,30,21.9,164.25,2.5076,-0.0826,1.0,0.1858,Eficiente
603.69,False,7,Departamento,1,7,90.0,7,11,616.01,29,20.8169,86.2414,6.7077,-0.02,1.0,0.116,Eficiente
432.66,True,16,Casa,11,1,104.0,0,0,417.24,31,13.9568,432.66,4.1602,0.037,0.0,0.2439,Moderado
681.79,False,5,Casa,7,7,91.0,5,10,665.95,31,21.9932,97.3986,7.4922,0.0238,1.0,0.2504,Moderado
1614.18,True,13,Casa,14,2,249.0,5,5,2092.75,30,53.806,807.09,6.4827,-0.2287,0.3846,0.4709,Ineficiente
684.23,True,5,Casa,10,5,245.0,4,4,561.34,29,23.5941,136.846,2.7928,0.2189,0.8,0.321,Ineficiente
472.7,True,11,Casa,4,3,92.0,2,7,409.98,31,15.2484,157.5667,5.138,0.153,0.1818,0.2442,Moderado
1300.12,False,8,Casa,11,3,101.0,8,11,1499.5,30,43.3373,433.3733,12.8725,-0.133,1.0,0.3276,Ineficiente
746.04,True,27,Pequeno negocio,4,9,77.0,1,3,689.02,29,25.7255,82.8933,9.6888,0.0828,0.037,0.2755,Moderado
459.54,True,5,Pequeno negocio,4,1,133.0,4,6,487.28,29,15.8462,459.54,3.4552,-0.0569,0.8,0.2113,Eficiente
670.57,True,22,Casa,3,7,247.0,4,3,592.97,31,21.6313,95.7957,2.7149,0.1309,0.1818,0.2291,Moderado
579.6,False,17,Departamento,10,1,59.0,5,10,473.09,30,19.32,579.6,9.8237,0.2251,0.2941,0.2769,Moderado
451.75,True,8,Departamento,14,5,50.0,2,7,597.33,30,15.0583,90.35,9.035,-0.2437,0.25,0.1856,Eficiente
1157.63,False,37,Pequeno negocio,12,4,136.0,9,3,911.75,31,37.3429,289.4075,8.512,0.2697,0.2432,0.4178,Ineficiente
690.88,True,23,Casa,8,6,118.0,3,11,553.39,28,24.6743,115.1467,5.8549,0.2485,0.1304,0.3449,Ineficiente
683.7,True,19,Casa,0,7,195.0,7,2,799.51,29,23.5759,97.6714,3.5062,-0.1449,0.3684,0.2736,Moderado
585.87,False,7,Casa,14,1,142.0,6,1,916.18,30,19.529,585.87,4.1258,-0.3605,0.8571,0.1489,Eficiente
634.16,True,6,Casa,5,3,205.0,2,3,629.95,29,21.8676,211.3867,3.0935,0.0067,0.3333,0.2405,Moderado
659.76,True,24,Casa,9,3,131.0,9,4,627.79,31,21.2826,219.92,5.0363,0.0509,0.375,0.3657,Ineficiente
526.41,False,15,Pequeno negocio,6,4,93.0,4,3,619.78,29,18.1521,131.6025,5.6603,-0.1507,0.2667,0.2279,Eficiente
1232.2,True,32,Pequeno negocio,4,11,47.0,6,0,1419.76,30,41.0733,112.0182,26.217,-0.1321,0.1875,0.3879,Ineficiente
671.55,True,13,Casa,4,2,106.0,6,12,610.97,29,23.1569,335.775,6.3354,0.0992,0.4615,0.2445,Moderado
848.59,True,14,Departamento,8,6,48.0,5,4,849.86,30,28.2863,141.4317,17.679,-0.0015,0.3571,0.3201,Ineficiente
601.46,False,22,Casa,6,2,141.0,6,12,676.47,28,21.4807,300.73,4.2657,-0.1109,0.2727,0.2808,Moderado
560.8,False,9,Departamento,2,7,120.0,5,9,504.14,31,18.0903,80.1143,4.6733,0.1124,0.5556,0.2198,Eficiente
425.74,False,17,Departamento,5,1,44.0,7,10,421.23,29,14.6807,425.74,9.6759,0.0107,0.4118,0.3218,Ineficiente
481.48,False,23,Casa,6,3,129.0,4,4,370.57,31,15.5316,160.4933,3.7324,0.2993,0.1739,0.2398,Moderado
1625.17,False,29,Pequeno negocio,9,7,176.0,8,8,1213.38,31,52.4248,232.1671,9.2339,0.3394,0.2759,0.3852,Ineficiente
1158.24,True,26,Pequeno negocio,6,11,65.0,5,5,1114.53,28,41.3657,105.2945,17.8191,0.0392,0.1923,0.331,Ineficiente
537.65,False,5,Departamento,2,6,123.0,5,4,547.72,28,19.2018,89.6083,4.3711,-0.0184,1.0,0.0918,Eficiente
526.8,False,19,Departamento,8,1,39.0,5,12,521.53,29,18.1655,526.8,13.5077,0.0101,0.2632,0.3741,Ineficiente
812.11,True,8,Departamento,12,6,111.0,5,11,904.94,29,28.0038,135.3517,7.3163,-0.1026,0.625,0.379,Ineficiente
425.32,False,3,Casa,5,3,232.0,3,4,399.0,31,13.72,141.7733,1.8333,0.066,1.0,0.1399,Eficiente
704.26,True,14,Casa,9,7,166.0,3,0,812.43,28,25.1521,100.6086,4.2425,-0.1331,0.2143,0.2469,Moderado
1728.0,True,15,Departamento,6,6,36.0,7,7,1668.26,28,61.7143,288.0,48.0,0.0358,0.4667,0.3768,Ineficiente
1739.05,False,3,Casa,4,2,145.0,3,12,1944.27,28,62.1089,869.525,11.9934,-0.1056,1.0,0.2492,Moderado
1676.73,True,20,Pequeno negocio,13,6,215.0,3,12,1903.96,31,54.0881,279.455,7.7987,-0.1193,0.15,0.4285,Ineficiente
1624.53,True,15,Casa,14,6,254.0,8,6,1752.37,30,54.151,270.755,6.3958,-0.073,0.5333,0.4231,Ineficiente
893.05,True,13,Casa,2,7,241.0,1,6,959.81,30,29.7683,127.5786,3.7056,-0.0696,0.0769,0.2215,Eficiente
546.53,False,10,Casa,9,5,119.0,0,11,518.8,31,17.63,109.306,4.5927,0.0535,0.0,0.2014,Eficiente
1130.29,False,24,Pequeno negocio,13,12,35.0,6,2,1065.61,29,38.9755,94.1908,32.294,0.0607,0.25,0.3778,Ineficiente
559.53,False,19,Casa,8,3,66.0,4,3,556.43,29,19.2941,186.51,8.4777,0.0056,0.2105,0.1624,Eficiente
792.5,False,19,Casa,8,6,266.0,7,1,764.75,30,26.4167,132.0833,2.9793,0.0363,0.3684,0.2652,Moderado
682.95,False,11,Casa,14,5,87.0,6,7,635.19,31,22.0306,136.59,7.85,0.0752,0.5455,0.3604,Ineficiente
566.72,True,14,Departamento,9,2,106.0,7,11,648.89,31,18.2813,283.36,5.3464,-0.1266,0.5,0.353,Ineficiente
912.25,True,24,Pequeno negocio,12,14,59.0,2,4,898.14,28,32.5804,65.1607,15.4619,0.0157,0.0833,0.2791,Moderado
417.68,False,7,Casa,1,2,196.0,2,11,433.88,29,14.4028,208.84,2.131,-0.0373,0.2857,0.1569,Eficiente
970.54,False,17,Pequeno negocio,8,11,194.0,2,6,1089.38,31,31.3077,88.2309,5.0028,-0.1091,0.1176,0.2077,Eficiente
513.78,False,11,Casa,2,4,135.0,6,3,451.47,28,18.3493,128.445,3.8058,0.138,0.5455,0.2365,Moderado
568.84,False,9,Departamento,3,4,77.0,6,12,443.03,29,19.6152,142.21,7.3875,0.284,0.6667,0.245,Moderado
956.55,True,19,Casa,10,7,219.0,9,8,813.03,31,30.8565,136.65,4.3678,0.1765,0.4737,0.4635,Ineficiente
468.88,False,18,Departamento,13,5,96.0,2,7,415.62,31,15.1252,93.776,4.8842,0.1281,0.1111,0.3359,Ineficiente
436.7,True,8,Departamento,13,5,95.0,1,2,415.54,30,14.5567,87.34,4.5968,0.0509,0.125,0.26,Moderado
558.41,True,6,Departamento,11,3,117.0,6,7,538.99,31,18.0132,186.1367,4.7727,0.036,1.0,0.3047,Moderado
710.15,False,16,Casa,7,5,185.0,5,3,673.84,28,25.3625,142.03,3.8386,0.0539,0.3125,0.2757,Moderado
932.55,False,38,Pequeno negocio,6,11,95.0,3,5,871.46,29,32.1569,84.7773,9.8163,0.0701,0.0789,0.2658,Moderado
1329.0,True,16,Pequeno negocio,2,7,160.0,3,11,1132.68,28,47.4643,189.8571,8.3062,0.1733,0.1875,0.3211,Ineficiente
673.95,False,8,Departamento,11,3,81.0,8,12,701.04,31,21.7403,224.65,8.3204,-0.0386,1.0,0.2892,Moderado
651.69,False,23,Departamento,11,1,76.0,7,5,638.86,30,21.723,651.69,8.5749,0.0201,0.3043,0.3068,Ineficiente
325.06,True,19,Departamento,1,2,117.0,1,4,278.28,31,10.4858,162.53,2.7783,0.1681,0.0526,0.2335,Moderado
573.78,True,16,Casa,13,1,207.0,3,2,632.03,30,19.126,573.78,2.7719,-0.0922,0.1875,0.3011,Moderado
662.03,True,5,Pequeno negocio,4,4,194.0,5,2,715.33,30,22.0677,165.5075,3.4125,-0.0745,1.0,0.2832,Moderado
696.76,True,13,Casa,10,6,97.0,7,6,758.47,31,22.4761,116.1267,7.1831,-0.0814,0.5385,0.2911,Moderado
565.7,True,7,Departamento,1,7,112.0,7,12,597.85,29,19.5069,80.8143,5.0509,-0.0538,1.0,0.2123,Eficiente
475.08,True,20,Casa,2,2,113.0,1,11,413.67,31,15.3252,237.54,4.2042,0.1485,0.05,0.251,Moderado
546.97,True,14,Casa,9,5,203.0,5,3,424.21,31,17.6442,109.394,2.6944,0.2894,0.3571,0.3141,Ineficiente
433.5,True,20,Departamento,6,3,51.0,0,10,487.2,30,14.45,144.5,8.5,-0.1102,0.0,0.2386,Moderado
497.94,True,22,Departamento,0,3,124.0,4,6,635.07,29,17.1703,165.98,4.0156,-0.2159,0.1818,0.2391,Moderado
1108.27,False,10,Pequeno negocio,14,12,96.0,1,8,1207.31,30,36.9423,92.3558,11.5445,-0.082,0.1,0.2328,Moderado
1017.95,True,28,Pequeno negocio,13,15,172.0,2,3,1003.75,31,32.8371,67.8633,5.9183,0.0141,0.0714,0.3672,Ineficiente
603.64,True,9,Casa,2,5,82.0,2,10,640.95,30,20.1213,120.728,7.3615,-0.0582,0.2222,0.1798,Eficiente
1273.73,True,10,Casa,9,1,292.0,1,6,1199.66,31,41.0881,1273.73,4.3621,0.0617,0.1,0.2814,Moderado
747.28,False,13,Casa,2,3,139.0,8,10,760.08,30,24.9093,249.0933,5.3761,-0.0168,0.6154,0.1809,Eficiente
358.43,True,9,Departamento,10,2,102.0,3,3,313.11,29,12.3597,179.215,3.514,0.1447,0.3333,0.3043,Moderado
354.93,False,10,Departamento,10,1,122.0,1,12,334.71,31,11.4494,354.93,2.9093,0.0604,0.1,0.2472,Moderado
1384.57,True,38,Pequeno negocio,11,10,237.0,9,5,2212.96,29,47.7438,138.457,5.8421,-0.3743,0.2368,0.4334,Ineficiente
454.17,True,9,Departamento,8,4,62.0,0,8,545.02,28,16.2204,113.5425,7.3253,-0.1667,0.0,0.202,Eficiente
402.2,True,16,Casa,0,1,173.0,1,6,420.56,31,12.9742,402.2,2.3249,-0.0437,0.0625,0.2193,Eficiente
417.95,False,10,Departamento,3,6,59.0,8,7,541.38,30,13.9317,69.6583,7.0839,-0.228,0.8,0.1611,Eficiente
435.46,False,10,Departamento,14,1,102.0,4,3,407.54,28,15.5521,435.46,4.2692,0.0685,0.4,0.2243,Eficiente
469.59,True,6,Departamento,9,2,52.0,3,11,414.6,28,16.7711,234.795,9.0306,0.1326,0.5,0.29,Moderado
642.73,False,22,Casa,5,7,89.0,3,2,619.14,31,20.7332,91.8186,7.2217,0.0381,0.1364,0.2205,Eficiente
749.06,True,5,Casa,14,5,218.0,5,4,777.41,30,24.9687,149.812,3.4361,-0.0365,1.0,0.2683,Moderado
661.32,True,15,Casa,6,4,280.0,3,5,680.16,30,22.044,165.33,2.3619,-0.0277,0.2,0.2851,Moderado
484.59,False,8,Casa,12,1,254.0,0,6,545.09,30,16.153,484.59,1.9078,-0.111,0.0,0.16,Eficiente
492.26,True,24,Departamento,12,1,118.0,9,2,499.2,31,15.8794,492.26,4.1717,-0.0139,0.375,0.3678,Ineficiente
626.97,False,4,Casa,0,7,217.0,4,11,750.54,29,21.6197,89.5671,2.8893,-0.1646,1.0,0.1658,Eficiente
382.97,False,12,Departamento,13,6,42.0,1,8,411.61,28,13.6775,63.8283,9.1183,-0.0696,0.0833,0.1557,Eficiente
889.92,True,14,Departamento,13,7,63.0,5,12,1000.68,31,28.7071,127.1314,14.1257,-0.1107,0.3571,0.3531,Ineficiente
1042.01,True,33,Pequeno negocio,14,2,138.0,4,4,1169.31,29,35.9314,521.005,7.5508,-0.1089,0.1212,0.4182,Ineficiente
445.8,False,6,Casa,9,1,209.0,0,5,336.43,30,14.86,445.8,2.133,0.3251,0.0,0.2098,Eficiente
657.68,False,21,Casa,10,6,162.0,3,7,687.25,30,21.9227,109.6133,4.0598,-0.043,0.1429,0.2627,Moderado
733.58,False,4,Casa,4,4,123.0,4,7,691.69,31,23.6639,183.395,5.9641,0.0606,1.0,0.154,Eficiente
441.86,False,9,Casa,2,5,256.0,1,2,448.87,28,15.7807,88.372,1.726,-0.0156,0.1111,0.0929,Eficiente
835.04,False,21,Casa,1,3,69.0,3,10,998.99,31,26.9368,278.3467,12.102,-0.1641,0.1429,0.2469,Moderado
504.13,True,11,Departamento,2,6,55.0,2,12,485.45,31,16.2623,84.0217,9.166,0.0385,0.1818,0.2885,Moderado
689.79,False,15,Casa,14,6,85.0,3,6,868.98,31,22.2513,114.965,8.1152,-0.2062,0.2,0.2104,Eficiente
650.93,True,11,Casa,4,7,108.0,6,4,629.98,31,20.9977,92.99,6.0271,0.0333,0.5455,0.2419,Moderado
704.48,True,22,Casa,0,4,182.0,4,5,676.46,28,25.16,176.12,3.8708,0.0414,0.1818,0.1852,Eficiente
400.65,False,5,Departamento,10,2,96.0,5,0,412.93,31,12.9242,200.325,4.1734,-0.0297,1.0,0.1901,Eficiente
834.0,True,21,Pequeno negocio,2,15,173.0,5,0,996.38,31,26.9032,55.6,4.8208,-0.163,0.2381,0.2385,Moderado
452.3,True,8,Departamento,7,4,104.0,6,4,411.73,31,14.5903,113.075,4.349,0.0985,0.75,0.2566,Moderado
723.11,False,16,Departamento,10,2,92.0,6,2,593.45,31,23.3261,361.555,7.8599,0.2185,0.375,0.3094,Ineficiente
522.45,False,8,Departamento,8,6,78.0,8,3,771.0,29,18.0155,87.075,6.6981,-0.3224,1.0,0.1296,Eficiente
537.18,True,20,Departamento,11,1,78.0,1,4,609.27,31,17.3284,537.18,6.8869,-0.1183,0.05,0.2804,Moderado
855.43,True,18,Casa,0,3,124.0,9,2,1017.12,28,30.5511,285.1433,6.8986,-0.159,0.5,0.2873,Moderado
663.09,False,6,Departamento,3,5,77.0,6,5,736.66,31,21.39,132.618,8.6116,-0.0999,1.0,0.2444,Moderado
347.57,True,8,Departamento,6,7,92.0,1,0,370.19,28,12.4132,49.6529,3.7779,-0.0611,0.125,0.1737,Eficiente
903.03,True,18,Casa,11,5,276.0,0,10,932.34,31,29.13,180.606,3.2718,-0.0314,0.0,0.3181,Ineficiente
515.16,False,14,Departamento,8,7,108.0,0,9,404.62,28,18.3986,73.5943,4.77,0.2732,0.0,0.1602,Eficiente
679.1,True,15,Departamento,11,6,70.0,6,2,718.0,30,22.6367,113.1833,9.7014,-0.0542,0.4,0.2616,Moderado
424.74,True,11,Departamento,11,2,104.0,4,2,396.27,28,15.1693,212.37,4.084,0.0718,0.3636,0.3283,Ineficiente
553.77,True,17,Casa,12,6,122.0,1,0,534.44,28,19.7775,92.295,4.5391,0.0362,0.0588,0.2675,Moderado
474.04,False,23,Departamento,9,3,69.0,3,2,471.56,28,16.93,158.0133,6.8701,0.0053,0.1304,0.2287,Moderado
1107.64,False,30,Pequeno negocio,11,12,214.0,4,7,980.14,29,38.1945,92.3033,5.1759,0.1301,0.1333,0.3193,Ineficiente
401.19,False,18,Casa,10,2,191.0,0,0,419.33,31,12.9416,200.595,2.1005,-0.0433,0.0,0.1846,Eficiente
600.81,False,23,Casa,0,4,157.0,5,0,529.99,28,21.4575,150.2025,3.8268,0.1336,0.2174,0.1369,Eficiente
454.43,True,7,Casa,4,5,260.0,0,7,360.78,28,16.2296,90.886,1.7478,0.2596,0.0,0.2445,Moderado
1320.56,True,12,Casa,13,7,99.0,6,12,1536.95,29,45.5366,188.6514,13.339,-0.1408,0.5,0.3913,Ineficiente
559.68,True,5,Pequeno negocio,1,4,202.0,0,6,490.2,28,19.9886,139.92,2.7707,0.1417,0.0,0.1118,Eficiente
763.85,True,20,Departamento,8,6,129.0,7,3,732.09,29,26.3397,127.3083,5.9213,0.0434,0.35,0.3269,Ineficiente
694.06,True,18,Casa,11,4,226.0,2,10,661.81,29,23.9331,173.515,3.0711,0.0487,0.1111,0.2851,Moderado
625.29,False,24,Casa,6,7,128.0,5,10,644.41,30,20.843,89.3271,4.8851,-0.0297,0.2083,0.3089,Ineficiente
2087.66,True,29,Pequeno negocio,2,5,131.0,3,10,1846.58,30,69.5887,417.532,15.9363,0.1306,0.1034,0.3686,Ineficiente
814.27,True,22,Casa,0,7,101.0,8,4,1056.06,31,26.2668,116.3243,8.0621,-0.229,0.3636,0.2561,Moderado
588.68,True,14,Departamento,9,2,122.0,7,0,602.19,29,20.2993,294.34,4.8252,-0.0224,0.5,0.2878,Moderado
730.77,True,9,Casa,8,3,112.0,9,12,898.38,31,23.5732,243.59,6.5247,-0.1866,1.0,0.353,Ineficiente
791.18,True,17,Casa,10,7,268.0,7,11,1105.8,30,26.3727,113.0257,2.9522,-0.2845,0.4118,0.3858,Ineficiente
1585.0,False,11,Departamento,2,6,62.0,9,6,1368.6,31,51.129,264.1667,25.5645,0.1581,0.8182,0.3169,Ineficiente
755.48,True,17,Casa,7,6,291.0,2,10,958.08,30,25.1827,125.9133,2.5962,-0.2115,0.1176,0.2844,Moderado
1180.87,False,17,Departamento,8,5,65.0,3,12,957.92,28,42.1739,236.174,18.1672,0.2327,0.1765,0.2915,Moderado
525.31,False,4,Casa,12,5,217.0,4,0,491.06,28,18.7611,105.062,2.4208,0.0697,1.0,0.1922,Eficiente
266.09,True,14,Departamento,2,2,103.0,0,6,260.74,31,8.5835,133.045,2.5834,0.0205,0.0,0.1888,Eficiente
2181.54,True,3,Departamento,10,7,110.0,1,11,2476.85,28,77.9121,311.6486,19.8322,-0.1192,0.3333,0.3438,Ineficiente
568.19,True,12,Departamento,10,5,51.0,7,9,502.3,31,18.3287,113.638,11.141,0.1312,0.5833,0.3681,Ineficiente
554.85,False,17,Casa,8,5,109.0,3,1,478.26,29,19.1328,110.97,5.0904,0.1601,0.1765,0.1894,Eficiente
229.88,False,17,Departamento,1,3,60.0,2,0,227.97,31,7.4155,76.6267,3.8313,0.0084,0.1176,0.1136,Eficiente
1024.4,True,35,Pequeno negocio,1,10,138.0,3,4,829.37,29,35.3241,102.44,7.4232,0.2352,0.0857,0.2758,Moderado
917.81,True,23,Casa,9,4,243.0,7,5,930.88,28,32.7789,229.4525,3.777,-0.014,0.3043,0.3761,Ineficiente
608.42,False,19,Casa,9,2,261.0,4,1,641.68,29,20.98,304.21,2.3311,-0.0518,0.2105,0.2367,Moderado
1446.73,True,24,Pequeno negocio,9,13,36.0,0,3,1403.32,31,46.6687,111.2869,40.1869,0.0309,0.0,0.3876,Ineficiente
641.79,True,12,Casa,11,5,186.0,5,6,513.22,30,21.393,128.358,3.4505,0.2505,0.4167,0.3035,Moderado
462.74,False,5,Departamento,5,6,124.0,5,10,526.82,30,15.4247,77.1233,3.7318,-0.1216,1.0,0.276,Moderado
269.56,False,10,Departamento,4,2,86.0,1,7,232.17,30,8.9853,134.78,3.1344,0.161,0.1,0.1675,Eficiente
682.09,False,17,Casa,13,5,212.0,0,6,629.93,30,22.7363,136.418,3.2174,0.0828,0.0,0.2649,Moderado
998.48,False,22,Departamento,10,7,111.0,6,9,912.65,30,33.2827,142.64,8.9953,0.094,0.2727,0.3581,Ineficiente
519.78,False,15,Departamento,7,4,108.0,8,8,537.86,29,17.9234,129.945,4.8128,-0.0336,0.5333,0.2567,Moderado
859.19,True,9,Casa,8,7,284.0,0,2,944.17,28,30.6854,122.7414,3.0253,-0.09,0.0,0.2122,Eficiente
853.7,True,11,Pequeno negocio,11,3,62.0,6,3,811.91,31,27.5387,284.5667,13.7694,0.0515,0.5455,0.3242,Ineficiente
463.2,True,14,Casa,4,3,119.0,7,1,511.79,29,15.9724,154.4,3.8924,-0.0949,0.5,0.2648,Moderado
766.17,False,19,Casa,6,4,240.0,1,1,745.95,31,24.7152,191.5425,3.1924,0.0271,0.0526,0.1745,Eficiente
759.06,False,14,Pequeno negocio,0,3,222.0,2,10,784.09,30,25.302,253.02,3.4192,-0.0319,0.1429,0.1844,Eficiente
539.63,False,11,Casa,11,1,71.0,5,8,496.37,31,17.4074,539.63,7.6004,0.0872,0.4545,0.3098,Ineficiente
874.76,True,18,Pequeno negocio,7,5,61.0,6,8,789.25,30,29.1587,174.952,14.3403,0.1083,0.3333,0.3635,Ineficiente
682.67,True,16,Casa,13,3,68.0,5,5,599.91,28,24.3811,227.5567,10.0393,0.138,0.3125,0.2626,Moderado
424.48,True,22,Departamento,4,2,116.0,1,1,432.27,28,15.16,212.24,3.6593,-0.018,0.0455,0.2143,Eficiente
521.54,False,21,Casa,6,3,269.0,8,5,458.78,28,18.6264,173.8467,1.9388,0.1368,0.381,0.2387,Moderado
360.36,False,21,Departamento,0,3,69.0,4,1,304.35,28,12.87,120.12,5.2226,0.184,0.1905,0.1608,Eficiente
612.5,False,10,Departamento,14,7,81.0,5,12,755.89,31,19.7581,87.5,7.5617,-0.1897,0.5,0.3102,Ineficiente
523.03,True,9,Pequeno negocio,5,1,40.0,5,5,497.39,28,18.6796,523.03,13.0758,0.0515,0.5556,0.3543,Ineficiente
896.66,True,22,Pequeno negocio,2,12,87.0,5,1,1162.9,31,28.9245,74.7217,10.3064,-0.2289,0.2273,0.2103,Eficiente
401.72,True,9,Departamento,9,3,57.0,2,3,343.77,29,13.8524,133.9067,7.0477,0.1686,0.2222,0.2193,Eficiente
580.43,True,16,Departamento,12,5,121.0,3,8,430.61,31,18.7235,116.086,4.7969,0.3479,0.1875,0.3408,Ineficiente
263.57,True,9,Departamento,1,2,45.0,1,5,254.49,31,8.5023,131.785,5.8571,0.0357,0.1111,0.1742,Eficiente
772.9,False,20,Pequeno negocio,7,6,87.0,7,0,816.95,31,24.9323,128.8167,8.8839,-0.0539,0.35,0.2106,Eficiente
341.1,False,6,Departamento,7,3,80.0,3,4,338.18,29,11.7621,113.7,4.2638,0.0086,0.5,0.1894,Eficiente
647.0,False,38,Pequeno negocio,2,1,219.0,0,8,700.2,28,23.1071,647.0,2.9543,-0.076,0.0,0.2075,Eficiente
318.07,True,12,Casa,4,1,74.0,0,6,388.36,30,10.6023,318.07,4.2982,-0.181,0.0,0.129,Eficiente
612.38,True,6,Departamento,9,7,123.0,6,7,917.12,30,20.4127,87.4829,4.9787,-0.3323,1.0,0.2136,Eficiente
749.98,True,16,Departamento,14,4,64.0,4,8,857.17,29,25.8614,187.495,11.7184,-0.1251,0.25,0.3669,Ineficiente
639.81,True,11,Casa,1,1,258.0,6,9,675.57,28,22.8504,639.81,2.4799,-0.0529,0.5455,0.2567,Moderado
713.13,True,11,Casa,9,2,233.0,5,5,779.07,29,24.5907,356.565,3.0606,-0.0846,0.4545,0.2086,Eficiente
987.72,True,13,Pequeno negocio,13,7,119.0,8,9,993.45,29,34.0593,141.1029,8.3002,-0.0058,0.6154,0.395,Ineficiente
1049.09,False,14,Casa,11,6,291.0,8,11,1043.96,28,37.4675,174.8483,3.6051,0.0049,0.5714,0.3296,Ineficiente
447.2,False,4,Casa,12,1,113.0,4,1,509.68,28,15.9714,447.2,3.9575,-0.1226,1.0,0.2398,Moderado
784.17,False,23,Casa,13,1,164.0,9,9,792.58,29,27.0403,784.17,4.7815,-0.0106,0.3913,0.3841,Ineficiente
695.67,True,3,Casa,9,4,141.0,2,3,693.69,29,23.9886,173.9175,4.9338,0.0029,0.6667,0.2357,Moderado
356.93,True,18,Departamento,0,4,124.0,4,1,373.89,30,11.8977,89.2325,2.8785,-0.0454,0.2222,0.1754,Eficiente
646.49,True,38,Pequeno negocio,3,4,138.0,2,3,585.92,30,21.5497,161.6225,4.6847,0.1034,0.0526,0.2694,Moderado
1017.1,False,32,Pequeno negocio,6,4,132.0,8,12,732.35,30,33.9033,254.275,7.7053,0.3888,0.25,0.3491,Ineficiente
452.86,True,24,Departamento,14,5,47.0,2,7,403.4,31,14.6084,90.572,9.6353,0.1226,0.0833,0.2971,Moderado
1105.03,True,6,Departamento,3,3,58.0,6,5,1139.7,31,35.6461,368.3433,19.0522,-0.0304,1.0,0.2938,Moderado
632.79,True,24,Casa,12,5,88.0,2,3,736.15,28,22.5996,126.558,7.1908,-0.1404,0.0833,0.2575,Moderado
1284.77,True,26,Pequeno negocio,9,14,79.0,6,6,929.86,29,44.3024,91.7693,16.2629,0.3817,0.2308,0.4033,Ineficiente
1265.23,True,11,Casa,10,2,175.0,0,6,1157.76,31,40.8139,632.615,7.2299,0.0928,0.0,0.3689,Ineficiente
646.22,True,23,Casa,1,3,208.0,7,5,650.47,31,20.8458,215.4067,3.1068,-0.0065,0.3043,0.3032,Moderado
1241.32,True,17,Pequeno negocio,5,14,66.0,8,5,1113.08,28,44.3329,88.6657,18.8079,0.1152,0.4706,0.3625,Ineficiente
951.41,False,32,Pequeno negocio,6,7,149.0,5,9,911.71,28,33.9789,135.9157,6.3853,0.0435,0.1562,0.3191,Ineficiente
718.4,True,19,Casa,7,4,140.0,5,7,643.62,31,23.1742,179.6,5.1314,0.1162,0.2632,0.2901,Moderado
1240.18,True,13,Departamento,13,6,45.0,4,0,1214.06,28,44.2921,206.6967,27.5596,0.0215,0.3077,0.3184,Ineficiente
340.48,False,5,Departamento,5,2,92.0,5,4,394.95,29,11.7407,170.24,3.7009,-0.1379,1.0,0.1827,Eficiente
404.31,False,8,Casa,13,2,86.0,5,0,419.1,31,13.0423,202.155,4.7013,-0.0353,0.625,0.2436,Moderado
1395.11,True,8,Casa,12,7,292.0,4,12,1737.13,28,49.8254,199.3014,4.7778,-0.1969,0.5,0.2756,Moderado
762.91,False,13,Casa,9,6,285.0,5,4,699.26,31,24.61,127.1517,2.6769,0.091,0.3846,0.2411,Moderado
601.23,True,22,Departamento,4,3,74.0,1,12,554.98,31,19.3945,200.41,8.1247,0.0833,0.0455,0.2542,Moderado
608.08,False,15,Casa,1,7,122.0,4,3,542.7,31,19.6155,86.8686,4.9843,0.1205,0.2667,0.1549,Eficiente
296.71,False,6,Departamento,3,3,58.0,4,4,257.03,28,10.5968,98.9033,5.1157,0.1544,0.6667,0.1189,Eficiente
594.94,True,16,Casa,9,5,114.0,8,5,964.2,28,21.2479,118.988,5.2188,-0.383,0.5,0.3182,Ineficiente
2216.02,True,15,Pequeno negocio,3,1,110.0,2,11,2317.33,30,73.8673,2216.02,20.1456,-0.0437,0.1333,0.3904,Ineficiente
1653.23,False,11,Departamento,13,5,52.0,9,1,1718.51,29,57.0079,330.646,31.7929,-0.038,0.8182,0.3032,Moderado
1027.39,False,31,Pequeno negocio,6,8,51.0,8,10,1116.19,31,33.1416,128.4238,20.1449,-0.0796,0.2581,0.3238,Ineficiente
679.85,False,18,Casa,4,2,149.0,7,8,678.44,28,24.2804,339.925,4.5628,0.0021,0.3889,0.3223,Ineficiente
685.65,True,15,Departamento,9,6,91.0,7,2,823.84,29,23.6431,114.275,7.5346,-0.1677,0.4667,0.324,Ineficiente
858.0,True,31,Pequeno negocio,2,9,32.0,3,10,726.93,28,30.6429,95.3333,26.8125,0.1803,0.0968,0.3918,Ineficiente
1595.79,False,7,Casa,12,4,249.0,1,7,2202.91,30,53.193,398.9475,6.4088,-0.2756,0.1429,0.2917,Moderado
602.13,True,5,Casa,8,7,72.0,5,6,765.81,30,20.071,86.0186,8.3629,-0.2137,1.0,0.2332,Moderado
969.97,True,7,Casa,13,7,171.0,7,4,1176.17,30,32.3323,138.5671,5.6723,-0.1753,1.0,0.3117,Ineficiente
682.71,True,16,Casa,12,4,168.0,8,5,629.89,30,22.757,170.6775,4.0638,0.0839,0.5,0.3415,Ineficiente
411.5,True,4,Casa,1,1,114.0,4,10,463.94,28,14.6964,411.5,3.6096,-0.113,1.0,0.159,Eficiente
857.65,True,4,Casa,13,3,253.0,4,12,738.74,29,29.5741,285.8833,3.3899,0.161,1.0,0.3003,Moderado
529.14,False,24,Casa,0,5,259.0,0,11,650.73,30,17.638,105.828,2.043,-0.1869,0.0,0.1806,Eficiente
431.23,True,8,Departamento,11,3,50.0,1,4,438.58,29,14.87,143.7433,8.6246,-0.0168,0.125,0.2141,Eficiente
626.49,True,5,Casa,5,6,224.0,0,8,600.72,31,20.2094,104.415,2.7968,0.0429,0.0,0.2042,Eficiente
866.28,False,24,Casa,5,7,266.0,3,12,821.22,28,30.9386,123.7543,3.2567,0.0549,0.125,0.2253,Eficiente
635.14,True,12,Departamento,12,5,68.0,1,8,764.2,29,21.9014,127.028,9.3403,-0.1689,0.0833,0.2589,Moderado
491.08,False,3,Casa,4,5,211.0,0,0,487.47,29,16.9338,98.216,2.3274,0.0074,0.0,0.1135,Eficiente
961.51,False,12,Casa,13,4,209.0,8,9,1412.37,28,34.3396,240.3775,4.6005,-0.3192,0.6667,0.2401,Moderado
300.0,True,3,Casa,0,2,64.0,1,7,216.12,31,9.6774,150.0,4.6875,0.3881,0.3333,0.1807,Eficiente
639.96,False,9,Casa,2,5,255.0,8,6,554.48,29,22.0676,127.992,2.5096,0.1542,0.8889,0.2356,Moderado
1243.77,False,23,Departamento,5,7,99.0,6,0,1093.67,31,40.1216,177.6814,12.5633,0.1372,0.2609,0.2752,Moderado
1824.33,True,20,Casa,4,5,124.0,6,6,1908.93,30,60.811,364.866,14.7123,-0.0443,0.3,0.3278,Ineficiente
744.7,False,12,Casa,13,6,135.0,1,10,761.43,30,24.8233,124.1167,5.5163,-0.022,0.0833,0.2517,Moderado
680.98,True,7,Pequeno negocio,13,4,124.0,0,7,622.81,31,21.9671,170.245,5.4918,0.0934,0.0,0.2257,Eficiente
779.1,False,19,Pequeno negocio,6,13,135.0,1,3,811.21,28,27.825,59.9308,5.7711,-0.0396,0.0526,0.182,Eficiente
608.53,False,16,Casa,8,3,77.0,3,10,562.15,31,19.63,202.8433,7.903,0.0825,0.1875,0.2183,Eficiente
1006.07,False,19,Casa,5,7,146.0,9,5,826.56,31,32.4539,143.7243,6.8909,0.2172,0.4737,0.2736,Moderado
517.29,True,14,Departamento,6,4,68.0,4,8,617.32,31,16.6868,129.3225,7.6072,-0.162,0.2857,0.3189,Ineficiente
1109.87,False,37,Pequeno negocio,5,8,41.0,2,0,968.05,30,36.9957,138.7337,27.07,0.1465,0.0541,0.33,Ineficiente
460.52,True,14,Pequeno negocio,3,1,128.0,2,1,534.9,29,15.88,460.52,3.5978,-0.1391,0.1429,0.2102,Eficiente
516.8,False,10,Casa,10,1,110.0,3,2,602.56,28,18.4571,516.8,4.6982,-0.1423,0.3,0.2159,Eficiente
476.98,True,21,Casa,1,3,267.0,5,1,480.09,30,15.8993,158.9933,1.7864,-0.0065,0.2381,0.2374,Moderado
641.1,True,20,Casa,4,3,75.0,8,5,601.0,29,22.1069,213.7,8.548,0.0667,0.4,0.3085,Ineficiente
675.69,False,23,Pequeno negocio,1,3,134.0,0,5,904.26,29,23.2997,225.23,5.0425,-0.2528,0.0,0.1384,Eficiente
1518.9,True,39,Pequeno negocio,6,7,123.0,7,1,1283.03,31,48.9968,216.9857,12.3488,0.1838,0.1795,0.3896,Ineficiente
739.26,False,19,Casa,10,7,223.0,0,8,883.31,28,26.4021,105.6086,3.3151,-0.1631,0.0,0.2176,Eficiente
477.38,True,10,Departamento,7,7,41.0,3,6,770.37,28,17.0493,68.1971,11.6434,-0.3803,0.3,0.1717,Eficiente
522.82,False,20,Casa,10,2,170.0,5,5,573.12,29,18.0283,261.41,3.0754,-0.0878,0.25,0.2566,Moderado
355.64,False,14,Departamento,8,4,41.0,1,3,432.47,31,11.4723,88.91,8.6741,-0.1777,0.0714,0.2026,Eficiente
881.48,False,16,Pequeno negocio,5,6,243.0,2,4,880.65,30,29.3827,146.9133,3.6275,0.0009,0.125,0.2175,Eficiente
538.05,True,22,Departamento,13,1,126.0,6,2,522.73,29,18.5534,538.05,4.2702,0.0293,0.2727,0.3549,Ineficiente
806.39,False,24,Casa,9,5,137.0,6,11,1014.5,31,26.0126,161.278,5.8861,-0.2051,0.25,0.2381,Moderado
276.98,True,7,Departamento,0,7,38.0,0,6,287.0,30,9.2327,39.5686,7.2889,-0.0349,0.0,0.124,Eficiente
1064.92,False,19,Casa,2,1,192.0,7,11,923.42,31,34.3523,1064.92,5.5465,0.1532,0.3684,0.4047,Ineficiente
1118.57,False,12,Pequeno negocio,10,10,198.0,4,11,851.48,30,37.2857,111.857,5.6493,0.3137,0.3333,0.3132,Ineficiente
642.9,True,12,Casa,0,1,189.0,6,6,674.51,29,22.169,642.9,3.4016,-0.0469,0.5,0.2167,Eficiente
694.14,True,10,Pequeno negocio,2,8,63.0,2,5,666.08,30,23.138,86.7675,11.0181,0.0421,0.2,0.2154,Eficiente
613.6,True,9,Casa,1,1,190.0,9,9,708.69,29,21.1586,613.6,3.2295,-0.1342,1.0,0.2871,Moderado
824.95,False,14,Casa,12,4,143.0,7,4,856.62,29,28.4466,206.2375,5.7689,-0.037,0.5,0.2838,Moderado
549.35,True,22,Casa,1,1,158.0,6,5,468.53,31,17.721,549.35,3.4769,0.1725,0.2727,0.297,Moderado
412.91,True,23,Casa,3,3,148.0,1,5,442.61,30,13.7637,137.6367,2.7899,-0.0671,0.0435,0.1878,Eficiente
1316.06,True,23,Casa,14,4,144.0,7,7,1497.69,29,45.3814,329.015,9.1393,-0.1213,0.3043,0.4748,Ineficiente
336.22,False,23,Departamento,1,4,47.0,3,0,344.25,30,11.2073,84.055,7.1536,-0.0233,0.1304,0.143,Eficiente
531.22,False,5,Casa,3,6,139.0,5,3,606.81,29,18.3179,88.5367,3.8217,-0.1246,1.0,0.1412,Eficiente
1049.43,True,24,Casa,12,7,230.0,6,8,1181.59,31,33.8526,149.9186,4.5627,-0.1118,0.25,0.358,Ineficiente
581.44,True,15,Casa,2,3,113.0,8,6,565.86,31,18.7561,193.8133,5.1455,0.0275,0.5333,0.3284,Ineficiente
671.6,True,5,Casa,3,7,242.0,5,8,777.63,30,22.3867,95.9429,2.7752,-0.1364,1.0,0.2069,Eficiente
1135.42,False,25,Pequeno negocio,11,11,144.0,3,8,1831.48,31,36.6265,103.22,7.8849,-0.3801,0.12,0.2451,Moderado
522.62,False,17,Pequeno negocio,0,7,142.0,0,4,574.93,28,18.665,74.66,3.6804,-0.091,0.0,0.1408,Eficiente
463.81,False,8,Casa,5,5,88.0,4,5,514.86,31,14.9616,92.762,5.2706,-0.0992,0.5,0.1315,Eficiente
289.75,True,5,Departamento,3,6,38.0,4,0,289.33,30,9.6583,48.2917,7.625,0.0015,0.8,0.1227,Eficiente
635.44,True,11,Departamento,3,3,105.0,3,9,591.38,31,20.4981,211.8133,6.0518,0.0745,0.2727,0.2361,Moderado
960.64,True,12,Pequeno negocio,5,12,45.0,4,5,955.78,31,30.9884,80.0533,21.3476,0.0051,0.3333,0.2724,Moderado
1960.05,False,9,Casa,3,4,76.0,5,3,2216.35,31,63.2274,490.0125,25.7901,-0.1156,0.5556,0.3197,Ineficiente
780.75,False,17,Casa,11,2,276.0,6,6,756.96,28,27.8839,390.375,2.8288,0.0314,0.3529,0.2498,Moderado
296.64,True,18,Departamento,2,3,91.0,3,0,269.85,29,10.229,98.88,3.2598,0.0993,0.1667,0.1904,Eficiente
821.92,True,36,Pequeno negocio,5,1,112.0,6,5,922.4,29,28.3421,821.92,7.3386,-0.1089,0.1667,0.346,Ineficiente
528.75,True,4,Departamento,1,3,104.0,4,11,550.99,30,17.625,176.25,5.0841,-0.0404,1.0,0.1697,Eficiente
556.11,True,9,Departamento,1,7,99.0,6,4,437.48,29,19.1762,79.4443,5.6173,0.2712,0.6667,0.208,Eficiente
648.87,False,16,Casa,10,3,264.0,6,4,590.72,29,22.3748,216.29,2.4578,0.0984,0.375,0.2826,Moderado
509.12,True,11,Departamento,6,5,110.0,2,5,422.9,30,16.9707,101.824,4.6284,0.2039,0.1818,0.3,Moderado
1517.74,False,32,Pequeno negocio,6,9,128.0,3,3,1473.23,29,52.3359,168.6378,11.8573,0.0302,0.0938,0.3226,Ineficiente
509.0,False,21,Casa,4,3,120.0,0,2,564.64,30,16.9667,169.6667,4.2417,-0.0985,0.0,0.1999,Eficiente
966.54,True,20,Departamento,2,7,104.0,5,6,875.5,31,31.1787,138.0771,9.2937,0.104,0.25,0.1882,Eficiente
594.47,True,16,Casa,13,7,263.0,0,8,635.71,30,19.8157,84.9243,2.2603,-0.0649,0.0,0.269,Moderado
472.39,True,5,Departamento,11,7,46.0,5,3,587.73,29,16.2893,67.4843,10.2693,-0.1962,1.0,0.2442,Moderado
509.2,False,19,Departamento,6,1,50.0,9,2,584.8,31,16.4258,509.2,10.184,-0.1293,0.4737,0.2965,Moderado
488.08,True,10,Departamento,0,7,65.0,8,9,462.28,28,17.4314,69.7257,7.5089,0.0558,0.8,0.3347,Ineficiente
2192.75,False,16,Pequeno negocio,13,7,44.0,1,6,2227.82,28,78.3125,313.25,49.8352,-0.0157,0.0625,0.3969,Ineficiente
561.39,False,18,Casa,6,1,96.0,6,3,592.9,29,19.3583,561.39,5.8478,-0.0531,0.3333,0.2315,Moderado
924.06,False,21,Casa,2,1,199.0,4,11,983.97,30,30.802,924.06,4.6435,-0.0609,0.1905,0.2464,Moderado
521.53,False,18,Casa,1,6,191.0,0,12,528.0,31,16.8235,86.9217,2.7305,-0.0123,0.0,0.1577,Eficiente
1073.0,True,9,Casa,14,5,200.0,7,11,905.62,30,35.7667,214.6,5.365,0.1848,0.7778,0.3471,Ineficiente
697.63,False,12,Casa,0,5,141.0,8,3,964.03,30,23.2543,139.526,4.9477,-0.2763,0.6667,0.1157,Eficiente
697.42,False,10,Casa,5,7,220.0,4,12,672.76,29,24.049,99.6314,3.1701,0.0367,0.4,0.2306,Moderado
685.03,True,13,Casa,8,1,272.0,9,4,586.76,28,24.4654,685.03,2.5185,0.1675,0.6923,0.3387,Ineficiente
704.3,True,19,Casa,4,1,205.0,0,1,682.41,29,24.2862,704.3,3.4356,0.0321,0.0,0.2158,Eficiente
874.7,True,24,Casa,2,7,269.0,8,6,817.37,30,29.1567,124.9571,3.2517,0.0701,0.3333,0.3559,Ineficiente
524.37,True,11,Departamento,9,5,73.0,6,12,451.42,31,16.9152,104.874,7.1832,0.1616,0.5455,0.4409,Ineficiente
583.18,True,10,Casa,1,6,135.0,6,0,670.44,28,20.8279,97.1967,4.3199,-0.1302,0.6,0.1737,Eficiente
608.76,True,22,Departamento,14,4,74.0,5,0,595.94,29,20.9917,152.19,8.2265,0.0215,0.2273,0.2969,Moderado
612.75,False,14,Pequeno negocio,7,8,196.0,0,0,746.8,28,21.8839,76.5938,3.1263,-0.1795,0.0,0.1802,Eficiente
1636.0,True,11,Departamento,11,4,128.0,4,10,1468.07,30,54.5333,409.0,12.7812,0.1144,0.3636,0.3495,Ineficiente
790.95,True,23,Casa,12,7,141.0,9,3,638.1,29,27.2741,112.9929,5.6096,0.2395,0.3913,0.3565,Ineficiente
645.55,True,22,Casa,11,1,99.0,4,6,588.89,31,20.8242,645.55,6.5207,0.0962,0.1818,0.3732,Ineficiente
226.47,True,20,Departamento,7,1,46.0,0,1,265.88,31,7.3055,226.47,4.9233,-0.1482,0.0,0.2237,Eficiente
437.57,False,22,Departamento,1,3,61.0,4,12,317.0,31,14.1152,145.8567,7.1733,0.3803,0.1818,0.2468,Moderado
422.36,True,8,Casa,1,4,207.0,1,9,364.08,28,15.0843,105.59,2.0404,0.1601,0.125,0.1905,Eficiente
531.13,True,4,Casa,5,5,237.0,4,7,602.46,31,17.1332,106.226,2.2411,-0.1184,1.0,0.2753,Moderado
446.3,True,21,Departamento,4,2,92.0,6,11,435.18,28,15.9393,223.15,4.8511,0.0256,0.2857,0.2945,Moderado
564.47,True,13,Casa,13,7,67.0,0,2,606.37,30,18.8157,80.6386,8.4249,-0.0691,0.0,0.2922,Moderado
481.41,False,8,Departamento,6,2,92.0,4,5,478.98,28,17.1932,240.705,5.2327,0.0051,0.5,0.2014,Eficiente
717.62,True,13,Casa,14,2,126.0,5,12,635.72,30,23.9207,358.81,5.6954,0.1288,0.3846,0.4323,Ineficiente
872.55,False,21,Casa,4,7,119.0,7,6,926.52,31,28.1468,124.65,7.3324,-0.0583,0.3333,0.2213,Eficiente
1196.94,False,32,Pequeno negocio,14,12,102.0,0,3,1445.01,29,41.2738,99.745,11.7347,-0.1717,0.0,0.2866,Moderado
745.45,False,16,Casa,5,5,251.0,6,7,930.39,29,25.7052,149.09,2.9699,-0.1988,0.375,0.1931,Eficiente
673.18,True,14,Departamento,14,4,84.0,6,12,675.42,29,23.2131,168.295,8.014,-0.0033,0.4286,0.3288,Ineficiente
420.83,True,13,Casa,7,2,225.0,0,1,374.75,30,14.0277,210.415,1.8704,0.123,0.0,0.2614,Moderado
543.41,True,23,Casa,0,4,79.0,1,12,724.85,30,18.1137,135.8525,6.8786,-0.2503,0.0435,0.2195,Eficiente
1072.99,True,19,Pequeno negocio,14,4,106.0,6,6,1085.78,28,38.3211,268.2475,10.1225,-0.0118,0.3158,0.3504,Ineficiente
455.37,True,12,Casa,3,1,118.0,8,1,454.82,28,16.2632,455.37,3.8591,0.0012,0.6667,0.247,Moderado
2440.66,False,20,Casa,12,7,161.0,8,12,2726.46,31,78.731,348.6657,15.1594,-0.1048,0.4,0.3736,Ineficiente
1166.37,False,12,Pequeno negocio,12,6,66.0,7,7,1446.2,28,41.6561,194.395,17.6723,-0.1935,0.5833,0.3039,Moderado
430.3,False,5,Departamento,3,7,84.0,5,2,418.6,29,14.8379,61.4714,5.1226,0.028,1.0,0.1707,Eficiente
728.69,True,21,Departamento,8,7,64.0,6,2,694.61,31,23.5061,104.0986,11.3858,0.0491,0.2857,0.3671,Ineficiente
638.33,True,18,Casa,11,7,203.0,1,1,644.46,29,22.0114,91.19,3.1445,-0.0095,0.0556,0.1542,Eficiente
798.61,False,21,Casa,14,5,151.0,5,6,799.32,28,28.5218,159.722,5.2888,-0.0009,0.2381,0.2862,Moderado
423.65,True,20,Departamento,5,7,68.0,3,3,446.95,29,14.6086,60.5214,6.2301,-0.0521,0.15,0.2514,Moderado
2423.51,True,23,Casa,6,7,146.0,2,4,2492.88,31,78.1777,346.2157,16.5994,-0.0278,0.087,0.3889,Ineficiente
589.09,False,14,Casa,12,5,88.0,1,7,461.59,30,19.6363,117.818,6.6942,0.2762,0.0714,0.2324,Moderado
1364.0,True,4,Departamento,7,7,59.0,0,12,1318.82,31,44.0,194.8571,23.1186,0.0343,0.0,0.2996,Moderado
783.19,False,9,Casa,9,3,91.0,7,11,700.42,29,27.0066,261.0633,8.6065,0.1182,0.7778,0.2804,Moderado
421.0,True,6,Casa,1,6,77.0,1,1,484.86,31,13.5806,70.1667,5.4675,-0.1317,0.1667,0.1336,Eficiente
775.18,False,8,Casa,10,7,173.0,6,4,892.59,28,27.685,110.74,4.4808,-0.1315,0.75,0.2766,Moderado
614.47,True,15,Casa,5,5,198.0,3,2,603.31,28,21.9454,122.894,3.1034,0.0185,0.2,0.2605,Moderado
511.72,False,24,Departamento,5,1,75.0,4,4,571.99,30,17.0573,511.72,6.8229,-0.1054,0.1667,0.1898,Eficiente
886.44,True,8,Pequeno negocio,13,5,73.0,3,11,1038.65,31,28.5948,177.288,12.143,-0.1465,0.375,0.2859,Moderado
447.1,True,12,Casa,10,2,126.0,2,4,509.4,31,14.4226,223.55,3.5484,-0.1223,0.1667,0.2641,Moderado
569.0,False,13,Casa,8,4,291.0,4,8,618.03,29,19.6207,142.25,1.9553,-0.0793,0.3077,0.1682,Eficiente
488.89,False,14,Departamento,8,4,86.0,7,10,367.29,31,15.7706,122.2225,5.6848,0.3311,0.5,0.3016,Moderado
707.94,True,12,Casa,12,6,104.0,5,3,548.94,29,24.4117,117.99,6.8071,0.2896,0.4167,0.3505,Ineficiente
954.52,True,16,Departamento,9,2,99.0,7,6,808.28,31,30.791,477.26,9.6416,0.1809,0.4375,0.3501,Ineficiente
1199.42,True,35,Pequeno negocio,3,6,47.0,9,10,1019.99,28,42.8364,199.9033,25.5196,0.1759,0.2571,0.4278,Ineficiente
347.07,False,5,Departamento,8,5,78.0,4,4,308.82,29,11.9679,69.414,4.4496,0.1239,0.8,0.2169,Eficiente
576.39,False,10,Casa,9,1,215.0,8,8,734.08,28,20.5854,576.39,2.6809,-0.2148,0.8,0.3512,Ineficiente
898.22,True,7,Pequeno negocio,0,8,179.0,1,2,801.64,30,29.9407,112.2775,5.018,0.1205,0.1429,0.2014,Eficiente
627.97,True,21,Casa,1,1,222.0,5,11,836.09,29,21.6541,627.97,2.8287,-0.2489,0.2381,0.2789,Moderado
631.67,True,35,Pequeno negocio,7,1,245.0,4,1,512.48,31,20.3765,631.67,2.5782,0.2326,0.1143,0.3006,Moderado
876.4,False,17,Departamento,8,7,95.0,0,8,813.67,30,29.2133,125.2,9.2253,0.0771,0.0,0.1563,Eficiente
448.49,True,4,Departamento,0,4,48.0,4,12,509.49,29,15.4652,112.1225,9.3435,-0.1197,1.0,0.188,Eficiente
909.2,True,18,Pequeno negocio,6,8,147.0,7,1,856.67,31,29.329,113.65,6.185,0.0613,0.3889,0.3352,Ineficiente
409.79,True,22,Departamento,2,3,42.0,5,6,483.35,28,14.6354,136.5967,9.7569,-0.1522,0.2273,0.2601,Moderado
1725.34,False,23,Casa,10,6,248.0,6,12,1770.63,28,61.6193,287.5567,6.957,-0.0256,0.2609,0.3991,Ineficiente
535.01,False,6,Casa,7,5,173.0,6,0,540.95,28,19.1075,107.002,3.0925,-0.011,1.0,0.1912,Eficiente
360.67,False,17,Departamento,1,4,41.0,7,3,379.49,30,12.0223,90.1675,8.7968,-0.0496,0.4118,0.2024,Eficiente
362.26,False,7,Departamento,6,1,92.0,2,11,285.44,31,11.6858,362.26,3.9376,0.2691,0.2857,0.2025,Eficiente
681.05,False,19,Casa,13,7,187.0,4,1,622.63,28,24.3232,97.2929,3.642,0.0938,0.2105,0.2941,Moderado
220.07,False,14,Departamento,0,1,92.0,3,12,202.4,31,7.099,220.07,2.3921,0.0873,0.2143,0.2116,Eficiente
570.72,True,20,Departamento,6,3,82.0,9,9,615.79,31,18.4103,190.24,6.96,-0.0732,0.45,0.343,Ineficiente
492.87,True,22,Casa,2,5,70.0,1,3,512.27,29,16.9955,98.574,7.041,-0.0379,0.0455,0.2104,Eficiente
946.59,True,10,Casa,13,6,161.0,9,2,822.48,28,33.8068,157.765,5.8794,0.1509,0.9,0.2869,Moderado
597.65,False,4,Casa,6,4,187.0,3,4,648.21,31,19.279,149.4125,3.196,-0.078,0.75,0.1527,Eficiente
1077.66,True,9,Casa,9,3,257.0,7,6,1168.43,31,34.7632,359.22,4.1932,-0.0777,0.7778,0.3171,Ineficiente
1906.52,True,7,Casa,14,3,212.0,1,12,1870.13,30,63.5507,635.5067,8.993,0.0195,0.1429,0.3994,Ineficiente
599.57,False,5,Casa,0,7,285.0,5,10,575.69,31,19.341,85.6529,2.1038,0.0415,1.0,0.2162,Eficiente
604.97,True,18,Casa,7,3,80.0,5,0,633.85,29,20.861,201.6567,7.5621,-0.0456,0.2778,0.2614,Moderado
806.38,False,22,Casa,1,6,188.0,9,7,854.39,29,27.8062,134.3967,4.2893,-0.0562,0.4091,0.3463,Ineficiente
416.15,False,14,Departamento,11,1,114.0,3,4,519.45,28,14.8625,416.15,3.6504,-0.1989,0.2143,0.2134,Eficiente
771.3,False,14,Casa,8,5,180.0,9,6,693.77,30,25.71,154.26,4.285,0.1118,0.6429,0.3165,Ineficiente
1387.89,False,12,Pequeno negocio,6,11,224.0,8,5,1546.41,30,46.263,126.1718,6.1959,-0.1025,0.6667,0.2684,Moderado
806.56,True,6,Pequeno negocio,4,13,106.0,0,7,812.19,28,28.8057,62.0431,7.6091,-0.0069,0.0,0.1502,Eficiente
401.62,True,3,Departamento,2,3,57.0,3,10,641.97,29,13.849,133.8733,7.046,-0.3744,1.0,0.1716,Eficiente
900.93,True,28,Pequeno negocio,13,9,47.0,4,3,814.75,30,30.031,100.1033,19.1687,0.1058,0.1429,0.3484,Ineficiente
622.42,True,9,Pequeno negocio,0,9,236.0,2,4,536.03,29,21.4628,69.1578,2.6374,0.1612,0.2222,0.225,Eficiente
602.55,False,6,Casa,1,5,253.0,6,0,543.47,31,19.4371,120.51,2.3816,0.1087,1.0,0.1432,Eficiente
340.1,False,15,Departamento,5,7,122.0,0,4,305.26,30,11.3367,48.5857,2.7877,0.1141,0.0,0.1151,Eficiente
1464.25,False,3,Casa,5,5,62.0,2,12,1522.58,29,50.4914,292.85,23.6169,-0.0383,0.6667,0.2892,Moderado
677.3,False,21,Departamento,13,6,68.0,2,9,529.96,29,23.3552,112.8833,9.9603,0.278,0.0952,0.3354,Ineficiente
582.78,False,17,Departamento,4,7,126.0,4,8,603.57,31,18.7994,83.2543,4.6252,-0.0344,0.2353,0.2617,Moderado
620.25,False,24,Casa,4,2,97.0,6,11,507.52,30,20.675,310.125,6.3943,0.2221,0.25,0.3231,Ineficiente
557.65,True,9,Casa,3,5,203.0,0,7,601.95,30,18.5883,111.53,2.747,-0.0736,0.0,0.1933,Eficiente
612.93,True,13,Pequeno negocio,5,1,200.0,6,1,480.45,29,21.1355,612.93,3.0646,0.2757,0.4615,0.2996,Moderado
752.39,True,19,Casa,4,5,291.0,4,8,745.3,28,26.8711,150.478,2.5855,0.0095,0.2105,0.2906,Moderado
1703.42,False,3,Casa,10,1,253.0,3,1,1969.2,31,54.949,1703.42,6.7329,-0.135,1.0,0.2375,Moderado
581.07,False,19,Casa,11,6,112.0,0,2,853.45,28,20.7525,96.845,5.1881,-0.3192,0.0,0.1413,Eficiente
758.12,False,18,Departamento,11,2,120.0,8,8,818.05,29,26.1421,379.06,6.3177,-0.0733,0.4444,0.3105,Ineficiente
1262.22,True,19,Pequeno negocio,12,11,222.0,5,12,1103.33,30,42.074,114.7473,5.6857,0.144,0.2632,0.39,Ineficiente
385.02,False,15,Departamento,9,5,76.0,2,4,436.62,30,12.834,77.004,5.0661,-0.1182,0.1333,0.146,Eficiente
687.17,False,20,Casa,10,2,99.0,7,3,896.22,30,22.9057,343.585,6.9411,-0.2333,0.35,0.1666,Eficiente
474.99,True,5,Casa,5,1,164.0,4,8,488.67,28,16.9639,474.99,2.8963,-0.028,0.8,0.2402,Moderado
674.32,False,11,Casa,14,5,232.0,3,4,539.07,28,24.0829,134.864,2.9066,0.2509,0.2727,0.2552,Moderado
612.3,False,8,Departamento,14,2,75.0,1,2,490.2,28,21.8679,306.15,8.164,0.2491,0.125,0.2,Eficiente
1157.15,True,38,Pequeno negocio,0,10,151.0,4,2,2274.0,29,39.9017,115.715,7.6632,-0.4911,0.1053,0.2211,Eficiente
522.3,False,6,Departamento,5,7,44.0,2,10,480.04,28,18.6536,74.6143,11.8705,0.088,0.3333,0.1693,Eficiente
879.38,True,4,Casa,10,3,289.0,4,7,820.54,31,28.3671,293.1267,3.0428,0.0717,1.0,0.2303,Moderado
478.28,True,23,Departamento,4,6,40.0,3,4,610.1,29,16.4924,79.7133,11.957,-0.2161,0.1304,0.3146,Ineficiente
639.26,True,11,Casa,7,2,92.0,1,12,642.5,30,21.3087,319.63,6.9485,-0.005,0.0909,0.272,Moderado
687.62,True,20,Departamento,12,7,54.0,7,4,540.31,28,24.5579,98.2314,12.7337,0.2726,0.35,0.3426,Ineficiente
505.53,False,8,Departamento,13,2,86.0,8,8,479.13,31,16.3074,252.765,5.8783,0.0551,1.0,0.3547,Ineficiente
1019.3,True,18,Departamento,14,7,103.0,8,2,854.97,30,33.9767,145.6143,9.8961,0.1922,0.4444,0.3952,Ineficiente
703.97,True,23,Departamento,9,6,129.0,4,12,876.28,31,22.7087,117.3283,5.4571,-0.1966,0.1739,0.271,Moderado
1064.83,False,6,Pequeno negocio,14,12,133.0,3,2,938.84,30,35.4943,88.7358,8.0062,0.1342,0.5,0.1998,Eficiente
736.19,True,9,Casa,9,6,119.0,2,5,745.78,31,23.7481,122.6983,6.1865,-0.0129,0.2222,0.2961,Moderado
603.2,True,16,Casa,7,5,227.0,3,7,636.17,31,19.4581,120.64,2.6573,-0.0518,0.1875,0.245,Moderado
514.43,False,21,Casa,3,5,65.0,1,6,586.81,28,18.3725,102.886,7.9143,-0.1233,0.0476,0.1231,Eficiente
621.92,False,21,Departamento,13,3,44.0,8,7,683.41,30,20.7307,207.3067,14.1345,-0.09,0.381,0.2941,Moderado
456.15,False,9,Departamento,3,2,60.0,2,10,454.32,29,15.7293,228.075,7.6025,0.004,0.2222,0.1339,Eficiente
668.41,True,8,Departamento,2,5,94.0,7,10,729.07,29,23.0486,133.682,7.1107,-0.0832,0.875,0.2885,Moderado
738.97,True,12,Departamento,11,1,102.0,3,4,652.59,29,25.4817,738.97,7.2448,0.1324,0.25,0.3148,Ineficiente
794.5,False,8,Casa,13,3,163.0,6,8,1161.79,31,25.629,264.8333,4.8742,-0.3161,0.75,0.2478,Moderado
503.01,False,18,Departamento,14,1,69.0,9,7,440.08,31,16.2261,503.01,7.29,0.143,0.5,0.387,Ineficiente
556.83,False,16,Departamento,11,1,94.0,4,5,751.14,29,19.201,556.83,5.9237,-0.2587,0.25,0.2121,Eficiente
560.79,True,13,Casa,14,1,154.0,9,6,645.12,31,18.09,560.79,3.6415,-0.1307,0.6923,0.3603,Ineficiente
555.72,False,20,Casa,5,1,253.0,3,10,489.62,29,19.1628,555.72,2.1965,0.135,0.15,0.2931,Moderado
494.61,False,7,Casa,1,7,73.0,2,8,433.71,30,16.487,70.6586,6.7755,0.1404,0.2857,0.138,Eficiente
598.12,False,21,Casa,3,6,267.0,7,0,563.41,28,21.3614,99.6867,2.2401,0.0616,0.3333,0.1752,Eficiente
373.44,True,15,Departamento,2,7,89.0,1,0,326.24,28,13.3371,53.3486,4.196,0.1447,0.0667,0.1251,Eficiente
917.06,True,31,Pequeno negocio,11,5,118.0,0,9,879.11,28,32.7521,183.412,7.7717,0.0432,0.0,0.3328,Ineficiente
542.24,True,16,Departamento,6,7,53.0,3,6,557.65,30,18.0747,77.4629,10.2309,-0.0276,0.1875,0.3032,Moderado
3585.48,False,19,Casa,6,5,239.0,5,7,3793.99,30,119.516,717.096,15.002,-0.055,0.2632,0.3747,Ineficiente
670.92,False,7,Departamento,13,6,60.0,4,11,682.58,28,23.9614,111.82,11.182,-0.0171,0.5714,0.2674,Moderado
427.65,True,8,Departamento,14,7,60.0,0,2,423.36,28,15.2732,61.0929,7.1275,0.0101,0.0,0.1637,Eficiente
511.51,True,15,Casa,2,2,288.0,5,3,532.87,31,16.5003,255.755,1.7761,-0.0401,0.3333,0.2465,Moderado
806.33,False,9,Pequeno negocio,12,2,66.0,6,8,922.01,29,27.8045,403.165,12.2171,-0.1255,0.6667,0.256,Moderado
499.69,True,3,Casa,9,5,127.0,2,10,650.8,30,16.6563,99.938,3.9346,-0.2322,0.6667,0.2491,Moderado
714.81,False,12,Casa,11,3,69.0,5,12,831.1,28,25.5289,238.27,10.3596,-0.1399,0.4167,0.2988,Moderado
666.71,True,8,Casa,14,4,75.0,3,12,578.83,29,22.99,166.6775,8.8895,0.1518,0.375,0.313,Ineficiente
488.46,False,17,Casa,5,2,85.0,0,4,506.34,29,16.8434,244.23,5.7466,-0.0353,0.0,0.1407,Eficiente
2148.24,True,27,Pequeno negocio,12,15,242.0,7,2,2333.19,31,69.2981,143.216,8.877,-0.0793,0.2593,0.4351,Ineficiente
1350.16,False,14,Casa,10,7,205.0,4,8,1183.6,30,45.0053,192.88,6.5861,0.1407,0.2857,0.2774,Moderado
849.97,True,21,Casa,9,6,68.0,9,2,861.5,28,30.3561,141.6617,12.4996,-0.0134,0.4286,0.3423,Ineficiente
743.35,True,4,Casa,11,4,161.0,1,5,698.95,28,26.5482,185.8375,4.6171,0.0635,0.25,0.3301,Ineficiente
565.1,True,20,Casa,11,5,86.0,0,3,599.45,30,18.8367,113.02,6.5709,-0.0573,0.0,0.2158,Eficiente
767.76,True,13,Casa,6,3,106.0,7,5,804.91,28,27.42,255.92,7.243,-0.0462,0.5385,0.3679,Ineficiente
721.38,False,18,Casa,13,2,73.0,8,11,867.19,28,25.7636,360.69,9.8819,-0.1681,0.4444,0.3748,Ineficiente
491.33,False,20,Departamento,1,7,71.0,9,3,492.91,31,15.8494,70.19,6.9201,-0.0032,0.45,0.2055,Eficiente
761.89,True,9,Casa,2,7,79.0,9,11,860.63,28,27.2104,108.8414,9.6442,-0.1147,1.0,0.2623,Moderado
337.65,False,8,Departamento,11,2,98.0,3,2,391.24,30,11.255,168.825,3.4454,-0.137,0.375,0.1572,Eficiente
887.35,True,19,Casa,6,6,283.0,6,3,868.83,30,29.5783,147.8917,3.1355,0.0213,0.3158,0.3732,Ineficiente
505.25,True,16,Departamento,4,4,44.0,0,3,499.2,31,16.2984,126.3125,11.483,0.0121,0.0,0.1764,Eficiente
1000.9,True,13,Pequeno negocio,7,7,127.0,4,9,1132.94,30,33.3633,142.9857,7.8811,-0.1165,0.3077,0.2538,Moderado
471.3,False,8,Casa,1,1,240.0,8,10,493.19,28,16.8321,471.3,1.9638,-0.0444,1.0,0.1929,Eficiente
553.67,True,21,Casa,0,4,278.0,6,0,564.83,30,18.4557,138.4175,1.9916,-0.0198,0.2857,0.1861,Eficiente
1023.14,True,23,Pequeno negocio,0,12,106.0,8,4,871.57,30,34.1047,85.2617,9.6523,0.1739,0.3478,0.3061,Ineficiente
759.49,True,23,Departamento,13,6,73.0,9,12,993.69,29,26.1893,126.5817,10.404,-0.2357,0.3913,0.3894,Ineficiente
521.47,True,18,Departamento,4,3,84.0,7,6,440.4,29,17.9817,173.8233,6.208,0.1841,0.3889,0.2749,Moderado
644.53,True,7,Casa,13,2,133.0,6,2,561.36,29,22.2252,322.265,4.8461,0.1482,0.8571,0.2954,Moderado
657.34,True,7,Casa,7,5,260.0,3,2,655.73,30,21.9113,131.468,2.5282,0.0025,0.4286,0.2234,Eficiente
603.82,False,24,Departamento,4,7,119.0,5,6,566.19,29,20.8214,86.26,5.0741,0.0665,0.2083,0.2768,Moderado
356.27,True,25,Pequeno negocio,0,1,167.0,0,2,330.71,30,11.8757,356.27,2.1334,0.0773,0.0,0.1576,Eficiente
622.42,True,16,Casa,1,6,150.0,5,5,787.17,31,20.0781,103.7367,4.1495,-0.2093,0.3125,0.2511,Moderado
654.49,False,17,Departamento,8,5,90.0,9,7,630.75,28,23.3746,130.898,7.2721,0.0376,0.5294,0.3354,Ineficiente
534.0,True,12,Departamento,9,4,70.0,1,6,568.64,30,17.8,133.5,7.6286,-0.0609,0.0833,0.2658,Moderado
861.49,True,9,Casa,13,6,274.0,4,7,1198.36,29,29.7066,143.5817,3.1441,-0.2811,0.4444,0.3438,Ineficiente
628.93,False,21,Casa,2,1,179.0,8,0,714.03,28,22.4618,628.93,3.5136,-0.1192,0.381,0.2627,Moderado
681.28,True,22,Casa,8,7,224.0,3,6,585.33,29,23.4924,97.3257,3.0414,0.1639,0.1364,0.2507,Moderado
463.33,False,22,Casa,1,3,187.0,5,0,477.5,31,14.9461,154.4433,2.4777,-0.0297,0.2273,0.1058,Eficiente
464.46,False,20,Departamento,7,1,116.0,7,9,408.74,28,16.5879,464.46,4.004,0.1363,0.35,0.2519,Moderado
796.88,False,22,Casa,2,7,132.0,7,6,766.66,28,28.46,113.84,6.037,0.0394,0.3182,0.2624,Moderado
693.52,True,14,Casa,3,6,127.0,6,8,869.51,30,23.1173,115.5867,5.4608,-0.2024,0.4286,0.251,Moderado
396.01,False,9,Departamento,6,6,62.0,0,4,354.66,30,13.2003,66.0017,6.3873,0.1166,0.0,0.154,Eficiente
206.68,False,4,Departamento,6,2,53.0,0,2,183.68,29,7.1269,103.34,3.8996,0.1252,0.0,0.1436,Eficiente
633.38,False,9,Departamento,1,6,115.0,7,8,685.11,30,21.1127,105.5633,5.5077,-0.0755,0.7778,0.1478,Eficiente
2680.73,True,12,Departamento,9,5,121.0,9,0,3448.31,30,89.3577,536.146,22.1548,-0.2226,0.75,0.3915,Ineficiente
450.8,False,4,Casa,6,7,111.0,2,6,462.67,28,16.1,64.4,4.0613,-0.0257,0.5,0.0834,Eficiente
492.05,True,10,Departamento,12,3,55.0,5,3,541.98,30,16.4017,164.0167,8.9464,-0.0921,0.5,0.3461,Ineficiente
1519.6,True,23,Casa,9,7,267.0,0,4,1546.44,31,49.0194,217.0857,5.6914,-0.0174,0.0,0.3229,Ineficiente
633.17,True,8,Casa,13,5,159.0,1,5,533.72,29,21.8334,126.634,3.9822,0.1863,0.125,0.3071,Ineficiente
363.33,False,11,Casa,0,2,68.0,4,5,313.31,31,11.7203,181.665,5.3431,0.1597,0.3636,0.1464,Eficiente
302.01,False,17,Departamento,6,2,129.0,0,2,268.92,28,10.7861,151.005,2.3412,0.123,0.0,0.1914,Eficiente
663.03,False,22,Departamento,12,7,44.0,5,1,612.94,28,23.6796,94.7186,15.0689,0.0817,0.2273,0.2364,Moderado
871.54,False,23,Casa,2,5,271.0,5,6,892.36,28,31.1264,174.308,3.216,-0.0233,0.2174,0.244,Moderado
571.95,True,26,Pequeno negocio,3,1,208.0,0,3,483.73,29,19.7224,571.95,2.7498,0.1824,0.0,0.2479,Moderado
1180.78,True,9,Pequeno negocio,10,15,208.0,5,0,1362.11,29,40.7166,78.7187,5.6768,-0.1331,0.5556,0.2867,Moderado
741.75,False,5,Casa,0,6,120.0,4,11,824.71,31,23.9274,123.625,6.1812,-0.1006,0.8,0.1596,Eficiente
477.08,False,19,Departamento,14,2,88.0,0,6,444.12,31,15.3897,238.54,5.4214,0.0742,0.0,0.264,Moderado
662.25,False,22,Casa,14,2,231.0,2,1,499.95,30,22.075,331.125,2.8669,0.3246,0.0909,0.2208,Eficiente
1094.05,True,36,Pequeno negocio,14,9,110.0,5,4,1120.94,31,35.2919,121.5611,9.9459,-0.024,0.1389,0.3809,Ineficiente
799.68,False,23,Casa,11,7,282.0,8,1,685.17,31,25.7961,114.24,2.8357,0.1671,0.3478,0.3287,Ineficiente
1812.28,False,17,Casa,14,3,113.0,4,12,2162.98,29,62.4924,604.0933,16.0379,-0.1621,0.2353,0.4472,Ineficiente
914.42,True,10,Casa,14,5,299.0,6,6,879.7,29,31.5317,182.884,3.0583,0.0395,0.6,0.3148,Ineficiente
514.05,False,21,Casa,3,5,129.0,4,11,468.58,29,17.7259,102.81,3.9849,0.097,0.1905,0.2528,Moderado
649.15,True,19,Departamento,2,5,126.0,8,4,576.42,28,23.1839,129.83,5.152,0.1262,0.4211,0.3059,Ineficiente
661.02,True,11,Departamento,12,5,41.0,9,12,687.14,30,22.034,132.204,16.1224,-0.038,0.8182,0.3864,Ineficiente
648.43,False,15,Casa,6,2,195.0,4,12,713.48,31,20.9171,324.215,3.3253,-0.0912,0.2667,0.2916,Moderado
497.51,True,15,Departamento,0,5,75.0,2,8,596.42,31,16.0487,99.502,6.6335,-0.1658,0.1333,0.1739,Eficiente
899.88,False,5,Pequeno negocio,6,14,180.0,5,5,920.82,29,31.0303,64.2771,4.9993,-0.0227,1.0,0.2318,Moderado
751.46,False,9,Departamento,0,6,67.0,8,12,599.84,30,25.0487,125.2433,11.2158,0.2528,0.8889,0.2436,Moderado
576.39,True,8,Departamento,8,6,54.0,5,7,602.17,31,18.5932,96.065,10.6739,-0.0428,0.625,0.3246,Ineficiente
649.5,False,9,Casa,10,6,114.0,3,2,472.61,30,21.65,108.25,5.6974,0.3743,0.3333,0.2111,Eficiente
539.8,True,14,Casa,0,1,117.0,7,0,537.23,28,19.2786,539.8,4.6137,0.0048,0.5,0.2412,Moderado
1394.25,True,13,Pequeno negocio,1,14,230.0,1,6,1236.3,28,49.7946,99.5893,6.062,0.1278,0.0769,0.1977,Eficiente
600.88,True,21,Departamento,13,4,73.0,2,3,451.98,31,19.3832,150.22,8.2312,0.3294,0.0952,0.3063,Ineficiente
301.22,False,3,Departamento,5,1,95.0,1,9,294.51,31,9.7168,301.22,3.1707,0.0228,0.3333,0.2051,Eficiente
1159.07,True,10,Pequeno negocio,0,5,74.0,9,7,901.07,31,37.3894,231.814,15.6631,0.2863,0.9,0.3089,Ineficiente
625.78,True,8,Casa,0,5,174.0,8,6,617.69,30,20.8593,125.156,3.5964,0.0131,1.0,0.2254,Eficiente
501.68,False,10,Departamento,5,3,113.0,9,3,515.45,31,16.1832,167.2267,4.4396,-0.0267,0.9,0.2501,Moderado
854.99,False,6,Casa,1,6,90.0,0,2,836.68,29,29.4824,142.4983,9.4999,0.0219,0.0,0.0928,Eficiente
451.28,False,3,Casa,2,4,117.0,3,2,581.06,30,15.0427,112.82,3.8571,-0.2234,1.0,0.0958,Eficiente
248.32,True,5,Departamento,3,2,123.0,2,8,284.69,28,8.8686,124.16,2.0189,-0.1278,0.4,0.1595,Eficiente
793.9,False,7,Casa,10,5,69.0,7,10,940.26,29,27.3759,158.78,11.5058,-0.1557,1.0,0.2793,Moderado
1061.06,False,35,Pequeno negocio,8,8,213.0,3,12,1058.72,28,37.895,132.6325,4.9815,0.0022,0.0857,0.3446,Ineficiente
969.65,True,9,Casa,11,1,273.0,3,8,889.06,30,32.3217,969.65,3.5518,0.0906,0.3333,0.3484,Ineficiente
863.45,True,21,Pequeno negocio,4,3,147.0,6,6,940.64,29,29.7741,287.8167,5.8738,-0.0821,0.2857,0.2264,Eficiente
1346.1,True,10,Departamento,1,7,89.0,7,8,978.16,30,44.87,192.3,15.1247,0.3762,0.7,0.3292,Ineficiente
300.0,False,6,Departamento,8,5,113.0,3,3,392.13,31,9.6774,60.0,2.6549,-0.2349,0.5,0.1173,Eficiente
1416.74,False,30,Pequeno negocio,14,12,202.0,8,11,1726.06,31,45.7013,118.0617,7.0136,-0.1792,0.2667,0.3495,Ineficiente
720.51,True,17,Casa,9,3,298.0,0,0,648.66,30,24.017,240.17,2.4178,0.1108,0.0,0.1421,Eficiente
1227.39,True,4,Casa,3,7,296.0,4,11,1296.5,31,39.5932,175.3414,4.1466,-0.0533,1.0,0.2309,Moderado
517.56,False,17,Casa,0,5,213.0,5,1,741.59,29,17.8469,103.512,2.4299,-0.3021,0.2941,0.1798,Eficiente
3116.27,False,22,Casa,1,6,222.0,5,12,2912.06,30,103.8757,519.3783,14.0373,0.0701,0.2273,0.4059,Ineficiente
1140.18,False,33,Pequeno negocio,12,10,140.0,8,10,1083.47,28,40.7207,114.018,8.1441,0.0523,0.2424,0.4214,Ineficiente
305.09,True,4,Departamento,4,7,78.0,0,5,295.29,28,10.8961,43.5843,3.9114,0.0332,0.0,0.163,Eficiente
672.53,False,23,Casa,0,5,184.0,8,6,676.7,28,24.0189,134.506,3.6551,-0.0062,0.3478,0.2777,Moderado
464.71,True,11,Casa,5,3,109.0,2,3,465.76,29,16.0245,154.9033,4.2634,-0.0023,0.1818,0.2133,Eficiente
717.69,True,22,Departamento,13,2,79.0,9,2,573.44,30,23.923,358.845,9.0847,0.2516,0.4091,0.418,Ineficiente
349.59,False,7,Departamento,6,1,77.0,7,4,302.4,29,12.0548,349.59,4.5401,0.1561,1.0,0.2107,Eficiente
854.4,True,18,Casa,14,6,94.0,3,11,768.04,31,27.5613,142.4,9.0894,0.1124,0.1667,0.3677,Ineficiente
362.09,False,20,Departamento,7,7,45.0,0,3,310.77,28,12.9318,51.7271,8.0464,0.1651,0.0,0.1788,Eficiente
881.98,True,8,Departamento,13,5,81.0,1,5,890.58,29,30.4131,176.396,10.8886,-0.0097,0.125,0.3133,Ineficiente
361.84,False,19,Departamento,3,4,116.0,1,8,344.55,29,12.4772,90.46,3.1193,0.0502,0.0526,0.2045,Eficiente
733.24,True,6,Casa,8,1,253.0,0,10,1397.53,28,26.1871,733.24,2.8982,-0.4753,0.0,0.2336,Moderado
1472.86,True,18,Departamento,7,5,65.0,6,3,1065.92,30,49.0953,294.572,22.6594,0.3818,0.3333,0.413,Ineficiente
952.97,True,23,Casa,11,2,68.0,8,10,945.99,29,32.861,476.485,14.0143,0.0074,0.3478,0.4153,Ineficiente
526.59,False,9,Casa,2,5,251.0,7,2,447.03,28,18.8068,105.318,2.098,0.178,0.7778,0.2,Eficiente
570.45,False,24,Departamento,2,3,116.0,7,9,501.45,30,19.015,190.15,4.9177,0.1376,0.2917,0.2761,Moderado
651.25,False,17,Departamento,3,7,80.0,9,1,580.87,28,23.2589,93.0357,8.1406,0.1212,0.5294,0.196,Eficiente
994.17,False,14,Casa,14,7,191.0,6,12,1041.72,31,32.07,142.0243,5.2051,-0.0456,0.4286,0.2546,Moderado
1049.43,False,37,Pequeno negocio,13,12,162.0,0,1,875.23,29,36.1872,87.4525,6.478,0.199,0.0,0.3443,Ineficiente
486.57,True,15,Casa,0,3,81.0,4,11,432.39,29,16.7783,162.19,6.007,0.1253,0.2667,0.2472,Moderado
555.86,True,24,Departamento,6,7,72.0,7,9,670.28,28,19.8521,79.4086,7.7203,-0.1707,0.2917,0.306,Ineficiente
1275.8,False,37,Pequeno negocio,8,9,241.0,4,1,1240.82,31,41.1548,141.7556,5.2938,0.0282,0.1081,0.2907,Moderado
1057.0,True,22,Departamento,13,4,61.0,3,10,1037.88,28,37.75,264.25,17.3279,0.0184,0.1364,0.3767,Ineficiente
753.19,True,24,Pequeno negocio,6,12,84.0,4,4,804.54,30,25.1063,62.7658,8.9665,-0.0638,0.1667,0.3127,Ineficiente
909.82,True,22,Departamento,11,4,60.0,7,12,1090.66,30,30.3273,227.455,15.1637,-0.1658,0.3182,0.3689,Ineficiente
516.72,False,15,Departamento,11,1,83.0,3,12,602.03,28,18.4543,516.72,6.2255,-0.1417,0.2,0.262,Moderado
454.79,True,22,Departamento,7,1,58.0,3,12,413.89,28,16.2425,454.79,7.8412,0.0988,0.1364,0.3046,Moderado
536.99,True,6,Departamento,11,3,95.0,4,8,569.32,28,19.1782,178.9967,5.6525,-0.0568,0.6667,0.3256,Ineficiente
428.91,False,4,Casa,1,1,296.0,4,11,397.8,31,13.8358,428.91,1.449,0.0782,1.0,0.2026,Eficiente
470.86,False,13,Departamento,4,6,57.0,2,5,480.51,30,15.6953,78.4767,8.2607,-0.0201,0.1538,0.2437,Moderado
668.96,True,20,Casa,12,5,256.0,2,0,679.87,28,23.8914,133.792,2.6131,-0.016,0.1,0.2759,Moderado
845.19,False,17,Pequeno negocio,2,8,174.0,1,11,979.24,31,27.2642,105.6488,4.8574,-0.1369,0.0588,0.18,Eficiente
1511.0,True,19,Casa,7,4,186.0,7,0,1659.44,31,48.7419,377.75,8.1237,-0.0895,0.3684,0.361,Ineficiente
795.98,True,20,Casa,11,6,173.0,2,8,804.7,30,26.5327,132.6633,4.601,-0.0108,0.1,0.2797,Moderado
959.51,False,7,Pequeno negocio,7,12,111.0,7,7,1271.86,30,31.9837,79.9592,8.6442,-0.2456,1.0,0.2617,Moderado
603.78,False,21,Casa,14,1,158.0,9,4,582.77,31,19.4768,603.78,3.8214,0.0361,0.4286,0.3515,Ineficiente
698.52,False,6,Casa,12,5,213.0,6,9,706.31,29,24.0869,139.704,3.2794,-0.011,1.0,0.2954,Moderado
702.57,True,8,Departamento,1,4,45.0,8,3,912.08,28,25.0918,175.6425,15.6127,-0.2297,1.0,0.2089,Eficiente
705.99,True,3,Casa,7,6,292.0,3,12,716.93,30,23.533,117.665,2.4178,-0.0153,1.0,0.245,Moderado
784.96,True,12,Casa,10,6,275.0,7,11,1333.8,29,27.0676,130.8267,2.8544,-0.4115,0.5833,0.3138,Ineficiente
555.19,True,8,Departamento,11,5,62.0,3,11,596.29,30,18.5063,111.038,8.9547,-0.0689,0.375,0.2989,Moderado
911.31,True,16,Casa,7,5,155.0,8,11,899.47,28,32.5468,182.262,5.8794,0.0132,0.5,0.336,Ineficiente
600.33,True,15,Casa,6,2,242.0,3,10,527.69,29,20.701,300.165,2.4807,0.1377,0.2,0.3213,Ineficiente
482.69,True,15,Casa,4,6,214.0,1,11,345.51,29,16.6445,80.4483,2.2556,0.397,0.0667,0.2751,Moderado
817.37,True,17,Casa,5,5,115.0,5,11,794.4,29,28.1852,163.474,7.1076,0.0289,0.2941,0.3278,Ineficiente
555.17,True,24,Casa,0,2,260.0,1,10,531.32,30,18.5057,277.585,2.1353,0.0449,0.0417,0.1917,Eficiente
743.39,True,5,Casa,12,2,223.0,0,10,976.9,29,25.6341,371.695,3.3336,-0.239,0.0,0.198,Eficiente
378.68,True,9,Departamento,10,4,110.0,0,2,389.1,31,12.2155,94.67,3.4425,-0.0268,0.0,0.1792,Eficiente
569.37,True,12,Departamento,4,3,35.0,9,2,611.62,30,18.979,189.79,16.2677,-0.0691,0.75,0.2988,Moderado
713.01,True,4,Casa,1,5,114.0,0,5,956.85,29,24.5866,142.602,6.2545,-0.2548,0.0,0.1562,Eficiente
732.28,True,21,Casa,7,3,251.0,3,4,580.97,29,25.251,244.0933,2.9175,0.2604,0.1429,0.3544,Ineficiente
804.54,True,18,Pequeno negocio,12,2,192.0,7,4,754.12,29,27.7428,402.27,4.1903,0.0669,0.3889,0.343,Ineficiente
684.18,True,6,Departamento,14,3,96.0,6,3,632.31,29,23.5924,228.06,7.1269,0.082,1.0,0.3247,Ineficiente
413.01,False,14,Casa,3,6,201.0,0,3,330.04,30,13.767,68.835,2.0548,0.2514,0.0,0.1115,Eficiente
1026.26,True,7,Departamento,6,6,114.0,7,7,1300.88,31,33.1052,171.0433,9.0023,-0.2111,1.0,0.3224,Ineficiente
845.68,False,11,Casa,8,3,234.0,9,10,1045.41,30,28.1893,281.8933,3.614,-0.1911,0.8182,0.2608,Moderado
1660.21,False,19,Pequeno negocio,8,4,86.0,9,10,1370.94,31,53.5552,415.0525,19.3048,0.211,0.4737,0.4321,Ineficiente
866.8,False,18,Pequeno negocio,4,10,58.0,6,1,1016.04,28,30.9571,86.68,14.9448,-0.1469,0.3333,0.2192,Eficiente
1495.04,False,17,Pequeno negocio,12,15,190.0,5,7,1354.56,28,53.3943,99.6693,7.8686,0.1037,0.2941,0.3131,Ineficiente
780.47,True,8,Casa,10,6,226.0,1,6,747.23,30,26.0157,130.0783,3.4534,0.0445,0.125,0.2205,Eficiente
687.29,True,5,Casa,12,1,250.0,1,10,527.88,31,22.1706,687.29,2.7492,0.302,0.2,0.3398,Ineficiente
856.91,True,12,Casa,1,5,60.0,8,11,699.19,30,28.5637,171.382,14.2818,0.2256,0.6667,0.3075,Ineficiente
817.77,True,7,Casa,10,4,226.0,7,4,663.69,29,28.199,204.4425,3.6185,0.2322,1.0,0.2477,Moderado
1065.23,True,18,Casa,5,7,245.0,8,10,1420.74,30,35.5077,152.1757,4.3479,-0.2502,0.4444,0.3931,Ineficiente
1556.94,True,14,Departamento,11,2,42.0,6,7,1411.76,28,55.605,778.47,37.07,0.1028,0.4286,0.4604,Ineficiente
699.32,True,6,Casa,7,7,205.0,5,3,603.4,31,22.5587,99.9029,3.4113,0.159,0.8333,0.2834,Moderado
898.02,False,36,Pequeno negocio,7,13,112.0,1,7,898.97,28,32.0721,69.0785,8.018,-0.0011,0.0278,0.2514,Moderado
458.82,True,22,Casa,8,2,297.0,0,0,504.61,31,14.8006,229.41,1.5448,-0.0907,0.0,0.1809,Eficiente
497.69,True,21,Casa,3,4,292.0,2,0,507.19,29,17.1617,124.4225,1.7044,-0.0187,0.0952,0.1905,Eficiente
968.06,False,21,Pequeno negocio,8,14,200.0,4,5,855.8,31,31.2277,69.1471,4.8403,0.1312,0.1905,0.3116,Ineficiente
582.46,False,22,Departamento,13,2,38.0,3,12,717.22,30,19.4153,291.23,15.3279,-0.1879,0.1364,0.2679,Moderado
733.18,True,5,Casa,1,7,163.0,5,7,578.73,31,23.651,104.74,4.498,0.2669,1.0,0.245,Moderado
454.57,False,19,Departamento,2,2,91.0,7,8,630.39,30,15.1523,227.285,4.9953,-0.2789,0.3684,0.1783,Eficiente
416.69,True,3,Casa,0,2,222.0,3,11,463.71,30,13.8897,208.345,1.877,-0.1014,1.0,0.1672,Eficiente
822.99,False,16,Casa,7,4,277.0,8,5,1005.74,30,27.433,205.7475,2.9711,-0.1817,0.5,0.2971,Moderado
362.96,False,4,Departamento,3,4,121.0,2,6,361.47,28,12.9629,90.74,2.9997,0.0041,0.5,0.1576,Eficiente
738.09,True,10,Casa,8,1,231.0,9,3,798.06,31,23.8094,738.09,3.1952,-0.0751,0.9,0.3395,Ineficiente
325.26,False,4,Departamento,0,7,87.0,4,3,271.76,29,11.2159,46.4657,3.7386,0.1969,1.0,0.1444,Eficiente
608.38,True,8,Casa,1,2,255.0,3,11,628.73,29,20.9786,304.19,2.3858,-0.0324,0.375,0.1929,Eficiente
408.38,True,17,Departamento,3,1,69.0,2,8,389.91,31,13.1735,408.38,5.9186,0.0474,0.1176,0.3018,Moderado
588.1,True,20,Departamento,9,4,49.0,8,1,598.97,28,21.0036,147.025,12.002,-0.0181,0.4,0.3089,Ineficiente
783.38,False,23,Casa,0,7,109.0,9,5,821.62,28,27.9779,111.9114,7.187,-0.0465,0.3913,0.2726,Moderado
1014.87,False,24,Casa,7,1,124.0,4,10,984.95,31,32.7377,1014.87,8.1844,0.0304,0.1667,0.395,Ineficiente
581.46,True,5,Casa,7,4,81.0,1,10,723.35,31,18.7568,145.365,7.1785,-0.1962,0.2,0.1932,Eficiente
570.55,False,23,Departamento,4,7,48.0,6,8,665.52,31,18.4048,81.5071,11.8865,-0.1427,0.2609,0.1963,Eficiente
377.79,False,9,Departamento,1,7,46.0,8,0,452.91,28,13.4925,53.97,8.2128,-0.1659,0.8889,0.1577,Eficiente
524.34,True,22,Departamento,10,2,109.0,4,4,500.75,29,18.0807,262.17,4.8105,0.0471,0.1818,0.311,Ineficiente
468.18,False,22,Casa,6,5,152.0,1,5,458.13,30,15.606,93.636,3.0801,0.0219,0.0455,0.2081,Eficiente
860.26,False,23,Casa,8,6,196.0,7,2,832.6,29,29.6641,143.3767,4.3891,0.0332,0.3043,0.2532,Moderado
1080.56,False,14,Departamento,11,5,98.0,7,5,1074.32,28,38.5914,216.112,11.0261,0.0058,0.5,0.2897,Moderado
710.78,True,19,Casa,0,5,132.0,8,4,669.28,28,25.385,142.156,5.3847,0.062,0.4211,0.2571,Moderado
653.32,False,12,Departamento,11,6,106.0,8,7,697.49,31,21.0748,108.8867,6.1634,-0.0633,0.6667,0.3093,Ineficiente
489.29,False,4,Casa,1,4,104.0,4,4,499.62,31,15.7835,122.3225,4.7047,-0.0207,1.0,0.1561,Eficiente
717.38,True,13,Casa,8,1,254.0,3,4,677.85,30,23.9127,717.38,2.8243,0.0583,0.2308,0.2933,Moderado
377.69,True,7,Departamento,1,5,106.0,1,11,424.76,28,13.4889,75.538,3.5631,-0.1108,0.1429,0.2719,Moderado
337.35,False,5,Departamento,0,5,73.0,1,5,314.07,29,11.6328,67.47,4.6212,0.0741,0.2,0.1472,Eficiente
471.49,True,5,Departamento,6,6,104.0,5,2,401.52,29,16.2583,78.5817,4.5336,0.1743,1.0,0.2057,Eficiente
816.33,False,7,Casa,8,7,243.0,7,9,791.91,28,29.1546,116.6186,3.3594,0.0308,1.0,0.249,Moderado
693.17,True,25,Pequeno negocio,4,1,203.0,6,3,568.99,28,24.7561,693.17,3.4146,0.2182,0.24,0.3942,Ineficiente
1172.27,True,23,Pequeno negocio,3,9,198.0,9,2,1190.43,29,40.4231,130.2522,5.9206,-0.0153,0.3913,0.3037,Moderado
820.79,False,21,Pequeno negocio,2,7,37.0,3,9,703.95,29,28.3031,117.2557,22.1835,0.166,0.1429,0.3499,Ineficiente
586.36,True,17,Departamento,8,7,83.0,7,3,666.46,29,20.2193,83.7657,7.0646,-0.1202,0.4118,0.2955,Moderado
667.72,True,22,Departamento,6,1,42.0,3,0,636.71,28,23.8471,667.72,15.8981,0.0487,0.1364,0.3218,Ineficiente
442.41,True,9,Departamento,13,5,128.0,3,1,407.3,28,15.8004,88.482,3.4563,0.0862,0.3333,0.264,Moderado
749.09,False,22,Casa,6,5,234.0,6,9,651.5,31,24.1642,149.818,3.2012,0.1498,0.2727,0.2301,Moderado
697.11,True,23,Casa,8,5,250.0,1,3,646.44,28,24.8968,139.422,2.7884,0.0784,0.0435,0.3013,Moderado
603.7,False,6,Departamento,14,7,89.0,4,5,488.56,30,20.1233,86.2429,6.7831,0.2357,0.6667,0.2399,Moderado
754.67,False,11,Casa,14,4,177.0,4,6,677.15,31,24.3442,188.6675,4.2637,0.1145,0.3636,0.2905,Moderado
530.4,False,9,Casa,7,1,281.0,4,3,523.05,29,18.2897,530.4,1.8875,0.0141,0.4444,0.2469,Moderado
698.25,True,28,Pequeno negocio,3,3,67.0,7,2,685.6,29,24.0776,232.75,10.4216,0.0185,0.25,0.3177,Ineficiente
1046.79,True,6,Casa,5,3,94.0,2,0,1152.44,30,34.893,348.93,11.1361,-0.0917,0.3333,0.1807,Eficiente
414.42,True,24,Departamento,4,5,102.0,1,0,430.11,28,14.8007,82.884,4.0629,-0.0365,0.0417,0.1939,Eficiente
503.3,True,6,Departamento,7,3,38.0,6,11,514.29,30,16.7767,167.7667,13.2447,-0.0214,1.0,0.2215,Eficiente
362.22,True,17,Casa,2,1,172.0,0,12,349.42,28,12.9364,362.22,2.1059,0.0366,0.0,0.2087,Eficiente
1053.38,True,33,Pequeno negocio,6,4,144.0,9,8,1074.93,31,33.98,263.345,7.3151,-0.02,0.2727,0.402,Ineficiente
436.01,False,19,Casa,1,1,123.0,9,5,548.07,30,14.5337,436.01,3.5448,-0.2045,0.4737,0.22,Eficiente
1010.79,False,35,Pequeno negocio,14,7,143.0,3,10,852.03,29,34.8548,144.3986,7.0685,0.1863,0.0857,0.3778,Ineficiente
348.17,False,3,Departamento,0,5,64.0,3,10,511.79,29,12.0059,69.634,5.4402,-0.3197,1.0,0.096,Eficiente
892.12,True,12,Casa,13,7,220.0,5,5,1023.19,28,31.8614,127.4457,4.0551,-0.1281,0.4167,0.3186,Ineficiente
696.6,True,9,Casa,13,3,98.0,6,9,584.14,28,24.8786,232.2,7.1082,0.1925,0.6667,0.3252,Ineficiente
713.26,False,22,Casa,14,3,297.0,2,1,809.13,31,23.0084,237.7533,2.4015,-0.1185,0.0909,0.2227,Eficiente
595.92,False,23,Casa,6,3,296.0,9,2,517.43,28,21.2829,198.64,2.0132,0.1517,0.3913,0.2513,Moderado
855.66,True,8,Casa,11,5,76.0,8,10,823.93,28,30.5593,171.132,11.2587,0.0385,1.0,0.469,Ineficiente
899.75,True,27,Pequeno negocio,14,1,199.0,5,6,831.9,28,32.1339,899.75,4.5214,0.0816,0.1852,0.4476,Ineficiente
919.39,False,21,Casa,12,4,202.0,8,10,978.0,29,31.7031,229.8475,4.5514,-0.0599,0.381,0.4134,Ineficiente
1170.4,True,39,Pequeno negocio,12,8,203.0,3,7,1217.4,30,39.0133,146.3,5.7655,-0.0386,0.0769,0.3736,Ineficiente
639.53,True,24,Casa,7,1,244.0,7,1,581.15,29,22.0528,639.53,2.621,0.1005,0.2917,0.2998,Moderado
1124.09,True,9,Pequeno negocio,11,14,38.0,9,2,1110.09,31,36.261,80.2921,29.5813,0.0126,1.0,0.3229,Ineficiente
1020.57,True,13,Casa,3,4,262.0,6,6,1095.83,30,34.019,255.1425,3.8953,-0.0687,0.4615,0.2473,Moderado
1067.54,True,11,Casa,13,5,204.0,9,1,1071.07,31,34.4368,213.508,5.233,-0.0033,0.8182,0.3284,Ineficiente
488.26,True,4,Departamento,7,5,66.0,2,10,510.16,29,16.8366,97.652,7.3979,-0.0429,0.5,0.2128,Eficiente
611.8,True,22,Casa,3,7,233.0,0,3,754.54,30,20.3933,87.4,2.6258,-0.1892,0.0,0.1802,Eficiente
1441.91,False,28,Pequeno negocio,4,14,242.0,5,9,1421.52,28,51.4968,102.9936,5.9583,0.0143,0.1786,0.3141,Ineficiente
667.86,False,23,Casa,12,7,200.0,3,3,604.06,29,23.0297,95.4086,3.3393,0.1056,0.1304,0.2905,Moderado
507.86,True,15,Departamento,2,3,41.0,6,10,508.35,31,16.3826,169.2867,12.3868,-0.001,0.4,0.2995,Moderado
441.05,True,22,Departamento,10,2,95.0,3,3,450.07,29,15.2086,220.525,4.6426,-0.02,0.1364,0.3828,Ineficiente
438.28,True,3,Departamento,4,5,60.0,3,6,417.63,29,15.1131,87.656,7.3047,0.0494,1.0,0.1952,Eficiente
364.56,False,11,Casa,8,2,108.0,1,3,430.13,30,12.152,182.28,3.3756,-0.1524,0.0909,0.2199,Eficiente
526.84,True,5,Casa,8,1,157.0,5,11,747.3,29,18.1669,526.84,3.3557,-0.295,1.0,0.3019,Moderado
1738.11,False,15,Casa,9,2,244.0,2,7,1520.83,31,56.0681,869.055,7.1234,0.1429,0.1333,0.3635,Ineficiente
259.28,False,3,Casa,3,2,87.0,3,6,237.59,29,8.9407,129.64,2.9802,0.0913,1.0,0.1493,Eficiente
462.82,False,9,Casa,13,1,241.0,0,3,660.98,31,14.9297,462.82,1.9204,-0.2998,0.0,0.181,Eficiente
1413.82,True,16,Pequeno negocio,13,13,175.0,6,2,1448.85,30,47.1273,108.7554,8.079,-0.0242,0.375,0.425,Ineficiente
648.18,False,5,Departamento,13,5,43.0,5,10,648.89,31,20.909,129.636,15.074,-0.0011,1.0,0.351,Ineficiente
549.12,True,4,Departamento,7,2,86.0,4,0,587.59,30,18.304,274.56,6.3851,-0.0655,1.0,0.2217,Eficiente
262.87,False,22,Casa,2,2,63.0,1,0,302.54,30,8.7623,131.435,4.1725,-0.1311,0.0455,0.1174,Eficiente
672.93,False,8,Casa,8,7,116.0,4,8,678.67,30,22.431,96.1329,5.8011,-0.0085,0.5,0.2078,Eficiente
617.47,False,24,Departamento,1,7,66.0,8,8,697.8,28,22.0525,88.21,9.3556,-0.1151,0.3333,0.2522,Moderado
543.8,False,11,Casa,10,1,142.0,0,4,547.89,28,19.4214,543.8,3.8296,-0.0075,0.0,0.1593,Eficiente
580.19,False,4,Casa,4,5,165.0,4,10,730.72,31,18.7158,116.038,3.5163,-0.206,1.0,0.1015,Eficiente
200.48,True,5,Departamento,2,3,51.0,2,0,186.03,30,6.6827,66.8267,3.931,0.0777,0.4,0.1326,Eficiente
522.55,False,18,Departamento,12,3,64.0,3,5,421.13,28,18.6625,174.1833,8.1648,0.2408,0.1667,0.2551,Moderado
2755.69,True,35,Pequeno negocio,9,4,241.0,7,11,2738.44,30,91.8563,688.9225,11.4344,0.0063,0.2,0.5089,Ineficiente
1237.39,True,23,Casa,1,7,125.0,8,4,1116.96,29,42.6686,176.77,9.8991,0.1078,0.3478,0.3332,Ineficiente
611.83,True,8,Departamento,13,5,102.0,0,10,634.28,29,21.0976,122.366,5.9983,-0.0354,0.0,0.3058,Ineficiente
837.37,True,16,Casa,9,7,244.0,6,3,679.06,31,27.0119,119.6243,3.4318,0.2331,0.375,0.3368,Ineficiente
695.02,True,12,Casa,4,6,179.0,3,3,772.7,30,23.1673,115.8367,3.8828,-0.1005,0.25,0.2401,Moderado
450.25,True,4,Departamento,5,6,57.0,4,4,591.07,30,15.0083,75.0417,7.8991,-0.2382,1.0,0.1842,Eficiente
1185.77,True,18,Casa,6,6,185.0,8,3,1512.88,30,39.5257,197.6283,6.4096,-0.2162,0.4444,0.3192,Ineficiente
1111.87,False,3,Departamento,13,6,103.0,3,1,1282.37,28,39.7096,185.3117,10.7949,-0.133,1.0,0.2679,Moderado
516.44,True,20,Casa,8,2,105.0,1,11,503.8,31,16.6594,258.22,4.9185,0.0251,0.05,0.2548,Moderado
990.22,False,14,Casa,12,7,248.0,8,7,1037.93,30,33.0073,141.46,3.9928,-0.046,0.5714,0.3141,Ineficiente
1294.23,True,37,Pequeno negocio,0,13,74.0,9,12,995.52,29,44.6286,99.5562,17.4896,0.3001,0.2432,0.4324,Ineficiente
793.28,True,23,Casa,7,5,205.0,7,8,764.6,31,25.5897,158.656,3.8697,0.0375,0.3043,0.3275,Ineficiente
371.13,False,7,Departamento,1,5,128.0,3,11,365.37,30,12.371,74.226,2.8995,0.0158,0.4286,0.1572,Eficiente
700.38,False,9,Casa,5,7,125.0,7,5,686.05,29,24.151,100.0543,5.603,0.0209,0.7778,0.249,Moderado
1023.0,True,27,Pequeno negocio,8,11,125.0,0,2,855.63,31,33.0,93.0,8.184,0.1956,0.0,0.2695,Moderado
673.17,True,10,Casa,12,1,130.0,3,12,901.62,30,22.439,673.17,5.1782,-0.2534,0.3,0.3474,Ineficiente
1092.06,False,13,Casa,4,7,299.0,8,10,997.74,28,39.0021,156.0086,3.6524,0.0945,0.6154,0.304,Moderado
609.16,False,20,Departamento,3,4,95.0,6,11,707.79,29,21.0055,152.29,6.4122,-0.1393,0.3,0.1708,Eficiente
696.83,False,23,Casa,12,6,256.0,2,12,664.58,30,23.2277,116.1383,2.722,0.0485,0.087,0.2587,Moderado
871.71,True,20,Casa,8,4,128.0,5,3,918.33,29,30.059,217.9275,6.8102,-0.0508,0.25,0.3308,Ineficiente
591.15,True,9,Pequeno negocio,10,1,165.0,0,7,582.78,30,19.705,591.15,3.5827,0.0144,0.0,0.3214,Ineficiente
831.46,True,23,Departamento,13,1,111.0,9,9,773.59,28,29.695,831.46,7.4906,0.0748,0.3913,0.4536,Ineficiente
409.48,False,12,Departamento,0,3,97.0,5,11,361.06,31,13.209,136.4933,4.2214,0.1341,0.4167,0.1937,Eficiente
396.34,True,21,Departamento,9,1,65.0,5,1,368.78,30,13.2113,396.34,6.0975,0.0747,0.2381,0.2928,Moderado
1343.64,True,10,Pequeno negocio,1,9,36.0,3,12,1315.51,28,47.9871,149.2933,37.3233,0.0214,0.3,0.3366,Ineficiente
923.84,False,21,Pequeno negocio,13,8,210.0,2,9,860.0,29,31.8566,115.48,4.3992,0.0742,0.0952,0.2675,Moderado
674.92,True,24,Departamento,6,6,49.0,3,6,679.76,29,23.2731,112.4867,13.7739,-0.0071,0.125,0.3118,Ineficiente
773.8,True,23,Casa,6,3,242.0,4,9,714.24,30,25.7933,257.9333,3.1975,0.0834,0.1739,0.3045,Moderado
436.85,False,17,Casa,2,6,183.0,4,3,371.51,29,15.0638,72.8083,2.3872,0.1759,0.2353,0.1238,Eficiente
269.57,False,16,Departamento,9,1,66.0,4,4,211.87,31,8.6958,269.57,4.0844,0.2723,0.25,0.2136,Eficiente
1897.51,False,20,Pequeno negocio,8,4,221.0,5,2,1612.65,28,67.7682,474.3775,8.586,0.1766,0.25,0.3198,Ineficiente
528.44,True,16,Departamento,14,3,50.0,4,5,434.28,28,18.8729,176.1467,10.5688,0.2168,0.25,0.3086,Ineficiente
587.95,False,12,Casa,0,6,226.0,3,4,674.55,28,20.9982,97.9917,2.6015,-0.1284,0.25,0.193,Eficiente
668.07,False,3,Casa,11,6,244.0,3,7,586.24,30,22.269,111.345,2.738,0.1396,1.0,0.2106,Eficiente
1231.24,False,23,Departamento,14,4,36.0,2,5,1189.07,31,39.7174,307.81,34.2011,0.0355,0.087,0.3094,Ineficiente
1643.11,True,34,Pequeno negocio,13,12,67.0,9,3,1871.21,29,56.659,136.9258,24.524,-0.1219,0.2647,0.5051,Ineficiente
883.02,False,19,Casa,9,5,265.0,6,5,975.48,31,28.4845,176.604,3.3322,-0.0948,0.3158,0.2265,Eficiente
578.61,True,3,Departamento,12,5,114.0,2,7,496.6,29,19.9521,115.722,5.0755,0.1651,0.6667,0.2181,Eficiente
522.42,True,8,Departamento,0,6,92.0,6,10,455.52,29,18.0145,87.07,5.6785,0.1469,0.75,0.2943,Moderado
766.59,True,5,Pequeno negocio,1,6,139.0,5,11,919.92,30,25.553,127.765,5.515,-0.1667,1.0,0.2037,Eficiente
1997.9,True,23,Casa,10,4,177.0,7,3,2035.17,28,71.3536,499.475,11.2876,-0.0183,0.3043,0.4525,Ineficiente
665.29,False,21,Pequeno negocio,3,2,202.0,7,5,826.23,31,21.461,332.645,3.2935,-0.1948,0.3333,0.282,Moderado
636.09,True,22,Departamento,10,4,57.0,2,9,674.5,31,20.519,159.0225,11.1595,-0.0569,0.0909,0.2544,Moderado
323.8,True,9,Departamento,11,2,65.0,1,2,360.88,31,10.4452,161.9,4.9815,-0.1027,0.1111,0.1873,Eficiente
654.87,True,7,Casa,10,5,105.0,5,9,657.65,31,21.1248,130.974,6.2369,-0.0042,0.7143,0.2918,Moderado
519.71,False,24,Departamento,13,3,106.0,2,7,465.06,31,16.7648,173.2367,4.9029,0.1175,0.0833,0.3237,Ineficiente
349.42,False,14,Departamento,3,4,84.0,1,1,396.72,29,12.049,87.355,4.1598,-0.1192,0.0714,0.1367,Eficiente
1058.54,False,20,Casa,12,4,241.0,9,8,1247.72,28,37.805,264.635,4.3923,-0.1516,0.45,0.3469,Ineficiente
995.75,False,6,Casa,12,5,171.0,3,2,994.43,30,33.1917,199.15,5.8231,0.0013,0.5,0.2486,Moderado
2417.7,False,19,Departamento,4,7,104.0,8,6,2420.68,29,83.369,345.3857,23.2471,-0.0012,0.4211,0.346,Ineficiente
472.97,False,11,Departamento,3,5,123.0,7,4,580.94,31,15.2571,94.594,3.8453,-0.1859,0.6364,0.1961,Eficiente
570.83,False,18,Casa,9,7,162.0,1,0,527.2,31,18.4139,81.5471,3.5236,0.0828,0.0556,0.1863,Eficiente
501.36,True,17,Casa,13,1,190.0,1,8,579.64,31,16.1729,501.36,2.6387,-0.135,0.0588,0.3194,Ineficiente
728.78,True,4,Casa,9,6,91.0,4,8,605.14,31,23.509,121.4633,8.0086,0.2043,1.0,0.2691,Moderado
1006.51,True,34,Pequeno negocio,1,11,92.0,6,3,904.51,31,32.4681,91.5009,10.9403,0.1128,0.1765,0.3216,Ineficiente
783.11,False,22,Pequeno negocio,6,10,177.0,2,0,659.33,29,27.0038,78.311,4.4244,0.1877,0.0909,0.1823,Eficiente
460.63,False,11,Casa,5,1,261.0,1,11,476.82,30,15.3543,460.63,1.7649,-0.034,0.0909,0.1973,Eficiente
690.8,True,20,Casa,8,4,72.0,6,5,561.36,29,23.8207,172.7,9.5944,0.2306,0.3,0.3264,Ineficiente
684.55,False,22,Casa,8,1,114.0,2,11,635.47,30,22.8183,684.55,6.0048,0.0772,0.0909,0.2704,Moderado
530.88,False,22,Departamento,14,5,94.0,1,5,465.02,30,17.696,106.176,5.6477,0.1416,0.0455,0.2687,Moderado
977.69,True,22,Pequeno negocio,12,11,52.0,3,9,842.78,28,34.9175,88.8809,18.8017,0.1601,0.1364,0.3136,Ineficiente
739.07,False,10,Departamento,8,2,60.0,3,11,659.82,30,24.6357,369.535,12.3178,0.1201,0.3,0.2986,Moderado
673.91,True,21,Casa,2,1,293.0,4,8,815.16,30,22.4637,673.91,2.3,-0.1733,0.1905,0.2309,Moderado
573.26,True,8,Casa,2,2,289.0,3,11,601.41,30,19.1087,286.63,1.9836,-0.0468,0.375,0.2034,Eficiente
514.29,False,17,Casa,2,7,82.0,5,0,497.64,28,18.3675,73.47,6.2718,0.0335,0.2941,0.1465,Eficiente
3076.52,True,15,Pequeno negocio,7,15,78.0,5,10,3475.13,29,106.0869,205.1013,39.4426,-0.1147,0.3333,0.3924,Ineficiente
446.1,False,7,Departamento,2,1,125.0,0,9,417.23,28,15.9321,446.1,3.5688,0.0692,0.0,0.1796,Eficiente
364.12,False,15,Departamento,2,7,107.0,2,10,412.92,28,13.0043,52.0171,3.403,-0.1182,0.1333,0.1574,Eficiente
866.49,True,22,Casa,2,5,281.0,5,8,791.74,30,28.883,173.298,3.0836,0.0944,0.2273,0.2941,Moderado
1081.16,True,33,Pequeno negocio,10,8,64.0,7,2,921.82,31,34.8761,135.145,16.8931,0.1729,0.2121,0.4721,Ineficiente
707.59,True,18,Casa,4,7,219.0,0,7,537.58,29,24.3997,101.0843,3.231,0.3163,0.0,0.2319,Moderado
1138.05,True,9,Pequeno negocio,13,7,37.0,8,9,1167.31,29,39.2431,162.5786,30.7581,-0.0251,0.8889,0.3403,Ineficiente
1069.93,False,17,Pequeno negocio,7,6,134.0,0,12,1025.96,29,36.8941,178.3217,7.9846,0.0429,0.0,0.2646,Moderado
574.15,False,11,Departamento,10,2,99.0,6,9,596.51,31,18.521,287.075,5.7995,-0.0375,0.5455,0.2856,Moderado
1168.02,False,22,Pequeno negocio,7,10,173.0,2,10,1042.36,31,37.6781,116.802,6.7516,0.1206,0.0909,0.1991,Eficiente
929.87,True,15,Casa,13,4,246.0,9,10,930.34,31,29.9958,232.4675,3.78,-0.0005,0.6,0.3376,Ineficiente
446.66,True,8,Departamento,1,1,96.0,6,1,470.36,28,15.9521,446.66,4.6527,-0.0504,0.75,0.2265,Eficiente
878.05,True,16,Casa,10,2,209.0,7,10,672.65,31,28.3242,439.025,4.2012,0.3054,0.4375,0.3847,Ineficiente
934.65,False,3,Departamento,8,3,63.0,3,9,824.21,28,33.3804,311.55,14.8357,0.134,1.0,0.2745,Moderado
450.03,True,10,Casa,6,5,164.0,0,2,559.6,29,15.5183,90.006,2.7441,-0.1958,0.0,0.1704,Eficiente
896.91,True,8,Casa,10,7,171.0,8,2,958.53,29,30.9279,128.13,5.2451,-0.0643,1.0,0.3106,Ineficiente
1741.29,True,9,Casa,8,1,256.0,0,3,1673.01,30,58.043,1741.29,6.8019,0.0408,0.0,0.3647,Ineficiente
640.35,False,3,Casa,9,5,129.0,3,7,608.05,29,22.081,128.07,4.964,0.0531,1.0,0.2056,Eficiente
565.73,True,9,Departamento,7,1,121.0,6,10,756.39,30,18.8577,565.73,4.6755,-0.2521,0.6667,0.2737,Moderado
478.78,True,4,Departamento,1,7,73.0,4,11,493.03,31,15.4445,68.3971,6.5586,-0.0289,1.0,0.1829,Eficiente
553.4,False,16,Casa,5,2,258.0,7,1,446.54,28,19.7643,276.7,2.145,0.2393,0.4375,0.2689,Moderado
4120.3,False,17,Pequeno negocio,14,4,165.0,7,12,3627.4,31,132.9129,1030.075,24.9715,0.1359,0.4118,0.6513,Ineficiente
1135.92,True,28,Pequeno negocio,1,12,232.0,9,1,1012.21,29,39.1697,94.66,4.8962,0.1222,0.3214,0.3535,Ineficiente
686.32,False,16,Casa,3,3,156.0,0,7,998.18,30,22.8773,228.7733,4.3995,-0.3124,0.0,0.1184,Eficiente
725.95,False,23,Casa,10,3,268.0,0,12,1012.51,29,25.0328,241.9833,2.7088,-0.283,0.0,0.201,Eficiente
317.57,False,14,Departamento,2,3,52.0,1,5,324.13,28,11.3418,105.8567,6.1071,-0.0202,0.0714,0.0858,Eficiente
798.15,False,9,Departamento,0,4,56.0,2,12,918.14,28,28.5054,199.5375,14.2527,-0.1307,0.2222,0.1692,Eficiente
732.05,False,11,Casa,11,4,224.0,4,8,788.18,28,26.1446,183.0125,3.2681,-0.0712,0.3636,0.2497,Moderado
899.44,False,20,Departamento,3,5,129.0,8,4,983.8,29,31.0152,179.888,6.9724,-0.0857,0.4,0.2292,Moderado
565.0,True,5,Casa,3,4,245.0,3,11,554.18,28,20.1786,141.25,2.3061,0.0195,0.6,0.257,Moderado
2314.74,True,10,Casa,6,6,64.0,8,0,2494.26,29,79.8186,385.79,36.1678,-0.072,0.8,0.3834,Ineficiente
699.6,False,13,Departamento,12,4,73.0,6,9,569.73,29,24.1241,174.9,9.5836,0.228,0.4615,0.3103,Ineficiente
526.95,True,16,Departamento,14,3,63.0,4,5,834.79,31,16.9984,175.65,8.3643,-0.3688,0.25,0.2577,Moderado
1047.58,True,32,Pequeno negocio,3,3,209.0,7,9,977.98,30,34.9193,349.1933,5.0123,0.0712,0.2188,0.3924,Ineficiente
724.59,True,18,Casa,4,6,258.0,4,0,749.54,31,23.3739,120.765,2.8085,-0.0333,0.2222,0.2182,Eficiente
1069.94,False,23,Casa,7,1,295.0,0,11,1017.85,28,38.2121,1069.94,3.6269,0.0512,0.0,0.2074,Eficiente
495.79,False,6,Casa,11,3,190.0,6,1,469.14,30,16.5263,165.2633,2.6094,0.0568,1.0,0.2538,Moderado
340.88,False,13,Casa,1,3,83.0,1,7,386.79,29,11.7545,113.6267,4.107,-0.1187,0.0769,0.0781,Eficiente
654.69,True,11,Casa,6,5,146.0,4,2,666.77,31,21.119,130.938,4.4842,-0.0181,0.3636,0.191,Eficiente
263.38,False,4,Departamento,1,1,49.0,1,12,243.23,31,8.4961,263.38,5.3751,0.0828,0.25,0.0907,Eficiente
1249.89,True,5,Departamento,3,4,35.0,5,10,1385.07,28,44.6389,312.4725,35.7111,-0.0976,1.0,0.3252,Ineficiente
587.07,False,16,Departamento,9,5,72.0,6,10,537.47,30,19.569,117.414,8.1538,0.0923,0.375,0.242,Moderado
606.77,True,14,Casa,0,7,79.0,9,4,532.31,30,20.2257,86.6814,7.6806,0.1399,0.6429,0.2739,Moderado
706.52,True,9,Casa,12,4,101.0,8,2,898.99,29,24.3628,176.63,6.9952,-0.2141,0.8889,0.2924,Moderado
1279.51,True,23,Departamento,1,7,64.0,2,0,1489.58,29,44.121,182.7871,19.9923,-0.141,0.087,0.2592,Moderado
502.07,False,9,Casa,12,5,93.0,2,2,781.5,28,17.9311,100.414,5.3986,-0.3576,0.2222,0.2206,Eficiente
750.12,False,17,Pequeno negocio,6,10,227.0,2,8,626.2,29,25.8662,75.012,3.3045,0.1979,0.1176,0.2729,Moderado
568.05,False,24,Casa,8,2,127.0,1,4,639.29,30,18.935,284.025,4.4728,-0.1114,0.0417,0.2104,Eficiente
437.92,False,18,Departamento,6,7,57.0,9,0,342.12,30,14.5973,62.56,7.6828,0.28,0.5,0.3327,Ineficiente
764.22,True,38,Pequeno negocio,5,6,223.0,0,12,802.82,31,24.6523,127.37,3.427,-0.0481,0.0,0.3002,Moderado
1241.39,True,9,Departamento,9,1,40.0,4,11,949.38,31,40.0448,1241.39,31.0348,0.3076,0.4444,0.3869,Ineficiente
312.69,True,23,Departamento,4,1,59.0,2,5,320.78,30,10.423,312.69,5.2998,-0.0252,0.087,0.1931,Eficiente
232.22,False,13,Departamento,0,5,41.0,0,3,283.83,29,8.0076,46.444,5.6639,-0.1818,0.0,0.0976,Eficiente
618.94,True,9,Casa,0,5,233.0,8,5,615.81,29,21.3428,123.788,2.6564,0.0051,0.8889,0.1903,Eficiente
447.55,True,19,Departamento,4,2,52.0,5,3,482.75,30,14.9183,223.775,8.6067,-0.0729,0.2632,0.2644,Moderado
656.52,False,12,Pequeno negocio,3,5,102.0,8,0,687.16,29,22.6386,131.304,6.4365,-0.0446,0.6667,0.2215,Eficiente
705.92,True,10,Pequeno negocio,0,8,104.0,6,5,609.47,28,25.2114,88.24,6.7877,0.1583,0.6,0.246,Moderado
306.15,False,3,Casa,1,5,172.0,3,2,275.18,29,10.5569,61.23,1.7799,0.1125,1.0,0.107,Eficiente
578.99,True,5,Casa,13,4,193.0,2,1,557.28,30,19.2997,144.7475,2.9999,0.039,0.4,0.2493,Moderado
519.32,True,6,Departamento,7,5,93.0,5,12,546.39,28,18.5471,103.864,5.5841,-0.0495,0.8333,0.2554,Moderado
487.71,True,7,Departamento,5,6,69.0,7,0,513.18,28,17.4182,81.285,7.0683,-0.0496,1.0,0.2651,Moderado
664.26,False,10,Casa,13,7,239.0,0,10,608.47,29,22.9055,94.8943,2.7793,0.0917,0.0,0.2561,Moderado
861.23,True,8,Casa,8,6,247.0,2,11,684.43,29,29.6976,143.5383,3.4868,0.2583,0.25,0.261,Moderado
948.96,True,22,Casa,1,7,119.0,3,5,814.81,31,30.6116,135.5657,7.9745,0.1646,0.1364,0.1873,Eficiente
560.36,True,24,Departamento,10,7,59.0,1,11,709.81,29,19.3228,80.0514,9.4976,-0.2105,0.0417,0.3506,Ineficiente
572.85,False,24,Casa,10,3,248.0,0,6,501.9,28,20.4589,190.95,2.3099,0.1414,0.0,0.2721,Moderado
587.85,True,6,Casa,4,4,159.0,2,11,637.03,28,20.9946,146.9625,3.6972,-0.0772,0.3333,0.2522,Moderado
506.11,False,14,Casa,10,2,151.0,3,10,516.06,30,16.8703,253.055,3.3517,-0.0193,0.2143,0.198,Eficiente
823.17,True,11,Pequeno negocio,2,12,32.0,5,8,717.9,30,27.439,68.5975,25.7241,0.1466,0.4545,0.2509,Moderado
1009.32,False,18,Casa,14,7,197.0,8,7,994.95,28,36.0471,144.1886,5.1235,0.0144,0.4444,0.3634,Ineficiente
688.79,True,6,Casa,8,7,120.0,6,0,606.19,30,22.9597,98.3986,5.7399,0.1363,1.0,0.2496,Moderado
602.19,True,9,Departamento,4,6,83.0,3,3,624.75,31,19.4255,100.365,7.2553,-0.0361,0.3333,0.2032,Eficiente
1015.39,False,7,Casa,13,6,194.0,5,12,1349.65,31,32.7545,169.2317,5.234,-0.2477,0.7143,0.3225,Ineficiente
711.63,True,11,Pequeno negocio,7,8,111.0,0,11,782.28,31,22.9558,88.9538,6.4111,-0.0903,0.0,0.245,Moderado
1198.2,False,23,Pequeno negocio,13,6,76.0,8,9,1640.93,31,38.6516,199.7,15.7658,-0.2698,0.3478,0.3646,Ineficiente
2151.34,False,14,Casa,1,2,222.0,2,6,2024.35,31,69.3981,1075.67,9.6907,0.0627,0.1429,0.3227,Ineficiente
503.39,True,7,Casa,4,4,280.0,0,5,539.38,29,17.3583,125.8475,1.7978,-0.0667,0.0,0.1379,Eficiente
980.61,False,14,Casa,6,3,234.0,6,5,1031.27,30,32.687,326.87,4.1906,-0.0491,0.4286,0.2563,Moderado
651.3,True,4,Casa,3,6,182.0,3,9,679.35,31,21.0097,108.55,3.5786,-0.0413,0.75,0.2789,Moderado
647.43,True,3,Casa,7,6,212.0,3,3,571.42,31,20.8848,107.905,3.0539,0.133,1.0,0.2661,Moderado
559.43,True,6,Casa,5,7,116.0,4,7,522.42,29,19.2907,79.9186,4.8227,0.0708,0.6667,0.2218,Eficiente
959.39,False,8,Casa,13,6,74.0,6,8,1826.59,29,33.0824,159.8983,12.9647,-0.4748,0.75,0.2655,Moderado
610.29,True,20,Departamento,3,1,90.0,8,8,943.71,29,21.0445,610.29,6.781,-0.3533,0.4,0.2682,Moderado
582.63,True,10,Casa,2,3,103.0,5,2,504.5,31,18.7945,194.21,5.6566,0.1549,0.5,0.2235,Eficiente
1348.22,False,14,Casa,14,3,81.0,6,10,1294.47,31,43.491,449.4067,16.6447,0.0415,0.4286,0.3533,Ineficiente
1665.41,True,17,Departamento,10,5,83.0,8,5,1718.35,31,53.7229,333.082,20.0652,-0.0308,0.4706,0.4023,Ineficiente
584.51,True,19,Casa,0,3,164.0,7,12,581.84,31,18.8552,194.8367,3.5641,0.0046,0.3684,0.3138,Ineficiente
903.72,True,15,Casa,12,7,264.0,1,5,885.61,28,32.2757,129.1029,3.4232,0.0204,0.0667,0.262,Moderado
569.24,True,6,Casa,2,3,267.0,3,10,565.78,29,19.629,189.7467,2.132,0.0061,0.5,0.2558,Moderado
1384.6,True,17,Casa,10,4,89.0,4,1,1249.81,29,47.7448,346.15,15.5573,0.1078,0.2353,0.4088,Ineficiente
709.1,True,9,Casa,0,6,244.0,9,11,844.9,31,22.8742,118.1833,2.9061,-0.1607,1.0,0.2044,Eficiente
766.25,False,24,Pequeno negocio,3,1,214.0,6,0,806.32,28,27.3661,766.25,3.5806,-0.0497,0.25,0.2457,Moderado
1018.89,False,9,Pequeno negocio,12,6,56.0,8,7,1030.13,31,32.8674,169.815,18.1945,-0.0109,0.8889,0.3223,Ineficiente
614.43,False,4,Casa,0,3,70.0,4,9,599.17,31,19.8203,204.81,8.7776,0.0255,1.0,0.186,Eficiente
798.33,False,4,Casa,7,3,172.0,4,4,821.8,28,28.5118,266.11,4.6415,-0.0286,1.0,0.1984,Eficiente
421.5,False,8,Departamento,5,5,65.0,5,12,432.88,29,14.5345,84.3,6.4846,-0.0263,0.625,0.2052,Eficiente
592.41,True,12,Departamento,3,5,90.0,2,8,549.98,30,19.747,118.482,6.5823,0.0771,0.1667,0.2904,Moderado
616.19,True,13,Casa,1,4,192.0,4,11,533.69,30,20.5397,154.0475,3.2093,0.1546,0.3077,0.3024,Moderado
382.24,True,9,Casa,5,3,62.0,0,7,369.26,29,13.1807,127.4133,6.1652,0.0352,0.0,0.1901,Eficiente
582.45,True,22,Casa,5,4,61.0,6,9,718.66,29,20.0845,145.6125,9.5484,-0.1895,0.2727,0.3005,Moderado
274.0,False,3,Departamento,1,2,112.0,3,0,293.65,28,9.7857,137.0,2.4464,-0.0669,1.0,0.1058,Eficiente
958.43,True,14,Casa,10,2,159.0,1,0,1271.66,28,34.2296,479.215,6.0279,-0.2463,0.0714,0.2072,Eficiente
637.54,False,15,Casa,1,5,198.0,4,7,585.46,30,21.2513,127.508,3.2199,0.089,0.2667,0.2169,Eficiente
816.42,True,19,Casa,5,7,146.0,7,4,847.18,28,29.1579,116.6314,5.5919,-0.0363,0.3684,0.2403,Moderado
735.97,False,15,Casa,14,4,61.0,7,5,639.9,31,23.741,183.9925,12.0651,0.1501,0.4667,0.3541,Ineficiente
375.81,False,5,Departamento,5,1,55.0,5,7,358.82,28,13.4218,375.81,6.8329,0.0473,1.0,0.1824,Eficiente
1223.23,True,10,Departamento,10,7,36.0,0,4,1145.0,31,39.459,174.7471,33.9786,0.0683,0.0,0.2721,Moderado
609.41,False,6,Departamento,6,3,103.0,3,12,756.66,29,21.0141,203.1367,5.9166,-0.1946,0.5,0.2026,Eficiente
1199.55,False,13,Casa,9,6,62.0,5,9,1399.03,28,42.8411,199.925,19.3476,-0.1426,0.3846,0.2957,Moderado
919.99,True,23,Casa,11,7,282.0,1,7,957.86,28,32.8568,131.4271,3.2624,-0.0395,0.0435,0.2443,Moderado
1037.77,True,36,Pequeno negocio,7,8,80.0,1,11,1120.98,28,37.0632,129.7212,12.9721,-0.0742,0.0278,0.2839,Moderado
908.13,False,11,Departamento,9,1,46.0,9,0,951.84,31,29.2945,908.13,19.742,-0.0459,0.8182,0.3008,Moderado
354.02,False,13,Casa,7,2,60.0,5,2,417.4,29,12.2076,177.01,5.9003,-0.1518,0.3846,0.1185,Eficiente
641.81,True,6,Casa,4,5,168.0,5,10,593.47,29,22.1314,128.362,3.8203,0.0815,0.8333,0.2383,Moderado
658.62,False,9,Pequeno negocio,11,4,69.0,1,10,678.16,28,23.5221,164.655,9.5452,-0.0288,0.1111,0.2584,Moderado
1414.75,True,17,Departamento,5,6,119.0,6,7,1231.26,29,48.7845,235.7917,11.8887,0.149,0.3529,0.366,Ineficiente
949.03,True,26,Pequeno negocio,0,1,86.0,9,2,1211.24,28,33.8939,949.03,11.0352,-0.2165,0.3462,0.303,Moderado
491.83,True,10,Departamento,4,2,64.0,9,3,403.65,28,17.5654,245.915,7.6848,0.2185,0.9,0.2731,Moderado
608.1,True,9,Casa,10,5,164.0,1,7,620.29,30,20.27,121.62,3.7079,-0.0197,0.1111,0.2652,Moderado
510.61,True,13,Casa,9,5,149.0,2,1,585.19,30,17.0203,102.122,3.4269,-0.1274,0.1538,0.199,Eficiente
579.17,False,8,Casa,8,4,107.0,5,11,603.06,30,19.3057,144.7925,5.4128,-0.0396,0.625,0.1723,Eficiente
309.69,False,3,Departamento,6,5,118.0,3,4,355.13,28,11.0604,61.938,2.6245,-0.128,1.0,0.1071,Eficiente
391.5,False,18,Departamento,4,2,56.0,0,11,408.26,30,13.05,195.75,6.9911,-0.0411,0.0,0.1977,Eficiente
864.82,True,21,Casa,0,6,261.0,2,6,747.81,28,30.8864,144.1367,3.3135,0.1565,0.0952,0.1958,Eficiente
954.89,False,39,Pequeno negocio,3,5,79.0,1,4,1004.04,30,31.8297,190.978,12.0872,-0.049,0.0256,0.2822,Moderado
740.45,False,16,Casa,14,6,122.0,7,0,728.39,30,24.6817,123.4083,6.0693,0.0166,0.4375,0.2582,Moderado
690.8,True,22,Casa,12,6,129.0,4,10,734.18,28,24.6714,115.1333,5.355,-0.0591,0.1818,0.4117,Ineficiente
802.62,True,19,Casa,1,5,288.0,7,8,832.17,30,26.754,160.524,2.7869,-0.0355,0.3684,0.2634,Moderado
967.2,True,17,Pequeno negocio,13,10,240.0,0,11,1029.74,31,31.2,96.72,4.03,-0.0607,0.0,0.3584,Ineficiente
1034.51,True,9,Pequeno negocio,11,1,181.0,1,2,1275.44,30,34.4837,1034.51,5.7155,-0.1889,0.1111,0.2868,Moderado
307.43,False,8,Departamento,1,2,118.0,5,2,242.07,31,9.9171,153.715,2.6053,0.27,0.625,0.1036,Eficiente
842.77,True,39,Pequeno negocio,6,7,117.0,4,3,802.77,31,27.1861,120.3957,7.2032,0.0498,0.1026,0.3434,Ineficiente
1723.82,True,19,Pequeno negocio,2,2,94.0,1,5,1360.48,28,61.565,861.91,18.3385,0.2671,0.0526,0.2955,Moderado
946.28,False,33,Pequeno negocio,10,11,43.0,2,4,863.87,31,30.5252,86.0255,22.0065,0.0954,0.0606,0.2559,Moderado
1589.2,False,20,Pequeno negocio,10,15,206.0,7,10,2168.63,28,56.7571,105.9467,7.7146,-0.2672,0.35,0.3564,Ineficiente
625.57,True,22,Casa,3,5,152.0,0,12,592.98,28,22.3418,125.114,4.1156,0.055,0.0,0.2675,Moderado
526.21,False,3,Departamento,11,4,111.0,3,0,528.17,31,16.9745,131.5525,4.7406,-0.0037,1.0,0.1531,Eficiente
442.66,True,11,Departamento,4,2,40.0,1,6,459.77,29,15.2641,221.33,11.0665,-0.0372,0.0909,0.2058,Eficiente
680.5,True,24,Departamento,7,3,90.0,7,8,715.05,30,22.6833,226.8333,7.5611,-0.0483,0.2917,0.3257,Ineficiente
1341.52,True,10,Casa,1,4,125.0,6,3,1121.53,29,46.2593,335.38,10.7322,0.1962,0.6,0.2667,Moderado
523.45,False,19,Departamento,13,7,129.0,0,5,629.34,31,16.8855,74.7786,4.0578,-0.1683,0.0,0.1912,Eficiente
1160.58,True,12,Pequeno negocio,2,11,134.0,7,9,1209.84,28,41.4493,105.5073,8.661,-0.0407,0.5833,0.2878,Moderado
653.75,True,13,Casa,13,5,263.0,4,6,610.38,28,23.3482,130.75,2.4857,0.0711,0.3077,0.3026,Moderado
876.36,False,34,Pequeno negocio,12,9,154.0,3,0,970.78,31,28.2697,97.3733,5.6906,-0.0973,0.0882,0.2694,Moderado
1015.01,False,21,Casa,1,6,156.0,1,5,987.71,31,32.7423,169.1683,6.5065,0.0276,0.0476,0.1972,Eficiente
386.77,True,12,Casa,1,4,124.0,1,4,332.62,29,13.3369,96.6925,3.1191,0.1628,0.0833,0.2236,Eficiente
1285.74,True,4,Casa,2,5,167.0,4,2,1177.58,30,42.858,257.148,7.699,0.0918,1.0,0.2848,Moderado
547.53,True,14,Departamento,12,4,100.0,2,1,771.62,28,19.5546,136.8825,5.4753,-0.2904,0.1429,0.2633,Moderado
621.98,True,19,Departamento,1,6,62.0,8,4,703.01,30,20.7327,103.6633,10.0319,-0.1153,0.4211,0.2809,Moderado
750.4,True,12,Casa,9,2,234.0,5,11,865.1,31,24.2065,375.2,3.2068,-0.1326,0.4167,0.2939,Moderado
519.74,False,24,Departamento,13,2,92.0,0,11,474.35,28,18.5621,259.87,5.6493,0.0957,0.0,0.2492,Moderado
703.52,True,9,Casa,4,2,182.0,8,2,761.14,31,22.6942,351.76,3.8655,-0.0757,0.8889,0.2525,Moderado
753.3,True,21,Casa,8,7,298.0,2,7,748.82,30,25.11,107.6143,2.5279,0.006,0.0952,0.293,Moderado
1223.77,False,25,Pequeno negocio,1,14,68.0,6,9,1335.73,28,43.7061,87.4121,17.9966,-0.0838,0.24,0.2527,Moderado
712.53,True,12,Departamento,14,3,66.0,8,6,728.66,29,24.57,237.51,10.7959,-0.0221,0.6667,0.3083,Ineficiente
325.04,True,5,Departamento,9,3,114.0,5,0,256.2,28,11.6086,108.3467,2.8512,0.2687,1.0,0.2869,Moderado
1311.61,False,10,Departamento,10,6,119.0,4,9,972.79,28,46.8432,218.6017,11.0219,0.3483,0.4,0.3113,Ineficiente
499.13,True,9,Pequeno negocio,3,5,50.0,0,2,479.95,28,17.8261,99.826,9.9826,0.04,0.0,0.2141,Eficiente
576.46,False,22,Casa,10,7,114.0,2,2,679.41,31,18.5955,82.3514,5.0567,-0.1515,0.0909,0.2053,Eficiente
790.34,True,13,Casa,9,7,292.0,5,3,764.87,30,26.3447,112.9057,2.7066,0.0333,0.3846,0.318,Ineficiente
666.77,True,9,Casa,1,5,98.0,9,1,542.38,28,23.8132,133.354,6.8038,0.2293,1.0,0.2748,Moderado
940.35,True,19,Departamento,8,3,35.0,0,12,905.26,28,33.5839,313.45,26.8671,0.0388,0.0,0.371,Ineficiente
456.65,False,23,Departamento,1,5,98.0,1,7,609.27,29,15.7466,91.33,4.6597,-0.2505,0.0435,0.1705,Eficiente
428.85,True,6,Departamento,10,5,96.0,3,10,439.78,29,14.7879,85.77,4.4672,-0.0249,0.5,0.2551,Moderado
500.58,False,10,Casa,13,1,133.0,7,0,623.85,28,17.8779,500.58,3.7638,-0.1976,0.7,0.2437,Moderado
887.81,False,20,Casa,12,6,123.0,9,2,1035.96,28,31.7075,147.9683,7.218,-0.143,0.45,0.3635,Ineficiente
302.91,True,5,Departamento,7,4,114.0,1,1,308.7,30,10.097,75.7275,2.6571,-0.0188,0.2,0.1626,Eficiente
885.73,True,19,Pequeno negocio,13,8,129.0,5,0,1013.67,31,28.5719,110.7162,6.8661,-0.1262,0.2632,0.3285,Ineficiente
884.03,True,8,Casa,14,5,189.0,8,9,824.9,29,30.4838,176.806,4.6774,0.0717,1.0,0.3889,Ineficiente
845.1,False,13,Casa,6,7,196.0,9,2,739.43,29,29.1414,120.7286,4.3117,0.1429,0.6923,0.2822,Moderado
637.78,True,14,Casa,4,1,258.0,7,11,788.25,31,20.5735,637.78,2.472,-0.1909,0.5,0.292,Moderado
1598.27,True,11,Casa,2,1,241.0,7,9,1396.05,29,55.1128,1598.27,6.6318,0.1449,0.6364,0.4299,Ineficiente
457.66,True,5,Casa,9,1,240.0,2,3,406.11,30,15.2553,457.66,1.9069,0.1269,0.4,0.2423,Moderado
609.83,True,3,Casa,5,7,127.0,3,3,602.18,31,19.6719,87.1186,4.8018,0.0127,1.0,0.1402,Eficiente
751.03,True,11,Departamento,8,7,113.0,9,4,716.13,31,24.2268,107.29,6.6463,0.0487,0.8182,0.3174,Ineficiente
999.51,True,8,Casa,14,7,170.0,6,7,916.06,31,32.2423,142.7871,5.8795,0.0911,0.75,0.3644,Ineficiente
381.36,False,22,Casa,1,3,141.0,1,8,330.0,28,13.62,127.12,2.7047,0.1556,0.0455,0.1661,Eficiente
390.49,True,17,Casa,4,2,140.0,0,5,521.97,31,12.5965,195.245,2.7892,-0.2519,0.0,0.1832,Eficiente
1024.53,False,20,Pequeno negocio,7,7,241.0,8,10,901.03,30,34.151,146.3614,4.2512,0.1371,0.4,0.3235,Ineficiente
707.25,True,19,Casa,10,6,282.0,1,9,605.43,28,25.2589,117.875,2.508,0.1682,0.0526,0.3428,Ineficiente
989.19,True,16,Casa,13,2,252.0,6,3,957.12,31,31.9094,494.595,3.9254,0.0335,0.375,0.3733,Ineficiente
1822.0,False,5,Casa,13,4,222.0,3,5,1615.97,29,62.8276,455.5,8.2072,0.1275,0.6,0.3699,Ineficiente
482.61,False,11,Departamento,6,5,89.0,1,10,686.47,31,15.5681,96.522,5.4226,-0.297,0.0909,0.1274,Eficiente
783.48,False,7,Pequeno negocio,8,6,223.0,1,9,694.4,29,27.0166,130.58,3.5134,0.1283,0.1429,0.1855,Eficiente
2189.11,True,17,Casa,7,4,191.0,5,12,2669.68,30,72.9703,547.2775,11.4613,-0.18,0.2941,0.4248,Ineficiente
2886.5,False,15,Casa,1,5,164.0,8,1,2513.51,29,99.5345,577.3,17.6006,0.1484,0.5333,0.3796,Ineficiente
586.93,False,13,Casa,10,6,254.0,0,1,452.55,31,18.9332,97.8217,2.3107,0.2969,0.0,0.2322,Moderado
624.86,False,18,Departamento,12,2,41.0,7,6,499.23,29,21.5469,312.43,15.2405,0.2516,0.3889,0.3224,Ineficiente
1196.78,False,26,Pequeno negocio,11,12,173.0,5,2,967.86,28,42.7421,99.7317,6.9178,0.2365,0.1923,0.294,Moderado
567.46,True,6,Casa,5,2,233.0,6,9,587.27,31,18.3052,283.73,2.4355,-0.0337,1.0,0.2492,Moderado
586.3,False,11,Casa,12,1,73.0,5,9,501.39,28,20.9393,586.3,8.0315,0.1693,0.4545,0.2225,Eficiente
450.59,True,21,Departamento,3,5,35.0,1,5,465.76,31,14.5352,90.118,12.874,-0.0326,0.0476,0.256,Moderado
417.0,True,14,Departamento,6,4,82.0,4,0,342.51,29,14.3793,104.25,5.0854,0.2175,0.2857,0.2225,Eficiente
530.03,False,6,Casa,3,2,224.0,6,4,493.34,30,17.6677,265.015,2.3662,0.0744,1.0,0.1514,Eficiente
531.49,True,5,Casa,6,1,186.0,5,3,828.25,29,18.3272,531.49,2.8575,-0.3583,1.0,0.2177,Eficiente
2067.66,True,19,Casa,13,7,111.0,3,5,1835.62,28,73.845,295.38,18.6276,0.1264,0.1579,0.4669,Ineficiente
2067.67,True,13,Departamento,7,6,117.0,9,10,2682.38,31,66.699,344.6117,17.6724,-0.2292,0.6923,0.4274,Ineficiente
489.86,True,20,Departamento,11,7,61.0,0,9,381.78,28,17.495,69.98,8.0305,0.2831,0.0,0.2984,Moderado
402.52,False,5,Departamento,14,1,91.0,5,8,357.72,28,14.3757,402.52,4.4233,0.1252,1.0,0.2927,Moderado
760.88,False,22,Pequeno negocio,2,10,70.0,7,0,775.76,29,26.2372,76.088,10.8697,-0.0192,0.3182,0.2323,Moderado
837.64,False,15,Casa,13,2,201.0,6,8,661.22,29,28.8841,418.82,4.1674,0.2668,0.4,0.3919,Ineficiente
378.24,False,13,Casa,1,1,155.0,1,6,365.25,30,12.608,378.24,2.4403,0.0356,0.0769,0.1824,Eficiente
437.96,True,12,Casa,9,4,139.0,1,7,505.39,29,15.1021,109.49,3.1508,-0.1334,0.0833,0.2195,Eficiente
3488.9,False,38,Pequeno negocio,6,11,210.0,7,5,3348.98,29,120.3069,317.1727,16.6138,0.0418,0.1842,0.4745,Ineficiente
696.78,True,20,Departamento,4,2,98.0,9,6,552.54,30,23.226,348.39,7.11,0.261,0.45,0.3534,Ineficiente
744.5,False,10,Casa,9,3,208.0,7,4,694.54,31,24.0161,248.1667,3.5793,0.0719,0.7,0.189,Eficiente
786.38,False,12,Casa,13,4,95.0,8,9,1100.72,28,28.085,196.595,8.2777,-0.2856,0.6667,0.1884,Eficiente
520.55,False,21,Departamento,1,3,114.0,9,5,497.41,28,18.5911,173.5167,4.5662,0.0465,0.4286,0.2399,Moderado
489.43,False,16,Departamento,2,4,95.0,9,11,456.79,31,15.7881,122.3575,5.1519,0.0715,0.5625,0.2796,Moderado
534.17,True,3,Departamento,7,5,72.0,3,12,522.89,31,17.2313,106.834,7.419,0.0216,1.0,0.3503,Ineficiente
522.31,False,4,Casa,1,7,127.0,4,10,852.46,31,16.8487,74.6157,4.1127,-0.3873,1.0,0.1181,Eficiente
959.21,True,19,Pequeno negocio,4,3,196.0,7,6,1085.52,29,33.0762,319.7367,4.8939,-0.1164,0.3684,0.2943,Moderado
432.88,True,18,Departamento,6,1,37.0,3,6,401.87,29,14.9269,432.88,11.6995,0.0772,0.1667,0.3239,Ineficiente
541.38,True,13,Departamento,6,7,42.0,5,6,438.19,28,19.335,77.34,12.89,0.2355,0.3846,0.2532,Moderado
711.6,True,24,Departamento,10,5,94.0,2,10,824.5,28,25.4143,142.32,7.5702,-0.1369,0.0833,0.3788,Ineficiente
1599.58,False,32,Pequeno negocio,6,1,90.0,5,11,1819.86,30,53.3193,1599.58,17.7731,-0.121,0.1562,0.3805,Ineficiente
1188.6,True,38,Pequeno negocio,0,12,193.0,5,9,1367.69,28,42.45,99.05,6.1585,-0.1309,0.1316,0.3393,Ineficiente
599.0,True,8,Departamento,9,7,86.0,0,9,550.2,28,21.3929,85.5714,6.9651,0.0887,0.0,0.253,Moderado
270.86,True,3,Casa,4,1,198.0,0,5,248.71,29,9.34,270.86,1.368,0.0891,0.0,0.1216,Eficiente
454.93,True,3,Casa,0,7,209.0,3,3,417.41,28,16.2475,64.99,2.1767,0.0899,1.0,0.1446,Eficiente
1141.34,True,21,Pequeno negocio,11,7,213.0,5,4,1220.96,28,40.7621,163.0486,5.3584,-0.0652,0.2381,0.3051,Ineficiente
502.37,False,10,Departamento,6,5,129.0,0,12,554.28,28,17.9418,100.474,3.8943,-0.0937,0.0,0.1558,Eficiente
683.88,False,6,Casa,9,7,222.0,3,5,628.63,30,22.796,97.6971,3.0805,0.0879,0.5,0.2427,Moderado
785.07,True,4,Casa,9,3,264.0,4,6,647.42,30,26.169,261.69,2.9738,0.2126,1.0,0.2194,Eficiente
1673.74,True,14,Pequeno negocio,1,13,92.0,7,6,1611.86,29,57.7152,128.7492,18.1928,0.0384,0.5,0.254,Moderado
1182.01,True,24,Pequeno negocio,12,8,37.0,8,4,1110.33,29,40.759,147.7512,31.9462,0.0646,0.3333,0.4231,Ineficiente
1027.43,False,37,Pequeno negocio,3,13,197.0,6,1,1174.88,28,36.6939,79.0331,5.2154,-0.1255,0.1622,0.2137,Eficiente
697.22,True,12,Casa,11,4,198.0,7,2,836.49,31,22.491,174.305,3.5213,-0.1665,0.5833,0.3174,Ineficiente
1210.0,True,12,Departamento,10,6,83.0,2,2,1110.71,31,39.0323,201.6667,14.5783,0.0894,0.1667,0.3011,Moderado
1042.68,True,19,Pequeno negocio,1,15,150.0,8,2,1109.08,29,35.9545,69.512,6.9512,-0.0599,0.4211,0.3059,Ineficiente
503.51,True,22,Casa,1,3,185.0,7,1,502.61,30,16.7837,167.8367,2.7217,0.0018,0.3182,0.1834,Eficiente
762.38,True,8,Casa,12,3,192.0,2,12,677.38,31,24.5929,254.1267,3.9707,0.1255,0.25,0.3232,Ineficiente
517.28,False,13,Pequeno negocio,0,8,124.0,3,0,480.72,30,17.2427,64.66,4.1716,0.0761,0.2308,0.2213,Eficiente
506.67,True,5,Casa,3,6,171.0,5,1,553.26,30,16.889,84.445,2.963,-0.0842,1.0,0.2088,Eficiente
783.87,False,13,Departamento,14,2,42.0,2,7,705.39,30,26.129,391.935,18.6636,0.1113,0.1538,0.3198,Ineficiente
422.57,True,18,Departamento,1,7,44.0,6,11,367.98,31,13.6313,60.3671,9.6039,0.1484,0.3333,0.3146,Ineficiente
624.95,True,8,Departamento,9,5,103.0,4,9,513.79,31,20.1597,124.99,6.0675,0.2164,0.5,0.2794,Moderado
395.55,True,19,Casa,5,1,120.0,2,1,411.54,28,14.1268,395.55,3.2962,-0.0389,0.1053,0.2078,Eficiente
485.02,True,8,Departamento,6,6,82.0,1,7,496.47,30,16.1673,80.8367,5.9149,-0.0231,0.125,0.1687,Eficiente
403.12,True,7,Casa,1,2,85.0,7,7,467.67,31,13.0039,201.56,4.7426,-0.138,1.0,0.2235,Eficiente
1183.47,True,37,Pequeno negocio,8,15,185.0,3,9,1054.1,28,42.2668,78.898,6.3971,0.1227,0.0811,0.4724,Ineficiente
550.46,False,20,Casa,5,4,62.0,5,3,484.12,31,17.7568,137.615,8.8784,0.137,0.25,0.2524,Moderado
513.92,False,19,Departamento,10,7,61.0,2,5,503.88,29,17.7214,73.4171,8.4249,0.0199,0.1053,0.1746,Eficiente
437.83,False,15,Departamento,11,4,95.0,1,12,352.64,31,14.1235,109.4575,4.6087,0.2416,0.0667,0.2345,Moderado
902.88,True,22,Casa,7,1,223.0,0,10,852.43,30,30.096,902.88,4.0488,0.0592,0.0,0.3492,Ineficiente
1468.6,True,21,Casa,0,6,100.0,9,3,1653.72,29,50.6414,244.7667,14.686,-0.1119,0.4286,0.3302,Ineficiente
540.75,True,9,Departamento,9,6,98.0,3,9,527.26,28,19.3125,90.125,5.5179,0.0256,0.3333,0.2624,Moderado
794.2,True,16,Casa,7,3,166.0,5,11,814.88,31,25.6194,264.7333,4.7843,-0.0254,0.3125,0.2896,Moderado
468.64,True,4,Casa,10,2,65.0,4,9,433.49,31,15.1174,234.32,7.2098,0.0811,1.0,0.2406,Moderado
600.18,True,4,Departamento,11,7,83.0,3,8,431.79,31,19.3606,85.74,7.2311,0.39,0.75,0.2514,Moderado
1157.84,False,14,Pequeno negocio,2,12,187.0,8,9,941.89,29,39.9255,96.4867,6.1917,0.2293,0.5714,0.3296,Ineficiente
604.31,True,18,Departamento,1,3,91.0,9,7,513.71,30,20.1437,201.4367,6.6408,0.1764,0.5,0.3132,Ineficiente
401.65,True,15,Casa,6,5,179.0,1,3,502.14,31,12.9565,80.33,2.2439,-0.2001,0.0667,0.2274,Eficiente
875.03,False,38,Pequeno negocio,13,8,49.0,0,6,721.44,31,28.2268,109.3788,17.8578,0.2129,0.0,0.3439,Ineficiente
422.04,False,19,Departamento,4,2,61.0,3,7,378.14,31,13.6142,211.02,6.9187,0.1161,0.1579,0.2187,Eficiente
631.25,True,16,Casa,6,5,292.0,1,9,518.8,30,21.0417,126.25,2.1618,0.2168,0.0625,0.2619,Moderado
626.42,True,19,Casa,11,6,72.0,0,10,837.17,29,21.6007,104.4033,8.7003,-0.2517,0.0,0.2605,Moderado
819.94,True,16,Casa,12,7,128.0,8,1,915.34,28,29.2836,117.1343,6.4058,-0.1042,0.5,0.2828,Moderado
491.16,True,21,Casa,11,4,105.0,0,1,444.01,29,16.9366,122.79,4.6777,0.1062,0.0,0.2364,Moderado
472.48,True,10,Departamento,14,2,114.0,0,2,618.82,30,15.7493,236.24,4.1446,-0.2365,0.0,0.173,Eficiente
636.34,False,3,Casa,12,4,278.0,3,3,516.53,28,22.7264,159.085,2.289,0.232,1.0,0.1794,Eficiente
799.22,False,16,Departamento,2,5,66.0,5,3,729.38,30,26.6407,159.844,12.1094,0.0958,0.3125,0.2126,Eficiente
803.78,False,24,Casa,6,7,135.0,4,6,782.64,31,25.9284,114.8257,5.9539,0.027,0.1667,0.2351,Moderado
681.71,True,5,Casa,11,1,80.0,5,9,781.41,30,22.7237,681.71,8.5214,-0.1276,1.0,0.3118,Ineficiente
724.41,False,24,Casa,8,5,154.0,7,5,801.92,31,23.3681,144.882,4.704,-0.0967,0.2917,0.3152,Ineficiente
469.54,True,19,Departamento,2,4,120.0,0,5,561.64,29,16.191,117.385,3.9128,-0.164,0.0,0.2078,Eficiente
502.21,True,3,Departamento,10,5,124.0,3,11,519.13,31,16.2003,100.442,4.0501,-0.0326,1.0,0.2678,Moderado
379.8,True,14,Casa,2,1,92.0,0,9,334.26,31,12.2516,379.8,4.1283,0.1362,0.0,0.1731,Eficiente
612.91,True,9,Casa,4,1,211.0,9,9,645.42,28,21.8896,612.91,2.9048,-0.0504,1.0,0.2648,Moderado
817.2,False,17,Casa,14,5,230.0,3,9,718.23,29,28.1793,163.44,3.553,0.1378,0.1765,0.2781,Moderado
3669.95,True,8,Pequeno negocio,14,3,179.0,8,0,4598.94,30,122.3317,1223.3167,20.5025,-0.202,1.0,0.4926,Ineficiente
628.92,True,11,Casa,0,5,72.0,9,9,861.34,31,20.2877,125.784,8.735,-0.2698,0.8182,0.1769,Eficiente
409.66,False,13,Departamento,5,1,75.0,1,6,348.03,30,13.6553,409.66,5.4621,0.1771,0.0769,0.2449,Moderado
848.88,True,3,Casa,4,6,181.0,3,8,941.86,30,28.296,141.48,4.6899,-0.0987,1.0,0.2272,Eficiente
429.46,False,3,Casa,8,3,194.0,1,9,439.6,29,14.809,143.1533,2.2137,-0.0231,0.3333,0.187,Eficiente
631.76,False,19,Departamento,12,4,103.0,9,0,725.21,30,21.0587,157.94,6.1336,-0.1289,0.4737,0.2665,Moderado
523.41,True,10,Departamento,12,3,56.0,4,8,503.06,31,16.8842,174.47,9.3466,0.0405,0.4,0.3168,Ineficiente
1681.96,True,22,Casa,2,3,180.0,8,11,1339.34,28,60.07,560.6533,9.3442,0.2558,0.3636,0.4078,Ineficiente
1089.32,True,37,Pequeno negocio,11,10,244.0,5,6,1231.69,31,35.1394,108.932,4.4644,-0.1156,0.1351,0.4176,Ineficiente
632.1,False,11,Casa,0,5,178.0,8,8,826.97,28,22.575,126.42,3.5511,-0.2356,0.7273,0.2078,Eficiente
1555.11,False,22,Casa,7,5,123.0,5,1,1884.84,30,51.837,311.022,12.6432,-0.1749,0.2273,0.2697,Moderado
489.54,False,4,Casa,8,7,103.0,0,9,485.95,29,16.8807,69.9343,4.7528,0.0074,0.0,0.1156,Eficiente
421.69,False,21,Departamento,6,2,81.0,4,11,512.37,28,15.0604,210.845,5.206,-0.177,0.1905,0.1877,Eficiente
637.59,True,4,Departamento,13,7,82.0,4,4,733.23,28,22.7711,91.0843,7.7755,-0.1304,1.0,0.2482,Moderado
1355.88,False,23,Casa,9,5,293.0,9,5,1976.76,29,46.7545,271.176,4.6276,-0.3141,0.3913,0.318,Ineficiente
1493.34,False,12,Pequeno negocio,14,7,144.0,8,6,1431.83,28,53.3336,213.3343,10.3704,0.043,0.6667,0.3149,Ineficiente
520.36,True,13,Departamento,6,7,38.0,5,1,467.57,28,18.5843,74.3371,13.6937,0.1129,0.3846,0.2482,Moderado
838.11,False,13,Pequeno negocio,6,13,56.0,8,1,966.08,29,28.9003,64.47,14.9662,-0.1325,0.6154,0.2665,Moderado
772.9,False,22,Pequeno negocio,8,3,203.0,9,1,862.43,29,26.6517,257.6333,3.8074,-0.1038,0.4091,0.3045,Moderado
722.42,False,24,Pequeno negocio,3,6,87.0,8,2,701.89,29,24.911,120.4033,8.3037,0.0292,0.3333,0.2346,Moderado
580.84,False,5,Departamento,11,5,91.0,5,10,537.41,31,18.7368,116.168,6.3829,0.0808,1.0,0.2524,Moderado
812.41,False,24,Casa,4,6,202.0,3,8,803.94,28,29.0146,135.4017,4.0218,0.0105,0.125,0.2753,Moderado
493.41,False,14,Casa,1,1,197.0,4,7,486.09,29,17.0141,493.41,2.5046,0.0151,0.2857,0.2363,Moderado
273.96,True,9,Departamento,7,5,79.0,0,0,290.09,29,9.4469,54.792,3.4678,-0.0556,0.0,0.1768,Eficiente
613.16,False,23,Casa,10,4,216.0,1,3,559.23,29,21.1434,153.29,2.8387,0.0964,0.0435,0.2615,Moderado
498.11,False,3,Departamento,8,7,85.0,3,12,465.86,30,16.6037,71.1586,5.8601,0.0692,1.0,0.24,Moderado
696.95,False,21,Casa,0,6,171.0,3,6,800.73,28,24.8911,116.1583,4.0757,-0.1296,0.1429,0.1618,Eficiente
571.7,False,33,Pequeno negocio,0,1,97.0,4,1,605.46,28,20.4179,571.7,5.8938,-0.0558,0.1212,0.1933,Eficiente
779.93,True,17,Casa,11,1,124.0,3,12,718.27,28,27.8546,779.93,6.2898,0.0858,0.1765,0.3978,Ineficiente
1687.1,True,9,Pequeno negocio,14,6,184.0,9,7,1557.7,30,56.2367,281.1833,9.169,0.0831,1.0,0.4737,Ineficiente
540.19,True,6,Casa,3,3,175.0,6,6,637.75,29,18.6272,180.0633,3.0868,-0.153,1.0,0.1967,Eficiente
697.97,True,10,Casa,14,4,137.0,7,7,703.42,31,22.5152,174.4925,5.0947,-0.0077,0.7,0.3188,Ineficiente
1083.44,False,17,Pequeno negocio,7,3,243.0,9,5,1154.62,28,38.6943,361.1467,4.4586,-0.0616,0.5294,0.2767,Moderado
955.22,True,25,Pequeno negocio,2,7,55.0,5,8,1331.12,28,34.115,136.46,17.3676,-0.2824,0.2,0.2259,Eficiente
418.63,True,17,Departamento,4,2,110.0,1,4,339.59,30,13.9543,209.315,3.8057,0.2328,0.0588,0.172,Eficiente
1049.44,False,20,Pequeno negocio,14,11,134.0,6,4,1110.5,31,33.8529,95.4036,7.8316,-0.055,0.3,0.2613,Moderado
385.86,False,10,Casa,4,6,101.0,0,2,438.8,28,13.7807,64.31,3.8204,-0.1206,0.0,0.0989,Eficiente
909.27,True,33,Pequeno negocio,12,14,94.0,4,2,915.78,29,31.3541,64.9479,9.6731,-0.0071,0.1212,0.3372,Ineficiente
2473.27,True,10,Casa,9,5,179.0,8,11,2655.99,29,85.2852,494.654,13.8172,-0.0688,0.8,0.4208,Ineficiente
221.65,False,7,Departamento,12,1,62.0,1,2,184.52,28,7.9161,221.65,3.575,0.2012,0.1429,0.181,Eficiente
755.84,True,21,Casa,6,2,290.0,5,2,645.06,29,26.0634,377.92,2.6063,0.1717,0.2381,0.3494,Ineficiente
645.09,False,14,Casa,1,6,194.0,7,6,648.14,30,21.503,107.515,3.3252,-0.0047,0.5,0.2075,Eficiente
385.82,False,3,Departamento,7,6,101.0,3,0,339.63,29,13.3041,64.3033,3.82,0.136,1.0,0.145,Eficiente
739.25,False,18,Departamento,14,7,97.0,5,5,737.25,30,24.6417,105.6071,7.6211,0.0027,0.2778,0.311,Ineficiente
769.32,True,11,Casa,14,4,116.0,3,1,1029.15,29,26.5283,192.33,6.6321,-0.2525,0.2727,0.2438,Moderado
651.03,False,25,Pequeno negocio,6,2,158.0,2,3,649.82,30,21.701,325.515,4.1204,0.0019,0.08,0.2188,Eficiente
246.31,True,8,Departamento,1,1,56.0,1,2,269.02,31,7.9455,246.31,4.3984,-0.0844,0.125,0.1134,Eficiente
1944.98,False,10,Casa,3,6,207.0,7,11,2185.1,28,69.4636,324.1633,9.396,-0.1099,0.7,0.2326,Moderado
753.49,True,3,Departamento,5,7,81.0,2,5,693.56,28,26.9104,107.6414,9.3023,0.0864,0.6667,0.2092,Eficiente
981.51,True,19,Casa,14,1,81.0,6,0,748.4,28,35.0539,981.51,12.1174,0.3115,0.3158,0.4131,Ineficiente
508.43,False,7,Casa,7,4,240.0,0,11,575.43,31,16.401,127.1075,2.1185,-0.1164,0.0,0.1474,Eficiente
417.02,True,6,Departamento,7,3,39.0,2,12,402.67,30,13.9007,139.0067,10.6928,0.0356,0.3333,0.2918,Moderado
521.82,True,7,Casa,12,6,86.0,3,1,515.43,31,16.8329,86.97,6.0677,0.0124,0.4286,0.2514,Moderado
647.22,True,18,Casa,2,6,150.0,7,1,501.1,29,22.3179,107.87,4.3148,0.2916,0.3889,0.2933,Moderado
495.98,False,14,Departamento,4,2,45.0,0,1,530.91,31,15.9994,247.99,11.0218,-0.0658,0.0,0.0943,Eficiente
776.98,True,20,Casa,11,7,120.0,4,3,618.47,29,26.7924,110.9971,6.4748,0.2563,0.2,0.3712,Ineficiente
1010.01,True,8,Pequeno negocio,5,11,90.0,4,5,1394.37,31,32.581,91.8191,11.2223,-0.2757,0.5,0.2506,Moderado
660.04,True,18,Departamento,8,6,116.0,3,10,729.85,30,22.0013,110.0067,5.69,-0.0956,0.1667,0.3443,Ineficiente
928.53,False,13,Casa,12,6,154.0,7,11,823.28,31,29.9526,154.755,6.0294,0.1278,0.5385,0.3669,Ineficiente
721.35,False,16,Departamento,11,2,114.0,9,11,1059.48,31,23.2694,360.675,6.3276,-0.3191,0.5625,0.2411,Moderado
1252.44,True,22,Casa,7,5,291.0,0,12,1307.82,28,44.73,250.488,4.3039,-0.0423,0.0,0.2721,Moderado
493.76,True,16,Departamento,1,2,79.0,9,0,623.88,31,15.9277,246.88,6.2501,-0.2086,0.5625,0.1949,Eficiente
2922.08,False,13,Casa,12,2,199.0,8,12,3684.81,28,104.36,1461.04,14.6838,-0.207,0.6154,0.4889,Ineficiente
1135.43,True,29,Pequeno negocio,1,6,195.0,8,8,903.28,30,37.8477,189.2383,5.8227,0.257,0.2759,0.3964,Ineficiente
411.09,False,17,Casa,0,6,123.0,1,1,357.49,30,13.703,68.515,3.3422,0.1499,0.0588,0.117,Eficiente
587.27,True,23,Departamento,3,6,58.0,3,12,573.08,28,20.9739,97.8783,10.1253,0.0248,0.1304,0.2961,Moderado
671.07,True,17,Casa,4,4,60.0,6,9,564.02,30,22.369,167.7675,11.1845,0.1898,0.3529,0.2803,Moderado
609.3,True,18,Casa,11,6,151.0,2,9,568.16,28,21.7607,101.55,4.0351,0.0724,0.1111,0.2816,Moderado
316.66,False,14,Departamento,8,3,65.0,2,8,276.54,30,10.5553,105.5533,4.8717,0.1451,0.1429,0.2257,Eficiente
727.06,True,21,Departamento,13,4,72.0,5,10,697.35,29,25.071,181.765,10.0981,0.0426,0.2381,0.4057,Ineficiente
739.49,True,17,Pequeno negocio,1,6,42.0,8,0,786.69,28,26.4104,123.2483,17.6069,-0.06,0.4706,0.2784,Moderado
630.97,True,14,Casa,14,4,233.0,1,7,707.08,31,20.3539,157.7425,2.708,-0.1076,0.0714,0.2615,Moderado
689.78,True,22,Casa,7,5,186.0,0,8,715.06,29,23.7855,137.956,3.7085,-0.0354,0.0,0.2359,Moderado
877.6,True,7,Casa,8,2,288.0,7,11,1163.81,30,29.2533,438.8,3.0472,-0.2459,1.0,0.2839,Moderado
664.93,True,12,Casa,0,4,176.0,4,9,653.81,30,22.1643,166.2325,3.778,0.017,0.3333,0.2345,Moderado
1239.9,False,20,Pequeno negocio,10,9,177.0,0,3,1010.14,31,39.9968,137.7667,7.0051,0.2275,0.0,0.3188,Ineficiente
944.21,True,32,Pequeno negocio,7,1,30.0,9,8,1083.34,30,31.4737,944.21,31.4737,-0.1284,0.2812,0.4389,Ineficiente
1057.84,True,21,Pequeno negocio,11,8,130.0,2,3,1077.45,30,35.2613,132.23,8.1372,-0.0182,0.0952,0.3132,Ineficiente
667.17,False,15,Casa,13,4,243.0,1,2,983.6,29,23.0059,166.7925,2.7456,-0.3217,0.0667,0.23,Moderado
785.66,False,8,Casa,3,5,247.0,6,8,775.62,29,27.0917,157.132,3.1808,0.0129,0.75,0.2271,Eficiente
510.99,False,21,Departamento,14,7,76.0,7,4,354.28,28,18.2496,72.9986,6.7236,0.4423,0.3333,0.3605,Ineficiente
583.15,True,24,Casa,7,6,213.0,1,4,568.36,31,18.8113,97.1917,2.7378,0.026,0.0417,0.2572,Moderado
681.75,True,14,Departamento,4,6,121.0,7,7,594.02,31,21.9919,113.625,5.6343,0.1477,0.5,0.3071,Ineficiente
2624.69,True,16,Casa,10,6,152.0,3,2,2832.69,28,93.7389,437.4483,17.2677,-0.0734,0.1875,0.4011,Ineficiente
343.92,False,13,Casa,0,3,167.0,3,1,315.57,31,11.0942,114.64,2.0594,0.0898,0.2308,0.0724,Eficiente
965.88,False,34,Pequeno negocio,10,5,53.0,6,5,1065.45,30,32.196,193.176,18.2242,-0.0935,0.1765,0.3024,Moderado
492.57,False,13,Casa,13,4,195.0,0,2,477.65,28,17.5918,123.1425,2.526,0.0312,0.0,0.184,Eficiente
864.0,True,19,Pequeno negocio,3,12,44.0,1,9,1157.87,28,30.8571,72.0,19.6364,-0.2538,0.0526,0.221,Eficiente
727.63,True,20,Casa,8,7,149.0,8,9,622.95,30,24.2543,103.9471,4.8834,0.168,0.4,0.3338,Ineficiente
918.73,False,18,Casa,11,7,279.0,9,12,855.36,31,29.6365,131.2471,3.2929,0.0741,0.5,0.4174,Ineficiente
630.14,False,10,Casa,8,7,110.0,9,2,568.96,28,22.505,90.02,5.7285,0.1075,0.9,0.2616,Moderado
911.35,False,16,Casa,13,5,173.0,7,9,973.88,31,29.3984,182.27,5.2679,-0.0642,0.4375,0.3599,Ineficiente
1432.76,False,23,Departamento,12,2,67.0,1,0,1336.78,29,49.4055,716.38,21.3845,0.0718,0.0435,0.242,Moderado
542.99,True,12,Casa,4,2,129.0,3,8,445.06,31,17.5158,271.495,4.2092,0.22,0.25,0.3213,Ineficiente
601.96,False,21,Departamento,5,2,115.0,8,2,678.48,29,20.7572,300.98,5.2344,-0.1128,0.381,0.2014,Eficiente
2047.35,True,29,Pequeno negocio,10,15,180.0,7,9,1838.03,29,70.5983,136.49,11.3742,0.1139,0.2414,0.5168,Ineficiente
425.22,False,6,Casa,6,3,138.0,6,0,426.01,29,14.6628,141.74,3.0813,-0.0019,1.0,0.149,Eficiente
585.02,True,7,Casa,5,5,274.0,4,0,474.25,30,19.5007,117.004,2.1351,0.2336,0.5714,0.1834,Eficiente
809.89,False,9,Casa,12,7,167.0,5,3,908.87,29,27.9272,115.6986,4.8496,-0.1089,0.5556,0.2566,Moderado
520.51,True,15,Departamento,1,3,122.0,7,4,565.28,29,17.9486,173.5033,4.2665,-0.0792,0.4667,0.188,Eficiente
594.9,True,22,Departamento,7,7,44.0,7,9,518.63,29,20.5138,84.9857,13.5205,0.1471,0.3182,0.3408,Ineficiente
581.76,False,11,Casa,5,4,123.0,7,2,596.38,29,20.0607,145.44,4.7298,-0.0245,0.6364,0.1487,Eficiente
396.77,False,9,Departamento,11,6,96.0,0,10,369.37,30,13.2257,66.1283,4.133,0.0742,0.0,0.2895,Moderado
456.24,False,17,Departamento,14,1,65.0,2,6,409.54,29,15.7324,456.24,7.0191,0.114,0.1176,0.2444,Moderado
532.16,False,9,Casa,13,2,146.0,4,0,515.7,29,18.3503,266.08,3.6449,0.0319,0.4444,0.2476,Moderado
873.08,True,12,Casa,5,7,230.0,6,12,1175.88,31,28.1639,124.7257,3.796,-0.2575,0.5,0.2905,Moderado
1256.06,True,17,Pequeno negocio,5,8,230.0,9,7,1141.97,30,41.8687,157.0075,5.4611,0.0999,0.5294,0.3741,Ineficiente
610.32,True,9,Casa,1,4,222.0,3,11,676.84,31,19.6877,152.58,2.7492,-0.0983,0.3333,0.1975,Eficiente
1533.06,True,4,Casa,13,1,186.0,4,1,1975.71,29,52.8641,1533.06,8.2423,-0.224,1.0,0.37,Ineficiente
634.98,True,15,Casa,4,1,227.0,6,5,503.71,31,20.4832,634.98,2.7973,0.2606,0.4,0.378,Ineficiente
291.77,True,13,Departamento,4,3,56.0,2,2,248.43,31,9.4119,97.2567,5.2102,0.1745,0.1538,0.2036,Eficiente
499.96,False,6,Casa,5,7,125.0,1,6,610.32,28,17.8557,71.4229,3.9997,-0.1808,0.1667,0.1091,Eficiente
860.83,True,19,Casa,13,3,239.0,6,10,1326.18,30,28.6943,286.9433,3.6018,-0.3509,0.3158,0.3163,Ineficiente
708.06,False,7,Casa,14,7,92.0,3,11,734.16,31,22.8406,101.1514,7.6963,-0.0356,0.4286,0.2718,Moderado
350.62,False,17,Departamento,4,4,36.0,2,12,280.24,31,11.3103,87.655,9.7394,0.2511,0.1176,0.2093,Eficiente
266.42,False,5,Casa,9,1,162.0,2,3,312.48,29,9.1869,266.42,1.6446,-0.1474,0.4,0.1301,Eficiente
626.83,False,12,Pequeno negocio,3,4,223.0,2,3,671.72,29,21.6148,156.7075,2.8109,-0.0668,0.1667,0.1474,Eficiente
398.41,False,5,Casa,6,3,83.0,0,9,476.5,29,13.7383,132.8033,4.8001,-0.1639,0.0,0.1095,Eficiente
537.68,False,14,Casa,10,2,178.0,1,10,512.46,29,18.5407,268.84,3.0207,0.0492,0.0714,0.2322,Moderado
718.1,True,25,Pequeno negocio,7,1,157.0,9,4,729.57,31,23.1645,718.1,4.5739,-0.0157,0.36,0.3331,Ineficiente
1040.02,True,27,Pequeno negocio,13,10,67.0,1,4,1179.5,28,37.1436,104.002,15.5227,-0.1183,0.037,0.3729,Ineficiente
733.68,False,14,Casa,7,7,182.0,4,2,945.5,29,25.2993,104.8114,4.0312,-0.224,0.2857,0.1399,Eficiente
815.93,True,12,Pequeno negocio,11,5,179.0,4,10,787.85,31,26.3203,163.186,4.5583,0.0356,0.3333,0.2999,Moderado
704.77,False,20,Departamento,6,6,74.0,7,1,624.28,30,23.4923,117.4617,9.5239,0.1289,0.35,0.3157,Ineficiente
738.59,True,11,Casa,11,1,256.0,3,7,808.21,30,24.6197,738.59,2.8851,-0.0861,0.2727,0.2852,Moderado
1138.07,False,30,Pequeno negocio,12,8,193.0,8,5,1038.54,29,39.2438,142.2588,5.8967,0.0958,0.2667,0.3455,Ineficiente
1105.26,True,24,Departamento,14,4,118.0,7,7,1116.6,31,35.6535,276.315,9.3666,-0.0102,0.2917,0.4035,Ineficiente
1399.63,True,20,Casa,5,6,179.0,5,12,1075.79,29,48.2631,233.2717,7.8192,0.301,0.25,0.4051,Ineficiente
2912.91,False,21,Departamento,8,2,99.0,8,10,2417.34,30,97.097,1456.455,29.4233,0.205,0.381,0.4648,Ineficiente
662.83,True,23,Casa,10,6,62.0,3,11,622.41,28,23.6725,110.4717,10.6908,0.0649,0.1304,0.3535,Ineficiente
771.52,True,18,Casa,13,3,220.0,4,9,762.26,28,27.5543,257.1733,3.5069,0.0121,0.2222,0.2932,Moderado
1172.69,True,23,Pequeno negocio,1,4,131.0,5,5,1153.35,29,40.4376,293.1725,8.9518,0.0168,0.2174,0.3539,Ineficiente
937.11,True,14,Departamento,0,2,80.0,1,12,935.94,29,32.3141,468.555,11.7139,0.0013,0.0714,0.2387,Moderado
413.46,True,15,Departamento,1,7,118.0,0,7,419.93,29,14.2572,59.0657,3.5039,-0.0154,0.0,0.0788,Eficiente
541.68,False,16,Departamento,1,5,76.0,9,4,738.93,29,18.6786,108.336,7.1274,-0.2669,0.5625,0.2477,Moderado
434.97,True,14,Departamento,4,4,57.0,0,11,344.89,28,15.5346,108.7425,7.6311,0.2612,0.0,0.2813,Moderado
497.75,True,12,Casa,4,4,120.0,0,12,604.61,29,17.1638,124.4375,4.1479,-0.1767,0.0,0.1821,Eficiente
972.27,False,18,Pequeno negocio,1,14,86.0,1,6,810.51,28,34.7239,69.4479,11.3055,0.1996,0.0556,0.1601,Eficiente
772.38,True,20,Departamento,14,3,86.0,5,10,928.18,30,25.746,257.46,8.9812,-0.1679,0.25,0.3249,Ineficiente
431.42,True,10,Departamento,12,6,89.0,2,6,461.2,31,13.9168,71.9033,4.8474,-0.0646,0.2,0.2218,Eficiente
454.83,False,22,Departamento,2,6,91.0,2,6,448.43,30,15.161,75.805,4.9981,0.0143,0.0909,0.1929,Eficiente
899.44,False,19,Casa,5,7,292.0,8,6,885.97,29,31.0152,128.4914,3.0803,0.0152,0.4211,0.2928,Moderado
911.82,True,24,Casa,5,1,149.0,9,6,1181.53,30,30.394,911.82,6.1196,-0.2283,0.375,0.2777,Moderado
900.13,True,17,Casa,12,2,74.0,8,11,798.6,31,29.0365,450.065,12.1639,0.1271,0.4706,0.407,Ineficiente
770.67,False,16,Casa,0,6,222.0,3,11,842.39,28,27.5239,128.445,3.4715,-0.0851,0.1875,0.1924,Eficiente
544.3,False,10,Departamento,12,3,125.0,0,10,501.67,28,19.4393,181.4333,4.3544,0.085,0.0,0.1855,Eficiente
1022.01,False,33,Pequeno negocio,1,8,72.0,9,7,793.35,29,35.2417,127.7512,14.1946,0.2882,0.2727,0.3624,Ineficiente
439.04,True,15,Casa,7,2,68.0,5,1,441.36,29,15.1393,219.52,6.4565,-0.0053,0.3333,0.1802,Eficiente
872.55,False,11,Casa,8,7,100.0,9,4,845.11,28,31.1625,124.65,8.7255,0.0325,0.8182,0.2505,Moderado
256.31,False,4,Departamento,3,7,98.0,1,1,308.9,29,8.8383,36.6157,2.6154,-0.1702,0.25,0.1015,Eficiente
690.77,True,3,Casa,1,1,221.0,3,0,687.22,30,23.0257,690.77,3.1257,0.0052,1.0,0.1799,Eficiente
1179.29,False,19,Pequeno negocio,6,13,206.0,3,8,1436.52,31,38.0416,90.7146,5.7247,-0.1791,0.1579,0.1994,Eficiente
925.03,True,18,Casa,13,4,104.0,7,3,950.73,29,31.8976,231.2575,8.8945,-0.027,0.3889,0.3704,Ineficiente
667.36,True,23,Casa,8,6,266.0,1,1,635.25,28,23.8343,111.2267,2.5089,0.0505,0.0435,0.2129,Eficiente
869.03,False,23,Casa,13,5,61.0,7,2,1069.46,28,31.0368,173.806,14.2464,-0.1874,0.3043,0.3365,Ineficiente
820.42,True,29,Pequeno negocio,5,9,206.0,4,0,950.57,30,27.3473,91.1578,3.9826,-0.1369,0.1379,0.2204,Eficiente
1223.9,False,21,Casa,9,5,292.0,9,1,1117.36,31,39.4806,244.78,4.1914,0.0953,0.4286,0.3589,Ineficiente
453.69,False,3,Departamento,13,6,101.0,1,6,471.55,31,14.6352,75.615,4.492,-0.0379,0.3333,0.2232,Eficiente
568.36,False,22,Casa,5,6,66.0,2,8,590.38,29,19.5986,94.7267,8.6115,-0.0373,0.0909,0.2861,Moderado
1035.47,True,24,Casa,14,4,274.0,6,10,861.23,29,35.7059,258.8675,3.7791,0.2023,0.25,0.4038,Ineficiente
1392.59,False,18,Pequeno negocio,13,15,136.0,8,5,1689.38,30,46.4197,92.8393,10.2396,-0.1757,0.4444,0.3404,Ineficiente
531.67,False,4,Casa,8,1,231.0,4,9,667.07,28,18.9882,531.67,2.3016,-0.203,1.0,0.1578,Eficiente
525.07,True,18,Casa,7,3,213.0,1,1,503.44,30,17.5023,175.0233,2.4651,0.043,0.0556,0.2789,Moderado
171.53,False,3,Departamento,2,4,73.0,0,1,130.03,31,5.5332,42.8825,2.3497,0.3192,0.0,0.0844,Eficiente
759.19,True,11,Pequeno negocio,2,12,37.0,3,4,700.52,30,25.3063,63.2658,20.5186,0.0838,0.2727,0.2869,Moderado
491.98,False,10,Casa,13,1,192.0,0,8,497.98,30,16.3993,491.98,2.5624,-0.012,0.0,0.2664,Moderado
524.4,False,14,Casa,5,7,151.0,4,1,503.56,30,17.48,74.9143,3.4728,0.0414,0.2857,0.1705,Eficiente
670.84,False,13,Pequeno negocio,13,2,148.0,4,0,716.1,28,23.9586,335.42,4.5327,-0.0632,0.3077,0.2389,Moderado
548.75,True,6,Departamento,5,4,128.0,6,7,465.08,30,18.2917,137.1875,4.2871,0.1799,1.0,0.2612,Moderado
1414.8,False,23,Pequeno negocio,3,13,73.0,0,5,1620.39,28,50.5286,108.8308,19.3808,-0.1269,0.0,0.2202,Eficiente
385.63,True,15,Departamento,8,4,116.0,3,5,406.32,31,12.4397,96.4075,3.3244,-0.0509,0.2,0.245,Moderado
869.19,False,18,Departamento,4,1,41.0,3,5,704.74,30,28.973,869.19,21.1998,0.2333,0.1667,0.2421,Moderado
879.75,False,9,Casa,6,6,184.0,5,12,864.55,28,31.4196,146.625,4.7812,0.0176,0.5556,0.2524,Moderado
385.42,False,6,Casa,6,1,282.0,3,1,346.66,29,13.2903,385.42,1.3667,0.1118,0.5,0.176,Eficiente
609.11,False,18,Departamento,12,6,122.0,6,7,710.14,28,21.7539,101.5183,4.9927,-0.1423,0.3333,0.2195,Eficiente
2848.25,False,18,Departamento,12,4,102.0,8,9,3168.9,29,98.2155,712.0625,27.924,-0.1012,0.4444,0.5253,Ineficiente
1165.29,False,29,Pequeno negocio,9,8,151.0,6,9,1160.69,30,38.843,145.6612,7.7172,0.004,0.2069,0.2604,Moderado
694.01,False,22,Departamento,14,7,62.0,6,1,677.06,31,22.3874,99.1443,11.1937,0.025,0.2727,0.312,Ineficiente
625.18,True,19,Casa,3,6,172.0,1,4,657.03,29,21.5579,104.1967,3.6348,-0.0485,0.0526,0.1896,Eficiente
547.9,False,3,Departamento,9,4,66.0,3,12,698.17,29,18.8931,136.975,8.3015,-0.2152,1.0,0.1636,Eficiente
546.29,False,8,Departamento,6,3,61.0,5,9,519.97,28,19.5104,182.0967,8.9556,0.0506,0.625,0.2111,Eficiente
563.2,False,17,Casa,6,5,87.0,1,11,554.09,30,18.7733,112.64,6.4736,0.0164,0.0588,0.1878,Eficiente
694.4,True,13,Departamento,10,5,129.0,6,9,601.54,29,23.9448,138.88,5.3829,0.1544,0.4615,0.3717,Ineficiente
408.12,True,4,Departamento,5,6,116.0,4,0,547.71,30,13.604,68.02,3.5183,-0.2549,1.0,0.0926,Eficiente
841.66,True,15,Casa,3,4,294.0,9,12,1010.39,30,28.0553,210.415,2.8628,-0.167,0.6,0.2746,Moderado
687.8,False,19,Departamento,7,4,112.0,6,10,771.18,28,24.5643,171.95,6.1411,-0.1081,0.3158,0.2651,Moderado
617.53,True,18,Departamento,1,1,68.0,9,8,924.27,31,19.9203,617.53,9.0813,-0.3319,0.5,0.2467,Moderado
1173.84,False,37,Pequeno negocio,8,5,120.0,9,0,1092.13,29,40.4772,234.768,9.782,0.0748,0.2432,0.347,Ineficiente
651.56,True,6,Casa,10,6,111.0,2,11,718.67,28,23.27,108.5933,5.8699,-0.0934,0.3333,0.2803,Moderado
528.65,False,23,Departamento,2,7,125.0,2,11,578.88,30,17.6217,75.5214,4.2292,-0.0868,0.087,0.1545,Eficiente
665.17,True,14,Departamento,6,5,70.0,2,11,666.7,29,22.9369,133.034,9.5024,-0.0023,0.1429,0.2315,Moderado
298.01,False,9,Departamento,4,3,37.0,2,3,364.42,30,9.9337,99.3367,8.0543,-0.1822,0.2222,0.0714,Eficiente
559.66,False,21,Casa,1,1,114.0,6,11,597.69,28,19.9879,559.66,4.9093,-0.0636,0.2857,0.2001,Eficiente
1215.19,False,37,Pequeno negocio,1,13,149.0,9,0,1078.46,31,39.1997,93.4762,8.1556,0.1268,0.2432,0.3253,Ineficiente
694.8,True,32,Pequeno negocio,7,4,100.0,4,7,936.98,31,22.4129,173.7,6.948,-0.2585,0.125,0.2991,Moderado
814.04,False,19,Departamento,8,5,56.0,8,9,938.08,29,28.0703,162.808,14.5364,-0.1322,0.4211,0.2678,Moderado
465.13,False,19,Departamento,8,2,49.0,7,2,442.02,28,16.6118,232.565,9.4924,0.0523,0.3684,0.2008,Eficiente
592.13,True,4,Casa,0,2,282.0,2,12,468.39,30,19.7377,296.065,2.0998,0.2642,0.5,0.1978,Eficiente
487.06,True,22,Departamento,0,1,68.0,8,7,433.06,28,17.395,487.06,7.1626,0.1247,0.3636,0.2835,Moderado
517.5,False,21,Casa,1,5,148.0,4,2,511.83,29,17.8448,103.5,3.4966,0.0111,0.1905,0.0999,Eficiente
478.81,False,20,Departamento,11,5,75.0,0,11,383.45,29,16.5107,95.762,6.3841,0.2487,0.0,0.269,Moderado
603.49,False,11,Casa,9,3,290.0,7,1,697.39,28,21.5532,201.1633,2.081,-0.1346,0.6364,0.1819,Eficiente
901.04,False,23,Departamento,7,6,86.0,8,12,781.27,28,32.18,150.1733,10.4772,0.1533,0.3478,0.3059,Ineficiente
964.39,True,5,Casa,0,6,179.0,2,12,895.49,31,31.1094,160.7317,5.3877,0.0769,0.4,0.2176,Eficiente
475.78,True,20,Departamento,0,4,112.0,2,12,417.86,30,15.8593,118.945,4.248,0.1386,0.1,0.2595,Moderado
497.82,False,21,Departamento,5,2,58.0,7,4,380.58,29,17.1662,248.91,8.5831,0.3081,0.3333,0.208,Eficiente
989.85,True,14,Casa,12,1,272.0,9,5,1102.44,28,35.3518,989.85,3.6392,-0.1021,0.6429,0.3595,Ineficiente
514.22,False,10,Casa,1,6,98.0,2,9,541.71,28,18.365,85.7033,5.2471,-0.0507,0.2,0.118,Eficiente
1009.78,False,38,Pequeno negocio,8,4,109.0,4,10,1027.99,30,33.6593,252.445,9.264,-0.0177,0.1053,0.2795,Moderado
534.06,True,4,Departamento,8,3,122.0,4,2,455.93,30,17.802,178.02,4.3775,0.1714,1.0,0.2703,Moderado
547.0,True,3,Casa,14,1,175.0,3,6,697.38,28,19.5357,547.0,3.1257,-0.2156,1.0,0.2923,Moderado
403.83,True,10,Casa,4,6,118.0,0,4,346.35,30,13.461,67.305,3.4223,0.166,0.0,0.1713,Eficiente
633.47,True,3,Casa,4,7,272.0,1,8,957.61,30,21.1157,90.4957,2.3289,-0.3385,0.3333,0.1497,Eficiente
582.92,True,16,Departamento,9,4,100.0,8,10,549.59,28,20.8186,145.73,5.8292,0.0606,0.5,0.3922,Ineficiente
487.1,True,17,Departamento,6,2,106.0,5,5,578.79,28,17.3964,243.55,4.5953,-0.1584,0.2941,0.2205,Eficiente
848.94,True,21,Casa,2,5,235.0,7,11,890.59,28,30.3193,169.788,3.6125,-0.0468,0.3333,0.265,Moderado
565.3,True,9,Departamento,9,7,120.0,0,3,607.42,28,20.1893,80.7571,4.7108,-0.0693,0.0,0.2243,Eficiente
839.39,False,20,Departamento,14,5,38.0,0,9,812.8,28,29.9782,167.878,22.0892,0.0327,0.0,0.2586,Moderado
398.57,False,9,Departamento,13,1,43.0,7,5,389.88,31,12.8571,398.57,9.2691,0.0223,0.7778,0.2791,Moderado
409.17,True,14,Casa,1,2,232.0,3,1,340.36,31,13.199,204.585,1.7637,0.2022,0.2143,0.1701,Eficiente
808.82,False,20,Casa,11,1,281.0,9,3,997.56,31,26.091,808.82,2.8784,-0.1892,0.45,0.2952,Moderado
663.55,False,10,Casa,10,3,107.0,4,10,658.52,31,21.4048,221.1833,6.2014,0.0076,0.4,0.2449,Moderado
597.64,False,5,Casa,9,4,184.0,5,5,579.14,29,20.6083,149.41,3.248,0.0319,1.0,0.1518,Eficiente
674.57,False,20,Casa,6,4,104.0,5,10,715.42,29,23.261,168.6425,6.4862,-0.0571,0.25,0.3022,Moderado
1064.28,False,9,Casa,11,6,103.0,6,8,1055.89,30,35.476,177.38,10.3328,0.0079,0.6667,0.2988,Moderado
770.72,True,7,Casa,8,1,287.0,6,5,802.74,31,24.8619,770.72,2.6854,-0.0399,0.8571,0.2767,Moderado
373.09,False,18,Departamento,1,7,44.0,1,2,303.13,30,12.4363,53.2986,8.4793,0.2308,0.0556,0.1063,Eficiente
684.36,False,14,Casa,1,2,229.0,7,9,613.74,30,22.812,342.18,2.9885,0.1151,0.5,0.162,Eficiente
588.67,True,3,Departamento,10,4,93.0,3,8,544.81,31,18.9894,147.1675,6.3298,0.0805,1.0,0.2945,Moderado
473.97,False,23,Casa,6,2,67.0,3,4,355.04,31,15.2894,236.985,7.0742,0.335,0.1304,0.2432,Moderado
542.23,True,14,Departamento,8,3,110.0,3,0,557.82,30,18.0743,180.7433,4.9294,-0.0279,0.2143,0.1542,Eficiente
615.93,False,8,Casa,12,6,103.0,5,5,552.66,31,19.8687,102.655,5.9799,0.1145,0.625,0.2635,Moderado
244.07,False,4,Departamento,4,1,61.0,4,0,272.06,30,8.1357,244.07,4.0011,-0.1029,1.0,0.1246,Eficiente
557.87,False,18,Departamento,13,4,67.0,3,10,562.58,30,18.5957,139.4675,8.3264,-0.0084,0.1667,0.3429,Ineficiente
491.21,True,19,Casa,3,5,219.0,2,3,517.05,31,15.8455,98.242,2.243,-0.05,0.1053,0.2926,Moderado
494.24,True,19,Departamento,6,4,39.0,9,5,489.62,30,16.4747,123.56,12.6728,0.0094,0.4737,0.3287,Ineficiente
823.54,False,16,Casa,4,3,168.0,8,2,741.25,30,27.4513,274.5133,4.902,0.111,0.5,0.3026,Moderado
942.8,True,22,Departamento,10,3,42.0,5,11,948.23,31,30.4129,314.2667,22.4476,-0.0057,0.2273,0.4041,Ineficiente
601.41,False,16,Casa,1,7,291.0,3,10,573.21,30,20.047,85.9157,2.0667,0.0492,0.1875,0.1899,Eficiente
528.01,True,8,Casa,5,2,249.0,3,12,584.97,29,18.2072,264.005,2.1205,-0.0974,0.375,0.2093,Eficiente
1145.03,False,7,Casa,4,4,144.0,3,9,1385.53,29,39.4838,286.2575,7.9516,-0.1736,0.4286,0.2272,Eficiente
688.84,True,12,Pequeno negocio,10,3,222.0,5,1,709.06,29,23.7531,229.6133,3.1029,-0.0285,0.4167,0.2788,Moderado
555.42,False,18,Casa,1,6,232.0,0,8,627.4,31,17.9168,92.57,2.3941,-0.1147,0.0,0.1365,Eficiente
459.78,False,3,Departamento,9,6,112.0,3,5,399.69,31,14.8316,76.63,4.1052,0.1503,1.0,0.2088,Eficiente
763.67,False,9,Casa,10,6,193.0,5,9,732.97,29,26.3334,127.2783,3.9568,0.0419,0.5556,0.2445,Moderado
404.39,True,12,Casa,10,1,77.0,1,8,425.07,29,13.9445,404.39,5.2518,-0.0487,0.0833,0.2115,Eficiente
496.43,False,15,Casa,7,1,78.0,2,8,485.38,30,16.5477,496.43,6.3645,0.0228,0.1333,0.1892,Eficiente
1081.19,True,14,Pequeno negocio,9,14,105.0,2,8,1086.05,29,37.2824,77.2279,10.297,-0.0045,0.1429,0.2896,Moderado
469.09,False,5,Departamento,1,4,99.0,5,10,572.45,30,15.6363,117.2725,4.7383,-0.1806,1.0,0.1456,Eficiente
675.82,True,23,Casa,8,1,259.0,9,11,702.72,28,24.1364,675.82,2.6093,-0.0383,0.3913,0.4004,Ineficiente
1493.35,True,5,Departamento,10,7,76.0,5,6,1531.02,30,49.7783,213.3357,19.6493,-0.0246,1.0,0.3294,Ineficiente
534.56,False,4,Casa,3,7,104.0,4,0,478.96,28,19.0914,76.3657,5.14,0.1161,1.0,0.1614,Eficiente
556.85,True,7,Casa,2,3,249.0,7,0,730.89,29,19.2017,185.6167,2.2363,-0.2381,1.0,0.2082,Eficiente
453.71,True,10,Departamento,4,6,96.0,7,0,485.47,30,15.1237,75.6183,4.7261,-0.0654,0.7,0.2505,Moderado
693.63,True,7,Casa,7,4,236.0,3,11,595.95,29,23.9183,173.4075,2.9391,0.1639,0.4286,0.1988,Eficiente
488.6,True,20,Casa,0,5,63.0,3,5,515.76,31,15.7613,97.72,7.7556,-0.0527,0.15,0.225,Eficiente
973.99,False,5,Departamento,13,7,111.0,5,6,862.5,28,34.7854,139.1414,8.7747,0.1293,1.0,0.3296,Ineficiente
615.58,False,6,Casa,9,1,270.0,4,3,577.85,29,21.2269,615.58,2.2799,0.0653,0.6667,0.2322,Moderado
1356.82,False,29,Pequeno negocio,11,11,36.0,4,12,1212.42,31,43.7684,123.3473,37.6894,0.1191,0.1379,0.3812,Ineficiente
651.27,False,17,Departamento,12,3,42.0,9,3,677.31,29,22.4576,217.09,15.5064,-0.0384,0.5294,0.3383,Ineficiente
947.54,True,32,Pequeno negocio,8,5,94.0,9,11,1211.3,28,33.8407,189.508,10.0802,-0.2177,0.2812,0.4493,Ineficiente
439.28,False,6,Departamento,11,5,90.0,6,8,450.33,30,14.6427,87.856,4.8809,-0.0245,1.0,0.2651,Moderado
822.36,True,29,Pequeno negocio,8,2,47.0,3,5,764.32,31,26.5277,411.18,17.497,0.0759,0.1034,0.2686,Moderado
1597.8,True,11,Casa,11,1,224.0,4,8,1366.32,31,51.5419,1597.8,7.133,0.1694,0.3636,0.4545,Ineficiente
503.72,True,16,Departamento,0,5,41.0,3,12,579.55,31,16.249,100.744,12.2859,-0.1308,0.1875,0.2397,Moderado
435.36,True,17,Departamento,12,2,35.0,4,0,457.91,29,15.0124,217.68,12.4389,-0.0492,0.2353,0.263,Moderado
825.46,False,7,Pequeno negocio,6,11,221.0,3,0,875.37,31,26.6277,75.0418,3.7351,-0.057,0.4286,0.2096,Eficiente
643.67,True,16,Casa,7,7,73.0,4,2,515.73,28,22.9882,91.9529,8.8174,0.2481,0.25,0.233,Moderado
333.89,True,4,Departamento,4,4,40.0,4,8,340.7,28,11.9246,83.4725,8.3472,-0.02,1.0,0.2328,Moderado
853.65,False,13,Departamento,6,1,110.0,6,6,817.1,31,27.5371,853.65,7.7605,0.0447,0.4615,0.2978,Moderado
685.34,False,24,Casa,7,1,187.0,8,8,665.41,28,24.4764,685.34,3.6649,0.03,0.3333,0.3078,Ineficiente
773.83,True,12,Pequeno negocio,5,4,239.0,5,5,1160.53,30,25.7943,193.4575,3.2378,-0.3332,0.4167,0.247,Moderado
465.09,True,4,Casa,14,1,117.0,2,10,446.0,30,15.503,465.09,3.9751,0.0428,0.5,0.3664,Ineficiente
570.41,False,4,Casa,7,4,222.0,1,6,582.64,28,20.3718,142.6025,2.5694,-0.021,0.25,0.1562,Eficiente
500.91,False,21,Departamento,11,3,74.0,6,6,595.27,28,17.8896,166.97,6.7691,-0.1585,0.2857,0.2636,Moderado
875.23,True,7,Casa,14,7,115.0,7,6,662.03,28,31.2582,125.0329,7.6107,0.322,1.0,0.3613,Ineficiente
591.96,True,17,Casa,9,3,221.0,3,3,483.96,31,19.0955,197.32,2.6786,0.2232,0.1765,0.2495,Moderado
1979.92,True,14,Casa,5,2,190.0,0,12,1892.28,28,70.7114,989.96,10.4206,0.0463,0.0,0.3653,Ineficiente
567.76,True,11,Casa,10,5,224.0,0,0,554.92,30,18.9253,113.552,2.5346,0.0231,0.0,0.1747,Eficiente
436.71,False,9,Departamento,0,5,41.0,2,0,355.6,31,14.0874,87.342,10.6515,0.2281,0.2222,0.1162,Eficiente
1132.5,False,38,Pequeno negocio,10,4,122.0,9,6,968.77,31,36.5323,283.125,9.2828,0.169,0.2368,0.4232,Ineficiente
372.64,False,8,Departamento,0,1,71.0,7,8,389.93,29,12.8497,372.64,5.2485,-0.0443,0.875,0.1828,Eficiente
565.51,True,19,Casa,6,2,222.0,7,5,553.92,31,18.2423,282.755,2.5473,0.0209,0.3684,0.2497,Moderado
548.25,False,8,Departamento,4,6,80.0,3,10,499.41,29,18.9052,91.375,6.8531,0.0978,0.375,0.1858,Eficiente
1176.68,True,8,Pequeno negocio,12,11,72.0,8,4,1309.61,31,37.9574,106.9709,16.3428,-0.1015,1.0,0.3709,Ineficiente
1477.67,False,18,Departamento,9,7,36.0,4,3,1069.08,29,50.9541,211.0957,41.0464,0.3822,0.2222,0.3301,Ineficiente
614.42,False,14,Casa,9,4,220.0,4,8,545.98,28,21.9436,153.605,2.7928,0.1254,0.2857,0.2682,Moderado
726.71,False,5,Casa,9,7,167.0,5,3,778.67,30,24.2237,103.8157,4.3516,-0.0667,1.0,0.1766,Eficiente
3306.63,True,31,Pequeno negocio,11,12,98.0,7,6,1959.18,31,106.6655,275.5525,33.7411,0.6878,0.2258,0.6562,Ineficiente
823.44,True,9,Pequeno negocio,2,7,177.0,2,8,887.64,30,27.448,117.6343,4.6522,-0.0723,0.2222,0.2098,Eficiente
472.38,True,15,Casa,0,1,193.0,6,1,408.02,28,16.8707,472.38,2.4476,0.1577,0.4,0.2687,Moderado
968.58,True,24,Pequeno negocio,13,4,194.0,3,2,1042.8,31,31.2445,242.145,4.9927,-0.0712,0.125,0.3498,Ineficiente
536.24,True,5,Casa,8,5,144.0,5,0,575.33,31,17.2981,107.248,3.7239,-0.0679,1.0,0.2824,Moderado
685.44,True,16,Casa,10,1,207.0,1,2,642.23,31,22.111,685.44,3.3113,0.0673,0.0625,0.3215,Ineficiente
579.96,True,11,Departamento,5,6,78.0,0,11,567.84,30,19.332,96.66,7.4354,0.0213,0.0,0.2422,Moderado
637.91,False,13,Departamento,12,7,50.0,9,0,631.96,29,21.9969,91.13,12.7582,0.0094,0.6923,0.2723,Moderado
594.27,True,16,Casa,0,5,165.0,0,9,572.87,28,21.2239,118.854,3.6016,0.0374,0.0,0.1618,Eficiente
960.06,False,39,Pequeno negocio,6,4,123.0,4,2,840.81,31,30.9697,240.015,7.8054,0.1418,0.1026,0.2576,Moderado
942.73,True,20,Pequeno negocio,9,11,234.0,1,6,792.0,29,32.5079,85.7027,4.0288,0.1903,0.05,0.2736,Moderado
500.09,False,18,Casa,6,4,222.0,0,0,333.74,30,16.6697,125.0225,2.2527,0.4984,0.0,0.1457,Eficiente
762.37,False,22,Departamento,13,6,109.0,7,6,647.26,30,25.4123,127.0617,6.9942,0.1778,0.3182,0.3125,Ineficiente
430.08,False,23,Departamento,0,5,49.0,2,12,445.6,31,13.8735,86.016,8.7771,-0.0348,0.087,0.1657,Eficiente
833.67,True,24,Departamento,10,5,82.0,7,1,921.62,29,28.7472,166.734,10.1667,-0.0954,0.2917,0.3605,Ineficiente
800.29,True,9,Pequeno negocio,13,4,134.0,5,4,703.98,31,25.8158,200.0725,5.9723,0.1368,0.5556,0.3519,Ineficiente
561.02,True,4,Departamento,1,5,87.0,4,3,580.8,30,18.7007,112.204,6.4485,-0.0341,1.0,0.1361,Eficiente
649.5,False,22,Casa,9,1,220.0,6,9,733.17,28,23.1964,649.5,2.9523,-0.1141,0.2727,0.2367,Moderado
392.47,True,7,Casa,0,2,259.0,1,10,483.75,28,14.0168,196.235,1.5153,-0.1887,0.1429,0.1377,Eficiente
1033.06,False,27,Pequeno negocio,9,13,132.0,4,3,1064.31,30,34.4353,79.4662,7.8262,-0.0294,0.1481,0.2861,Moderado
1729.15,True,18,Pequeno negocio,5,11,240.0,7,1,2231.91,29,59.6259,157.1955,7.2048,-0.2253,0.3889,0.2418,Moderado
764.31,True,17,Casa,12,5,212.0,2,11,695.97,28,27.2968,152.862,3.6052,0.0982,0.1176,0.4046,Ineficiente
332.17,True,3,Casa,3,4,141.0,1,1,405.37,30,11.0723,83.0425,2.3558,-0.1806,0.3333,0.1389,Eficiente
529.61,True,17,Departamento,5,5,60.0,4,11,468.43,31,17.0842,105.922,8.8268,0.1306,0.2353,0.2844,Moderado
624.25,True,5,Casa,0,2,286.0,5,7,518.21,28,22.2946,312.125,2.1827,0.2046,1.0,0.1858,Eficiente
578.67,True,11,Casa,11,3,107.0,3,10,593.72,31,18.6668,192.89,5.4081,-0.0253,0.2727,0.3236,Ineficiente
1028.78,True,22,Pequeno negocio,0,12,218.0,3,10,1461.77,30,34.2927,85.7317,4.7192,-0.2962,0.1364,0.2218,Eficiente
1115.21,True,15,Pequeno negocio,10,13,105.0,1,8,874.1,31,35.9745,85.7854,10.621,0.2758,0.0667,0.2708,Moderado
703.98,False,19,Pequeno negocio,5,5,167.0,7,4,698.93,30,23.466,140.796,4.2154,0.0072,0.3684,0.2233,Eficiente
737.1,True,13,Departamento,14,7,129.0,3,4,653.7,29,25.4172,105.3,5.714,0.1276,0.2308,0.3298,Ineficiente
399.12,True,8,Casa,2,2,67.0,1,8,492.23,31,12.8748,199.56,5.957,-0.1892,0.125,0.1845,Eficiente
2115.25,True,31,Pequeno negocio,9,7,57.0,1,6,1712.97,30,70.5083,302.1786,37.1096,0.2348,0.0323,0.488,Ineficiente
595.32,False,12,Casa,2,2,149.0,3,11,884.44,31,19.2039,297.66,3.9954,-0.3269,0.25,0.1469,Eficiente
558.13,True,6,Casa,0,5,192.0,2,9,720.49,29,19.2459,111.626,2.9069,-0.2253,0.3333,0.1436,Eficiente
1381.95,False,13,Pequeno negocio,13,5,181.0,4,11,1144.38,30,46.065,276.39,7.6351,0.2076,0.3077,0.3379,Ineficiente
697.92,True,23,Departamento,13,5,59.0,4,5,838.63,30,23.264,139.584,11.8292,-0.1678,0.1739,0.3082,Ineficiente
687.62,True,16,Pequeno negocio,14,1,184.0,4,6,605.45,30,22.9207,687.62,3.7371,0.1357,0.25,0.3745,Ineficiente
672.38,True,12,Casa,2,5,180.0,3,11,614.89,31,21.6897,134.476,3.7354,0.0935,0.25,0.22,Eficiente
633.18,True,21,Pequeno negocio,12,1,161.0,0,3,567.48,30,21.106,633.18,3.9328,0.1158,0.0,0.276,Moderado
541.41,True,24,Departamento,7,4,38.0,7,10,455.35,31,17.4648,135.3525,14.2476,0.189,0.2917,0.3636,Ineficiente
499.23,True,11,Departamento,3,4,45.0,5,7,594.09,29,17.2148,124.8075,11.094,-0.1597,0.4545,0.2426,Moderado
1045.95,False,37,Pequeno negocio,5,12,79.0,1,5,825.06,28,37.3554,87.1625,13.2399,0.2677,0.027,0.2523,Moderado
753.79,False,7,Casa,2,3,244.0,0,12,766.67,31,24.3158,251.2633,3.0893,-0.0168,0.0,0.1558,Eficiente
645.3,False,24,Departamento,9,5,113.0,9,3,577.63,30,21.51,129.06,5.7106,0.1172,0.375,0.3431,Ineficiente
569.08,False,22,Departamento,8,4,73.0,9,8,445.15,29,19.6234,142.27,7.7956,0.2784,0.4091,0.4072,Ineficiente
418.59,True,18,Departamento,2,5,74.0,1,4,409.94,28,14.9496,83.718,5.6566,0.0211,0.0556,0.2353,Moderado
2267.16,False,19,Pequeno negocio,11,3,151.0,4,12,1635.44,28,80.97,755.72,15.0143,0.3863,0.2105,0.4348,Ineficiente
771.24,True,9,Departamento,8,3,101.0,5,7,1102.15,29,26.5945,257.08,7.636,-0.3002,0.5556,0.2555,Moderado
756.45,False,14,Casa,9,7,276.0,4,7,590.71,29,26.0845,108.0643,2.7408,0.2806,0.2857,0.2895,Moderado
847.65,False,11,Casa,2,7,193.0,8,4,907.29,30,28.255,121.0929,4.392,-0.0657,0.7273,0.2197,Eficiente
795.09,False,18,Pequeno negocio,12,4,147.0,5,0,968.53,29,27.4169,198.7725,5.4088,-0.1791,0.2778,0.2449,Moderado
2614.77,True,34,Pequeno negocio,5,10,149.0,2,12,1829.69,28,93.3846,261.477,17.5488,0.4291,0.0588,0.4185,Ineficiente
1322.15,True,29,Pequeno negocio,7,15,142.0,7,5,1630.98,31,42.65,88.1433,9.3109,-0.1894,0.2414,0.3673,Ineficiente
561.09,False,12,Casa,2,1,131.0,8,8,656.82,29,19.3479,561.09,4.2831,-0.1457,0.6667,0.2308,Moderado
703.13,True,8,Casa,14,5,255.0,0,11,608.52,29,24.2459,140.626,2.7574,0.1555,0.0,0.2863,Moderado
452.8,True,17,Departamento,7,2,46.0,8,4,396.48,31,14.6065,226.4,9.8435,0.1421,0.4706,0.3416,Ineficiente
678.06,True,12,Departamento,11,7,40.0,7,0,700.32,29,23.3814,96.8657,16.9515,-0.0318,0.5833,0.3333,Ineficiente
2606.4,False,4,Casa,9,5,207.0,4,10,3197.57,29,89.8759,521.28,12.5913,-0.1849,1.0,0.2936,Moderado
877.05,True,18,Departamento,0,4,41.0,9,8,913.82,29,30.2431,219.2625,21.3915,-0.0402,0.5,0.3338,Ineficiente
563.79,False,10,Casa,10,2,167.0,0,8,591.02,31,18.1868,281.895,3.376,-0.0461,0.0,0.243,Moderado
279.05,False,12,Departamento,5,1,81.0,4,4,336.98,30,9.3017,279.05,3.4451,-0.1719,0.3333,0.1793,Eficiente
696.74,False,24,Casa,8,5,164.0,0,11,757.85,29,24.0255,139.348,4.2484,-0.0806,0.0,0.2595,Moderado
705.2,True,18,Casa,8,6,162.0,0,5,591.22,29,24.3172,117.5333,4.3531,0.1928,0.0,0.2422,Moderado
559.04,True,4,Casa,11,2,69.0,4,0,507.79,29,19.2772,279.52,8.102,0.1009,1.0,0.2465,Moderado
407.18,False,20,Pequeno negocio,3,2,54.0,2,7,363.22,30,13.5727,203.59,7.5404,0.121,0.1,0.2085,Eficiente
431.46,True,9,Departamento,14,3,38.0,0,10,463.53,28,15.4093,143.82,11.3542,-0.0692,0.0,0.2872,Moderado
1332.16,True,35,Pequeno negocio,6,13,87.0,9,5,1554.65,31,42.9729,102.4738,15.3122,-0.1431,0.2571,0.3563,Ineficiente
756.99,False,10,Departamento,10,5,57.0,4,5,604.19,29,26.1031,151.398,13.2805,0.2529,0.4,0.2732,Moderado
517.23,False,15,Casa,9,1,146.0,1,11,575.54,30,17.241,517.23,3.5427,-0.1013,0.0667,0.2384,Moderado
364.13,False,18,Casa,8,1,75.0,2,7,445.42,31,11.7461,364.13,4.8551,-0.1825,0.1111,0.1684,Eficiente
218.2,False,7,Departamento,8,1,90.0,0,3,207.49,29,7.5241,218.2,2.4244,0.0516,0.0,0.1619,Eficiente
604.2,True,5,Casa,9,6,110.0,5,4,605.77,30,20.14,100.7,5.4927,-0.0026,1.0,0.2292,Moderado
855.19,False,18,Departamento,12,6,68.0,9,9,951.53,30,28.5063,142.5317,12.5763,-0.1012,0.5,0.3418,Ineficiente
839.31,False,13,Pequeno negocio,4,14,165.0,3,9,1002.25,30,27.977,59.9507,5.0867,-0.1626,0.2308,0.1647,Eficiente
974.76,True,25,Pequeno negocio,3,4,221.0,8,1,1175.13,29,33.6124,243.69,4.4107,-0.1705,0.32,0.2815,Moderado
766.9,True,12,Casa,14,1,233.0,3,10,725.63,30,25.5633,766.9,3.2914,0.0569,0.25,0.3497,Ineficiente
520.52,True,5,Departamento,13,4,90.0,4,4,598.79,30,17.3507,130.13,5.7836,-0.1307,0.8,0.2637,Moderado
461.7,False,19,Casa,5,2,227.0,2,1,381.49,29,15.9207,230.85,2.0339,0.2103,0.1053,0.1268,Eficiente
498.36,True,22,Casa,4,6,75.0,0,2,436.56,31,16.0761,83.06,6.6448,0.1416,0.0,0.2397,Moderado
426.54,True,4,Departamento,11,4,58.0,1,11,413.7,28,15.2336,106.635,7.3541,0.031,0.25,0.2913,Moderado
890.01,True,23,Departamento,13,6,100.0,5,2,876.85,31,28.71,148.335,8.9001,0.015,0.2174,0.2961,Moderado
675.38,False,12,Departamento,14,4,76.0,0,6,549.36,29,23.289,168.845,8.8866,0.2294,0.0,0.3016,Moderado
673.99,True,17,Casa,3,4,138.0,8,7,554.77,31,21.7416,168.4975,4.884,0.2149,0.4706,0.3675,Ineficiente
1315.87,True,30,Pequeno negocio,3,11,83.0,9,6,1085.02,28,46.9954,119.6245,15.8539,0.2128,0.3,0.3055,Ineficiente
671.48,False,32,Pequeno negocio,7,5,108.0,2,4,575.79,29,23.1545,134.296,6.2174,0.1662,0.0625,0.2064,Eficiente
1522.49,False,24,Departamento,2,4,98.0,2,0,1585.87,28,54.3746,380.6225,15.5356,-0.04,0.0833,0.291,Moderado
470.76,True,18,Pequeno negocio,13,4,45.0,1,0,360.69,31,15.1858,117.69,10.4613,0.3052,0.0556,0.2736,Moderado
921.44,True,8,Casa,5,5,150.0,4,6,904.11,30,30.7147,184.288,6.1429,0.0192,0.5,0.2187,Eficiente
526.09,True,10,Departamento,4,2,110.0,9,11,520.38,29,18.141,263.045,4.7826,0.011,0.9,0.3222,Ineficiente
1105.06,True,31,Pequeno negocio,14,2,137.0,3,10,1170.08,30,36.8353,552.53,8.0661,-0.0556,0.0968,0.3805,Ineficiente
982.07,True,5,Pequeno negocio,12,7,183.0,5,8,1090.8,28,35.0739,140.2957,5.3665,-0.0997,1.0,0.314,Ineficiente
785.51,True,10,Pequeno negocio,14,4,203.0,3,3,767.67,30,26.1837,196.3775,3.8695,0.0232,0.3,0.3537,Ineficiente
421.99,True,3,Departamento,7,3,120.0,3,12,473.1,30,14.0663,140.6633,3.5166,-0.108,1.0,0.1741,Eficiente
1446.22,False,27,Pequeno negocio,11,12,57.0,4,4,1561.93,31,46.6523,120.5183,25.3723,-0.0741,0.1481,0.3398,Ineficiente
912.88,True,18,Departamento,6,7,74.0,9,10,758.1,30,30.4293,130.4114,12.3362,0.2042,0.5,0.3331,Ineficiente
322.85,False,10,Casa,1,2,125.0,4,1,294.9,29,11.1328,161.425,2.5828,0.0948,0.4,0.1729,Eficiente
545.02,True,15,Casa,9,1,134.0,6,7,501.44,31,17.5813,545.02,4.0673,0.0869,0.4,0.3306,Ineficiente
411.1,True,6,Departamento,1,1,92.0,6,2,524.45,31,13.2613,411.1,4.4685,-0.2161,1.0,0.2054,Eficiente
483.39,False,12,Departamento,2,1,120.0,9,5,354.36,31,15.5932,483.39,4.0282,0.3641,0.75,0.2434,Moderado
753.08,False,10,Departamento,4,7,119.0,8,10,841.44,30,25.1027,107.5829,6.3284,-0.105,0.8,0.2803,Moderado
916.4,True,35,Pequeno negocio,9,1,197.0,1,12,932.12,31,29.5613,916.4,4.6518,-0.0169,0.0286,0.3434,Ineficiente
355.92,False,20,Departamento,11,3,66.0,1,0,350.45,30,11.864,118.64,5.3927,0.0156,0.05,0.2302,Moderado
472.39,False,12,Casa,2,5,178.0,4,5,448.35,30,15.7463,94.478,2.6539,0.0536,0.3333,0.2213,Eficiente
1981.37,True,3,Casa,11,5,99.0,3,0,1943.4,31,63.9152,396.274,20.0138,0.0195,1.0,0.3791,Ineficiente
2432.82,False,12,Departamento,10,6,101.0,6,7,2604.99,30,81.094,405.47,24.0873,-0.0661,0.5,0.4271,Ineficiente
554.56,True,4,Departamento,8,7,106.0,4,12,628.99,30,18.4853,79.2229,5.2317,-0.1183,1.0,0.2375,Moderado
526.59,True,13,Departamento,9,3,58.0,4,4,568.35,28,18.8068,175.53,9.0791,-0.0735,0.3077,0.2803,Moderado
353.14,True,17,Departamento,6,2,116.0,0,4,580.39,28,12.6121,176.57,3.0443,-0.3915,0.0,0.251,Moderado
279.97,True,5,Departamento,2,1,62.0,3,3,225.89,28,9.9989,279.97,4.5156,0.2394,0.6,0.2404,Moderado
549.58,True,4,Departamento,2,7,128.0,4,11,399.06,29,18.951,78.5114,4.2936,0.3772,1.0,0.2862,Moderado
936.24,True,32,Pequeno negocio,1,8,68.0,6,10,732.0,28,33.4371,117.03,13.7682,0.279,0.1875,0.375,Ineficiente
537.92,True,13,Casa,7,7,84.0,1,10,476.45,30,17.9307,76.8457,6.4038,0.129,0.0769,0.2096,Eficiente
392.49,True,4,Departamento,9,3,72.0,4,3,351.82,29,13.5341,130.83,5.4512,0.1156,1.0,0.1672,Eficiente
331.94,False,10,Departamento,2,6,71.0,5,2,315.51,28,11.855,55.3233,4.6752,0.0521,0.5,0.1835,Eficiente
518.1,False,20,Casa,1,5,192.0,2,1,495.73,31,16.7129,103.62,2.6984,0.0451,0.1,0.1329,Eficiente
570.27,False,15,Departamento,10,5,103.0,8,2,594.57,29,19.6645,114.054,5.5366,-0.0409,0.5333,0.2864,Moderado
598.77,False,14,Departamento,9,5,39.0,4,9,652.76,30,19.959,119.754,15.3531,-0.0827,0.2857,0.2394,Moderado
545.45,False,5,Departamento,13,3,114.0,2,7,804.5,28,19.4804,181.8167,4.7846,-0.322,0.4,0.1838,Eficiente
1098.25,True,20,Departamento,14,1,55.0,7,10,1091.42,30,36.6083,1098.25,19.9682,0.0063,0.35,0.4283,Ineficiente
916.91,True,16,Casa,14,1,209.0,1,8,936.03,31,29.5777,916.91,4.3871,-0.0204,0.0625,0.3035,Moderado
566.42,False,12,Casa,1,3,131.0,6,12,553.1,28,20.2293,188.8067,4.3238,0.0241,0.5,0.2991,Moderado
832.85,True,16,Casa,5,7,224.0,6,0,768.3,28,29.7446,118.9786,3.7181,0.084,0.375,0.2591,Moderado
667.9,True,6,Casa,7,5,151.0,4,8,642.66,30,22.2633,133.58,4.4232,0.0393,0.6667,0.2664,Moderado
512.26,False,17,Departamento,11,5,43.0,2,1,495.56,30,17.0753,102.452,11.913,0.0337,0.1176,0.2725,Moderado
1142.74,True,23,Pequeno negocio,13,11,156.0,2,4,1254.32,30,38.0913,103.8855,7.3253,-0.089,0.087,0.3792,Ineficiente
484.46,True,3,Departamento,12,4,109.0,2,5,478.24,29,16.7055,121.115,4.4446,0.013,0.6667,0.2289,Moderado
1490.38,False,8,Casa,14,3,146.0,1,6,1417.88,29,51.3924,496.7933,10.2081,0.0511,0.125,0.2903,Moderado
449.62,False,11,Casa,0,1,137.0,9,2,493.41,28,16.0579,449.62,3.2819,-0.0887,0.8182,0.1685,Eficiente
811.63,False,12,Casa,0,5,92.0,8,2,847.4,28,28.9868,162.326,8.8221,-0.0422,0.6667,0.186,Eficiente
318.67,False,8,Departamento,6,3,39.0,5,1,440.48,30,10.6223,106.2233,8.171,-0.2765,0.625,0.1541,Eficiente
694.83,True,20,Casa,12,3,279.0,8,2,530.72,30,23.161,231.61,2.4904,0.3092,0.4,0.3796,Ineficiente
491.41,False,8,Departamento,4,5,45.0,6,8,604.17,30,16.3803,98.282,10.9202,-0.1866,0.75,0.2243,Eficiente
518.55,True,5,Departamento,3,1,107.0,5,11,464.73,28,18.5196,518.55,4.8463,0.1158,1.0,0.244,Moderado
510.51,False,7,Departamento,3,7,64.0,7,4,463.71,31,16.4681,72.93,7.9767,0.1009,1.0,0.1677,Eficiente
1055.49,True,11,Casa,11,2,75.0,5,11,1197.88,30,35.183,527.745,14.0732,-0.1189,0.4545,0.3355,Ineficiente
2133.86,True,3,Casa,11,5,261.0,3,10,1862.64,28,76.2093,426.772,8.1757,0.1456,1.0,0.4189,Ineficiente
298.33,False,5,Departamento,5,6,69.0,1,3,276.73,31,9.6235,49.7217,4.3236,0.0781,0.2,0.128,Eficiente
279.42,False,6,Departamento,0,2,104.0,6,2,339.05,30,9.314,139.71,2.6867,-0.1759,1.0,0.1696,Eficiente
412.88,True,11,Casa,3,2,100.0,4,4,437.67,28,14.7457,206.44,4.1288,-0.0566,0.3636,0.2184,Eficiente
714.69,True,26,Pequeno negocio,4,12,184.0,2,1,764.08,29,24.6445,59.5575,3.8842,-0.0646,0.0769,0.2726,Moderado
629.06,True,15,Departamento,7,6,37.0,4,12,581.01,28,22.4664,104.8433,17.0016,0.0827,0.2667,0.3555,Ineficiente
601.29,False,4,Departamento,5,5,127.0,4,10,547.06,28,21.4746,120.258,4.7346,0.0991,1.0,0.1948,Eficiente
1115.94,False,4,Casa,2,4,101.0,4,5,1218.3,30,37.198,278.985,11.0489,-0.084,1.0,0.1887,Eficiente
866.98,True,5,Casa,14,6,268.0,4,6,800.92,28,30.9636,144.4967,3.235,0.0825,0.8,0.2886,Moderado
410.28,False,4,Casa,6,4,283.0,2,4,424.81,28,14.6529,102.57,1.4498,-0.0342,0.5,0.1154,Eficiente
623.0,True,14,Casa,3,7,117.0,8,0,598.38,29,21.4828,89.0,5.3248,0.0411,0.5714,0.2475,Moderado
486.49,False,19,Departamento,5,6,42.0,1,2,448.89,30,16.2163,81.0817,11.5831,0.0838,0.0526,0.1969,Eficiente
395.8,False,12,Departamento,11,2,76.0,8,0,355.91,29,13.6483,197.9,5.2079,0.1121,0.6667,0.2398,Moderado
2318.88,False,39,Pequeno negocio,14,11,96.0,9,5,2491.42,28,82.8171,210.8073,24.155,-0.0693,0.2308,0.4842,Ineficiente
838.61,True,5,Pequeno negocio,6,8,181.0,1,5,1075.97,30,27.9537,104.8262,4.6332,-0.2206,0.2,0.1647,Eficiente
1398.78,False,10,Casa,8,2,214.0,5,4,1431.72,28,49.9564,699.39,6.5364,-0.023,0.5,0.309,Ineficiente
1567.61,False,20,Casa,4,1,207.0,5,8,1544.73,28,55.9861,1567.61,7.573,0.0148,0.25,0.3162,Ineficiente
506.7,True,18,Departamento,10,1,52.0,8,9,723.0,30,16.89,506.7,9.7442,-0.2992,0.4444,0.3848,Ineficiente
1113.87,False,39,Pequeno negocio,10,10,217.0,3,7,1168.42,28,39.7811,111.387,5.133,-0.0467,0.0769,0.3018,Moderado
653.87,False,14,Pequeno negocio,2,3,158.0,6,4,727.38,31,21.0926,217.9567,4.1384,-0.1011,0.4286,0.2072,Eficiente
419.99,False,12,Casa,8,3,180.0,0,4,468.62,31,13.5481,139.9967,2.3333,-0.1038,0.0,0.1489,Eficiente
1093.51,False,21,Casa,14,4,82.0,8,5,1265.84,29,37.7072,273.3775,13.3355,-0.1361,0.381,0.3351,Ineficiente
922.64,False,17,Casa,3,6,156.0,7,9,851.2,30,30.7547,153.7733,5.9144,0.0839,0.4118,0.2541,Moderado
1036.78,True,24,Pequeno negocio,7,14,30.0,2,4,1283.2,28,37.0279,74.0557,34.5593,-0.192,0.0833,0.3297,Ineficiente
499.3,True,13,Departamento,10,4,58.0,1,9,460.61,31,16.1065,124.825,8.6086,0.084,0.0769,0.2448,Moderado
355.14,True,11,Departamento,1,4,106.0,1,4,309.24,29,12.2462,88.785,3.3504,0.1484,0.0909,0.1618,Eficiente
590.89,False,19,Departamento,7,5,48.0,8,7,493.54,31,19.061,118.178,12.3102,0.1972,0.4211,0.3726,Ineficiente
530.01,True,13,Casa,9,3,188.0,6,3,513.39,28,18.9289,176.67,2.8192,0.0324,0.4615,0.3538,Ineficiente
462.87,True,11,Departamento,8,4,54.0,3,1,388.93,28,16.5311,115.7175,8.5717,0.1901,0.2727,0.2683,Moderado
548.89,True,11,Casa,4,3,72.0,5,6,577.38,28,19.6032,182.9633,7.6235,-0.0493,0.4545,0.2406,Moderado
1459.89,False,5,Departamento,12,2,42.0,5,9,1467.94,30,48.663,729.945,34.7593,-0.0055,1.0,0.3889,Ineficiente
306.35,False,20,Departamento,4,2,90.0,0,5,271.64,29,10.5638,153.175,3.4039,0.1278,0.0,0.1444,Eficiente
488.56,True,21,Departamento,7,5,46.0,4,10,481.5,28,17.4486,97.712,10.6209,0.0147,0.1905,0.3628,Ineficiente
566.26,True,3,Casa,4,6,226.0,3,0,632.92,31,18.2665,94.3767,2.5056,-0.1053,1.0,0.2338,Moderado
1805.94,False,19,Pequeno negocio,12,2,58.0,6,0,2168.23,29,62.2738,902.97,31.1369,-0.1671,0.3158,0.4094,Ineficiente
446.37,True,17,Departamento,6,1,106.0,1,12,400.17,31,14.399,446.37,4.211,0.1155,0.0588,0.2815,Moderado
638.54,False,6,Casa,5,5,209.0,6,7,624.93,29,22.0186,127.708,3.0552,0.0218,1.0,0.1717,Eficiente
917.26,False,9,Casa,4,7,179.0,1,4,915.7,30,30.5753,131.0371,5.1244,0.0017,0.1111,0.1226,Eficiente
526.06,False,24,Departamento,8,4,63.0,8,8,486.93,31,16.9697,131.515,8.3502,0.0804,0.3333,0.3315,Ineficiente
813.56,True,20,Casa,11,1,140.0,9,9,961.82,31,26.2439,813.56,5.8111,-0.1541,0.45,0.4118,Ineficiente
889.41,False,22,Casa,9,1,244.0,7,11,839.02,30,29.647,889.41,3.6451,0.0601,0.3182,0.389,Ineficiente
722.43,False,24,Casa,2,4,142.0,5,11,730.76,30,24.081,180.6075,5.0875,-0.0114,0.2083,0.2652,Moderado
520.39,True,17,Casa,0,7,174.0,1,4,620.09,31,16.7868,74.3414,2.9907,-0.1608,0.0588,0.2391,Moderado
200.93,False,9,Departamento,2,1,117.0,3,0,216.92,31,6.4816,200.93,1.7174,-0.0737,0.3333,0.1299,Eficiente
607.52,False,23,Departamento,13,6,48.0,5,5,507.76,29,20.949,101.2533,12.6567,0.1965,0.2174,0.2849,Moderado
458.13,True,12,Casa,1,6,224.0,0,1,501.85,31,14.7784,76.355,2.0452,-0.0871,0.0,0.1233,Eficiente
564.98,True,14,Departamento,2,1,87.0,7,6,544.73,28,20.1779,564.98,6.494,0.0372,0.5,0.3352,Ineficiente
617.88,True,15,Casa,6,2,70.0,9,2,550.12,30,20.596,308.94,8.8269,0.1232,0.6,0.3234,Ineficiente
935.47,True,15,Casa,2,1,264.0,7,8,1012.84,31,30.1765,935.47,3.5434,-0.0764,0.4667,0.3256,Ineficiente
688.46,True,15,Casa,1,4,60.0,9,11,522.84,28,24.5879,172.115,11.4743,0.3168,0.6,0.2883,Moderado
473.01,True,20,Departamento,2,2,110.0,4,2,415.94,31,15.2584,236.505,4.3001,0.1372,0.2,0.2197,Eficiente
980.34,False,18,Pequeno negocio,0,14,77.0,2,7,1053.49,31,31.6239,70.0243,12.7317,-0.0694,0.1111,0.2567,Moderado
310.49,False,12,Departamento,7,1,66.0,0,12,305.5,28,11.0889,310.49,4.7044,0.0163,0.0,0.2219,Eficiente
631.54,False,15,Casa,4,5,108.0,4,4,2274.57,31,20.3723,126.308,5.8476,-0.7223,0.2667,0.1801,Eficiente
608.17,False,15,Casa,4,6,162.0,1,10,575.02,30,20.2723,101.3617,3.7541,0.0577,0.0667,0.1672,Eficiente
736.33,False,18,Casa,14,2,196.0,6,0,535.3,29,25.3907,368.165,3.7568,0.3755,0.3333,0.2868,Moderado
967.23,True,28,Pequeno negocio,13,7,151.0,8,8,947.72,29,33.3528,138.1757,6.4055,0.0206,0.2857,0.4082,Ineficiente
519.02,True,23,Casa,0,6,223.0,1,0,561.84,29,17.8972,86.5033,2.3274,-0.0762,0.0435,0.1885,Eficiente
945.38,False,32,Pequeno negocio,13,5,189.0,5,0,890.4,29,32.5993,189.076,5.002,0.0617,0.1562,0.2953,Moderado
552.5,False,18,Departamento,0,4,113.0,5,7,747.16,29,19.0517,138.125,4.8894,-0.2605,0.2778,0.1622,Eficiente
1280.09,True,6,Departamento,8,2,125.0,3,11,1075.8,29,44.141,640.045,10.2407,0.1899,0.5,0.3515,Ineficiente
2794.03,False,26,Pequeno negocio,8,15,118.0,2,9,2873.12,31,90.13,186.2687,23.6782,-0.0275,0.0769,0.3276,Ineficiente
544.03,False,3,Casa,9,4,137.0,3,5,617.44,28,19.4296,136.0075,3.971,-0.1189,1.0,0.1969,Eficiente
373.44,False,8,Departamento,7,4,55.0,2,5,414.52,31,12.0465,93.36,6.7898,-0.0991,0.25,0.1224,Eficiente
486.74,False,11,Casa,10,3,243.0,0,6,460.11,29,16.7841,162.2467,2.003,0.0579,0.0,0.2286,Moderado
952.6,False,36,Pequeno negocio,1,7,94.0,6,3,842.47,29,32.8483,136.0857,10.134,0.1307,0.1667,0.2544,Moderado
248.99,False,10,Departamento,6,1,73.0,0,0,250.95,29,8.5859,248.99,3.4108,-0.0078,0.0,0.075,Eficiente
762.0,True,16,Casa,13,4,262.0,3,10,690.23,28,27.2143,190.5,2.9084,0.104,0.1875,0.2925,Moderado
512.18,False,28,Pequeno negocio,8,1,133.0,0,6,479.04,30,17.0727,512.18,3.851,0.0692,0.0,0.1909,Eficiente
785.68,False,16,Casa,10,6,256.0,5,11,963.17,28,28.06,130.9467,3.0691,-0.1843,0.3125,0.2232,Eficiente
1283.47,True,13,Casa,0,4,71.0,2,7,1149.45,31,41.4023,320.8675,18.077,0.1166,0.1538,0.2509,Moderado
442.37,False,21,Departamento,7,5,72.0,2,4,417.38,31,14.27,88.474,6.144,0.0599,0.0952,0.2398,Moderado
296.22,True,17,Departamento,1,1,68.0,3,0,304.6,29,10.2145,296.22,4.3562,-0.0275,0.1765,0.098,Eficiente
1013.06,False,35,Pequeno negocio,8,6,203.0,4,9,862.3,29,34.9331,168.8433,4.9904,0.1748,0.1143,0.2969,Moderado
417.07,False,21,Departamento,5,1,103.0,7,7,420.74,29,14.3817,417.07,4.0492,-0.0087,0.3333,0.3297,Ineficiente
615.82,True,6,Departamento,11,3,38.0,6,11,561.05,31,19.8652,205.2733,16.2058,0.0976,1.0,0.3208,Ineficiente
715.83,False,15,Casa,11,7,89.0,6,3,896.35,31,23.0913,102.2614,8.043,-0.2014,0.4,0.2635,Moderado
540.53,True,7,Casa,1,6,193.0,4,4,450.55,28,19.3046,90.0883,2.8007,0.1997,0.5714,0.2236,Eficiente
1074.37,False,23,Pequeno negocio,5,14,67.0,5,3,874.54,28,38.3704,76.7407,16.0354,0.2285,0.2174,0.2539,Moderado
745.8,False,13,Casa,13,3,202.0,5,2,913.98,28,26.6357,248.6,3.6921,-0.184,0.3846,0.2282,Eficiente
487.02,True,16,Departamento,0,7,38.0,0,11,588.79,29,16.7938,69.5743,12.8163,-0.1728,0.0,0.2307,Moderado
534.93,False,9,Casa,1,2,234.0,4,4,520.41,29,18.4459,267.465,2.286,0.0279,0.4444,0.2065,Eficiente
779.27,True,17,Casa,14,6,68.0,7,0,623.02,29,26.8714,129.8783,11.4599,0.2508,0.4118,0.3098,Ineficiente
353.09,True,6,Departamento,6,3,36.0,6,0,303.54,29,12.1755,117.6967,9.8081,0.1632,1.0,0.2774,Moderado
305.56,False,6,Departamento,9,4,88.0,0,4,304.5,30,10.1853,76.39,3.4723,0.0035,0.0,0.0813,Eficiente
386.13,True,5,Departamento,3,7,100.0,5,0,381.47,31,12.4558,55.1614,3.8613,0.0122,1.0,0.2167,Eficiente
692.55,True,19,Pequeno negocio,6,6,71.0,1,11,790.85,31,22.3403,115.425,9.7542,-0.1243,0.0526,0.3061,Ineficiente
585.11,False,12,Casa,9,2,279.0,0,10,531.54,28,20.8968,292.555,2.0972,0.1008,0.0,0.2295,Moderado
282.13,True,21,Departamento,4,1,83.0,0,11,331.18,31,9.101,282.13,3.3992,-0.1481,0.0,0.2225,Eficiente
868.16,True,10,Casa,12,2,185.0,1,11,716.24,30,28.9387,434.08,4.6928,0.2121,0.1,0.384,Ineficiente
290.71,False,15,Departamento,13,3,39.0,0,0,273.5,31,9.3777,96.9033,7.4541,0.0629,0.0,0.1766,Eficiente
723.8,True,24,Casa,9,1,72.0,5,8,920.57,31,23.3484,723.8,10.0528,-0.2137,0.2083,0.3582,Ineficiente
1156.67,True,16,Departamento,3,7,40.0,9,11,1100.47,28,41.3096,165.2386,28.9168,0.0511,0.5625,0.3495,Ineficiente
585.1,True,21,Casa,3,1,157.0,7,11,585.98,31,18.8742,585.1,3.7268,-0.0015,0.3333,0.3732,Ineficiente
1324.15,True,28,Pequeno negocio,0,5,163.0,7,5,1670.39,31,42.7145,264.83,8.1236,-0.2073,0.25,0.3083,Ineficiente
1001.74,False,26,Pequeno negocio,11,11,165.0,1,12,1072.95,31,32.3142,91.0673,6.0712,-0.0664,0.0385,0.3155,Ineficiente
1130.29,True,23,Pequeno negocio,13,12,167.0,9,2,1006.69,31,36.461,94.1908,6.7682,0.1228,0.3913,0.3212,Ineficiente
687.25,False,19,Casa,14,4,145.0,5,8,643.45,28,24.5446,171.8125,4.7397,0.0681,0.2632,0.2935,Moderado
1327.96,True,10,Pequeno negocio,14,11,41.0,0,3,1318.08,29,45.7917,120.7236,32.3893,0.0075,0.0,0.2991,Moderado
703.56,True,13,Casa,2,6,190.0,6,11,720.08,30,23.452,117.26,3.7029,-0.0229,0.4615,0.2366,Moderado
917.17,False,14,Casa,10,7,195.0,7,11,1099.69,29,31.6266,131.0243,4.7034,-0.166,0.5,0.3146,Ineficiente
718.29,True,23,Casa,3,6,181.0,4,11,744.16,30,23.943,119.715,3.9685,-0.0348,0.1739,0.2501,Moderado
695.6,False,24,Casa,2,2,132.0,7,0,654.55,30,23.1867,347.8,5.2697,0.0627,0.2917,0.2313,Moderado
627.52,True,16,Departamento,7,3,86.0,6,3,663.73,31,20.2426,209.1733,7.2967,-0.0546,0.375,0.3564,Ineficiente
825.09,False,7,Casa,10,6,187.0,5,5,730.97,28,29.4675,137.515,4.4122,0.1288,0.7143,0.2423,Moderado
650.22,True,7,Casa,11,6,64.0,3,12,769.32,30,21.674,108.37,10.1597,-0.1548,0.4286,0.2378,Moderado
1823.66,True,16,Departamento,7,3,50.0,9,8,1795.0,31,58.8277,607.8867,36.4732,0.016,0.5625,0.4883,Ineficiente
979.53,False,17,Pequeno negocio,1,7,131.0,6,12,946.42,31,31.5977,139.9329,7.4773,0.035,0.3529,0.2345,Moderado
498.36,True,17,Departamento,1,2,116.0,4,11,434.93,28,17.7986,249.18,4.2962,0.1458,0.2353,0.2588,Moderado
429.29,False,24,Departamento,0,6,77.0,7,3,393.59,29,14.8031,71.5483,5.5752,0.0907,0.2917,0.1573,Eficiente
514.75,False,7,Casa,11,4,133.0,2,2,584.03,30,17.1583,128.6875,3.8703,-0.1186,0.2857,0.2255,Eficiente
1389.64,False,28,Pequeno negocio,8,14,198.0,9,8,1212.7,30,46.3213,99.26,7.0184,0.1459,0.3214,0.4114,Ineficiente
573.27,True,3,Casa,5,5,260.0,3,10,613.3,31,18.4926,114.654,2.2049,-0.0653,1.0,0.2465,Moderado
499.08,False,13,Casa,11,4,215.0,6,2,551.5,31,16.0994,124.77,2.3213,-0.095,0.4615,0.2783,Moderado
640.24,True,11,Casa,5,6,160.0,2,8,669.59,31,20.6529,106.7067,4.0015,-0.0438,0.1818,0.2483,Moderado
500.03,True,15,Departamento,4,6,45.0,3,5,496.22,28,17.8582,83.3383,11.1118,0.0077,0.2,0.2027,Eficiente
890.4,True,13,Casa,12,6,125.0,9,10,750.95,30,29.68,148.4,7.1232,0.1857,0.6923,0.3596,Ineficiente
521.38,True,15,Departamento,8,1,92.0,7,8,486.52,28,18.6207,521.38,5.6672,0.0717,0.4667,0.3315,Ineficiente
476.55,True,5,Casa,10,3,90.0,1,9,406.6,28,17.0196,158.85,5.295,0.172,0.2,0.2619,Moderado
1767.75,False,19,Departamento,12,6,53.0,8,0,1583.97,29,60.9569,294.625,33.3538,0.116,0.4211,0.3859,Ineficiente
627.86,True,23,Departamento,4,7,100.0,1,10,535.68,30,20.9287,89.6943,6.2786,0.1721,0.0435,0.2048,Eficiente
375.92,True,13,Casa,0,3,112.0,4,8,385.9,31,12.1265,125.3067,3.3564,-0.0259,0.3077,0.2175,Eficiente
799.63,True,21,Casa,9,6,269.0,4,2,1324.49,30,26.6543,133.2717,2.9726,-0.3963,0.1905,0.2089,Eficiente
373.17,False,5,Departamento,5,4,117.0,3,6,299.63,29,12.8679,93.2925,3.1895,0.2454,0.6,0.2042,Eficiente
754.12,False,19,Departamento,14,2,109.0,4,3,709.86,28,26.9329,377.06,6.9185,0.0624,0.2105,0.2506,Moderado
465.76,True,10,Casa,4,7,83.0,1,1,397.44,29,16.0607,66.5371,5.6116,0.1719,0.1,0.2272,Eficiente
519.95,False,17,Departamento,11,4,49.0,6,6,822.79,30,17.3317,129.9875,10.6112,-0.3681,0.3529,0.2505,Moderado
659.52,False,15,Casa,10,5,65.0,6,8,542.79,31,21.2748,131.904,10.1465,0.2151,0.4,0.2638,Moderado
684.32,True,3,Casa,10,3,134.0,3,10,535.41,28,24.44,228.1067,5.1069,0.2781,1.0,0.3144,Ineficiente
526.27,False,10,Casa,9,1,279.0,4,12,404.89,28,18.7954,526.27,1.8863,0.2998,0.4,0.3298,Ineficiente
464.56,False,12,Departamento,1,4,80.0,5,8,563.55,30,15.4853,116.14,5.807,-0.1757,0.4167,0.1756,Eficiente
516.2,False,20,Casa,12,6,222.0,1,0,740.59,31,16.6516,86.0333,2.3252,-0.303,0.05,0.1456,Eficiente
1029.51,True,5,Departamento,4,3,77.0,3,5,1203.82,28,36.7682,343.17,13.3703,-0.1448,0.6,0.2212,Eficiente
1304.2,True,23,Casa,8,7,247.0,5,5,1285.41,31,42.071,186.3143,5.2802,0.0146,0.2174,0.3304,Ineficiente
420.34,False,4,Departamento,3,6,43.0,4,12,382.01,31,13.5594,70.0567,9.7753,0.1003,1.0,0.1608,Eficiente
817.51,True,8,Casa,3,5,209.0,8,1,888.64,30,27.2503,163.502,3.9115,-0.08,1.0,0.1804,Eficiente
448.57,True,6,Departamento,5,6,60.0,2,11,402.3,30,14.9523,74.7617,7.4762,0.115,0.3333,0.3023,Moderado
1035.97,True,22,Departamento,6,7,112.0,0,2,1094.21,29,35.7231,147.9957,9.2497,-0.0532,0.0,0.2278,Eficiente
815.4,True,15,Casa,13,6,61.0,8,8,833.9,30,27.18,135.9,13.3672,-0.0222,0.5333,0.3157,Ineficiente
638.14,True,18,Casa,5,6,275.0,5,6,644.44,29,22.0048,106.3567,2.3205,-0.0098,0.2778,0.2243,Eficiente
1061.41,True,18,Departamento,14,5,37.0,0,12,1328.05,31,34.239,212.282,28.6868,-0.2008,0.0,0.3278,Ineficiente
600.23,False,23,Pequeno negocio,10,2,45.0,9,3,635.18,29,20.6976,300.115,13.3384,-0.055,0.3913,0.1951,Eficiente
679.83,True,8,Pequeno negocio,9,7,179.0,2,6,688.42,30,22.661,97.1186,3.7979,-0.0125,0.25,0.2737,Moderado
717.48,True,5,Casa,14,3,105.0,5,8,783.86,28,25.6243,239.16,6.8331,-0.0847,1.0,0.335,Ineficiente
606.71,False,12,Departamento,14,7,118.0,3,2,668.25,30,20.2237,86.6729,5.1416,-0.0921,0.25,0.2337,Moderado
543.72,False,12,Casa,6,4,154.0,3,3,527.08,30,18.124,135.93,3.5306,0.0316,0.25,0.1371,Eficiente
367.39,True,12,Casa,5,1,78.0,2,9,491.09,29,12.6686,367.39,4.7101,-0.2519,0.1667,0.2469,Moderado
489.88,True,24,Departamento,9,6,47.0,1,10,421.98,28,17.4957,81.6467,10.423,0.1609,0.0417,0.3003,Moderado
485.88,False,5,Departamento,3,5,116.0,5,8,400.18,31,15.6735,97.176,4.1886,0.2142,1.0,0.2379,Moderado
1788.35,False,17,Departamento,2,7,86.0,4,2,1870.06,31,57.6887,255.4786,20.7948,-0.0437,0.2353,0.1796,Eficiente
919.49,False,38,Pequeno negocio,4,12,238.0,5,2,860.47,29,31.7066,76.6242,3.8634,0.0686,0.1316,0.24,Moderado
613.35,True,16,Casa,8,2,123.0,3,11,554.18,30,20.445,306.675,4.9866,0.1068,0.1875,0.2709,Moderado
687.99,False,17,Departamento,14,4,66.0,4,11,590.09,30,22.933,171.9975,10.4241,0.1659,0.2353,0.2787,Moderado
1039.24,True,3,Casa,10,2,251.0,3,5,1040.61,28,37.1157,519.62,4.1404,-0.0013,1.0,0.3016,Moderado
679.6,False,13,Casa,4,4,221.0,3,7,594.31,28,24.2714,169.9,3.0751,0.1435,0.2308,0.2453,Moderado
474.98,True,10,Casa,11,3,61.0,5,0,431.35,30,15.8327,158.3267,7.7866,0.1011,0.5,0.3014,Moderado
1650.94,True,37,Pequeno negocio,7,7,36.0,4,8,1810.26,30,55.0313,235.8486,45.8594,-0.088,0.1081,0.4402,Ineficiente
627.05,False,13,Departamento,14,6,74.0,7,1,726.2,29,21.6224,104.5083,8.4736,-0.1365,0.5385,0.2721,Moderado
454.67,False,13,Casa,9,1,92.0,7,1,541.01,30,15.1557,454.67,4.9421,-0.1596,0.5385,0.2471,Moderado
655.29,False,17,Departamento,14,7,119.0,6,6,841.63,28,23.4032,93.6129,5.5066,-0.2214,0.3529,0.2446,Moderado
796.94,True,8,Pequeno negocio,11,9,115.0,1,11,839.05,30,26.5647,88.5489,6.9299,-0.0502,0.125,0.2861,Moderado
1054.45,False,12,Pequeno negocio,7,6,174.0,8,11,1028.08,29,36.3603,175.7417,6.0601,0.0256,0.6667,0.2914,Moderado
576.18,False,21,Departamento,11,7,101.0,6,5,650.05,31,18.5865,82.3114,5.7048,-0.1136,0.2857,0.2056,Eficiente
758.93,True,13,Casa,12,1,263.0,7,6,836.72,29,26.17,758.93,2.8857,-0.093,0.5385,0.4297,Ineficiente
615.32,False,22,Departamento,3,7,44.0,6,7,736.2,28,21.9757,87.9029,13.9845,-0.1642,0.2727,0.2416,Moderado
943.69,True,25,Pequeno negocio,11,9,49.0,5,5,836.61,30,31.4563,104.8544,19.259,0.128,0.2,0.3396,Ineficiente
843.83,False,18,Pequeno negocio,14,3,72.0,5,9,817.17,28,30.1368,281.2767,11.7199,0.0326,0.2778,0.3134,Ineficiente
1132.34,True,32,Pequeno negocio,7,14,232.0,1,10,1053.9,29,39.0462,80.8814,4.8808,0.0744,0.0312,0.356,Ineficiente
641.99,True,20,Departamento,6,2,35.0,9,6,677.43,30,21.3997,320.995,18.3426,-0.0523,0.45,0.3525,Ineficiente
462.58,True,6,Casa,0,3,270.0,6,2,486.75,28,16.5207,154.1933,1.7133,-0.0497,1.0,0.1757,Eficiente
817.1,True,9,Departamento,11,7,92.0,9,10,815.48,28,29.1821,116.7286,8.8815,0.002,1.0,0.4103,Ineficiente
513.48,True,6,Casa,14,1,68.0,6,8,647.61,31,16.5639,513.48,7.5512,-0.2071,1.0,0.308,Ineficiente
528.68,True,12,Casa,9,1,128.0,2,5,528.09,29,18.2303,528.68,4.1303,0.0011,0.1667,0.2944,Moderado
567.54,False,9,Departamento,14,3,124.0,3,2,593.88,29,19.5703,189.18,4.5769,-0.0444,0.3333,0.2605,Moderado
550.84,True,20,Departamento,2,5,115.0,8,5,694.95,29,18.9945,110.168,4.7899,-0.2074,0.4,0.2901,Moderado
880.08,False,24,Pequeno negocio,7,15,94.0,2,10,956.8,29,30.3476,58.672,9.3626,-0.0802,0.0833,0.242,Moderado
605.02,True,22,Departamento,11,4,44.0,6,4,646.7,31,19.5168,151.255,13.7505,-0.0645,0.2727,0.288,Moderado
1238.5,True,29,Pequeno negocio,5,12,65.0,6,11,1404.02,29,42.7069,103.2083,19.0538,-0.1179,0.2069,0.2938,Moderado
624.74,True,14,Departamento,12,7,93.0,1,3,519.35,28,22.3121,89.2486,6.7176,0.2029,0.0714,0.2828,Moderado
191.21,False,21,Departamento,1,2,108.0,0,2,165.21,31,6.1681,95.605,1.7705,0.1574,0.0,0.1365,Eficiente
495.8,True,18,Casa,12,7,205.0,0,0,511.55,28,17.7071,70.8286,2.4185,-0.0308,0.0,0.2131,Eficiente
452.15,False,23,Departamento,0,3,122.0,7,1,428.88,30,15.0717,150.7167,3.7061,0.0543,0.3043,0.1979,Eficiente
405.83,False,24,Casa,1,2,119.0,2,3,426.62,29,13.9941,202.915,3.4103,-0.0487,0.0833,0.1931,Eficiente
703.17,False,4,Casa,12,7,147.0,2,9,709.32,28,25.1132,100.4529,4.7835,-0.0087,0.5,0.1853,Eficiente
1131.36,True,8,Casa,14,5,206.0,8,6,1019.7,28,40.4057,226.272,5.492,0.1095,1.0,0.3511,Ineficiente
900.51,False,36,Pequeno negocio,6,6,176.0,5,8,1061.19,29,31.0521,150.085,5.1165,-0.1514,0.1389,0.2344,Moderado
252.17,False,5,Departamento,3,3,109.0,0,1,271.11,28,9.0061,84.0567,2.3135,-0.0699,0.0,0.0609,Eficiente
1321.56,True,21,Pequeno negocio,8,14,191.0,3,8,1309.1,31,42.631,94.3971,6.9192,0.0095,0.1429,0.3524,Ineficiente
787.36,False,7,Pequeno negocio,4,10,242.0,4,8,933.48,31,25.3987,78.736,3.2536,-0.1565,0.5714,0.1601,Eficiente
1231.88,True,38,Pequeno negocio,4,9,161.0,4,6,1174.81,28,43.9957,136.8756,7.6514,0.0486,0.1053,0.3474,Ineficiente
586.31,True,17,Casa,0,2,83.0,7,8,499.89,29,20.2176,293.155,7.064,0.1729,0.4118,0.2416,Moderado
1177.04,False,19,Pequeno negocio,9,13,55.0,8,1,1061.21,28,42.0371,90.5415,21.4007,0.1091,0.4211,0.3643,Ineficiente
751.77,True,26,Pequeno negocio,2,12,150.0,0,6,674.94,28,26.8489,62.6475,5.0118,0.1138,0.0,0.2735,Moderado
928.21,True,7,Pequeno negocio,11,11,124.0,2,9,1051.84,30,30.9403,84.3827,7.4856,-0.1175,0.2857,0.2423,Moderado
518.73,False,13,Casa,3,2,174.0,6,1,521.17,29,17.8872,259.365,2.9812,-0.0047,0.4615,0.1859,Eficiente
624.32,True,17,Casa,13,6,233.0,0,2,540.72,30,20.8107,104.0533,2.6795,0.1546,0.0,0.2928,Moderado
2874.08,False,14,Pequeno negocio,10,11,71.0,5,9,3421.67,29,99.1062,261.28,40.48,-0.16,0.3571,0.481,Ineficiente
571.95,True,18,Casa,7,4,98.0,0,7,708.06,28,20.4268,142.9875,5.8362,-0.1922,0.0,0.2606,Moderado
1334.21,False,21,Casa,6,7,295.0,5,2,1330.84,31,43.039,190.6014,4.5227,0.0025,0.2381,0.3018,Moderado
441.49,True,17,Departamento,4,7,81.0,0,4,453.45,30,14.7163,63.07,5.4505,-0.0264,0.0,0.1944,Eficiente
663.66,True,16,Casa,1,6,165.0,7,11,561.93,31,21.4084,110.61,4.0222,0.181,0.4375,0.2945,Moderado
495.08,True,15,Casa,1,3,98.0,4,4,425.97,28,17.6814,165.0267,5.0518,0.1622,0.2667,0.2388,Moderado
1182.73,False,38,Pequeno negocio,8,15,122.0,9,4,1174.49,28,42.2404,78.8487,9.6945,0.007,0.2368,0.3463,Ineficiente
875.14,True,18,Pequeno negocio,12,7,204.0,0,10,905.88,29,30.1772,125.02,4.2899,-0.0339,0.0,0.3432,Ineficiente
916.72,True,22,Pequeno negocio,10,4,235.0,8,2,960.81,31,29.5716,229.18,3.9009,-0.0459,0.3636,0.3349,Ineficiente
767.4,True,19,Casa,12,1,215.0,4,5,908.79,31,24.7548,767.4,3.5693,-0.1556,0.2105,0.35,Ineficiente
717.26,True,6,Casa,11,6,93.0,4,4,785.51,30,23.9087,119.5433,7.7125,-0.0869,0.6667,0.221,Eficiente
733.71,False,22,Casa,5,3,126.0,6,6,906.18,28,26.2039,244.57,5.8231,-0.1903,0.2727,0.2064,Eficiente
642.01,False,10,Departamento,14,7,58.0,6,3,663.39,31,20.71,91.7157,11.0691,-0.0322,0.6,0.2439,Moderado
1477.14,True,18,Casa,3,6,247.0,8,11,1610.83,30,49.238,246.19,5.9803,-0.083,0.4444,0.3643,Ineficiente
433.88,True,19,Departamento,4,1,57.0,8,1,404.21,31,13.9961,433.88,7.6119,0.0734,0.4211,0.3289,Ineficiente
2249.93,False,28,Pequeno negocio,10,15,235.0,2,7,1962.82,29,77.5838,149.9953,9.5742,0.1463,0.0714,0.3233,Ineficiente
513.31,False,24,Departamento,0,7,70.0,2,8,480.18,31,16.5584,73.33,7.333,0.069,0.0833,0.1666,Eficiente
1096.52,True,14,Casa,11,6,229.0,8,10,1029.39,31,35.3716,182.7533,4.7883,0.0652,0.5714,0.3912,Ineficiente
647.91,False,12,Casa,4,2,258.0,8,1,574.99,29,22.3417,323.955,2.5113,0.1268,0.6667,0.2348,Moderado
911.66,True,13,Casa,10,5,213.0,9,11,906.46,30,30.3887,182.332,4.2801,0.0057,0.6923,0.4206,Ineficiente
979.36,True,9,Casa,11,7,250.0,9,3,736.27,31,31.5923,139.9086,3.9174,0.3302,1.0,0.3805,Ineficiente
595.85,False,5,Departamento,1,6,114.0,5,9,541.4,29,20.5466,99.3083,5.2268,0.1006,1.0,0.1822,Eficiente
755.99,False,24,Casa,4,4,203.0,9,0,817.1,30,25.1997,188.9975,3.7241,-0.0748,0.375,0.2485,Moderado
617.53,True,20,Departamento,14,5,83.0,7,1,668.84,29,21.2941,123.506,7.4401,-0.0767,0.35,0.3632,Ineficiente
891.86,False,17,Pequeno negocio,13,8,124.0,8,6,1013.74,30,29.7287,111.4825,7.1924,-0.1202,0.4706,0.4173,Ineficiente
425.89,False,23,Casa,8,2,109.0,4,1,424.41,30,14.1963,212.945,3.9072,0.0035,0.1739,0.2507,Moderado
980.88,False,16,Casa,6,5,281.0,9,5,1234.01,28,35.0314,196.176,3.4907,-0.2051,0.5625,0.3065,Ineficiente
590.84,False,24,Casa,9,4,239.0,0,5,610.45,31,19.0594,147.71,2.4721,-0.0321,0.0,0.2509,Moderado
942.49,False,24,Casa,10,2,296.0,9,6,1553.63,29,32.4997,471.245,3.1841,-0.3934,0.375,0.3109,Ineficiente
1205.7,True,8,Departamento,0,5,36.0,8,0,1013.6,30,40.19,241.14,33.4917,0.1895,1.0,0.2329,Moderado
942.19,True,26,Pequeno negocio,4,2,137.0,7,9,956.04,31,30.3932,471.095,6.8773,-0.0145,0.2692,0.338,Ineficiente
1213.87,True,23,Pequeno negocio,0,15,165.0,9,3,883.92,30,40.4623,80.9247,7.3568,0.3733,0.3913,0.3406,Ineficiente
418.03,False,18,Departamento,7,3,71.0,4,9,419.05,28,14.9296,139.3433,5.8877,-0.0024,0.2222,0.2523,Moderado
579.34,True,5,Casa,1,7,292.0,3,2,591.84,31,18.6884,82.7629,1.984,-0.0211,0.6,0.1919,Eficiente
675.89,False,19,Casa,13,6,85.0,1,2,805.89,30,22.5297,112.6483,7.9516,-0.1613,0.0526,0.2484,Moderado
509.51,True,20,Casa,5,4,254.0,1,0,524.63,28,18.1968,127.3775,2.0059,-0.0288,0.05,0.1208,Eficiente
876.41,True,12,Casa,13,5,227.0,8,11,681.12,30,29.2137,175.282,3.8608,0.2867,0.6667,0.3975,Ineficiente
1872.34,True,36,Pequeno negocio,14,15,142.0,0,5,1808.43,29,64.5634,124.8227,13.1855,0.0353,0.0,0.4071,Ineficiente
334.0,True,23,Departamento,4,7,67.0,2,1,286.48,30,11.1333,47.7143,4.9851,0.1659,0.087,0.1902,Eficiente
543.73,True,19,Casa,10,2,99.0,4,3,540.64,31,17.5397,271.865,5.4922,0.0057,0.2105,0.3043,Moderado
482.87,True,12,Casa,0,7,98.0,3,1,393.23,29,16.6507,68.9814,4.9272,0.228,0.25,0.2083,Eficiente
926.72,False,22,Casa,14,6,190.0,9,1,824.94,31,29.8942,154.4533,4.8775,0.1234,0.4091,0.312,Ineficiente
799.16,True,31,Pequeno negocio,11,4,142.0,0,0,900.3,31,25.7794,199.79,5.6279,-0.1123,0.0,0.3181,Ineficiente
350.02,True,7,Casa,10,1,84.0,0,9,321.47,28,12.5007,350.02,4.1669,0.0888,0.0,0.1942,Eficiente
688.04,True,10,Casa,8,6,209.0,2,7,590.4,29,23.7255,114.6733,3.2921,0.1654,0.2,0.2348,Moderado
859.93,True,11,Casa,1,7,291.0,6,11,1251.37,29,29.6528,122.8471,2.9551,-0.3128,0.5455,0.2693,Moderado
814.98,False,9,Pequeno negocio,3,7,96.0,3,12,906.33,29,28.1028,116.4257,8.4894,-0.1008,0.3333,0.2215,Eficiente
470.46,False,20,Departamento,10,1,44.0,8,8,625.89,28,16.8021,470.46,10.6923,-0.2483,0.4,0.3233,Ineficiente
299.8,True,4,Departamento,3,5,67.0,0,7,263.5,30,9.9933,59.96,4.4746,0.1378,0.0,0.1878,Eficiente
1812.79,True,8,Casa,9,3,75.0,3,12,1655.71,30,60.4263,604.2633,24.1705,0.0949,0.375,0.3931,Ineficiente
2809.56,True,20,Casa,12,7,95.0,6,12,2872.91,30,93.652,401.3657,29.5743,-0.0221,0.3,0.4898,Ineficiente
1183.33,False,7,Pequeno negocio,13,13,168.0,6,2,1200.32,30,39.4443,91.0254,7.0436,-0.0142,0.8571,0.2626,Moderado
649.83,True,9,Casa,0,6,226.0,5,7,627.03,28,23.2082,108.305,2.8754,0.0364,0.5556,0.2817,Moderado
669.7,False,12,Casa,8,3,113.0,4,9,638.61,30,22.3233,223.2333,5.9265,0.0487,0.3333,0.3106,Ineficiente
429.5,True,16,Departamento,1,3,67.0,0,11,315.7,30,14.3167,143.1667,6.4104,0.3605,0.0,0.2282,Eficiente
491.91,False,16,Casa,3,6,177.0,0,5,508.93,31,15.8681,81.985,2.7792,-0.0334,0.0,0.2039,Eficiente
657.69,True,21,Casa,13,1,230.0,0,8,645.45,31,21.2158,657.69,2.8595,0.019,0.0,0.4218,Ineficiente
956.37,True,5,Pequeno negocio,10,12,111.0,5,6,874.8,28,34.1561,79.6975,8.6159,0.0932,1.0,0.2541,Moderado
689.68,True,20,Departamento,10,1,47.0,8,8,603.7,30,22.9893,689.68,14.674,0.1424,0.4,0.4003,Ineficiente
594.54,False,5,Casa,11,4,259.0,0,8,582.52,31,19.1787,148.635,2.2955,0.0206,0.0,0.1582,Eficiente
283.06,False,12,Casa,1,1,199.0,0,7,269.38,30,9.4353,283.06,1.4224,0.0508,0.0,0.1912,Eficiente
604.97,False,13,Departamento,7,5,62.0,6,10,607.01,29,20.861,120.994,9.7576,-0.0034,0.4615,0.2194,Eficiente
1178.1,True,16,Casa,3,2,100.0,5,0,1225.62,30,39.27,589.05,11.781,-0.0388,0.3125,0.2733,Moderado
532.16,False,24,Casa,1,7,277.0,3,0,370.65,28,19.0057,76.0229,1.9212,0.4357,0.125,0.2068,Eficiente
419.83,True,12,Departamento,13,4,76.0,0,10,411.13,29,14.4769,104.9575,5.5241,0.0212,0.0,0.2756,Moderado
513.08,False,10,Departamento,6,1,89.0,8,5,413.6,31,16.551,513.08,5.7649,0.2405,0.8,0.2263,Eficiente
649.39,False,11,Pequeno negocio,3,10,88.0,6,5,676.19,29,22.3928,64.939,7.3794,-0.0396,0.5455,0.1657,Eficiente
825.65,True,19,Casa,12,3,152.0,5,9,973.15,31,26.6339,275.2167,5.4319,-0.1516,0.2632,0.3205,Ineficiente
840.2,False,13,Casa,10,2,170.0,2,7,1058.6,31,27.1032,420.1,4.9424,-0.2063,0.1538,0.1887,Eficiente
513.77,False,23,Departamento,4,5,66.0,9,6,539.24,31,16.5732,102.754,7.7844,-0.0472,0.3913,0.2818,Moderado
1116.32,False,9,Departamento,12,7,114.0,0,12,1595.03,28,39.8686,159.4743,9.7923,-0.3001,0.0,0.2563,Moderado
820.75,True,8,Casa,10,7,149.0,7,4,683.2,31,26.4758,117.25,5.5084,0.2013,0.875,0.3044,Moderado
421.79,False,3,Departamento,4,4,120.0,3,3,433.16,28,15.0639,105.4475,3.5149,-0.0262,1.0,0.1194,Eficiente
409.93,True,4,Casa,3,6,150.0,4,0,399.49,29,14.1355,68.3217,2.7329,0.0261,1.0,0.1563,Eficiente
933.63,True,20,Pequeno negocio,2,1,159.0,6,12,1087.67,28,33.3439,933.63,5.8719,-0.1416,0.3,0.285,Moderado
724.49,True,28,Pequeno negocio,4,6,204.0,3,0,917.82,29,24.9824,120.7483,3.5514,-0.2106,0.1071,0.2375,Moderado
629.26,True,19,Casa,4,7,172.0,4,5,748.4,30,20.9753,89.8943,3.6585,-0.1592,0.2105,0.2568,Moderado
870.22,True,33,Pequeno negocio,5,14,76.0,4,5,739.26,29,30.0076,62.1586,11.4503,0.1772,0.1212,0.2856,Moderado
987.69,False,12,Pequeno negocio,3,6,120.0,8,12,865.84,28,35.2746,164.615,8.2308,0.1407,0.6667,0.2527,Moderado
688.77,True,10,Casa,2,4,266.0,7,6,699.38,28,24.5989,172.1925,2.5894,-0.0152,0.7,0.3003,Moderado
446.1,True,7,Casa,10,1,170.0,4,0,545.79,28,15.9321,446.1,2.6241,-0.1827,0.5714,0.2562,Moderado
491.59,False,5,Departamento,5,7,35.0,5,2,484.5,31,15.8577,70.2271,14.0454,0.0146,1.0,0.1737,Eficiente
612.55,True,24,Casa,1,6,126.0,9,6,518.72,31,19.7597,102.0917,4.8615,0.1809,0.375,0.3139,Ineficiente
847.3,False,11,Casa,10,7,200.0,6,10,658.94,30,28.2433,121.0429,4.2365,0.2859,0.5455,0.2937,Moderado
455.86,False,12,Casa,3,1,207.0,3,0,338.99,31,14.7052,455.86,2.2022,0.3448,0.25,0.2173,Eficiente
591.83,True,12,Pequeno negocio,6,4,35.0,0,9,561.29,29,20.4079,147.9575,16.9094,0.0544,0.0,0.2284,Moderado
820.71,True,23,Casa,12,3,134.0,8,2,926.24,31,26.4745,273.57,6.1247,-0.1139,0.3478,0.3371,Ineficiente
347.63,True,9,Departamento,4,6,66.0,0,2,333.9,31,11.2139,57.9383,5.2671,0.0411,0.0,0.1566,Eficiente
553.96,False,12,Casa,2,7,180.0,5,1,620.87,29,19.1021,79.1371,3.0776,-0.1078,0.4167,0.159,Eficiente
443.34,True,13,Casa,10,7,90.0,0,2,373.85,30,14.778,63.3343,4.926,0.1859,0.0,0.2906,Moderado
2604.12,True,15,Pequeno negocio,1,8,132.0,8,7,2146.3,31,84.0039,325.515,19.7282,0.2133,0.5333,0.3515,Ineficiente
470.26,False,5,Casa,7,1,262.0,0,11,482.78,29,16.2159,470.26,1.7949,-0.0259,0.0,0.1775,Eficiente
803.97,False,23,Casa,12,3,137.0,6,0,723.12,28,28.7132,267.99,5.8684,0.1118,0.2609,0.2621,Moderado
648.27,False,18,Casa,6,3,153.0,7,11,549.16,31,20.9119,216.09,4.2371,0.1805,0.3889,0.3213,Ineficiente
568.22,True,17,Departamento,2,4,36.0,7,2,690.02,29,19.5938,142.055,15.7839,-0.1765,0.4118,0.2104,Eficiente
907.86,False,9,Casa,11,7,199.0,5,12,778.46,30,30.262,129.6943,4.5621,0.1662,0.5556,0.3473,Ineficiente
760.41,False,17,Casa,10,5,162.0,5,10,737.45,28,27.1575,152.082,4.6939,0.0311,0.2941,0.3016,Moderado
698.33,True,5,Casa,5,4,265.0,5,8,752.02,30,23.2777,174.5825,2.6352,-0.0714,1.0,0.2961,Moderado
525.67,False,5,Casa,2,6,277.0,5,6,657.24,31,16.9571,87.6117,1.8977,-0.2002,1.0,0.1375,Eficiente
843.04,True,24,Casa,8,2,245.0,0,12,796.83,28,30.1086,421.52,3.441,0.058,0.0,0.3021,Moderado
604.0,True,8,Departamento,11,5,56.0,8,6,547.36,29,20.8276,120.8,10.7857,0.1035,1.0,0.3461,Ineficiente
550.68,True,19,Casa,0,4,107.0,7,1,413.76,30,18.356,137.67,5.1465,0.3309,0.3684,0.2599,Moderado
793.01,True,9,Casa,7,2,176.0,9,4,905.65,30,26.4337,396.505,4.5057,-0.1244,1.0,0.2988,Moderado
352.55,True,17,Departamento,5,5,101.0,0,2,298.86,29,12.1569,70.51,3.4906,0.1796,0.0,0.2545,Moderado
619.42,True,16,Departamento,5,6,58.0,2,3,514.2,29,21.3593,103.2367,10.6797,0.2046,0.125,0.2179,Eficiente
377.29,True,18,Casa,3,6,178.0,2,0,399.33,30,12.5763,62.8817,2.1196,-0.0552,0.1111,0.2025,Eficiente
737.17,False,23,Casa,9,6,80.0,4,6,639.36,29,25.4197,122.8617,9.2146,0.153,0.1739,0.3209,Ineficiente
715.55,True,12,Casa,13,6,122.0,8,7,899.8,28,25.5554,119.2583,5.8652,-0.2048,0.6667,0.3208,Ineficiente
509.76,False,5,Pequeno negocio,1,5,94.0,5,6,391.73,28,18.2057,101.952,5.423,0.3013,1.0,0.242,Moderado
365.66,True,9,Casa,0,1,69.0,6,2,374.86,29,12.609,365.66,5.2994,-0.0245,0.6667,0.1441,Eficiente
564.71,True,24,Casa,5,7,122.0,3,3,637.4,30,18.8237,80.6729,4.6288,-0.114,0.125,0.2329,Moderado
1018.61,True,13,Casa,10,4,211.0,0,7,1027.95,28,36.3789,254.6525,4.8275,-0.0091,0.0,0.2531,Moderado
764.92,False,21,Casa,1,5,299.0,6,4,750.38,31,24.6748,152.984,2.5583,0.0194,0.2857,0.1449,Eficiente
496.61,False,21,Casa,11,1,247.0,0,0,569.37,31,16.0197,496.61,2.0106,-0.1278,0.0,0.2308,Moderado
576.88,True,16,Casa,10,7,133.0,2,9,482.83,28,20.6029,82.4114,4.3374,0.1948,0.125,0.3499,Ineficiente
1050.25,True,24,Departamento,4,7,124.0,4,6,993.84,29,36.2155,150.0357,8.4698,0.0568,0.1667,0.3278,Ineficiente
553.47,True,17,Departamento,4,7,39.0,7,2,541.91,29,19.0852,79.0671,14.1915,0.0213,0.4118,0.3059,Ineficiente
585.53,True,16,Departamento,3,2,123.0,6,11,697.01,28,20.9118,292.765,4.7604,-0.1599,0.375,0.2788,Moderado
476.65,True,8,Departamento,10,6,113.0,1,3,426.23,30,15.8883,79.4417,4.2181,0.1183,0.125,0.1816,Eficiente
509.48,False,11,Casa,2,5,155.0,2,9,445.05,30,16.9827,101.896,3.287,0.1448,0.1818,0.153,Eficiente
1683.13,True,5,Pequeno negocio,5,10,145.0,5,0,1557.65,30,56.1043,168.313,11.6078,0.0806,1.0,0.2832,Moderado
1052.95,False,18,Departamento,4,4,49.0,5,4,1060.96,31,33.9661,263.2375,21.4888,-0.0075,0.2778,0.2411,Moderado
896.22,True,13,Pequeno negocio,5,7,232.0,6,3,952.99,30,29.874,128.0314,3.863,-0.0596,0.4615,0.2916,Moderado
541.47,True,18,Departamento,13,5,35.0,3,0,520.8,31,17.4668,108.294,15.4706,0.0397,0.1667,0.2217,Eficiente
425.36,False,16,Casa,0,1,118.0,8,5,412.57,31,13.7213,425.36,3.6047,0.031,0.5,0.3076,Ineficiente
502.41,True,8,Casa,0,4,263.0,5,3,442.41,31,16.2068,125.6025,1.9103,0.1356,0.625,0.1762,Eficiente
506.73,False,24,Casa,6,5,171.0,0,3,474.6,30,16.891,101.346,2.9633,0.0677,0.0,0.2226,Eficiente
834.1,True,12,Casa,6,6,289.0,7,6,1125.54,31,26.9065,139.0167,2.8862,-0.2589,0.5833,0.2686,Moderado
1024.97,True,18,Departamento,14,6,112.0,2,11,959.62,29,35.3438,170.8283,9.1515,0.0681,0.1111,0.3345,Ineficiente
1237.57,False,5,Casa,3,5,178.0,5,3,1322.01,31,39.9216,247.514,6.9526,-0.0639,1.0,0.1895,Eficiente
2105.91,True,16,Casa,8,5,154.0,6,2,2520.94,30,70.197,421.182,13.6747,-0.1646,0.375,0.3757,Ineficiente
1213.0,True,17,Pequeno negocio,10,12,100.0,1,10,1524.29,29,41.8276,101.0833,12.13,-0.2042,0.0588,0.4004,Ineficiente
566.05,True,23,Departamento,10,6,106.0,0,5,635.27,28,20.2161,94.3417,5.3401,-0.109,0.0,0.2369,Moderado
510.31,True,19,Departamento,5,3,90.0,0,12,697.69,29,17.5969,170.1033,5.6701,-0.2686,0.0,0.2357,Moderado
609.72,True,23,Casa,12,4,181.0,2,9,637.01,29,21.0248,152.43,3.3686,-0.0428,0.087,0.2921,Moderado
263.75,False,9,Departamento,5,4,55.0,1,2,223.67,28,9.4196,65.9375,4.7955,0.1792,0.1111,0.1619,Eficiente
3163.29,True,31,Pequeno negocio,6,11,171.0,6,9,3159.99,30,105.443,287.5718,18.4988,0.001,0.1935,0.4595,Ineficiente
346.83,False,16,Departamento,0,3,104.0,1,0,433.59,31,11.1881,115.61,3.3349,-0.2001,0.0625,0.1014,Eficiente
541.49,False,8,Departamento,14,3,65.0,4,5,641.35,29,18.6721,180.4967,8.3306,-0.1557,0.5,0.2047,Eficiente
715.19,False,10,Departamento,13,6,56.0,3,1,529.44,31,23.0706,119.1983,12.7712,0.3508,0.3,0.2677,Moderado
2165.33,False,17,Casa,3,5,269.0,6,10,2098.9,29,74.6666,433.066,8.0496,0.0316,0.3529,0.3008,Moderado
357.05,False,6,Departamento,7,3,114.0,0,10,343.98,29,12.3121,119.0167,3.132,0.038,0.0,0.172,Eficiente
2843.75,True,25,Pequeno negocio,12,14,161.0,4,12,2816.35,31,91.7339,203.125,17.663,0.0097,0.16,0.4544,Ineficiente
1738.04,True,19,Casa,1,6,150.0,8,0,2382.63,30,57.9347,289.6733,11.5869,-0.2705,0.4211,0.3743,Ineficiente
746.15,False,21,Casa,10,6,60.0,2,11,1005.43,30,24.8717,124.3583,12.4358,-0.2579,0.0952,0.255,Moderado
852.76,True,15,Casa,11,2,282.0,8,9,1021.98,28,30.4557,426.38,3.024,-0.1656,0.5333,0.2836,Moderado
733.63,True,17,Casa,9,3,237.0,1,11,817.84,30,24.4543,244.5433,3.0955,-0.103,0.0588,0.3373,Ineficiente
2551.42,False,29,Pequeno negocio,11,9,39.0,7,5,2983.86,31,82.3039,283.4911,65.421,-0.1449,0.2414,0.4539,Ineficiente
379.09,True,8,Departamento,3,1,61.0,2,8,386.51,28,13.5389,379.09,6.2146,-0.0192,0.25,0.2664,Moderado
573.14,True,17,Casa,6,2,242.0,3,5,497.5,28,20.4693,286.57,2.3683,0.152,0.1765,0.2478,Moderado
729.12,True,19,Casa,9,2,91.0,5,8,610.0,31,23.52,364.56,8.0123,0.1953,0.2632,0.297,Moderado
712.32,True,20,Casa,14,4,116.0,7,9,772.14,30,23.744,178.08,6.1407,-0.0775,0.35,0.361,Ineficiente
810.69,True,16,Casa,0,4,190.0,5,3,837.82,28,28.9532,202.6725,4.2668,-0.0324,0.3125,0.235,Moderado
491.24,False,6,Departamento,3,3,115.0,5,4,465.36,30,16.3747,163.7467,4.2717,0.0556,0.8333,0.1127,Eficiente
1655.78,True,32,Pequeno negocio,4,14,205.0,2,12,1601.71,28,59.135,118.27,8.077,0.0338,0.0625,0.3657,Ineficiente
652.52,True,16,Departamento,12,5,87.0,6,10,645.12,29,22.5007,130.504,7.5002,0.0115,0.375,0.3506,Ineficiente
570.22,True,9,Casa,11,6,221.0,0,0,519.86,28,20.365,95.0367,2.5802,0.0969,0.0,0.1823,Eficiente
333.37,True,11,Departamento,12,2,40.0,0,1,298.26,31,10.7539,166.685,8.3343,0.1177,0.0,0.1861,Eficiente
507.91,True,13,Departamento,9,5,82.0,1,10,446.49,29,17.5141,101.582,6.194,0.1376,0.0769,0.2753,Moderado
721.76,True,19,Casa,7,6,154.0,8,9,715.72,29,24.8883,120.2933,4.6868,0.0084,0.4211,0.3771,Ineficiente
591.08,False,10,Departamento,6,4,45.0,6,2,524.19,28,21.11,147.77,13.1351,0.1276,0.6,0.2089,Eficiente
560.51,True,15,Departamento,8,5,52.0,3,11,973.68,30,18.6837,112.102,10.779,-0.4243,0.2,0.278,Moderado
749.66,True,22,Pequeno negocio,1,14,35.0,6,0,733.83,30,24.9887,53.5471,21.4189,0.0216,0.2727,0.2586,Moderado
621.77,False,4,Casa,1,7,264.0,2,2,565.18,28,22.2061,88.8243,2.3552,0.1001,0.5,0.123,Eficiente
631.08,True,18,Casa,1,7,286.0,7,7,752.61,31,20.3574,90.1543,2.2066,-0.1615,0.3889,0.2955,Moderado
1781.61,True,14,Departamento,1,5,79.0,3,7,1518.07,29,61.4348,356.322,22.552,0.1736,0.2143,0.3264,Ineficiente
705.02,True,7,Casa,4,7,219.0,6,2,1039.72,29,24.311,100.7171,3.2193,-0.3219,0.8571,0.2159,Eficiente
754.87,True,19,Casa,6,5,128.0,2,8,1039.53,28,26.9596,150.974,5.8974,-0.2738,0.1053,0.1899,Eficiente
370.61,True,5,Departamento,14,5,119.0,0,10,367.36,28,13.2361,74.122,3.1144,0.0088,0.0,0.222,Eficiente
707.68,True,8,Casa,13,6,206.0,8,1,1145.49,30,23.5893,117.9467,3.4353,-0.3822,1.0,0.2296,Moderado
577.07,True,8,Departamento,11,1,108.0,6,10,573.95,28,20.6096,577.07,5.3432,0.0054,0.75,0.3461,Ineficiente
2251.14,True,28,Pequeno negocio,3,7,104.0,6,7,1882.77,30,75.038,321.5914,21.6456,0.1957,0.2143,0.402,Ineficiente
547.25,True,24,Departamento,7,2,42.0,6,11,548.13,31,17.6532,273.625,13.0298,-0.0016,0.25,0.37,Ineficiente
542.75,False,21,Departamento,7,5,39.0,8,3,608.76,28,19.3839,108.55,13.9167,-0.1084,0.381,0.2244,Eficiente
312.67,True,6,Departamento,9,2,36.0,0,8,271.82,29,10.7817,156.335,8.6853,0.1503,0.0,0.2122,Eficiente
528.53,True,4,Casa,0,3,215.0,4,9,791.62,31,17.0494,176.1767,2.4583,-0.3323,1.0,0.1974,Eficiente
382.11,False,20,Casa,0,4,178.0,4,4,358.69,29,13.1762,95.5275,2.1467,0.0653,0.2,0.1663,Eficiente
1496.8,False,15,Departamento,4,6,94.0,5,7,1503.51,29,51.6138,249.4667,15.9234,-0.0045,0.3333,0.2623,Moderado
766.67,True,10,Casa,1,4,142.0,9,9,997.24,31,24.7313,191.6675,5.3991,-0.2312,0.9,0.2676,Moderado
729.83,True,22,Casa,5,1,245.0,8,5,779.75,30,24.3277,729.83,2.9789,-0.064,0.3636,0.3557,Ineficiente
477.0,False,6,Casa,5,5,132.0,3,8,475.37,30,15.9,95.4,3.6136,0.0034,0.5,0.1334,Eficiente
1685.89,False,39,Pequeno negocio,14,14,81.0,9,9,1621.15,31,54.3835,120.4207,20.8135,0.0399,0.2308,0.4472,Ineficiente
406.79,False,13,Casa,10,1,196.0,0,3,320.14,30,13.5597,406.79,2.0755,0.2707,0.0,0.2333,Moderado
317.8,False,8,Departamento,2,5,46.0,1,9,330.04,31,10.2516,63.56,6.9087,-0.0371,0.125,0.0905,Eficiente
576.09,False,8,Casa,8,2,196.0,2,7,605.33,30,19.203,288.045,2.9392,-0.0483,0.25,0.238,Moderado
360.68,True,16,Departamento,1,4,97.0,2,2,397.09,30,12.0227,90.17,3.7184,-0.0917,0.125,0.1695,Eficiente
775.47,False,9,Casa,14,7,158.0,6,10,866.81,30,25.849,110.7814,4.908,-0.1054,0.6667,0.289,Moderado
244.54,True,15,Casa,0,2,81.0,4,0,191.34,28,8.7336,122.27,3.019,0.278,0.2667,0.2255,Eficiente
1468.86,True,15,Departamento,3,7,76.0,8,7,1267.91,28,52.4593,209.8371,19.3271,0.1585,0.5333,0.3627,Ineficiente
487.8,True,20,Departamento,7,4,114.0,6,3,626.1,30,16.26,121.95,4.2789,-0.2209,0.3,0.2106,Eficiente
1480.75,False,24,Casa,10,7,283.0,6,9,1430.93,30,49.3583,211.5357,5.2323,0.0348,0.25,0.3412,Ineficiente
881.75,True,16,Casa,7,6,73.0,7,11,950.32,31,28.4435,146.9583,12.0788,-0.0722,0.4375,0.3456,Ineficiente
893.66,False,9,Casa,14,6,206.0,4,8,870.74,31,28.8277,148.9433,4.3382,0.0263,0.4444,0.3074,Ineficiente
489.49,False,15,Casa,2,2,140.0,3,5,787.75,30,16.3163,244.745,3.4964,-0.3786,0.2,0.0942,Eficiente
522.6,True,13,Departamento,14,6,37.0,1,8,696.26,28,18.6643,87.1,14.1243,-0.2494,0.0769,0.2478,Moderado
506.43,True,12,Casa,3,3,145.0,8,2,519.95,30,16.881,168.81,3.4926,-0.026,0.6667,0.1971,Eficiente
425.78,True,10,Departamento,10,7,49.0,2,1,384.97,30,14.1927,60.8257,8.6894,0.106,0.2,0.2348,Moderado
474.29,True,4,Casa,4,7,227.0,4,4,483.21,31,15.2997,67.7557,2.0894,-0.0185,1.0,0.1861,Eficiente
661.04,True,8,Departamento,10,5,87.0,7,7,809.84,30,22.0347,132.208,7.5982,-0.1837,0.875,0.2623,Moderado
552.3,False,16,Casa,0,7,139.0,3,4,515.61,30,18.41,78.9,3.9734,0.0712,0.1875,0.1609,Eficiente
341.35,False,4,Departamento,10,4,82.0,1,1,355.96,28,12.1911,85.3375,4.1628,-0.041,0.25,0.0704,Eficiente
725.78,True,6,Casa,12,1,93.0,6,5,758.52,31,23.4123,725.78,7.8041,-0.0432,1.0,0.3145,Ineficiente
753.55,True,15,Pequeno negocio,5,3,117.0,3,11,867.11,29,25.9845,251.1833,6.4406,-0.131,0.2,0.2964,Moderado
643.83,True,24,Departamento,11,4,41.0,8,5,526.32,31,20.7687,160.9575,15.7032,0.2233,0.3333,0.4123,Ineficiente
689.71,True,5,Pequeno negocio,7,7,71.0,4,5,718.91,28,24.6325,98.53,9.7142,-0.0406,0.8,0.2907,Moderado
313.26,False,4,Casa,4,1,270.0,3,3,269.61,31,10.1052,313.26,1.1602,0.1619,0.75,0.1832,Eficiente
1248.3,True,10,Casa,8,6,247.0,7,6,1304.48,29,43.0448,208.05,5.0538,-0.0431,0.7,0.3301,Ineficiente
895.71,True,4,Casa,8,7,89.0,3,3,1212.86,28,31.9896,127.9586,10.0642,-0.2615,0.75,0.1793,Eficiente
776.97,True,22,Casa,5,5,72.0,7,12,736.62,31,25.0635,155.394,10.7912,0.0548,0.3182,0.3312,Ineficiente
566.42,False,20,Departamento,4,4,98.0,6,10,522.63,31,18.2716,141.605,5.7798,0.0838,0.3,0.2371,Moderado
1666.96,True,38,Pequeno negocio,6,15,224.0,8,9,2138.19,31,53.7729,111.1307,7.4418,-0.2204,0.2105,0.457,Ineficiente
316.47,True,5,Departamento,0,3,63.0,4,8,273.61,31,10.2087,105.49,5.0233,0.1566,0.8,0.2322,Moderado
301.99,True,14,Departamento,8,3,114.0,0,4,322.91,30,10.0663,100.6633,2.649,-0.0648,0.0,0.17,Eficiente
665.57,False,11,Casa,8,2,290.0,1,8,561.28,30,22.1857,332.785,2.2951,0.1858,0.0909,0.3032,Moderado
474.52,True,18,Casa,8,1,107.0,0,12,457.54,28,16.9471,474.52,4.4348,0.0371,0.0,0.2805,Moderado
1472.13,True,23,Departamento,10,4,54.0,8,2,1645.34,29,50.7631,368.0325,27.2617,-0.1053,0.3478,0.3844,Ineficiente
859.7,False,10,Casa,7,2,247.0,2,11,928.99,29,29.6448,429.85,3.4806,-0.0746,0.2,0.2077,Eficiente
541.39,False,20,Casa,5,2,83.0,2,12,431.56,29,18.6686,270.695,6.5228,0.2545,0.1,0.2028,Eficiente
5000.0,True,36,Pequeno negocio,12,13,133.0,6,0,4474.25,29,172.4138,384.6154,37.594,0.1175,0.1667,0.6159,Ineficiente
361.8,True,14,Pequeno negocio,3,2,103.0,2,1,346.81,30,12.06,180.9,3.5126,0.0432,0.1429,0.2551,Moderado
540.16,True,24,Departamento,0,5,108.0,9,6,475.97,30,18.0053,108.032,5.0015,0.1349,0.375,0.3338,Ineficiente
628.08,False,8,Casa,3,4,230.0,8,8,551.18,30,20.936,157.02,2.7308,0.1395,1.0,0.2344,Moderado
829.05,True,21,Pequeno negocio,10,8,66.0,4,6,707.65,29,28.5879,103.6312,12.5614,0.1716,0.1905,0.3846,Ineficiente
540.83,False,16,Casa,5,4,117.0,6,9,434.35,31,17.4461,135.2075,4.6225,0.2451,0.375,0.2437,Moderado
729.77,True,16,Casa,2,4,207.0,3,10,603.76,30,24.3257,182.4425,3.5255,0.2087,0.1875,0.2869,Moderado
594.93,True,13,Casa,7,6,137.0,4,3,454.41,29,20.5148,99.155,4.3426,0.3092,0.3077,0.2981,Moderado
489.38,False,11,Pequeno negocio,2,1,229.0,4,6,522.19,31,15.7865,489.38,2.137,-0.0628,0.3636,0.2321,Moderado
583.06,False,39,Pequeno negocio,11,4,72.0,3,1,637.5,29,20.1055,145.765,8.0981,-0.0854,0.0769,0.3096,Ineficiente
624.63,False,19,Departamento,1,6,95.0,4,1,478.28,31,20.1494,104.105,6.5751,0.306,0.2105,0.1454,Eficiente
507.21,True,6,Casa,2,2,124.0,1,9,480.99,30,16.907,253.605,4.0904,0.0545,0.1667,0.2466,Moderado
493.67,True,9,Departamento,11,1,90.0,6,11,516.17,31,15.9248,493.67,5.4852,-0.0436,0.6667,0.321,Ineficiente
711.99,True,20,Casa,10,3,129.0,0,7,771.13,31,22.9674,237.33,5.5193,-0.0767,0.0,0.2564,Moderado
1861.67,True,16,Pequeno negocio,3,15,218.0,9,9,1736.19,28,66.4882,124.1113,8.5398,0.0723,0.5625,0.2834,Moderado
935.91,True,10,Casa,14,6,252.0,9,12,1041.47,29,32.2728,155.985,3.7139,-0.1014,0.9,0.3244,Ineficiente
505.02,True,23,Casa,0,5,282.0,2,1,580.73,29,17.4145,101.004,1.7909,-0.1304,0.087,0.1942,Eficiente
310.88,False,20,Departamento,2,1,114.0,0,9,302.58,29,10.72,310.88,2.727,0.0274,0.0,0.1458,Eficiente
532.67,False,18,Departamento,3,4,114.0,4,8,513.23,28,19.0239,133.1675,4.6725,0.0379,0.2222,0.1708,Eficiente
680.08,False,22,Pequeno negocio,7,3,192.0,0,12,645.67,31,21.9381,226.6933,3.5421,0.0533,0.0,0.249,Moderado
708.9,False,9,Casa,7,6,157.0,4,3,817.48,28,25.3179,118.15,4.5153,-0.1328,0.4444,0.1839,Eficiente
1367.13,True,33,Pequeno negocio,5,15,153.0,7,8,1527.03,29,47.1424,91.142,8.9355,-0.1047,0.2121,0.362,Ineficiente
503.95,False,21,Casa,3,5,197.0,3,10,442.76,31,16.2565,100.79,2.5581,0.1382,0.1429,0.1467,Eficiente
817.97,True,14,Casa,9,4,185.0,8,6,812.74,29,28.2059,204.4925,4.4215,0.0064,0.5714,0.3105,Ineficiente
260.91,True,19,Departamento,6,2,100.0,0,3,205.53,29,8.9969,130.455,2.6091,0.2694,0.0,0.1832,Eficiente
835.61,True,10,Casa,13,4,144.0,7,12,816.07,31,26.9552,208.9025,5.8028,0.0239,0.7,0.3816,Ineficiente
1027.32,True,11,Departamento,1,5,80.0,5,2,1061.72,30,34.244,205.464,12.8415,-0.0324,0.4545,0.2171,Eficiente
3191.69,False,16,Casa,13,1,232.0,2,10,4198.44,31,102.9577,3191.69,13.7573,-0.2398,0.125,0.4968,Ineficiente
622.03,True,15,Casa,12,5,65.0,4,10,720.03,29,21.4493,124.406,9.5697,-0.1361,0.2667,0.389,Ineficiente
332.4,False,5,Departamento,6,2,114.0,2,0,385.15,28,11.8714,166.2,2.9158,-0.137,0.4,0.0877,Eficiente
551.01,False,11,Casa,10,1,130.0,6,4,531.28,29,19.0003,551.01,4.2385,0.0371,0.5455,0.275,Moderado
611.39,False,21,Departamento,11,6,39.0,9,7,793.55,31,19.7223,101.8983,15.6767,-0.2296,0.4286,0.2402,Moderado
431.18,True,14,Departamento,13,3,113.0,5,1,425.44,30,14.3727,143.7267,3.8158,0.0135,0.3571,0.2947,Moderado
737.18,False,19,Casa,7,3,90.0,7,1,717.5,31,23.78,245.7267,8.1909,0.0274,0.3684,0.2735,Moderado
492.76,True,21,Departamento,1,5,56.0,6,4,618.48,31,15.8955,98.552,8.7993,-0.2033,0.2857,0.2037,Eficiente
1030.49,True,9,Casa,11,4,235.0,8,12,1067.3,31,33.2416,257.6225,4.3851,-0.0345,0.8889,0.3616,Ineficiente
691.92,True,8,Casa,2,5,201.0,5,5,794.7,31,22.32,138.384,3.4424,-0.1293,0.625,0.2102,Eficiente
1329.56,True,15,Casa,13,7,201.0,4,8,1293.79,29,45.8469,189.9371,6.6147,0.0276,0.2667,0.3825,Ineficiente
1198.29,True,38,Pequeno negocio,12,6,192.0,1,7,1270.1,31,38.6545,199.715,6.2411,-0.0565,0.0263,0.3989,Ineficiente
490.73,True,22,Departamento,10,1,60.0,7,5,415.25,30,16.3577,490.73,8.1788,0.1818,0.3182,0.3788,Ineficiente
620.23,True,7,Departamento,5,2,40.0,7,1,898.99,31,20.0074,310.115,15.5058,-0.3101,1.0,0.2394,Moderado
763.97,False,8,Pequeno negocio,0,1,125.0,8,12,642.67,29,26.3438,763.97,6.1118,0.1887,1.0,0.2384,Moderado
1440.74,False,4,Casa,6,4,227.0,4,6,1863.9,28,51.455,360.185,6.3469,-0.227,1.0,0.1685,Eficiente
723.53,False,23,Pequeno negocio,3,3,237.0,3,4,645.75,29,24.9493,241.1767,3.0529,0.1204,0.1304,0.2871,Moderado
557.62,True,15,Departamento,14,2,70.0,7,5,701.25,29,19.2283,278.81,7.966,-0.2048,0.4667,0.3461,Ineficiente
1065.25,False,18,Pequeno negocio,11,11,114.0,3,5,1000.64,30,35.5083,96.8409,9.3443,0.0646,0.1667,0.2373,Moderado
1103.05,False,19,Pequeno negocio,2,8,121.0,8,12,967.8,30,36.7683,137.8812,9.1161,0.1397,0.4211,0.3586,Ineficiente
684.38,True,33,Pequeno negocio,0,2,246.0,0,5,732.24,29,23.5993,342.19,2.782,-0.0654,0.0,0.1903,Eficiente
1177.12,True,22,Casa,13,3,95.0,8,12,1095.72,30,39.2373,392.3733,12.3907,0.0743,0.3636,0.4478,Ineficiente
697.66,True,18,Departamento,7,7,115.0,7,1,785.95,29,24.0572,99.6657,6.0666,-0.1123,0.3889,0.2673,Moderado
972.03,True,31,Pequeno negocio,10,4,140.0,8,2,833.53,30,32.401,243.0075,6.9431,0.1662,0.2581,0.4213,Ineficiente
300.56,False,7,Departamento,9,3,69.0,2,1,348.15,30,10.0187,100.1867,4.3559,-0.1367,0.2857,0.1386,Eficiente
1092.95,True,20,Casa,4,4,230.0,5,12,1250.9,29,37.6879,273.2375,4.752,-0.1263,0.25,0.3025,Moderado
1094.5,True,19,Pequeno negocio,12,11,169.0,2,7,1086.76,28,39.0893,99.5,6.4763,0.0071,0.1053,0.3594,Ineficiente
664.75,False,7,Casa,3,4,182.0,7,6,594.23,28,23.7411,166.1875,3.6525,0.1187,1.0,0.1739,Eficiente
422.49,False,12,Departamento,12,1,69.0,6,0,475.03,31,13.6287,422.49,6.123,-0.1106,0.5,0.2103,Eficiente
577.55,False,21,Departamento,14,2,48.0,6,2,594.86,31,18.6306,288.775,12.0323,-0.0291,0.2857,0.2836,Moderado
544.04,True,3,Casa,1,7,287.0,3,12,574.23,31,17.5497,77.72,1.8956,-0.0526,1.0,0.1893,Eficiente
776.9,False,14,Departamento,11,2,96.0,0,12,667.47,30,25.8967,388.45,8.0927,0.1639,0.0,0.1971,Eficiente
707.89,True,22,Casa,10,6,157.0,4,4,623.69,29,24.41,117.9817,4.5089,0.135,0.1818,0.3269,Ineficiente
530.64,False,3,Departamento,11,7,102.0,2,9,618.63,31,17.1174,75.8057,5.2024,-0.1422,0.6667,0.1753,Eficiente
936.83,False,5,Pequeno negocio,11,12,97.0,5,4,1666.29,31,30.2203,78.0692,9.658,-0.4378,1.0,0.2802,Moderado
831.38,False,15,Casa,14,4,197.0,5,12,1118.0,29,28.6683,207.845,4.2202,-0.2564,0.3333,0.2363,Moderado
316.88,True,9,Departamento,1,5,128.0,1,1,262.56,31,10.2219,63.376,2.4756,0.2069,0.1111,0.1353,Eficiente
472.82,False,14,Casa,4,6,132.0,3,1,379.56,28,16.8864,78.8033,3.582,0.2457,0.2143,0.1185,Eficiente
641.12,True,6,Pequeno negocio,7,1,221.0,5,4,682.1,30,21.3707,641.12,2.901,-0.0601,0.8333,0.2702,Moderado
1129.8,True,16,Pequeno negocio,13,13,210.0,3,2,1177.79,28,40.35,86.9077,5.38,-0.0407,0.1875,0.3432,Ineficiente
1590.92,False,13,Casa,9,3,64.0,6,8,1580.99,30,53.0307,530.3067,24.8581,0.0063,0.4615,0.394,Ineficiente
687.49,True,14,Departamento,9,7,86.0,7,11,687.7,29,23.7066,98.2129,7.9941,-0.0003,0.5,0.3725,Ineficiente
548.76,True,3,Departamento,5,3,110.0,3,12,462.87,28,19.5986,182.92,4.9887,0.1856,1.0,0.2332,Moderado
414.89,True,7,Departamento,1,2,126.0,5,12,351.89,31,13.3835,207.445,3.2928,0.179,0.7143,0.2491,Moderado
743.2,True,17,Departamento,5,5,46.0,6,2,912.1,31,23.9742,148.64,16.1565,-0.1852,0.3529,0.2343,Moderado
253.98,True,13,Departamento,7,2,47.0,2,0,290.81,29,8.7579,126.99,5.4038,-0.1266,0.1538,0.2403,Moderado
374.38,False,24,Departamento,1,2,82.0,6,2,367.37,28,13.3707,187.19,4.5656,0.0191,0.25,0.1896,Eficiente
670.79,False,21,Casa,2,6,186.0,0,9,518.46,29,23.1307,111.7983,3.6064,0.2938,0.0,0.2542,Moderado
2697.57,False,7,Casa,11,1,124.0,7,1,2529.89,31,87.0184,2697.57,21.7546,0.0663,1.0,0.477,Ineficiente
722.29,False,27,Pequeno negocio,3,3,66.0,3,8,698.76,31,23.2997,240.7633,10.9438,0.0337,0.1111,0.2611,Moderado
664.31,False,21,Casa,3,2,153.0,8,7,705.12,29,22.9072,332.155,4.3419,-0.0579,0.381,0.2341,Moderado
370.03,True,12,Departamento,1,1,120.0,2,10,437.65,30,12.3343,370.03,3.0836,-0.1545,0.1667,0.2093,Eficiente
1211.33,True,16,Casa,6,6,158.0,9,1,1391.73,30,40.3777,201.8883,7.6666,-0.1296,0.5625,0.3431,Ineficiente
828.04,False,27,Pequeno negocio,0,13,39.0,5,5,939.87,29,28.5531,63.6954,21.2318,-0.119,0.1852,0.2157,Eficiente
347.78,False,4,Departamento,7,3,45.0,4,1,297.55,30,11.5927,115.9267,7.7284,0.1688,1.0,0.1505,Eficiente
328.94,False,8,Casa,1,3,111.0,2,0,277.67,28,11.7479,109.6467,2.9634,0.1846,0.25,0.1065,Eficiente
586.77,False,19,Casa,1,4,132.0,5,9,511.5,29,20.2334,146.6925,4.4452,0.1472,0.2632,0.2042,Eficiente
1169.38,False,15,Casa,14,4,229.0,7,7,1276.28,30,38.9793,292.345,5.1065,-0.0838,0.4667,0.3445,Ineficiente
1053.09,True,33,Pequeno negocio,6,9,51.0,7,10,1063.38,31,33.9706,117.01,20.6488,-0.0097,0.2121,0.463,Ineficiente
299.01,True,13,Departamento,4,2,45.0,2,1,207.8,31,9.6455,149.505,6.6447,0.4389,0.1538,0.1632,Eficiente
395.27,True,20,Departamento,2,2,115.0,4,4,357.62,29,13.63,197.635,3.4371,0.1053,0.2,0.192,Eficiente
429.42,False,18,Departamento,6,1,45.0,2,1,452.32,28,15.3364,429.42,9.5427,-0.0506,0.1111,0.1891,Eficiente
798.89,True,16,Casa,3,5,224.0,6,7,947.35,28,28.5318,159.778,3.5665,-0.1567,0.375,0.2805,Moderado
550.34,True,14,Casa,3,4,230.0,4,7,494.81,28,19.655,137.585,2.3928,0.1122,0.2857,0.1984,Eficiente
307.83,True,3,Casa,5,1,60.0,0,9,293.54,31,9.93,307.83,5.1305,0.0487,0.0,0.2331,Moderado
528.37,True,10,Casa,2,3,241.0,2,1,598.1,28,18.8704,176.1233,2.1924,-0.1166,0.2,0.1989,Eficiente
638.09,True,5,Departamento,7,5,83.0,3,0,584.38,29,22.0031,127.618,7.6878,0.0919,0.6,0.2727,Moderado
952.59,False,10,Pequeno negocio,6,10,74.0,5,11,1126.26,30,31.753,95.259,12.8728,-0.1542,0.5,0.2547,Moderado
1074.53,False,26,Pequeno negocio,6,2,191.0,9,8,853.3,28,38.3761,537.265,5.6258,0.2593,0.3462,0.4056,Ineficiente
974.4,True,28,Pequeno negocio,11,6,43.0,9,1,1025.1,29,33.6,162.4,22.6605,-0.0495,0.3214,0.4254,Ineficiente
541.66,True,13,Departamento,1,5,103.0,6,3,483.46,28,19.345,108.332,5.2588,0.1204,0.4615,0.2866,Moderado
786.53,True,13,Casa,4,5,141.0,9,5,653.69,29,27.1217,157.306,5.5782,0.2032,0.6923,0.2931,Moderado
428.61,True,23,Departamento,5,3,60.0,0,5,477.14,29,14.7797,142.87,7.1435,-0.1017,0.0,0.2512,Moderado
1652.16,False,21,Pequeno negocio,5,14,35.0,8,9,1545.44,30,55.072,118.0114,47.2046,0.0691,0.381,0.3646,Ineficiente
445.18,False,21,Departamento,0,6,64.0,5,4,336.1,31,14.3606,74.1967,6.9559,0.3245,0.2381,0.2044,Eficiente
936.81,True,7,Departamento,3,7,123.0,3,7,757.32,31,30.2197,133.83,7.6163,0.237,0.4286,0.1536,Eficiente
625.42,False,20,Departamento,3,1,120.0,3,9,908.51,30,20.8473,625.42,5.2118,-0.3116,0.15,0.1952,Eficiente
434.36,False,14,Departamento,13,6,64.0,3,1,403.73,30,14.4787,72.3933,6.7869,0.0759,0.2143,0.2363,Moderado
1552.06,True,18,Pequeno negocio,1,8,109.0,8,6,1273.04,28,55.4307,194.0075,14.2391,0.2192,0.4444,0.355,Ineficiente
551.43,False,18,Departamento,7,7,42.0,4,3,474.52,30,18.381,78.7757,13.1293,0.1621,0.2222,0.2527,Moderado
242.38,True,5,Casa,2,2,67.0,1,9,223.6,30,8.0793,121.19,3.6176,0.084,0.2,0.2054,Eficiente
758.6,True,20,Casa,14,4,150.0,9,1,616.87,31,24.471,189.65,5.0573,0.2298,0.45,0.3621,Ineficiente
502.58,True,19,Departamento,7,1,48.0,6,4,491.87,30,16.7527,502.58,10.4704,0.0218,0.3158,0.3645,Ineficiente
672.47,True,7,Casa,4,1,144.0,3,8,468.96,31,21.6926,672.47,4.6699,0.434,0.4286,0.231,Moderado
1565.46,True,39,Pequeno negocio,13,14,192.0,7,7,1786.54,31,50.4987,111.8186,8.1534,-0.1237,0.1795,0.4631,Ineficiente
651.37,True,18,Departamento,9,2,79.0,3,0,616.6,28,23.2632,325.685,8.2452,0.0564,0.1667,0.1818,Eficiente
380.25,True,5,Departamento,2,2,56.0,5,11,412.53,30,12.675,190.125,6.7902,-0.0782,1.0,0.2727,Moderado
434.54,False,15,Casa,10,3,99.0,0,1,360.94,31,14.0174,144.8467,4.3893,0.2039,0.0,0.1686,Eficiente
462.79,True,8,Departamento,10,4,91.0,2,5,453.69,29,15.9583,115.6975,5.0856,0.0201,0.25,0.3027,Moderado
340.83,True,18,Departamento,7,2,112.0,3,0,462.7,31,10.9945,170.415,3.0431,-0.2634,0.1667,0.1414,Eficiente
760.51,False,23,Casa,0,6,115.0,7,7,1040.65,31,24.5326,126.7517,6.6131,-0.2692,0.3043,0.275,Moderado
1836.34,False,30,Pequeno negocio,11,8,154.0,7,4,2436.01,31,59.2368,229.5425,11.9243,-0.2462,0.2333,0.3584,Ineficiente
669.28,False,19,Casa,5,6,139.0,7,8,925.02,29,23.0786,111.5467,4.815,-0.2765,0.3684,0.2139,Eficiente
902.86,True,17,Casa,1,7,170.0,4,8,807.21,29,31.1331,128.98,5.3109,0.1185,0.2353,0.2554,Moderado
642.44,False,4,Casa,6,5,265.0,3,11,693.74,31,20.7239,128.488,2.4243,-0.0739,0.75,0.235,Moderado
820.08,True,23,Departamento,7,3,68.0,5,0,796.65,29,28.2786,273.36,12.06,0.0294,0.2174,0.2471,Moderado
445.11,False,23,Departamento,1,7,118.0,2,8,406.41,28,15.8968,63.5871,3.7721,0.0952,0.087,0.209,Eficiente
767.46,True,14,Pequeno negocio,3,5,169.0,5,4,1000.05,30,25.582,153.492,4.5412,-0.2326,0.3571,0.2628,Moderado
644.62,False,20,Casa,9,4,128.0,6,7,692.4,30,21.4873,161.155,5.0361,-0.069,0.3,0.266,Moderado
707.91,True,6,Pequeno negocio,10,4,35.0,6,12,528.52,28,25.2825,176.9775,20.226,0.3394,1.0,0.3503,Ineficiente
411.33,False,16,Departamento,2,1,129.0,3,10,345.53,28,14.6904,411.33,3.1886,0.1904,0.1875,0.2085,Eficiente
1633.93,False,8,Casa,3,7,219.0,1,12,1495.2,30,54.4643,233.4186,7.4609,0.0928,0.125,0.2234,Eficiente
924.01,True,5,Casa,12,6,247.0,3,12,860.33,31,29.8068,154.0017,3.7409,0.074,0.6,0.278,Moderado
513.28,True,8,Casa,1,5,191.0,8,10,515.18,30,17.1093,102.656,2.6873,-0.0037,1.0,0.2707,Moderado
712.62,True,25,Pequeno negocio,8,4,87.0,4,11,838.84,29,24.5731,178.155,8.191,-0.1505,0.16,0.3496,Ineficiente
601.68,True,10,Casa,6,7,149.0,4,8,475.87,31,19.409,85.9543,4.0381,0.2644,0.4,0.2692,Moderado
582.64,True,9,Departamento,11,2,88.0,4,1,792.11,31,18.7948,291.32,6.6209,-0.2644,0.4444,0.2365,Moderado
462.42,True,13,Departamento,0,2,37.0,2,11,596.92,29,15.9455,231.21,12.4978,-0.2253,0.1538,0.221,Eficiente
925.13,True,25,Pequeno negocio,2,7,73.0,8,8,909.05,31,29.8429,132.1614,12.673,0.0177,0.32,0.3372,Ineficiente
966.69,True,13,Departamento,12,3,128.0,6,11,951.04,31,31.1835,322.23,7.5523,0.0165,0.4615,0.3384,Ineficiente
630.27,True,15,Departamento,4,3,85.0,9,4,509.47,28,22.5096,210.09,7.4149,0.2371,0.6,0.2411,Moderado
492.45,True,11,Casa,5,6,89.0,0,7,711.1,30,16.415,82.075,5.5331,-0.3075,0.0,0.1728,Eficiente
1030.27,True,22,Pequeno negocio,10,10,184.0,7,5,963.77,28,36.7954,103.027,5.5993,0.069,0.3182,0.3423,Ineficiente
531.45,True,6,Casa,7,7,260.0,0,0,514.29,30,17.715,75.9214,2.044,0.0334,0.0,0.1342,Eficiente
686.47,True,9,Casa,6,3,175.0,0,8,691.91,31,22.1442,228.8233,3.9227,-0.0079,0.0,0.2628,Moderado
970.74,False,35,Pequeno negocio,0,5,172.0,8,3,1229.44,31,31.3142,194.148,5.6438,-0.2104,0.2286,0.2049,Eficiente
484.05,False,14,Casa,9,5,137.0,3,1,518.73,30,16.135,96.81,3.5332,-0.0669,0.2143,0.1589,Eficiente
589.84,False,17,Casa,2,6,170.0,3,2,614.69,30,19.6613,98.3067,3.4696,-0.0404,0.1765,0.1889,Eficiente
536.4,True,21,Departamento,6,6,80.0,1,9,393.47,31,17.3032,89.4,6.705,0.3633,0.0476,0.3234,Ineficiente
697.41,True,9,Casa,5,7,247.0,1,9,637.09,28,24.9075,99.63,2.8235,0.0947,0.1111,0.1682,Eficiente
632.22,True,5,Casa,10,7,134.0,5,3,769.26,30,21.074,90.3171,4.7181,-0.1781,1.0,0.2405,Moderado
412.21,True,20,Departamento,10,1,129.0,5,4,330.62,29,14.2141,412.21,3.1954,0.2468,0.25,0.302,Moderado
711.66,False,18,Departamento,9,1,92.0,5,10,638.85,31,22.9568,711.66,7.7354,0.114,0.2778,0.3775,Ineficiente
362.13,False,9,Departamento,9,4,51.0,1,6,368.43,28,12.9332,90.5325,7.1006,-0.0171,0.1111,0.2411,Moderado
3096.64,False,24,Casa,4,2,255.0,9,4,3131.65,29,106.7807,1548.32,12.1437,-0.0112,0.375,0.4347,Ineficiente
2256.99,False,17,Departamento,5,4,118.0,0,11,2449.67,31,72.8061,564.2475,19.127,-0.0787,0.0,0.2892,Moderado
704.16,True,23,Pequeno negocio,13,2,75.0,4,0,686.58,30,23.472,352.08,9.3888,0.0256,0.1739,0.3351,Ineficiente
1006.15,True,10,Casa,10,2,201.0,5,8,931.42,30,33.5383,503.075,5.0057,0.0802,0.5,0.3759,Ineficiente
503.66,True,12,Casa,10,1,170.0,1,7,497.01,31,16.2471,503.66,2.9627,0.0134,0.0833,0.2926,Moderado
1280.18,False,10,Casa,13,7,231.0,5,5,1319.65,29,44.1441,182.8829,5.5419,-0.0299,0.5,0.2503,Moderado
435.83,False,19,Departamento,1,3,85.0,5,9,419.38,30,14.5277,145.2767,5.1274,0.0392,0.2632,0.243,Moderado
631.69,True,20,Casa,0,6,76.0,5,3,573.64,31,20.3771,105.2817,8.3117,0.1012,0.25,0.2315,Moderado
453.0,False,21,Departamento,0,5,63.0,3,8,428.45,31,14.6129,90.6,7.1905,0.0573,0.1429,0.1407,Eficiente
1162.67,False,9,Pequeno negocio,7,14,56.0,9,3,1053.17,28,41.5239,83.0479,20.762,0.104,1.0,0.3446,Ineficiente
823.1,False,19,Casa,10,6,187.0,1,10,945.11,28,29.3964,137.1833,4.4016,-0.1291,0.0526,0.2878,Moderado
678.44,True,18,Departamento,14,2,106.0,7,5,618.55,29,23.3945,339.22,6.4004,0.0968,0.3889,0.3344,Ineficiente
609.43,False,3,Casa,9,2,263.0,3,10,743.66,31,19.659,304.715,2.3172,-0.1805,1.0,0.2229,Eficiente
745.83,False,20,Casa,11,7,74.0,3,7,658.17,31,24.059,106.5471,10.0788,0.1332,0.15,0.3269,Ineficiente
521.0,True,5,Departamento,13,5,109.0,2,0,684.32,30,17.3667,104.2,4.7798,-0.2387,0.4,0.2523,Moderado
1602.07,True,5,Casa,2,3,157.0,5,8,1366.28,30,53.4023,534.0233,10.2043,0.1726,1.0,0.2929,Moderado
614.49,True,8,Pequeno negocio,10,8,64.0,1,0,527.01,28,21.9461,76.8112,9.6014,0.166,0.125,0.2017,Eficiente
488.83,True,15,Departamento,9,3,65.0,3,9,464.04,31,15.7687,162.9433,7.5205,0.0534,0.2,0.2745,Moderado
793.52,False,3,Casa,3,7,261.0,3,2,883.82,30,26.4507,113.36,3.0403,-0.1022,1.0,0.1091,Eficiente
565.81,False,14,Casa,7,4,99.0,0,12,573.12,29,19.5107,141.4525,5.7153,-0.0128,0.0,0.1084,Eficiente
532.43,False,18,Casa,0,3,287.0,8,2,466.85,30,17.7477,177.4767,1.8552,0.1405,0.4444,0.2173,Eficiente
1175.03,True,27,Pequeno negocio,7,15,109.0,3,5,1066.66,31,37.9042,78.3353,10.7801,0.1016,0.1111,0.2878,Moderado
667.64,False,8,Departamento,7,6,126.0,8,7,735.52,31,21.5368,111.2733,5.2987,-0.0923,1.0,0.222,Eficiente
2188.44,True,10,Casa,5,3,88.0,6,1,2329.97,30,72.948,729.48,24.8686,-0.0607,0.6,0.395,Ineficiente
731.08,True,18,Departamento,7,6,107.0,2,2,529.65,30,24.3693,121.8467,6.8325,0.3803,0.1111,0.3158,Ineficiente
520.56,False,10,Departamento,9,2,43.0,6,12,644.55,30,17.352,260.28,12.106,-0.1924,0.6,0.2822,Moderado
594.04,False,17,Departamento,14,2,57.0,4,4,895.82,28,21.2157,297.02,10.4218,-0.3369,0.2353,0.2851,Moderado
728.34,False,18,Casa,5,6,267.0,4,10,1052.97,29,25.1152,121.39,2.7279,-0.3083,0.2222,0.2388,Moderado
1041.56,True,14,Casa,10,5,186.0,8,5,1045.19,31,33.5987,208.312,5.5998,-0.0035,0.5714,0.3834,Ineficiente
395.18,False,11,Casa,6,1,65.0,6,2,442.67,28,14.1136,395.18,6.0797,-0.1073,0.5455,0.1883,Eficiente
745.15,True,4,Casa,13,5,132.0,4,7,765.19,29,25.6948,149.03,5.6451,-0.0262,1.0,0.2849,Moderado
545.81,False,19,Departamento,8,3,87.0,9,1,479.16,31,17.6068,181.9367,6.2737,0.1391,0.4737,0.2146,Eficiente
779.77,True,9,Casa,11,2,164.0,8,12,606.65,30,25.9923,389.885,4.7547,0.2854,0.8889,0.3788,Ineficiente
533.42,True,13,Casa,4,3,149.0,4,8,519.84,29,18.3938,177.8067,3.58,0.0261,0.3077,0.1935,Eficiente
595.79,False,3,Casa,9,4,259.0,3,8,582.82,30,19.8597,148.9475,2.3003,0.0223,1.0,0.1651,Eficiente
959.47,True,19,Casa,3,7,113.0,8,0,757.08,31,30.9506,137.0671,8.4909,0.2673,0.4211,0.3625,Ineficiente
1484.36,False,14,Pequeno negocio,8,14,185.0,8,3,1359.29,29,51.1848,106.0257,8.0236,0.092,0.5714,0.266,Moderado
392.82,True,22,Departamento,2,3,107.0,3,5,364.4,31,12.6716,130.94,3.6712,0.078,0.1364,0.247,Moderado
715.26,False,9,Casa,8,6,273.0,7,4,592.93,29,24.6641,119.21,2.62,0.2063,0.7778,0.1854,Eficiente
345.15,False,4,Departamento,2,4,101.0,4,1,354.21,31,11.1339,86.2875,3.4173,-0.0256,1.0,0.1653,Eficiente
363.72,True,5,Casa,7,1,297.0,1,0,466.41,30,12.124,363.72,1.2246,-0.2202,0.2,0.2163,Eficiente
924.71,True,31,Pequeno negocio,7,13,58.0,1,7,921.01,28,33.0254,71.1315,15.9433,0.004,0.0323,0.2639,Moderado
366.92,False,3,Departamento,12,4,66.0,0,5,421.93,31,11.8361,91.73,5.5594,-0.1304,0.0,0.1979,Eficiente
330.68,True,6,Departamento,1,5,98.0,2,3,351.25,28,11.81,66.136,3.3743,-0.0586,0.3333,0.1226,Eficiente
817.57,True,20,Pequeno negocio,3,6,33.0,9,7,908.54,31,26.3732,136.2617,24.7748,-0.1001,0.45,0.2917,Moderado
944.6,True,10,Pequeno negocio,10,6,145.0,3,12,944.28,28,33.7357,157.4333,6.5145,0.0003,0.3,0.3,Moderado
1521.41,True,34,Pequeno negocio,13,10,174.0,9,12,1474.99,31,49.0777,152.141,8.7437,0.0315,0.2647,0.4859,Ineficiente
1200.46,True,22,Casa,12,5,130.0,4,11,1525.09,29,41.3952,240.092,9.2343,-0.2129,0.1818,0.417,Ineficiente
626.5,True,24,Casa,8,5,101.0,4,3,517.47,28,22.375,125.3,6.203,0.2107,0.1667,0.2997,Moderado
480.09,True,24,Departamento,4,7,35.0,2,2,424.54,28,17.1461,68.5843,13.7169,0.1308,0.0833,0.2695,Moderado
1003.11,False,9,Departamento,6,4,92.0,6,3,1196.82,28,35.8254,250.7775,10.9034,-0.1619,0.6667,0.2285,Moderado
606.83,True,17,Departamento,12,4,61.0,5,4,581.08,30,20.2277,151.7075,9.948,0.0443,0.2941,0.2991,Moderado
270.66,True,4,Departamento,3,4,64.0,3,0,198.85,28,9.6664,67.665,4.2291,0.3611,0.75,0.1499,Eficiente
740.03,False,8,Casa,14,3,61.0,7,4,721.23,31,23.8719,246.6767,12.1316,0.0261,0.875,0.3239,Ineficiente
583.51,False,20,Casa,4,3,116.0,7,7,581.17,31,18.8229,194.5033,5.0303,0.004,0.35,0.3289,Ineficiente
475.44,True,7,Departamento,7,5,47.0,7,3,603.77,29,16.3945,95.088,10.1157,-0.2125,1.0,0.2304,Moderado
1032.17,True,9,Casa,8,3,122.0,4,12,1167.53,28,36.8632,344.0567,8.4604,-0.1159,0.4444,0.2773,Moderado
532.69,True,12,Departamento,4,6,78.0,6,11,521.74,28,19.0246,88.7817,6.8294,0.021,0.5,0.2726,Moderado
345.7,False,10,Departamento,2,6,68.0,3,4,316.35,30,11.5233,57.6167,5.0838,0.0928,0.3,0.1824,Eficiente
799.68,False,19,Departamento,4,7,90.0,9,5,872.28,31,25.7961,114.24,8.8853,-0.0832,0.4737,0.2407,Moderado
454.3,True,22,Departamento,0,1,106.0,4,6,446.48,31,14.6548,454.3,4.2858,0.0175,0.1818,0.2131,Eficiente
431.86,True,14,Departamento,9,3,93.0,2,4,348.75,28,15.4236,143.9533,4.6437,0.2383,0.1429,0.2551,Moderado
387.83,False,15,Departamento,3,6,44.0,4,0,379.03,30,12.9277,64.6383,8.8143,0.0232,0.2667,0.1539,Eficiente
565.41,False,19,Casa,6,4,77.0,9,4,482.81,28,20.1932,141.3525,7.343,0.1711,0.4737,0.2716,Moderado
616.92,True,11,Departamento,4,5,102.0,9,7,629.21,28,22.0329,123.384,6.0482,-0.0195,0.8182,0.3237,Ineficiente
395.29,False,12,Departamento,3,6,39.0,3,3,340.07,29,13.6307,65.8817,10.1356,0.1624,0.25,0.1949,Eficiente
1017.78,False,23,Casa,14,7,226.0,8,2,942.86,28,36.3493,145.3971,4.5035,0.0795,0.3478,0.3434,Ineficiente
621.79,True,11,Departamento,5,2,118.0,3,6,707.07,28,22.2068,310.895,5.2694,-0.1206,0.2727,0.1718,Eficiente
1851.34,True,24,Pequeno negocio,8,1,249.0,1,0,2189.1,30,61.7113,1851.34,7.4351,-0.1543,0.0417,0.3019,Moderado
541.86,True,3,Casa,5,4,133.0,2,9,452.61,28,19.3521,135.465,4.0741,0.1972,0.6667,0.2248,Eficiente
1090.97,False,3,Departamento,6,4,119.0,2,8,997.71,29,37.6197,272.7425,9.1678,0.0935,0.6667,0.212,Eficiente
997.48,True,29,Pequeno negocio,3,9,212.0,2,12,1169.39,31,32.1768,110.8311,4.7051,-0.147,0.069,0.3211,Ineficiente
1159.89,False,22,Pequeno negocio,14,12,105.0,2,1,1165.81,30,38.663,96.6575,11.0466,-0.0051,0.0909,0.3465,Ineficiente
646.49,False,19,Casa,9,2,135.0,3,10,592.81,28,23.0889,323.245,4.7888,0.0906,0.1579,0.2616,Moderado
313.09,False,3,Departamento,5,7,38.0,0,1,445.81,28,11.1818,44.7271,8.2392,-0.2977,0.0,0.0547,Eficiente
2202.92,True,35,Pequeno negocio,8,14,172.0,3,10,2129.32,29,75.9628,157.3514,12.8077,0.0346,0.0857,0.3868,Ineficiente
536.4,True,11,Departamento,14,5,99.0,5,2,485.81,31,17.3032,107.28,5.4182,0.1041,0.4545,0.3468,Ineficiente
706.83,True,20,Casa,9,2,143.0,4,10,700.38,28,25.2439,353.415,4.9429,0.0092,0.2,0.3135,Ineficiente
715.97,True,21,Casa,14,5,233.0,4,1,642.64,31,23.0958,143.194,3.0728,0.1141,0.1905,0.3228,Ineficiente
462.39,False,15,Departamento,9,3,125.0,2,10,544.52,29,15.9445,154.13,3.6991,-0.1508,0.1333,0.2381,Moderado
886.1,True,24,Casa,10,6,275.0,1,8,690.94,30,29.5367,147.6833,3.2222,0.2825,0.0417,0.2908,Moderado
664.39,True,23,Casa,5,1,178.0,9,0,1194.16,30,22.1463,664.39,3.7325,-0.4436,0.3913,0.2516,Moderado
879.19,False,18,Casa,7,2,212.0,9,3,1148.77,29,30.3169,439.595,4.1471,-0.2347,0.5,0.2488,Moderado
589.45,True,13,Departamento,9,5,120.0,4,6,526.66,29,20.3259,117.89,4.9121,0.1192,0.3077,0.2461,Moderado
740.01,False,23,Departamento,12,5,102.0,7,8,720.41,29,25.5176,148.002,7.255,0.0272,0.3043,0.2725,Moderado
1034.28,False,12,Pequeno negocio,11,13,166.0,1,9,1397.22,30,34.476,79.56,6.2306,-0.2598,0.0833,0.2313,Moderado
569.83,True,11,Departamento,4,6,114.0,1,7,484.38,28,20.3511,94.9717,4.9985,0.1764,0.0909,0.2405,Moderado
961.85,False,33,Pequeno negocio,6,9,56.0,5,8,1158.86,31,31.0274,106.8722,17.1759,-0.17,0.1515,0.3174,Ineficiente
762.26,True,7,Pequeno negocio,5,8,136.0,7,4,697.42,31,24.589,95.2825,5.6049,0.093,1.0,0.303,Moderado
730.58,True,23,Casa,14,3,159.0,7,4,1225.43,30,24.3527,243.5267,4.5948,-0.4038,0.3043,0.3773,Ineficiente
444.33,True,6,Departamento,3,7,108.0,3,2,579.55,29,15.3217,63.4757,4.1142,-0.2333,0.5,0.1525,Eficiente
451.67,True,3,Casa,8,4,81.0,3,8,396.16,31,14.57,112.9175,5.5762,0.1401,1.0,0.2565,Moderado
1063.18,False,12,Pequeno negocio,3,13,95.0,6,8,822.63,28,37.9707,81.7831,11.1914,0.2924,0.5,0.2897,Moderado
588.57,False,23,Casa,1,1,247.0,3,11,573.39,31,18.9861,588.57,2.3829,0.0265,0.1304,0.2362,Moderado
360.66,False,10,Departamento,2,7,46.0,4,6,353.95,31,11.6342,51.5229,7.8404,0.019,0.4,0.194,Eficiente
925.14,True,22,Pequeno negocio,0,15,68.0,2,7,1191.42,29,31.9014,61.676,13.605,-0.2235,0.0909,0.2008,Eficiente
765.25,True,5,Casa,12,6,247.0,1,9,855.09,31,24.6855,127.5417,3.0982,-0.1051,0.2,0.2662,Moderado
991.44,True,26,Pequeno negocio,12,13,95.0,0,11,1161.82,29,34.1876,76.2646,10.4362,-0.1466,0.0,0.3987,Ineficiente
679.96,True,23,Casa,0,3,267.0,4,6,766.08,29,23.4469,226.6533,2.5467,-0.1124,0.1739,0.2088,Eficiente
466.64,False,16,Casa,4,3,120.0,0,9,605.47,29,16.091,155.5467,3.8887,-0.2293,0.0,0.1202,Eficiente
472.16,True,5,Departamento,6,5,102.0,5,10,424.23,30,15.7387,94.432,4.629,0.113,1.0,0.254,Moderado
680.5,True,5,Casa,2,6,232.0,5,7,733.99,31,21.9516,113.4167,2.9332,-0.0729,1.0,0.2362,Moderado
445.74,False,19,Departamento,5,1,45.0,7,7,366.65,31,14.3787,445.74,9.9053,0.2157,0.3684,0.2011,Eficiente
1048.15,False,23,Pequeno negocio,13,9,217.0,7,8,1220.51,31,33.8113,116.4611,4.8302,-0.1412,0.3043,0.2786,Moderado
661.46,False,4,Casa,5,6,135.0,4,10,684.14,28,23.6236,110.2433,4.8997,-0.0332,1.0,0.2551,Moderado
621.46,False,22,Departamento,7,6,38.0,7,7,611.12,30,20.7153,103.5767,16.3542,0.0169,0.3182,0.3418,Ineficiente
1320.0,True,18,Pequeno negocio,12,12,209.0,8,7,1427.96,31,42.5806,110.0,6.3158,-0.0756,0.4444,0.4098,Ineficiente
484.71,False,16,Departamento,0,7,47.0,5,2,628.34,28,17.3111,69.2443,10.313,-0.2286,0.3125,0.1744,Eficiente
923.5,False,17,Casa,12,7,65.0,8,12,887.94,29,31.8448,131.9286,14.2077,0.04,0.4706,0.3465,Ineficiente
964.41,False,36,Pequeno negocio,6,12,154.0,2,0,860.66,28,34.4432,80.3675,6.2624,0.1205,0.0556,0.252,Moderado
625.19,False,8,Casa,9,2,208.0,8,11,597.24,30,20.8397,312.595,3.0057,0.0468,1.0,0.2738,Moderado
719.48,False,14,Departamento,14,5,89.0,7,4,619.82,30,23.9827,143.896,8.084,0.1608,0.5,0.2779,Moderado
1510.61,True,4,Departamento,10,2,54.0,1,3,1704.88,28,53.9504,755.305,27.9743,-0.1139,0.25,0.2739,Moderado
221.23,False,9,Departamento,4,2,115.0,1,2,165.88,28,7.9011,110.615,1.9237,0.3337,0.1111,0.1536,Eficiente
621.79,True,16,Casa,12,1,232.0,1,9,639.17,28,22.2068,621.79,2.6801,-0.0272,0.0625,0.2741,Moderado
904.36,False,23,Casa,3,4,112.0,2,3,927.71,30,30.1453,226.09,8.0746,-0.0252,0.087,0.187,Eficiente
586.67,True,16,Departamento,5,5,65.0,7,1,540.36,30,19.5557,117.334,9.0257,0.0857,0.4375,0.2786,Moderado
807.11,True,19,Casa,9,2,142.0,8,5,624.37,30,26.9037,403.555,5.6839,0.2927,0.4211,0.3281,Ineficiente
544.36,False,9,Departamento,6,2,84.0,9,11,570.87,29,18.771,272.18,6.4805,-0.0464,1.0,0.3148,Ineficiente
429.35,True,4,Departamento,12,2,96.0,1,11,358.73,31,13.85,214.675,4.4724,0.1969,0.25,0.2562,Moderado
441.13,True,11,Departamento,3,2,123.0,5,4,430.06,30,14.7043,220.565,3.5864,0.0257,0.4545,0.2295,Moderado
1060.14,False,18,Casa,9,6,225.0,8,8,1431.74,29,36.5566,176.69,4.7117,-0.2595,0.4444,0.3061,Ineficiente
478.77,True,4,Casa,3,2,148.0,4,6,460.92,28,17.0989,239.385,3.2349,0.0387,1.0,0.2556,Moderado
1466.82,False,22,Pequeno negocio,8,11,186.0,0,5,1500.92,31,47.3168,133.3473,7.8861,-0.0227,0.0,0.2947,Moderado
784.45,False,9,Casa,14,3,254.0,6,0,634.37,31,25.3048,261.4833,3.0884,0.2366,0.6667,0.3151,Ineficiente
722.43,True,18,Casa,14,2,179.0,0,2,850.95,29,24.9114,361.215,4.0359,-0.151,0.0,0.247,Moderado
686.14,False,22,Casa,11,7,223.0,0,11,751.89,29,23.66,98.02,3.0769,-0.0874,0.0,0.224,Eficiente
1924.1,True,16,Casa,9,2,89.0,8,12,2331.39,31,62.0677,962.05,21.6191,-0.1747,0.5,0.4168,Ineficiente
1106.14,False,20,Pequeno negocio,6,9,142.0,9,12,981.99,30,36.8713,122.9044,7.7897,0.1264,0.45,0.3554,Ineficiente
569.61,True,8,Casa,4,4,198.0,1,12,571.81,28,20.3432,142.4025,2.8768,-0.0038,0.125,0.2,Eficiente
600.21,True,13,Casa,0,2,142.0,8,6,565.83,28,21.4361,300.105,4.2268,0.0608,0.6154,0.2128,Eficiente
797.41,False,24,Departamento,7,4,59.0,9,0,738.91,30,26.5803,199.3525,13.5154,0.0792,0.375,0.2362,Moderado
749.17,True,17,Casa,11,2,110.0,5,2,1124.33,31,24.1668,374.585,6.8106,-0.3337,0.2941,0.3341,Ineficiente
768.07,False,16,Casa,12,4,263.0,1,10,1194.21,28,27.4311,192.0175,2.9204,-0.3568,0.0625,0.1385,Eficiente
1054.35,True,31,Pequeno negocio,14,3,118.0,7,9,899.1,28,37.6554,351.45,8.9352,0.1727,0.2258,0.5338,Ineficiente
403.95,False,6,Departamento,2,4,36.0,5,12,450.72,30,13.465,100.9875,11.2208,-0.1038,0.8333,0.2151,Eficiente
518.87,False,4,Casa,13,3,184.0,3,3,473.93,28,18.5311,172.9567,2.8199,0.0948,0.75,0.1836,Eficiente
627.61,False,15,Casa,4,3,120.0,8,5,623.51,30,20.9203,209.2033,5.2301,0.0066,0.5333,0.2252,Eficiente
1013.47,True,16,Casa,10,1,189.0,6,12,796.1,29,34.9472,1013.47,5.3623,0.273,0.375,0.4245,Ineficiente
1922.8,False,8,Casa,11,7,276.0,2,11,1957.47,31,62.0258,274.6857,6.9667,-0.0177,0.25,0.3075,Ineficiente
1574.77,True,16,Departamento,9,1,90.0,4,4,1398.15,31,50.799,1574.77,17.4974,0.1263,0.25,0.4067,Ineficiente
457.51,False,6,Departamento,6,2,116.0,3,12,453.92,28,16.3396,228.755,3.9441,0.0079,0.5,0.1937,Eficiente
373.07,False,7,Departamento,1,1,37.0,5,7,361.3,28,13.3239,373.07,10.083,0.0326,0.7143,0.2223,Eficiente
737.85,False,20,Pequeno negocio,7,5,61.0,2,12,782.62,29,25.4431,147.57,12.0959,-0.0572,0.1,0.2943,Moderado
443.46,True,3,Casa,1,3,63.0,3,0,435.7,30,14.782,147.82,7.039,0.0178,1.0,0.1936,Eficiente
1142.65,False,14,Pequeno negocio,9,12,158.0,4,7,1224.52,29,39.4017,95.2208,7.232,-0.0669,0.2857,0.2922,Moderado
493.27,False,21,Departamento,3,6,42.0,0,12,586.97,28,17.6168,82.2117,11.7445,-0.1596,0.0,0.154,Eficiente
1460.95,False,18,Casa,2,1,286.0,0,12,1570.23,28,52.1768,1460.95,5.1082,-0.0696,0.0,0.2519,Moderado
1277.53,False,38,Pequeno negocio,8,15,138.0,0,7,1342.18,31,41.2106,85.1687,9.2575,-0.0482,0.0,0.288,Moderado
282.48,True,9,Casa,3,2,79.0,1,0,262.04,31,9.1123,141.24,3.5757,0.078,0.1111,0.158,Eficiente
463.82,True,4,Departamento,13,5,56.0,0,12,572.13,29,15.9938,92.764,8.2825,-0.1893,0.0,0.2281,Eficiente
508.99,True,5,Departamento,1,7,83.0,5,2,649.49,29,17.5514,72.7129,6.1324,-0.2163,1.0,0.1869,Eficiente
806.75,False,15,Casa,13,5,185.0,5,3,745.17,28,28.8125,161.35,4.3608,0.0826,0.3333,0.3006,Moderado
1197.81,True,39,Pequeno negocio,11,14,169.0,0,11,1214.78,29,41.3038,85.5579,7.0876,-0.014,0.0,0.3361,Ineficiente
577.76,False,11,Casa,4,7,105.0,4,6,466.24,30,19.2587,82.5371,5.5025,0.2392,0.3636,0.2397,Moderado
980.28,True,28,Pequeno negocio,8,12,127.0,2,3,1246.05,30,32.676,81.69,7.7187,-0.2133,0.0714,0.2883,Moderado
483.62,False,4,Casa,5,2,267.0,4,0,521.02,29,16.6766,241.81,1.8113,-0.0718,1.0,0.158,Eficiente
394.71,True,5,Casa,3,2,90.0,5,2,321.99,29,13.6107,197.355,4.3857,0.2258,1.0,0.2575,Moderado
1138.58,True,9,Casa,4,6,238.0,5,10,1535.75,30,37.9527,189.7633,4.7839,-0.2586,0.5556,0.2959,Moderado
731.29,True,16,Pequeno negocio,5,4,245.0,3,9,678.74,30,24.3763,182.8225,2.9849,0.0774,0.1875,0.2973,Moderado
498.1,False,10,Casa,7,7,259.0,0,2,494.42,31,16.0677,71.1571,1.9232,0.0074,0.0,0.1784,Eficiente
2185.7,True,39,Pequeno negocio,8,13,134.0,7,11,1953.85,29,75.369,168.1308,16.3112,0.1187,0.1795,0.4844,Ineficiente
736.45,False,15,Casa,12,7,116.0,7,5,654.85,31,23.7565,105.2071,6.3487,0.1246,0.4667,0.3306,Ineficiente
484.86,True,5,Departamento,8,7,96.0,5,9,571.33,29,16.7193,69.2657,5.0506,-0.1513,1.0,0.2137,Eficiente
716.06,False,11,Casa,11,6,193.0,7,8,585.73,28,25.5736,119.3433,3.7102,0.2225,0.6364,0.2798,Moderado
838.79,True,19,Casa,13,6,247.0,3,1,822.21,31,27.0577,139.7983,3.3959,0.0202,0.1579,0.2433,Moderado
1303.54,True,30,Pequeno negocio,13,10,183.0,6,1,1253.67,28,46.555,130.354,7.1232,0.0398,0.2,0.4413,Ineficiente
905.08,False,23,Casa,6,6,188.0,9,7,846.17,31,29.1961,150.8467,4.8143,0.0696,0.3913,0.2996,Moderado
645.79,False,16,Departamento,7,7,106.0,0,10,585.86,29,22.2686,92.2557,6.0924,0.1023,0.0,0.1939,Eficiente
559.27,True,23,Departamento,12,3,35.0,5,12,684.5,28,19.9739,186.4233,15.9791,-0.183,0.2174,0.3657,Ineficiente
706.39,True,19,Departamento,9,6,62.0,6,10,675.71,29,24.3583,117.7317,11.3934,0.0454,0.3158,0.349,Ineficiente
721.05,False,24,Departamento,1,3,37.0,9,7,686.52,28,25.7518,240.35,19.4878,0.0503,0.375,0.2113,Eficiente
1143.88,False,36,Pequeno negocio,14,13,82.0,5,6,1274.25,30,38.1293,87.9908,13.9498,-0.1023,0.1389,0.3751,Ineficiente
375.28,True,3,Departamento,11,6,108.0,3,5,352.03,31,12.1058,62.5467,3.4748,0.066,1.0,0.2905,Moderado
524.89,False,4,Departamento,10,2,116.0,4,7,513.12,30,17.4963,262.445,4.5249,0.0229,1.0,0.2278,Eficiente
727.2,True,7,Departamento,14,4,78.0,7,12,909.29,31,23.4581,181.8,9.3231,-0.2003,1.0,0.3311,Ineficiente
394.5,True,5,Departamento,2,7,100.0,0,1,369.46,31,12.7258,56.3571,3.945,0.0678,0.0,0.1337,Eficiente
753.55,True,20,Casa,13,2,72.0,5,6,828.98,31,24.3081,376.775,10.466,-0.091,0.25,0.3573,Ineficiente
835.4,False,23,Departamento,4,2,80.0,7,5,686.78,30,27.8467,417.7,10.4425,0.2164,0.3043,0.3149,Ineficiente
569.42,False,16,Casa,12,7,212.0,1,3,562.83,29,19.6352,81.3457,2.6859,0.0117,0.0625,0.2228,Eficiente
479.83,False,7,Departamento,1,6,61.0,7,10,570.65,30,15.9943,79.9717,7.8661,-0.1592,1.0,0.1329,Eficiente
658.74,True,9,Pequeno negocio,8,2,202.0,6,7,585.52,29,22.7152,329.37,3.2611,0.1251,0.6667,0.3005,Moderado
731.01,True,37,Pequeno negocio,1,4,40.0,8,1,876.77,30,24.367,182.7525,18.2752,-0.1662,0.2162,0.3453,Ineficiente
1247.7,True,18,Pequeno negocio,14,5,137.0,6,9,1155.09,31,40.2484,249.54,9.1073,0.0802,0.3333,0.4156,Ineficiente
565.6,True,18,Departamento,7,6,38.0,8,12,636.3,29,19.5034,94.2667,14.8842,-0.1111,0.4444,0.2821,Moderado
861.08,True,12,Departamento,12,7,112.0,9,2,819.44,29,29.6924,123.0114,7.6882,0.0508,0.75,0.3354,Ineficiente
505.2,False,20,Casa,11,1,222.0,0,6,698.03,29,17.4207,505.2,2.2757,-0.2762,0.0,0.1859,Eficiente
623.0,True,17,Departamento,7,4,75.0,9,3,840.26,28,22.25,155.75,8.3067,-0.2586,0.5294,0.291,Moderado
1612.66,False,23,Casa,2,6,250.0,5,0,1372.01,28,57.595,268.7767,6.4506,0.1754,0.2174,0.2736,Moderado
550.44,False,16,Casa,7,1,156.0,4,5,480.94,28,19.6586,550.44,3.5285,0.1445,0.25,0.238,Moderado
872.19,True,18,Pequeno negocio,4,9,127.0,2,4,797.97,29,30.0755,96.91,6.8676,0.093,0.1111,0.2369,Moderado
1266.12,False,23,Pequeno negocio,3,15,88.0,4,11,1091.1,28,45.2186,84.408,14.3877,0.1604,0.1739,0.3389,Ineficiente
957.7,True,24,Departamento,5,7,50.0,5,6,1031.38,31,30.8935,136.8143,19.154,-0.0714,0.2083,0.3001,Moderado
555.09,True,20,Casa,3,5,141.0,5,8,629.66,31,17.9061,111.018,3.9368,-0.1184,0.25,0.2573,Moderado
549.38,False,5,Departamento,12,2,61.0,5,12,617.03,31,17.7219,274.69,9.0062,-0.1096,1.0,0.1981,Eficiente
775.82,False,16,Casa,13,4,126.0,6,6,832.94,30,25.8607,193.955,6.1573,-0.0686,0.375,0.3254,Ineficiente
905.3,True,9,Pequeno negocio,2,11,177.0,7,9,768.69,28,32.3321,82.3,5.1147,0.1777,0.7778,0.2723,Moderado
980.66,True,7,Pequeno negocio,3,11,224.0,5,6,1035.76,28,35.0236,89.1509,4.3779,-0.0532,0.7143,0.2116,Eficiente
494.14,False,8,Casa,0,2,120.0,8,7,567.96,28,17.6479,247.07,4.1178,-0.13,1.0,0.1292,Eficiente
518.94,True,6,Casa,6,5,76.0,6,2,482.38,30,17.298,103.788,6.8282,0.0758,1.0,0.2358,Moderado
1039.24,False,23,Casa,9,1,172.0,9,12,1141.62,31,33.5239,1039.24,6.0421,-0.0897,0.3913,0.4309,Ineficiente
524.76,True,11,Casa,3,2,131.0,7,3,519.53,30,17.492,262.38,4.0058,0.0101,0.6364,0.272,Moderado
700.87,False,22,Casa,7,7,292.0,2,3,612.37,30,23.3623,100.1243,2.4002,0.1445,0.0909,0.2145,Eficiente
697.87,True,13,Casa,5,3,201.0,9,4,707.92,29,24.0645,232.6233,3.472,-0.0142,0.6923,0.271,Moderado
544.82,False,19,Casa,0,1,149.0,9,4,526.09,28,19.4579,544.82,3.6565,0.0356,0.4737,0.2829,Moderado
415.26,False,8,Casa,3,5,189.0,2,4,370.8,28,14.8307,83.052,2.1971,0.1199,0.25,0.1106,Eficiente
974.52,False,16,Casa,11,2,290.0,8,9,876.23,31,31.4361,487.26,3.3604,0.1122,0.5,0.3475,Ineficiente
742.38,True,15,Departamento,13,5,76.0,5,9,830.32,30,24.746,148.476,9.7682,-0.1059,0.3333,0.3341,Ineficiente
767.48,True,7,Casa,6,6,120.0,7,7,868.27,31,24.7574,127.9133,6.3957,-0.1161,1.0,0.3265,Ineficiente
845.95,True,11,Pequeno negocio,8,13,66.0,3,3,986.38,31,27.2887,65.0731,12.8174,-0.1424,0.2727,0.2465,Moderado
543.58,False,13,Casa,8,2,85.0,2,2,527.6,29,18.7441,271.79,6.3951,0.0303,0.1538,0.2778,Moderado
1700.47,True,17,Casa,4,2,184.0,4,8,1751.08,30,56.6823,850.235,9.2417,-0.0289,0.2353,0.3636,Ineficiente
454.44,True,3,Casa,10,2,97.0,1,9,424.55,30,15.148,227.22,4.6849,0.0704,0.3333,0.2013,Eficiente
507.89,True,5,Departamento,6,5,105.0,1,5,633.53,31,16.3835,101.578,4.837,-0.1983,0.2,0.2171,Eficiente
566.78,False,18,Casa,0,5,245.0,4,3,635.6,31,18.2832,113.356,2.3134,-0.1083,0.2222,0.2032,Eficiente
409.5,False,24,Departamento,5,4,49.0,9,5,358.76,31,13.2097,102.375,8.3571,0.1414,0.375,0.2835,Moderado
501.76,True,5,Casa,2,3,189.0,0,7,520.9,30,16.7253,167.2533,2.6548,-0.0367,0.0,0.1961,Eficiente
1022.65,False,37,Pequeno negocio,7,15,234.0,3,0,1051.48,31,32.9887,68.1767,4.3703,-0.0274,0.0811,0.3354,Ineficiente
707.04,True,8,Casa,6,6,199.0,2,11,878.06,30,23.568,117.84,3.553,-0.1948,0.25,0.2563,Moderado
635.93,False,3,Casa,7,5,190.0,2,9,562.88,29,21.9286,127.186,3.347,0.1298,0.6667,0.1375,Eficiente
225.45,False,11,Pequeno negocio,2,1,75.0,0,3,200.39,28,8.0518,225.45,3.006,0.1251,0.0,0.0848,Eficiente
530.07,True,18,Casa,14,1,102.0,1,10,506.02,31,17.099,530.07,5.1968,0.0475,0.0556,0.3368,Ineficiente
549.46,True,20,Casa,1,3,181.0,5,9,666.24,30,18.3153,183.1533,3.0357,-0.1753,0.25,0.2366,Moderado
862.9,False,27,Pequeno negocio,4,15,98.0,4,6,762.39,30,28.7633,57.5267,8.8051,0.1318,0.1481,0.2293,Moderado
951.65,False,11,Casa,4,5,88.0,6,11,1339.19,31,30.6984,190.33,10.8142,-0.2894,0.5455,0.2729,Moderado
638.63,False,6,Casa,6,6,120.0,6,2,643.68,28,22.8082,106.4383,5.3219,-0.0078,1.0,0.1777,Eficiente
698.37,True,14,Casa,6,7,232.0,1,4,729.48,29,24.0817,99.7671,3.0102,-0.0426,0.0714,0.2967,Moderado
811.14,True,24,Casa,14,4,85.0,3,12,672.72,30,27.038,202.785,9.5428,0.2058,0.125,0.3881,Ineficiente
1212.84,True,17,Pequeno negocio,12,9,215.0,8,2,1051.31,29,41.8221,134.76,5.6411,0.1536,0.4706,0.3998,Ineficiente
363.15,True,14,Departamento,0,3,83.0,2,11,272.38,30,12.105,121.05,4.3753,0.3332,0.1429,0.2927,Moderado
492.32,False,10,Departamento,8,6,94.0,0,11,599.49,30,16.4107,82.0533,5.2374,-0.1788,0.0,0.2039,Eficiente
491.55,False,10,Casa,7,3,73.0,2,4,435.75,29,16.95,163.85,6.7336,0.1281,0.2,0.2048,Eficiente
504.74,True,14,Departamento,13,3,76.0,3,6,478.09,30,16.8247,168.2467,6.6413,0.0557,0.2143,0.3402,Ineficiente
349.52,True,6,Departamento,5,6,69.0,2,12,379.33,29,12.0524,58.2533,5.0655,-0.0786,0.3333,0.2547,Moderado
634.6,False,7,Casa,6,4,174.0,5,4,672.47,31,20.471,158.65,3.6471,-0.0563,0.7143,0.2033,Eficiente
997.09,True,29,Pequeno negocio,13,3,237.0,2,4,814.99,28,35.6104,332.3633,4.2071,0.2234,0.069,0.3909,Ineficiente
438.17,False,18,Departamento,7,6,83.0,5,0,443.31,31,14.1345,73.0283,5.2792,-0.0116,0.2778,0.2386,Moderado
523.12,False,22,Departamento,9,3,118.0,8,4,617.0,31,16.8748,174.3733,4.4332,-0.1522,0.3636,0.2609,Moderado
464.01,False,12,Casa,4,1,198.0,3,2,395.23,30,15.467,464.01,2.3435,0.174,0.25,0.1557,Eficiente
769.42,True,16,Casa,11,6,117.0,5,2,685.35,29,26.5317,128.2367,6.5762,0.1227,0.3125,0.3829,Ineficiente
527.29,False,24,Departamento,1,4,92.0,7,6,508.14,31,17.0094,131.8225,5.7314,0.0377,0.2917,0.2296,Moderado
436.41,False,19,Departamento,14,3,96.0,0,10,528.8,30,14.547,145.47,4.5459,-0.1747,0.0,0.2088,Eficiente
362.92,False,8,Casa,2,1,133.0,3,10,533.25,30,12.0973,362.92,2.7287,-0.3194,0.375,0.1591,Eficiente
635.3,False,20,Casa,8,7,79.0,6,4,473.21,28,22.6893,90.7571,8.0418,0.3425,0.3,0.2247,Eficiente
636.91,False,27,Pequeno negocio,1,6,213.0,2,6,666.77,29,21.9624,106.1517,2.9902,-0.0448,0.0741,0.2082,Eficiente
473.08,True,24,Casa,1,2,298.0,4,0,361.49,29,16.3131,236.54,1.5875,0.3087,0.1667,0.2391,Moderado
681.62,True,23,Casa,10,5,120.0,4,3,640.93,29,23.5041,136.324,5.6802,0.0635,0.1739,0.2436,Moderado
387.34,True,3,Departamento,11,4,80.0,3,4,349.76,29,13.3566,96.835,4.8417,0.1074,1.0,0.2468,Moderado
551.96,False,22,Casa,5,3,69.0,1,12,685.28,28,19.7129,183.9867,7.9994,-0.1945,0.0455,0.1779,Eficiente
528.41,True,8,Casa,0,3,99.0,6,11,407.11,30,17.6137,176.1367,5.3375,0.298,0.75,0.2708,Moderado
645.42,True,13,Casa,0,1,200.0,9,4,649.47,28,23.0507,645.42,3.2271,-0.0062,0.6923,0.2625,Moderado
1489.19,True,5,Pequeno negocio,14,10,153.0,5,2,1472.34,29,51.3514,148.919,9.7333,0.0114,1.0,0.306,Ineficiente
750.75,False,5,Casa,11,7,156.0,5,2,667.82,29,25.8879,107.25,4.8125,0.1242,1.0,0.2469,Moderado
519.27,False,3,Departamento,5,7,75.0,3,6,620.43,31,16.7506,74.1814,6.9236,-0.163,1.0,0.0934,Eficiente
760.6,True,35,Pequeno negocio,3,6,141.0,1,12,611.67,30,25.3533,126.7667,5.3943,0.2435,0.0286,0.2944,Moderado
588.4,True,15,Departamento,10,7,37.0,2,7,709.17,29,20.2897,84.0571,15.9027,-0.1703,0.1333,0.2766,Moderado
718.57,True,15,Departamento,13,2,121.0,7,5,688.92,31,23.1797,359.285,5.9386,0.043,0.4667,0.3548,Ineficiente
405.53,False,23,Departamento,9,6,49.0,0,10,395.84,31,13.0816,67.5883,8.2761,0.0245,0.0,0.2134,Eficiente
629.55,False,8,Casa,12,1,86.0,7,6,516.68,31,20.3081,629.55,7.3203,0.2185,0.875,0.2773,Moderado
1271.88,False,18,Departamento,12,3,55.0,9,2,1663.05,28,45.4243,423.96,23.1251,-0.2352,0.5,0.3099,Ineficiente
1017.88,True,30,Pequeno negocio,4,13,171.0,4,10,1208.66,31,32.8348,78.2985,5.9525,-0.1578,0.1333,0.335,Ineficiente
1319.37,False,12,Departamento,10,7,42.0,8,11,1260.28,28,47.1204,188.4814,31.4136,0.0469,0.6667,0.3702,Ineficiente
731.64,True,14,Casa,3,2,270.0,9,3,1049.39,28,26.13,365.82,2.7098,-0.3028,0.6429,0.293,Moderado
758.15,False,12,Casa,3,4,194.0,7,12,1082.57,29,26.1431,189.5375,3.908,-0.2997,0.5833,0.169,Eficiente
950.82,True,19,Pequeno negocio,14,10,122.0,5,6,1104.99,28,33.9579,95.082,7.7936,-0.1395,0.2632,0.3696,Ineficiente
684.29,True,7,Casa,4,4,264.0,5,3,693.44,28,24.4389,171.0725,2.592,-0.0132,0.7143,0.2238,Eficiente
1164.11,True,34,Pequeno negocio,12,15,157.0,2,11,1517.16,28,41.5754,77.6073,7.4147,-0.2327,0.0588,0.3605,Ineficiente
438.73,True,23,Casa,5,3,157.0,1,1,414.55,29,15.1286,146.2433,2.7945,0.0583,0.0435,0.2293,Moderado
612.02,False,4,Departamento,13,1,103.0,4,3,547.93,30,20.4007,612.02,5.9419,0.117,1.0,0.2605,Moderado
698.62,False,18,Pequeno negocio,4,15,93.0,5,4,921.33,28,24.9507,46.5747,7.512,-0.2417,0.2778,0.1922,Eficiente
502.88,False,24,Departamento,0,4,73.0,9,11,448.15,28,17.96,125.72,6.8888,0.1221,0.375,0.2259,Eficiente
563.03,False,5,Casa,6,1,144.0,5,12,514.63,30,18.7677,563.03,3.9099,0.094,1.0,0.219,Eficiente
787.19,True,29,Pequeno negocio,8,2,214.0,2,2,761.19,28,28.1139,393.595,3.6785,0.0342,0.069,0.3146,Ineficiente
564.14,True,9,Casa,5,7,126.0,9,0,462.56,29,19.4531,80.5914,4.4773,0.2196,1.0,0.2751,Moderado
424.7,False,24,Casa,3,1,146.0,0,11,378.02,28,15.1679,424.7,2.9089,0.1235,0.0,0.1851,Eficiente
505.38,True,19,Departamento,12,2,73.0,0,6,491.96,30,16.846,252.69,6.923,0.0273,0.0,0.317,Ineficiente
2102.38,True,19,Casa,5,5,258.0,6,5,2101.29,30,70.0793,420.476,8.1488,0.0005,0.3158,0.3754,Ineficiente
522.47,True,4,Departamento,10,4,124.0,4,0,476.43,31,16.8539,130.6175,4.2135,0.0966,1.0,0.2522,Moderado
399.52,False,6,Casa,1,2,73.0,6,7,402.24,31,12.8877,199.76,5.4729,-0.0068,1.0,0.2168,Eficiente
700.31,False,20,Casa,13,1,174.0,6,1,621.65,30,23.3437,700.31,4.0248,0.1265,0.3,0.3248,Ineficiente
1143.46,True,27,Pequeno negocio,11,8,142.0,2,7,976.49,28,40.8379,142.9325,8.0525,0.171,0.0741,0.3501,Ineficiente
471.37,False,12,Casa,2,4,194.0,1,1,448.83,30,15.7123,117.8425,2.4297,0.0502,0.0833,0.0603,Eficiente
466.5,False,5,Departamento,7,5,105.0,5,2,489.1,28,16.6607,93.3,4.4429,-0.0462,1.0,0.1292,Eficiente
338.59,False,3,Departamento,11,1,71.0,3,1,390.5,30,11.2863,338.59,4.7689,-0.1329,1.0,0.1228,Eficiente
1053.66,True,28,Pequeno negocio,11,10,186.0,1,2,992.81,29,36.3331,105.366,5.6648,0.0613,0.0357,0.2645,Moderado
245.28,False,6,Departamento,6,1,59.0,0,9,201.48,29,8.4579,245.28,4.1573,0.2174,0.0,0.1662,Eficiente
759.7,True,24,Pequeno negocio,1,3,190.0,8,9,680.44,30,25.3233,253.2333,3.9984,0.1165,0.3333,0.2412,Moderado
617.55,True,21,Casa,0,6,103.0,8,5,867.56,29,21.2948,102.925,5.9956,-0.2882,0.381,0.2382,Moderado
880.77,False,18,Casa,14,4,238.0,8,10,757.14,29,30.3714,220.1925,3.7007,0.1633,0.4444,0.3595,Ineficiente
745.11,False,19,Pequeno negocio,1,4,152.0,8,12,807.9,29,25.6934,186.2775,4.902,-0.0777,0.4211,0.26,Moderado
494.71,True,13,Pequeno negocio,5,3,228.0,1,1,469.27,29,17.059,164.9033,2.1698,0.0542,0.0769,0.2182,Eficiente
589.63,True,24,Departamento,12,7,94.0,0,2,676.33,28,21.0582,84.2329,6.2727,-0.1282,0.0,0.2778,Moderado
1017.77,True,12,Departamento,14,4,96.0,5,9,1052.28,28,36.3489,254.4425,10.6018,-0.0328,0.4167,0.385,Ineficiente
1164.26,False,12,Departamento,7,4,61.0,5,7,1766.49,28,41.5807,291.065,19.0862,-0.3409,0.4167,0.2193,Eficiente
725.03,False,17,Casa,10,7,274.0,0,4,764.13,29,25.001,103.5757,2.6461,-0.0512,0.0,0.1802,Eficiente
1038.44,True,31,Pequeno negocio,7,1,226.0,8,7,1233.08,30,34.6147,1038.44,4.5949,-0.1578,0.2581,0.5066,Ineficiente
1064.53,True,26,Pequeno negocio,1,12,234.0,6,7,1442.71,28,38.0189,88.7108,4.5493,-0.2621,0.2308,0.3105,Ineficiente
482.7,False,5,Departamento,7,1,52.0,5,7,381.31,29,16.6448,482.7,9.2827,0.2659,1.0,0.2785,Moderado
888.54,False,19,Casa,11,3,290.0,5,6,933.99,30,29.618,296.18,3.0639,-0.0487,0.2632,0.2289,Moderado
650.36,False,15,Casa,9,2,136.0,9,0,511.21,31,20.9794,325.18,4.7821,0.2722,0.6,0.3289,Ineficiente
615.49,True,5,Casa,8,4,76.0,5,9,634.23,31,19.8545,153.8725,8.0986,-0.0295,1.0,0.2072,Eficiente
619.59,False,12,Departamento,12,5,104.0,5,2,585.83,30,20.653,123.918,5.9576,0.0576,0.4167,0.1853,Eficiente
415.63,True,9,Departamento,2,2,112.0,5,7,396.72,31,13.4074,207.815,3.711,0.0477,0.5556,0.2557,Moderado
508.58,True,23,Casa,8,1,68.0,8,6,563.4,31,16.4058,508.58,7.4791,-0.0973,0.3478,0.3965,Ineficiente
188.61,True,14,Departamento,2,2,56.0,3,1,175.25,29,6.5038,94.305,3.368,0.0762,0.2143,0.14,Eficiente
638.13,False,13,Pequeno negocio,0,9,86.0,8,3,495.62,29,22.0045,70.9033,7.4201,0.2875,0.6154,0.172,Eficiente
545.27,True,8,Casa,14,5,92.0,1,3,511.73,31,17.5894,109.054,5.9268,0.0655,0.125,0.2447,Moderado
619.98,False,6,Departamento,11,7,120.0,0,2,652.5,30,20.666,88.5686,5.1665,-0.0498,0.0,0.0782,Eficiente
534.0,False,14,Departamento,14,7,102.0,0,5,513.26,30,17.8,76.2857,5.2353,0.0404,0.0,0.2317,Moderado
364.11,False,14,Casa,6,2,95.0,3,3,328.4,29,12.5555,182.055,3.8327,0.1087,0.2143,0.2049,Eficiente
706.36,True,23,Departamento,8,6,53.0,5,7,742.66,29,24.3572,117.7267,13.3275,-0.0489,0.2174,0.2974,Moderado
274.1,True,17,Departamento,0,1,58.0,8,0,287.52,30,9.1367,274.1,4.7259,-0.0467,0.4706,0.1396,Eficiente
659.34,True,12,Casa,2,1,258.0,9,2,695.92,28,23.5479,659.34,2.5556,-0.0526,0.75,0.2459,Moderado
288.17,True,11,Casa,1,6,154.0,0,6,273.87,31,9.2958,48.0283,1.8712,0.0522,0.0,0.2073,Eficiente
1193.98,True,18,Pequeno negocio,5,3,140.0,7,4,1007.04,29,41.1717,397.9933,8.5284,0.1856,0.3889,0.3721,Ineficiente
1542.37,False,17,Casa,6,7,271.0,2,5,1516.93,29,53.1852,220.3386,5.6914,0.0168,0.1176,0.2488,Moderado
305.25,False,6,Departamento,3,1,56.0,3,0,280.62,31,9.8468,305.25,5.4509,0.0878,0.5,0.1288,Eficiente
395.38,False,3,Departamento,11,4,99.0,3,3,373.06,31,12.7542,98.845,3.9937,0.0598,1.0,0.1731,Eficiente
1340.47,True,14,Pequeno negocio,9,14,199.0,9,4,2010.55,31,43.241,95.7479,6.736,-0.3333,0.6429,0.3569,Ineficiente
425.93,True,3,Departamento,6,7,109.0,3,0,443.87,31,13.7397,60.8471,3.9076,-0.0404,1.0,0.2046,Eficiente
562.5,True,12,Pequeno negocio,6,4,74.0,1,6,826.01,29,19.3966,140.625,7.6014,-0.319,0.0833,0.154,Eficiente
629.58,False,15,Departamento,8,6,56.0,0,0,743.31,31,20.309,104.93,11.2425,-0.153,0.0,0.1513,Eficiente
1125.65,True,7,Casa,5,3,150.0,7,12,1529.93,31,36.3113,375.2167,7.5043,-0.2642,1.0,0.2873,Moderado
724.8,True,17,Casa,11,7,166.0,2,0,742.73,30,24.16,103.5429,4.3663,-0.0241,0.1176,0.303,Moderado
626.14,True,15,Casa,12,6,131.0,2,2,701.79,28,22.3621,104.3567,4.7797,-0.1078,0.1333,0.2997,Moderado
643.0,False,4,Casa,2,6,260.0,4,6,628.0,28,22.9643,107.1667,2.4731,0.0239,1.0,0.1253,Eficiente
542.48,True,13,Casa,14,4,289.0,1,0,496.33,30,18.0827,135.62,1.8771,0.093,0.0769,0.2818,Moderado
761.84,False,21,Casa,6,7,174.0,6,8,816.88,28,27.2086,108.8343,4.3784,-0.0674,0.2857,0.2795,Moderado
785.45,False,11,Casa,2,5,248.0,8,4,873.48,28,28.0518,157.09,3.1671,-0.1008,0.7273,0.1965,Eficiente
394.79,False,17,Casa,12,1,113.0,3,0,395.44,30,13.1597,394.79,3.4937,-0.0016,0.1765,0.2279,Eficiente
770.46,True,15,Casa,6,7,281.0,4,7,722.93,29,26.5676,110.0657,2.7419,0.0657,0.2667,0.3246,Ineficiente
291.09,False,13,Departamento,2,1,55.0,8,0,341.56,31,9.39,291.09,5.2925,-0.1478,0.6154,0.1504,Eficiente
601.99,True,15,Departamento,8,5,43.0,8,7,697.46,31,19.419,120.398,13.9998,-0.1369,0.5333,0.358,Ineficiente
844.23,True,12,Pequeno negocio,6,11,69.0,0,8,741.09,29,29.1114,76.7482,12.2352,0.1392,0.0,0.2958,Moderado
520.39,True,4,Departamento,3,7,117.0,4,4,467.28,29,17.9445,74.3414,4.4478,0.1137,1.0,0.2129,Eficiente
895.9,False,19,Pequeno negocio,10,8,33.0,0,7,777.24,29,30.8931,111.9875,27.1485,0.1527,0.0,0.2462,Moderado
334.91,True,12,Departamento,6,6,58.0,1,0,308.0,28,11.9611,55.8183,5.7743,0.0874,0.0833,0.2117,Eficiente
1179.45,True,20,Casa,7,5,218.0,6,11,1257.37,29,40.6707,235.89,5.4103,-0.062,0.3,0.3619,Ineficiente
1540.14,False,9,Pequeno negocio,0,13,221.0,1,11,2172.8,31,49.6819,118.4723,6.969,-0.2912,0.1111,0.1142,Eficiente
454.68,True,15,Casa,5,7,110.0,1,2,452.09,31,14.6671,64.9543,4.1335,0.0057,0.0667,0.222,Eficiente
326.22,True,11,Departamento,0,3,118.0,4,6,261.0,29,11.249,108.74,2.7646,0.2499,0.3636,0.1886,Eficiente
458.9,False,16,Departamento,4,4,113.0,4,5,443.13,30,15.2967,114.725,4.0611,0.0356,0.25,0.2081,Eficiente
573.34,False,24,Casa,11,3,70.0,5,10,621.96,28,20.4764,191.1133,8.1906,-0.0782,0.2083,0.3452,Ineficiente
545.54,True,21,Departamento,13,1,62.0,9,2,740.89,28,19.4836,545.54,8.799,-0.2637,0.4286,0.2908,Moderado
533.07,True,8,Casa,5,7,85.0,4,5,707.19,29,18.3817,76.1529,6.2714,-0.2462,0.5,0.1691,Eficiente
499.36,True,9,Casa,10,4,119.0,3,4,525.88,29,17.2193,124.84,4.1963,-0.0504,0.3333,0.2039,Eficiente
679.99,True,13,Casa,10,1,177.0,2,10,697.09,30,22.6663,679.99,3.8418,-0.0245,0.1538,0.2751,Moderado
827.12,True,17,Casa,11,6,126.0,8,6,921.38,29,28.5214,137.8533,6.5644,-0.1023,0.4706,0.349,Ineficiente
1619.85,True,17,Casa,1,7,168.0,2,10,1468.68,29,55.8569,231.4071,9.642,0.1029,0.1176,0.287,Moderado
288.85,False,20,Departamento,4,5,51.0,0,0,316.12,31,9.3177,57.77,5.6637,-0.0863,0.0,0.0713,Eficiente
1131.65,True,15,Departamento,10,3,99.0,5,1,1368.71,31,36.5048,377.2167,11.4308,-0.1732,0.3333,0.2528,Moderado
819.24,True,21,Departamento,4,7,78.0,7,12,711.07,30,27.308,117.0343,10.5031,0.1521,0.3333,0.2602,Moderado
394.17,True,3,Departamento,9,6,76.0,0,0,387.54,28,14.0775,65.695,5.1864,0.0171,0.0,0.1992,Eficiente
753.88,True,7,Casa,13,2,131.0,6,8,776.32,29,25.9959,376.94,5.7548,-0.0289,0.8571,0.3083,Ineficiente
1511.31,False,14,Casa,12,3,189.0,4,1,1735.69,30,50.377,503.77,7.9963,-0.1293,0.2857,0.2424,Moderado
512.92,False,14,Departamento,7,7,40.0,7,6,621.46,29,17.6869,73.2743,12.823,-0.1747,0.5,0.2043,Eficiente
920.42,False,38,Pequeno negocio,3,14,126.0,0,10,1145.87,28,32.8721,65.7443,7.3049,-0.1968,0.0,0.2341,Moderado
904.12,True,17,Casa,4,5,233.0,8,6,894.42,31,29.1652,180.824,3.8803,0.0108,0.4706,0.2851,Moderado
679.71,True,11,Casa,8,1,143.0,8,3,648.85,28,24.2754,679.71,4.7532,0.0476,0.7273,0.3506,Ineficiente
444.86,False,15,Departamento,11,2,93.0,6,2,520.91,28,15.8879,222.43,4.7834,-0.146,0.4,0.2435,Moderado
1215.49,True,24,Pequeno negocio,13,9,223.0,6,5,1337.84,28,43.4104,135.0544,5.4506,-0.0915,0.25,0.3639,Ineficiente
772.46,True,11,Casa,12,4,297.0,7,12,824.84,28,27.5879,193.115,2.6009,-0.0635,0.6364,0.3076,Ineficiente
561.95,False,3,Casa,3,7,228.0,1,7,619.13,28,20.0696,80.2786,2.4647,-0.0924,0.3333,0.1566,Eficiente
622.12,True,6,Casa,1,6,170.0,6,6,713.41,28,22.2186,103.6867,3.6595,-0.128,1.0,0.2302,Moderado
789.08,True,12,Departamento,1,2,38.0,7,8,751.06,30,26.3027,394.54,20.7653,0.0506,0.5833,0.2258,Eficiente
1029.21,True,35,Pequeno negocio,3,8,107.0,7,6,1137.8,31,33.2003,128.6512,9.6188,-0.0954,0.2,0.3718,Ineficiente
981.14,True,7,Departamento,5,2,115.0,4,5,956.78,31,31.6497,490.57,8.5317,0.0255,0.5714,0.2891,Moderado
462.1,True,22,Casa,0,2,202.0,1,2,480.27,30,15.4033,231.05,2.2876,-0.0378,0.0455,0.2019,Eficiente
784.28,True,21,Departamento,14,7,74.0,5,5,807.12,31,25.2994,112.04,10.5984,-0.0283,0.2381,0.3779,Ineficiente
830.63,False,6,Pequeno negocio,5,6,142.0,5,3,920.83,29,28.6424,138.4383,5.8495,-0.098,0.8333,0.1903,Eficiente
431.84,True,23,Departamento,2,6,105.0,2,4,581.29,30,14.3947,71.9733,4.1128,-0.2571,0.087,0.2476,Moderado
900.02,True,36,Pequeno negocio,7,5,175.0,9,3,989.26,29,31.0352,180.004,5.143,-0.0902,0.25,0.3615,Ineficiente
405.76,True,23,Casa,1,1,286.0,3,1,424.09,29,13.9917,405.76,1.4187,-0.0432,0.1304,0.107,Eficiente
896.44,True,13,Casa,12,5,242.0,9,6,935.47,28,32.0157,179.288,3.7043,-0.0417,0.6923,0.3727,Ineficiente
661.09,True,11,Departamento,14,5,119.0,8,1,779.91,29,22.7962,132.218,5.5554,-0.1524,0.7273,0.3477,Ineficiente
628.37,False,20,Departamento,13,1,105.0,0,5,726.51,28,22.4418,628.37,5.9845,-0.1351,0.0,0.2499,Moderado
1042.58,True,31,Pequeno negocio,5,3,241.0,1,11,944.0,29,35.951,347.5267,4.3261,0.1044,0.0323,0.3124,Ineficiente
454.27,False,16,Departamento,9,3,100.0,3,10,578.25,30,15.1423,151.4233,4.5427,-0.2144,0.1875,0.2543,Moderado
590.24,False,9,Casa,2,2,137.0,6,12,525.41,29,20.3531,295.12,4.3083,0.1234,0.6667,0.2347,Moderado
518.92,True,14,Casa,0,5,222.0,1,1,629.61,31,16.7394,103.784,2.3375,-0.1758,0.0714,0.0757,Eficiente
442.37,True,5,Departamento,8,5,63.0,2,10,414.62,30,14.7457,88.474,7.0217,0.0669,0.4,0.2333,Moderado
749.94,True,7,Casa,11,2,287.0,7,10,741.03,31,24.1916,374.97,2.613,0.012,1.0,0.2917,Moderado
213.64,False,15,Departamento,0,1,64.0,4,3,374.72,30,7.1213,213.64,3.3381,-0.4299,0.2667,0.1046,Eficiente
795.26,False,23,Casa,14,5,278.0,5,4,613.01,30,26.5087,159.052,2.8606,0.2973,0.2174,0.2932,Moderado
2275.09,False,7,Casa,6,4,160.0,5,2,1834.0,31,73.39,568.7725,14.2193,0.2405,0.7143,0.3755,Ineficiente
601.86,False,15,Departamento,9,2,79.0,9,12,787.17,28,21.495,300.93,7.6185,-0.2354,0.6,0.2251,Eficiente
238.18,False,4,Casa,0,2,94.0,1,6,217.54,28,8.5064,119.09,2.5338,0.0949,0.25,0.1749,Eficiente
428.59,False,14,Departamento,13,1,73.0,5,3,474.57,29,14.779,428.59,5.8711,-0.0969,0.3571,0.3353,Ineficiente
364.8,False,21,Departamento,8,6,79.0,0,1,467.28,28,13.0286,60.8,4.6177,-0.2193,0.0,0.1278,Eficiente
605.22,True,10,Departamento,7,6,52.0,0,6,728.49,31,19.5232,100.87,11.6388,-0.1692,0.0,0.1883,Eficiente
658.36,True,20,Departamento,9,4,78.0,4,11,658.44,31,21.2374,164.59,8.4405,-0.0001,0.2,0.351,Ineficiente
650.66,False,11,Departamento,12,3,99.0,9,4,670.44,28,23.2379,216.8867,6.5723,-0.0295,0.8182,0.3306,Ineficiente
2145.47,False,28,Pequeno negocio,0,14,96.0,4,9,1975.73,29,73.9817,153.2479,22.3486,0.0859,0.1429,0.2948,Moderado
540.45,True,16,Casa,0,3,279.0,7,4,506.53,28,19.3018,180.15,1.9371,0.067,0.4375,0.224,Eficiente
920.97,True,10,Casa,7,7,189.0,9,12,861.0,31,29.7087,131.5671,4.8729,0.0697,0.9,0.4018,Ineficiente
327.24,True,8,Departamento,11,1,89.0,0,8,278.59,31,10.5561,327.24,3.6769,0.1746,0.0,0.2828,Moderado
886.78,True,22,Departamento,14,6,74.0,6,11,873.87,29,30.5786,147.7967,11.9835,0.0148,0.2727,0.3969,Ineficiente
524.23,True,13,Departamento,1,3,37.0,8,7,557.07,30,17.4743,174.7433,14.1684,-0.059,0.6154,0.2567,Moderado
1915.14,True,11,Departamento,5,2,43.0,8,5,1882.61,28,68.3979,957.57,44.5381,0.0173,0.7273,0.4913,Ineficiente
565.01,True,15,Departamento,11,6,42.0,7,0,441.44,28,20.1789,94.1683,13.4526,0.2799,0.4667,0.3206,Ineficiente
732.39,True,4,Casa,14,7,151.0,4,4,725.36,30,24.413,104.6271,4.8503,0.0097,1.0,0.2573,Moderado
804.46,True,7,Departamento,3,7,64.0,6,2,954.33,29,27.74,114.9229,12.5697,-0.157,0.8571,0.2349,Moderado
921.33,False,13,Casa,14,2,153.0,0,10,984.32,28,32.9046,460.665,6.0218,-0.064,0.0,0.2963,Moderado
730.36,False,9,Casa,12,5,218.0,9,7,796.75,30,24.3453,146.072,3.3503,-0.0833,1.0,0.2505,Moderado
597.49,True,15,Departamento,3,3,97.0,8,7,529.78,31,19.2739,199.1633,6.1597,0.1278,0.5333,0.3025,Moderado
517.32,False,10,Departamento,12,2,41.0,1,12,593.65,30,17.244,258.66,12.6176,-0.1286,0.1,0.2381,Moderado
937.85,True,12,Casa,8,3,272.0,9,11,922.39,29,32.3397,312.6167,3.448,0.0168,0.75,0.374,Ineficiente
1094.02,False,14,Pequeno negocio,12,12,124.0,6,8,1011.59,28,39.0721,91.1683,8.8227,0.0815,0.4286,0.3555,Ineficiente
905.62,False,20,Departamento,12,2,107.0,4,4,759.43,29,31.2283,452.81,8.4637,0.1925,0.2,0.3216,Ineficiente
552.3,True,9,Departamento,3,5,114.0,8,1,580.43,31,17.8161,110.46,4.8447,-0.0485,0.8889,0.2613,Moderado
834.51,True,10,Pequeno negocio,10,3,186.0,6,7,741.55,29,28.7762,278.17,4.4866,0.1254,0.6,0.3025,Moderado
668.98,False,17,Casa,6,2,230.0,7,12,601.53,31,21.58,334.49,2.9086,0.1121,0.4118,0.2934,Moderado
542.73,True,23,Departamento,11,4,86.0,3,6,670.17,28,19.3832,135.6825,6.3108,-0.1902,0.1304,0.2587,Moderado
556.97,False,14,Casa,2,6,195.0,3,12,560.6,30,18.5657,92.8283,2.8563,-0.0065,0.2143,0.1504,Eficiente
877.16,False,4,Casa,3,7,147.0,0,2,875.55,30,29.2387,125.3086,5.9671,0.0018,0.0,0.151,Eficiente
715.31,True,16,Casa,3,4,245.0,8,0,513.63,29,24.6659,178.8275,2.9196,0.3927,0.5,0.2901,Moderado
639.25,False,18,Casa,13,2,234.0,2,7,562.62,28,22.8304,319.625,2.7318,0.1362,0.1111,0.2964,Moderado
657.09,False,23,Departamento,5,5,113.0,1,4,598.29,30,21.903,131.418,5.815,0.0983,0.0435,0.1964,Eficiente
377.82,False,23,Casa,3,2,153.0,0,1,484.68,30,12.594,188.91,2.4694,-0.2205,0.0,0.0944,Eficiente
486.75,True,18,Departamento,11,1,37.0,3,12,519.25,29,16.7845,486.75,13.1554,-0.0626,0.1667,0.4171,Ineficiente
680.33,True,15,Casa,9,3,207.0,4,4,975.72,29,23.4597,226.7767,3.2866,-0.3027,0.2667,0.2239,Eficiente
582.06,True,6,Casa,9,3,140.0,6,3,827.44,31,18.7761,194.02,4.1576,-0.2966,1.0,0.2284,Moderado
2263.61,False,14,Pequeno negocio,13,3,230.0,6,6,2286.57,31,73.0197,754.5367,9.8418,-0.01,0.4286,0.472,Ineficiente
636.63,True,13,Departamento,13,1,95.0,8,10,742.96,29,21.9528,636.63,6.7014,-0.1431,0.6154,0.3667,Ineficiente
464.79,True,25,Pequeno negocio,5,3,96.0,0,1,485.26,30,15.493,154.93,4.8416,-0.0422,0.0,0.2068,Eficiente
671.43,True,19,Departamento,14,5,68.0,0,4,610.21,29,23.1528,134.286,9.874,0.1003,0.0,0.2945,Moderado
481.4,True,3,Casa,8,6,183.0,2,9,577.11,31,15.529,80.2333,2.6306,-0.1658,0.6667,0.1487,Eficiente
427.91,True,11,Departamento,13,1,38.0,3,8,408.29,29,14.7555,427.91,11.2608,0.0481,0.2727,0.2881,Moderado
486.66,True,17,Departamento,10,6,76.0,0,2,455.14,28,17.3807,81.11,6.4034,0.0693,0.0,0.2707,Moderado
570.41,True,13,Casa,1,3,70.0,8,0,535.48,28,20.3718,190.1367,8.1487,0.0652,0.6154,0.2188,Eficiente
1055.02,False,8,Pequeno negocio,13,9,114.0,8,9,955.38,30,35.1673,117.2244,9.2546,0.1043,1.0,0.2529,Moderado
525.52,True,15,Departamento,8,4,73.0,4,2,492.58,28,18.7686,131.38,7.1989,0.0669,0.2667,0.2158,Eficiente
250.49,True,3,Departamento,6,2,59.0,3,0,245.54,30,8.3497,125.245,4.2456,0.0202,1.0,0.1958,Eficiente
450.88,True,9,Departamento,5,2,91.0,1,11,510.04,30,15.0293,225.44,4.9547,-0.116,0.1111,0.2141,Eficiente
329.94,True,12,Departamento,9,1,99.0,0,8,369.42,28,11.7836,329.94,3.3327,-0.1069,0.0,0.3088,Ineficiente
1091.31,True,11,Casa,13,6,281.0,8,5,1781.94,30,36.377,181.885,3.8837,-0.3876,0.7273,0.2766,Moderado
1295.78,False,39,Pequeno negocio,2,12,133.0,8,5,1056.78,28,46.2779,107.9817,9.7427,0.2262,0.2051,0.3417,Ineficiente
673.52,False,3,Casa,3,6,287.0,3,11,497.4,31,21.7265,112.2533,2.3468,0.3541,1.0,0.1798,Eficiente
852.01,True,9,Casa,0,6,189.0,8,10,907.73,30,28.4003,142.0017,4.508,-0.0614,0.8889,0.2545,Moderado
1114.3,False,21,Casa,2,2,253.0,7,6,1113.77,28,39.7964,557.15,4.4043,0.0005,0.3333,0.2182,Eficiente
577.15,False,24,Departamento,0,3,67.0,8,7,511.21,29,19.9017,192.3833,8.6142,0.129,0.3333,0.2202,Eficiente
2995.94,False,24,Pequeno negocio,3,6,244.0,9,6,2891.64,31,96.6432,499.3233,12.2784,0.0361,0.375,0.4514,Ineficiente
1294.89,True,15,Pequeno negocio,7,15,71.0,8,4,1317.21,28,46.2461,86.326,18.2379,-0.0169,0.5333,0.336,Ineficiente
893.55,True,23,Departamento,12,7,68.0,8,6,847.54,29,30.8121,127.65,13.1404,0.0543,0.3478,0.4322,Ineficiente
1058.76,False,13,Pequeno negocio,8,11,81.0,4,8,822.57,30,35.292,96.2509,13.0711,0.2871,0.3077,0.2726,Moderado
418.88,False,5,Departamento,3,4,97.0,5,8,422.69,30,13.9627,104.72,4.3184,-0.009,1.0,0.1848,Eficiente
425.36,False,11,Casa,1,2,62.0,2,5,402.7,29,14.6676,212.68,6.8606,0.0563,0.1818,0.1276,Eficiente
619.69,True,19,Departamento,13,5,112.0,3,10,665.05,28,22.1318,123.938,5.5329,-0.0682,0.1579,0.3194,Ineficiente
670.32,True,11,Casa,2,4,222.0,8,4,669.2,29,23.1145,167.58,3.0195,0.0017,0.7273,0.2183,Eficiente
669.55,False,8,Casa,11,2,231.0,3,9,588.1,29,23.0879,334.775,2.8985,0.1385,0.375,0.2581,Moderado
293.08,True,3,Casa,3,1,180.0,3,5,295.18,28,10.4671,293.08,1.6282,-0.0071,1.0,0.2433,Moderado
715.36,False,10,Casa,9,4,209.0,4,12,822.36,30,23.8453,178.84,3.4228,-0.1301,0.4,0.2459,Moderado
1452.24,True,31,Pequeno negocio,13,2,95.0,2,9,1931.88,29,50.0772,726.12,15.2867,-0.2483,0.0645,0.4697,Ineficiente
2373.33,True,25,Pequeno negocio,13,6,190.0,4,9,2750.2,29,81.839,395.555,12.4912,-0.137,0.16,0.4757,Ineficiente
569.05,False,20,Casa,1,3,119.0,5,7,465.63,31,18.3565,189.6833,4.7819,0.2221,0.25,0.2274,Eficiente
175.59,False,5,Departamento,7,1,117.0,0,2,180.67,31,5.6642,175.59,1.5008,-0.0281,0.0,0.0759,Eficiente
774.81,True,14,Casa,7,7,89.0,5,11,1054.97,31,24.9939,110.6871,8.7057,-0.2656,0.3571,0.2702,Moderado
603.35,True,22,Casa,13,3,118.0,1,9,830.66,31,19.4629,201.1167,5.1131,-0.2736,0.0455,0.3288,Ineficiente
660.05,True,13,Casa,11,6,65.0,4,0,618.11,29,22.7603,110.0083,10.1546,0.0679,0.3077,0.2356,Moderado
363.82,False,24,Casa,2,1,73.0,3,3,494.72,29,12.5455,363.82,4.9838,-0.2646,0.125,0.1525,Eficiente
1602.85,True,5,Casa,13,1,166.0,5,2,2031.13,29,55.2707,1602.85,9.6557,-0.2109,1.0,0.4062,Ineficiente
610.65,True,10,Casa,5,1,218.0,8,1,579.23,28,21.8089,610.65,2.8011,0.0542,0.8,0.2871,Moderado
567.56,True,23,Casa,10,6,84.0,0,6,469.98,31,18.3084,94.5933,6.7567,0.2076,0.0,0.3959,Ineficiente
551.55,False,18,Casa,2,2,295.0,0,10,495.66,29,19.019,275.775,1.8697,0.1128,0.0,0.2039,Eficiente
664.18,True,15,Pequeno negocio,3,2,118.0,4,8,840.35,30,22.1393,332.09,5.6286,-0.2096,0.2667,0.2457,Moderado
935.52,True,22,Casa,1,7,219.0,7,12,852.41,31,30.1781,133.6457,4.2718,0.0975,0.3182,0.3038,Moderado
427.58,True,11,Casa,1,5,77.0,2,1,360.16,28,15.2707,85.516,5.553,0.1872,0.1818,0.1634,Eficiente
876.73,True,20,Departamento,13,7,85.0,7,8,1030.68,29,30.2321,125.2471,10.3145,-0.1494,0.35,0.3532,Ineficiente
455.0,True,10,Casa,2,7,280.0,0,3,429.41,31,14.6774,65.0,1.625,0.0596,0.0,0.1759,Eficiente
577.38,False,10,Departamento,9,6,60.0,2,0,492.88,29,19.9097,96.23,9.623,0.1714,0.2,0.2918,Moderado
784.06,True,10,Casa,11,6,189.0,5,12,701.7,31,25.2923,130.6767,4.1485,0.1174,0.5,0.3293,Ineficiente
373.03,False,11,Departamento,1,5,111.0,6,1,519.14,30,12.4343,74.606,3.3606,-0.2814,0.5455,0.1247,Eficiente
390.15,True,16,Departamento,4,2,116.0,3,4,440.4,29,13.4534,195.075,3.3634,-0.1141,0.1875,0.2054,Eficiente
638.99,True,20,Departamento,7,1,67.0,8,6,669.84,29,22.0341,638.99,9.5372,-0.0461,0.4,0.3337,Ineficiente
456.6,True,16,Departamento,5,3,107.0,4,4,469.25,31,14.729,152.2,4.2673,-0.027,0.25,0.1857,Eficiente
529.72,False,3,Casa,13,4,75.0,3,2,553.52,28,18.9186,132.43,7.0629,-0.043,1.0,0.173,Eficiente
394.81,True,16,Casa,2,3,81.0,1,3,496.85,30,13.1603,131.6033,4.8742,-0.2054,0.0625,0.1493,Eficiente
1695.76,True,12,Casa,10,1,124.0,9,8,1908.09,31,54.7019,1695.76,13.6755,-0.1113,0.75,0.5192,Ineficiente
359.21,True,4,Departamento,6,4,93.0,4,0,402.58,31,11.5874,89.8025,3.8625,-0.1077,1.0,0.1375,Eficiente
700.67,True,10,Casa,5,4,270.0,4,0,683.4,30,23.3557,175.1675,2.5951,0.0253,0.4,0.2256,Eficiente
837.58,True,24,Casa,5,7,184.0,2,3,908.53,29,28.8821,119.6543,4.5521,-0.0781,0.0833,0.278,Moderado
635.17,False,10,Departamento,10,7,68.0,6,12,655.42,31,20.4894,90.7386,9.3407,-0.0309,0.6,0.2799,Moderado
727.66,True,18,Casa,5,5,198.0,0,2,1048.3,29,25.0917,145.532,3.6751,-0.3059,0.0,0.1527,Eficiente
3467.8,False,7,Casa,9,6,288.0,4,8,3145.92,29,119.5793,577.9667,12.041,0.1023,0.5714,0.3998,Ineficiente
349.74,True,22,Departamento,0,3,37.0,7,4,350.11,30,11.658,116.58,9.4524,-0.0011,0.3182,0.1533,Eficiente
775.82,False,20,Casa,4,7,220.0,7,6,723.83,29,26.7524,110.8314,3.5265,0.0718,0.35,0.2874,Moderado
1297.13,False,38,Pequeno negocio,6,5,156.0,6,3,1470.35,29,44.7286,259.426,8.3149,-0.1178,0.1579,0.3328,Ineficiente
804.97,True,24,Pequeno negocio,3,9,104.0,3,11,814.74,29,27.7576,89.4411,7.7401,-0.012,0.125,0.2503,Moderado
572.59,True,8,Pequeno negocio,1,5,64.0,5,5,563.35,30,19.0863,114.518,8.9467,0.0164,0.625,0.2525,Moderado
384.22,True,22,Casa,3,4,65.0,1,0,405.91,28,13.7221,96.055,5.9111,-0.0534,0.0455,0.1853,Eficiente
618.23,True,18,Casa,8,2,125.0,6,3,621.51,30,20.6077,309.115,4.9458,-0.0053,0.3333,0.3107,Ineficiente
1237.39,False,19,Departamento,14,3,81.0,2,4,1103.95,30,41.2463,412.4633,15.2764,0.1209,0.1053,0.3236,Ineficiente
732.8,True,14,Departamento,10,7,47.0,3,11,741.12,28,26.1714,104.6857,15.5915,-0.0112,0.2143,0.3035,Moderado
460.62,False,6,Departamento,13,7,76.0,6,0,411.18,28,16.4507,65.8029,6.0608,0.1202,1.0,0.2075,Eficiente
329.41,True,3,Casa,8,3,146.0,1,3,299.33,31,10.6261,109.8033,2.2562,0.1005,0.3333,0.2387,Moderado
589.07,False,9,Casa,0,4,170.0,3,2,776.05,31,19.0023,147.2675,3.4651,-0.2409,0.3333,0.1012,Eficiente
353.13,False,8,Casa,2,4,132.0,3,2,305.12,28,12.6118,88.2825,2.6752,0.1573,0.375,0.1134,Eficiente
923.4,True,23,Casa,11,6,274.0,9,12,957.07,28,32.9786,153.9,3.3701,-0.0352,0.3913,0.3923,Ineficiente
785.71,False,21,Casa,9,4,161.0,7,9,711.49,31,25.3455,196.4275,4.8802,0.1043,0.3333,0.3222,Ineficiente
1031.46,True,33,Pequeno negocio,12,7,118.0,3,12,1006.41,31,33.2729,147.3514,8.7412,0.0249,0.0909,0.4072,Ineficiente
1328.92,True,11,Casa,6,7,209.0,6,10,1517.09,30,44.2973,189.8457,6.3585,-0.124,0.5455,0.3489,Ineficiente
1530.31,False,19,Departamento,13,3,49.0,2,11,2884.16,31,49.3648,510.1033,31.2308,-0.4694,0.1053,0.3482,Ineficiente
1011.17,True,28,Pequeno negocio,5,9,183.0,7,7,729.47,29,34.8679,112.3522,5.5255,0.3862,0.25,0.3818,Ineficiente
705.57,False,22,Casa,12,3,296.0,3,6,802.39,29,24.33,235.19,2.3837,-0.1207,0.1364,0.2766,Moderado
506.92,True,19,Departamento,2,3,112.0,9,4,538.09,31,16.3523,168.9733,4.5261,-0.0579,0.4737,0.2963,Moderado
1495.84,False,18,Departamento,6,4,74.0,8,0,1871.05,29,51.5807,373.96,20.2141,-0.2005,0.4444,0.2394,Moderado
639.11,True,20,Casa,14,5,97.0,2,10,763.56,29,22.0383,127.822,6.5888,-0.163,0.1,0.3099,Ineficiente
1268.59,True,22,Departamento,11,1,93.0,4,4,1316.29,30,42.2863,1268.59,13.6408,-0.0362,0.1818,0.3543,Ineficiente
948.6,True,26,Pequeno negocio,5,6,122.0,9,8,1106.42,29,32.7103,158.1,7.7754,-0.1426,0.3462,0.321,Ineficiente
524.94,False,8,Departamento,13,2,114.0,0,12,578.81,29,18.1014,262.47,4.6047,-0.0931,0.0,0.22,Eficiente
637.66,False,39,Pequeno negocio,6,2,67.0,6,4,662.12,28,22.7736,318.83,9.5173,-0.0369,0.1538,0.2935,Moderado
888.57,False,23,Pequeno negocio,14,10,34.0,5,1,791.34,28,31.7346,88.857,26.1344,0.1229,0.2174,0.314,Ineficiente
402.46,True,9,Casa,1,2,112.0,5,5,385.8,30,13.4153,201.23,3.5934,0.0432,0.5556,0.1935,Eficiente
558.8,True,5,Departamento,12,6,77.0,5,12,707.17,29,19.269,93.1333,7.2571,-0.2098,1.0,0.2494,Moderado
588.61,False,21,Departamento,10,7,119.0,5,0,504.73,31,18.9874,84.0871,4.9463,0.1662,0.2381,0.2204,Eficiente
1255.22,True,23,Departamento,2,5,75.0,3,3,1423.03,30,41.8407,251.044,16.7363,-0.1179,0.1304,0.208,Eficiente
417.22,True,12,Departamento,4,6,71.0,4,0,564.21,30,13.9073,69.5367,5.8763,-0.2605,0.3333,0.1584,Eficiente
642.67,True,5,Departamento,12,4,84.0,5,9,631.5,31,20.7313,160.6675,7.6508,0.0177,1.0,0.299,Moderado
709.06,False,35,Pequeno negocio,11,1,215.0,0,1,777.9,29,24.4503,709.06,3.298,-0.0885,0.0,0.2614,Moderado
491.61,True,15,Casa,2,5,124.0,1,3,821.09,31,15.8584,98.322,3.9646,-0.4013,0.0667,0.1798,Eficiente
668.33,True,10,Departamento,1,3,102.0,0,3,722.24,31,21.559,222.7767,6.5523,-0.0746,0.0,0.1999,Eficiente
1034.33,False,19,Casa,4,7,286.0,6,0,905.31,30,34.4777,147.7614,3.6165,0.1425,0.3158,0.223,Eficiente
1357.03,True,20,Departamento,4,4,63.0,3,12,1350.59,30,45.2343,339.2575,21.5402,0.0048,0.15,0.3307,Ineficiente
461.31,True,12,Departamento,9,4,36.0,0,4,581.97,31,14.881,115.3275,12.8142,-0.2073,0.0,0.2705,Moderado
951.17,True,16,Departamento,11,5,44.0,2,10,890.68,30,31.7057,190.234,21.6175,0.0679,0.125,0.3434,Ineficiente
447.26,False,4,Casa,4,2,238.0,2,6,413.32,29,15.4228,223.63,1.8792,0.0821,0.5,0.1353,Eficiente
196.37,False,6,Departamento,5,4,112.0,0,0,192.68,31,6.3345,49.0925,1.7533,0.0192,0.0,0.101,Eficiente
767.5,False,10,Casa,2,6,276.0,7,2,618.0,31,24.7581,127.9167,2.7808,0.2419,0.7,0.2397,Moderado
343.26,False,5,Casa,0,6,128.0,0,0,287.65,29,11.8366,57.21,2.6817,0.1933,0.0,0.0986,Eficiente
691.95,True,3,Casa,13,2,275.0,3,3,625.82,29,23.8603,345.975,2.5162,0.1057,1.0,0.2926,Moderado
947.28,False,12,Pequeno negocio,11,5,189.0,9,7,1149.0,30,31.576,189.456,5.0121,-0.1756,0.75,0.2913,Moderado
594.42,False,3,Casa,11,2,171.0,3,1,561.32,30,19.814,297.21,3.4761,0.059,1.0,0.1808,Eficiente
3297.45,True,25,Pequeno negocio,14,14,243.0,2,4,3307.95,29,113.7052,235.5321,13.5698,-0.0032,0.08,0.5595,Ineficiente
418.45,True,18,Casa,0,2,255.0,2,0,447.09,30,13.9483,209.225,1.641,-0.0641,0.1111,0.0878,Eficiente
604.15,True,7,Departamento,5,1,126.0,7,10,632.92,29,20.8328,604.15,4.7948,-0.0455,1.0,0.281,Moderado
609.67,False,8,Departamento,11,5,75.0,6,4,1038.75,28,21.7739,121.934,8.1289,-0.4131,0.75,0.2126,Eficiente
624.22,True,19,Departamento,9,7,58.0,5,12,609.34,28,22.2936,89.1743,10.7624,0.0244,0.2632,0.3197,Ineficiente
343.57,True,3,Departamento,11,2,82.0,3,4,355.52,31,11.0829,171.785,4.1899,-0.0336,1.0,0.1973,Eficiente
264.24,False,10,Departamento,5,1,126.0,1,6,359.29,31,8.5239,264.24,2.0971,-0.2645,0.1,0.1025,Eficiente
2807.11,True,8,Pequeno negocio,1,3,203.0,4,6,3235.14,28,100.2539,935.7033,13.8281,-0.1323,0.5,0.3345,Ineficiente
302.59,True,4,Departamento,8,1,99.0,1,2,479.03,31,9.761,302.59,3.0565,-0.3683,0.25,0.1865,Eficiente
732.25,True,17,Casa,11,2,182.0,7,9,628.4,29,25.25,366.125,4.0234,0.1653,0.4118,0.3686,Ineficiente
559.7,False,12,Casa,11,2,200.0,2,11,427.15,28,19.9893,279.85,2.7985,0.3103,0.1667,0.2569,Moderado
350.01,False,9,Departamento,2,5,76.0,1,11,346.1,29,12.0693,70.002,4.6054,0.0113,0.1111,0.1571,Eficiente
366.05,False,15,Departamento,9,2,71.0,3,5,364.95,28,13.0732,183.025,5.1556,0.003,0.2,0.1498,Eficiente
433.95,True,3,Departamento,9,4,51.0,3,9,544.79,28,15.4982,108.4875,8.5088,-0.2035,1.0,0.2148,Eficiente
321.31,True,16,Departamento,4,3,108.0,2,5,287.16,28,11.4754,107.1033,2.9751,0.1189,0.125,0.1905,Eficiente
515.5,False,13,Casa,3,5,220.0,9,1,620.86,28,18.4107,103.1,2.3432,-0.1697,0.6923,0.1732,Eficiente
385.07,False,4,Departamento,2,5,76.0,4,9,435.81,29,13.2783,77.014,5.0667,-0.1164,1.0,0.0991,Eficiente
592.3,True,20,Departamento,1,5,74.0,9,5,866.1,31,19.1065,118.46,8.0041,-0.3161,0.45,0.2849,Moderado
672.63,True,12,Departamento,8,7,42.0,3,4,672.3,30,22.421,96.09,16.015,0.0005,0.25,0.2333,Moderado
392.37,True,4,Departamento,4,2,97.0,3,0,461.88,28,14.0132,196.185,4.0451,-0.1505,0.75,0.1121,Eficiente
540.32,False,6,Pequeno negocio,9,1,126.0,5,3,803.91,30,18.0107,540.32,4.2883,-0.3279,0.8333,0.175,Eficiente
564.94,True,19,Departamento,8,3,63.0,9,5,720.08,31,18.2239,188.3133,8.9673,-0.2154,0.4737,0.2997,Moderado
718.16,True,10,Pequeno negocio,8,1,191.0,5,9,567.53,28,25.6486,718.16,3.76,0.2654,0.5,0.3468,Ineficiente
1586.46,True,11,Casa,14,1,215.0,3,5,1407.45,28,56.6593,1586.46,7.3789,0.1272,0.2727,0.4714,Ineficiente
216.04,False,3,Departamento,1,3,101.0,3,2,193.12,29,7.4497,72.0133,2.139,0.1187,1.0,0.1015,Eficiente
1076.13,True,4,Departamento,0,7,60.0,1,5,1579.01,28,38.4332,153.7329,17.9355,-0.3185,0.25,0.1899,Eficiente
457.91,False,9,Departamento,5,6,82.0,9,0,445.16,30,15.2637,76.3183,5.5843,0.0286,1.0,0.1768,Eficiente
603.06,True,8,Casa,0,3,184.0,6,5,557.76,30,20.102,201.02,3.2775,0.0812,0.75,0.1746,Eficiente
1869.97,False,17,Departamento,11,1,58.0,4,6,1661.17,29,64.4817,1869.97,32.2409,0.1257,0.2353,0.457,Ineficiente
514.86,False,13,Casa,5,5,113.0,0,9,527.66,29,17.7538,102.972,4.5563,-0.0243,0.0,0.2242,Eficiente
818.11,True,28,Pequeno negocio,2,13,106.0,3,0,808.39,30,27.2703,62.9315,7.718,0.012,0.1071,0.2321,Moderado
732.91,True,17,Casa,1,3,101.0,5,8,709.22,30,24.4303,244.3033,7.2565,0.0334,0.2941,0.2558,Moderado
738.27,False,24,Casa,13,1,82.0,9,10,635.77,30,24.609,738.27,9.0033,0.1612,0.375,0.4304,Ineficiente
569.3,False,21,Departamento,5,3,124.0,4,10,627.85,28,20.3321,189.7667,4.5911,-0.0933,0.1905,0.2537,Moderado
1622.47,False,24,Casa,6,2,271.0,9,12,1587.75,30,54.0823,811.235,5.987,0.0219,0.375,0.3758,Ineficiente
500.52,True,13,Casa,2,1,174.0,5,8,385.51,30,16.684,500.52,2.8766,0.2983,0.3846,0.3207,Ineficiente
649.0,False,10,Departamento,11,5,129.0,7,12,634.02,30,21.6333,129.8,5.031,0.0236,0.7,0.2585,Moderado
388.88,False,4,Departamento,11,7,53.0,0,4,393.84,29,13.4097,55.5543,7.3374,-0.0126,0.0,0.1644,Eficiente
626.76,True,17,Casa,5,1,127.0,7,1,489.2,31,20.2181,626.76,4.9351,0.2812,0.4118,0.2731,Moderado
480.98,True,12,Departamento,12,1,90.0,2,0,480.92,28,17.1779,480.98,5.3442,0.0001,0.1667,0.2633,Moderado
333.3,False,16,Departamento,5,1,65.0,4,12,285.68,30,11.11,333.3,5.1277,0.1667,0.25,0.2587,Moderado
457.53,True,9,Departamento,13,4,109.0,3,1,377.81,28,16.3404,114.3825,4.1975,0.211,0.3333,0.2564,Moderado
663.76,True,6,Casa,14,6,187.0,5,1,710.25,31,21.4116,110.6267,3.5495,-0.0655,0.8333,0.2707,Moderado
667.61,False,18,Casa,6,3,241.0,6,9,629.83,31,21.5358,222.5367,2.7702,0.06,0.3333,0.2652,Moderado
2511.89,False,17,Pequeno negocio,8,15,194.0,3,4,2549.43,30,83.7297,167.4593,12.9479,-0.0147,0.1765,0.3318,Ineficiente
344.71,False,14,Departamento,12,1,123.0,0,6,415.79,30,11.4903,344.71,2.8025,-0.171,0.0,0.1746,Eficiente
713.03,False,24,Casa,1,5,235.0,6,1,853.6,28,25.4654,142.606,3.0342,-0.1647,0.25,0.246,Moderado
967.08,True,17,Pequeno negocio,7,8,182.0,4,5,882.3,28,34.5386,120.885,5.3136,0.0961,0.2353,0.2984,Moderado
1152.55,False,5,Casa,14,3,199.0,5,10,1054.54,28,41.1625,384.1833,5.7917,0.0929,1.0,0.3313,Ineficiente
540.39,True,18,Departamento,3,2,77.0,6,7,499.62,28,19.2996,270.195,7.0181,0.0816,0.3333,0.2377,Moderado
565.21,False,15,Departamento,5,7,121.0,3,2,576.42,29,19.49,80.7443,4.6712,-0.0194,0.2,0.1836,Eficiente
1082.95,True,29,Pequeno negocio,12,14,165.0,0,1,1284.47,28,38.6768,77.3536,6.5633,-0.1569,0.0,0.2588,Moderado
876.55,True,28,Pequeno negocio,10,2,207.0,5,8,671.58,31,28.2758,438.275,4.2345,0.3052,0.1786,0.4314,Ineficiente
2024.07,True,23,Casa,7,6,207.0,7,9,2320.61,30,67.469,337.345,9.7781,-0.1278,0.3043,0.416,Ineficiente
455.47,True,6,Departamento,1,1,111.0,6,9,430.13,30,15.1823,455.47,4.1033,0.0589,1.0,0.2201,Eficiente
582.48,True,20,Casa,2,2,208.0,3,1,656.19,30,19.416,291.24,2.8004,-0.1123,0.15,0.2082,Eficiente
652.93,True,14,Departamento,12,7,63.0,2,4,707.53,28,23.3189,93.2757,10.364,-0.0772,0.1429,0.3036,Moderado
1370.63,False,20,Departamento,7,7,112.0,0,0,1497.43,29,47.2631,195.8043,12.2378,-0.0847,0.0,0.2129,Eficiente
848.9,True,23,Casa,14,3,295.0,6,10,849.82,28,30.3179,282.9667,2.8776,-0.0011,0.2609,0.3766,Ineficiente
279.76,False,6,Casa,1,2,211.0,2,3,261.94,28,9.9914,139.88,1.3259,0.068,0.3333,0.123,Eficiente
466.67,False,5,Casa,5,3,84.0,5,4,419.94,29,16.0921,155.5567,5.5556,0.1113,1.0,0.182,Eficiente
587.18,True,3,Casa,1,7,108.0,3,7,761.46,29,20.2476,83.8829,5.4369,-0.2289,1.0,0.2131,Eficiente
336.57,True,7,Casa,2,5,74.0,0,1,434.55,29,11.6059,67.314,4.5482,-0.2255,0.0,0.1727,Eficiente
1157.24,False,25,Pequeno negocio,0,15,215.0,6,10,1253.4,30,38.5747,77.1493,5.3825,-0.0767,0.24,0.2011,Eficiente
456.09,True,8,Departamento,8,6,40.0,2,5,463.95,30,15.203,76.015,11.4022,-0.0169,0.25,0.2205,Eficiente
588.55,True,21,Departamento,3,2,39.0,8,7,673.69,29,20.2948,294.275,15.091,-0.1264,0.381,0.3915,Ineficiente
815.72,False,32,Pequeno negocio,2,15,176.0,0,9,785.81,28,29.1329,54.3813,4.6348,0.0381,0.0,0.2379,Moderado
452.61,False,10,Departamento,13,4,97.0,3,8,464.95,29,15.6072,113.1525,4.6661,-0.0265,0.3,0.2663,Moderado
553.62,False,15,Casa,6,3,164.0,0,0,638.23,29,19.0903,184.54,3.3757,-0.1326,0.0,0.1494,Eficiente
964.91,False,35,Pequeno negocio,8,7,213.0,6,1,858.7,28,34.4611,137.8443,4.5301,0.1237,0.1714,0.3182,Ineficiente
673.64,False,14,Departamento,9,2,118.0,4,10,634.63,30,22.4547,336.82,5.7088,0.0615,0.2857,0.1848,Eficiente
587.17,True,9,Departamento,6,7,96.0,5,11,564.94,29,20.2472,83.8814,6.1164,0.0393,0.5556,0.2975,Moderado
843.41,True,23,Pequeno negocio,2,8,137.0,7,3,895.69,31,27.2068,105.4262,6.1563,-0.0584,0.3043,0.3329,Ineficiente
524.85,False,8,Departamento,7,3,46.0,8,0,590.47,28,18.7446,174.95,11.4098,-0.1111,1.0,0.1676,Eficiente
1123.19,False,24,Departamento,14,7,41.0,3,8,967.31,31,36.2319,160.4557,27.3949,0.1611,0.125,0.3355,Ineficiente
1318.86,False,27,Pequeno negocio,10,15,165.0,5,12,1316.74,29,45.4779,87.924,7.9931,0.0016,0.1852,0.3431,Ineficiente
541.37,True,7,Departamento,10,3,90.0,6,1,668.64,29,18.6679,180.4567,6.0152,-0.1903,0.8571,0.1919,Eficiente
1198.32,False,26,Pequeno negocio,8,12,37.0,8,1,1079.81,29,41.3214,99.86,32.387,0.1098,0.3077,0.3295,Ineficiente
698.74,False,20,Casa,5,7,152.0,1,5,534.2,29,24.0945,99.82,4.597,0.308,0.05,0.1756,Eficiente
754.05,True,21,Casa,7,6,225.0,5,8,858.16,28,26.9304,125.675,3.3513,-0.1213,0.2381,0.3152,Ineficiente
436.16,True,11,Departamento,6,2,123.0,8,6,435.14,31,14.0697,218.08,3.546,0.0023,0.7273,0.2874,Moderado
721.12,False,15,Casa,8,7,118.0,2,6,736.93,29,24.8662,103.0171,6.1112,-0.0215,0.1333,0.2017,Eficiente
980.33,False,33,Pequeno negocio,12,5,232.0,3,6,891.16,31,31.6235,196.066,4.2256,0.1001,0.0909,0.3102,Ineficiente
478.57,True,8,Casa,0,3,111.0,4,12,482.88,31,15.4377,159.5233,4.3114,-0.0089,0.5,0.2216,Eficiente
605.56,True,8,Departamento,7,7,99.0,7,3,664.41,30,20.1853,86.5086,6.1168,-0.0886,0.875,0.2934,Moderado
512.68,False,9,Casa,3,4,98.0,6,1,466.85,29,17.6786,128.17,5.2314,0.0982,0.6667,0.1555,Eficiente
726.1,True,25,Pequeno negocio,14,1,201.0,1,6,685.52,30,24.2033,726.1,3.6124,0.0592,0.04,0.359,Ineficiente
559.28,True,18,Casa,2,2,172.0,2,6,466.99,29,19.2855,279.64,3.2516,0.1976,0.1111,0.2921,Moderado
479.96,True,22,Casa,0,1,177.0,8,3,401.3,30,15.9987,479.96,2.7116,0.196,0.3636,0.2567,Moderado
813.42,False,15,Casa,10,4,67.0,6,12,840.87,31,26.2394,203.355,12.1406,-0.0326,0.4,0.3404,Ineficiente
393.48,True,13,Departamento,4,3,97.0,5,2,348.84,30,13.116,131.16,4.0565,0.128,0.3846,0.2245,Eficiente
1001.37,True,8,Pequeno negocio,3,13,245.0,4,1,893.64,29,34.53,77.0285,4.0872,0.1206,0.5,0.292,Moderado
1706.92,True,14,Pequeno negocio,7,5,230.0,9,1,1457.26,31,55.0619,341.384,7.4214,0.1713,0.6429,0.2817,Moderado
1251.6,False,12,Casa,13,6,109.0,8,12,1229.91,28,44.7,208.6,11.4826,0.0176,0.6667,0.3352,Ineficiente
326.73,False,3,Departamento,2,5,67.0,3,11,427.86,30,10.891,65.346,4.8766,-0.2364,1.0,0.1334,Eficiente
798.7,False,14,Casa,8,7,230.0,3,12,959.48,31,25.7645,114.1,3.4726,-0.1676,0.2143,0.2414,Moderado
440.45,True,4,Departamento,5,7,74.0,4,1,479.2,30,14.6817,62.9214,5.952,-0.0809,1.0,0.2153,Eficiente
359.07,False,16,Departamento,2,7,67.0,3,0,395.11,29,12.3817,51.2957,5.3593,-0.0912,0.1875,0.1247,Eficiente
674.48,False,23,Casa,7,3,77.0,4,5,609.56,31,21.7574,224.8267,8.7595,0.1065,0.1739,0.3049,Moderado
699.74,True,20,Departamento,14,5,109.0,9,6,662.11,28,24.9907,139.948,6.4196,0.0568,0.45,0.4175,Ineficiente
618.52,False,16,Pequeno negocio,3,4,129.0,1,3,596.64,31,19.9523,154.63,4.7947,0.0367,0.0625,0.1249,Eficiente
821.27,True,13,Casa,3,4,217.0,7,8,801.88,29,28.3197,205.3175,3.7847,0.0242,0.5385,0.327,Ineficiente
496.95,True,13,Casa,2,2,60.0,6,8,547.8,29,17.1362,248.475,8.2825,-0.0928,0.4615,0.2633,Moderado
588.67,False,14,Casa,9,2,239.0,3,8,464.95,29,20.299,294.335,2.4631,0.2661,0.2143,0.2806,Moderado
866.59,True,7,Casa,4,4,146.0,1,4,835.65,31,27.9545,216.6475,5.9355,0.037,0.1429,0.2618,Moderado
599.36,False,24,Casa,8,1,175.0,8,0,588.28,29,20.6676,599.36,3.4249,0.0188,0.3333,0.2214,Eficiente
284.71,True,3,Departamento,1,4,49.0,3,3,287.69,29,9.8176,71.1775,5.8104,-0.0104,1.0,0.0955,Eficiente
1243.39,False,24,Casa,10,3,112.0,8,2,1552.54,30,41.4463,414.4633,11.1017,-0.1991,0.3333,0.34,Ineficiente
522.06,False,24,Departamento,2,2,127.0,3,12,442.93,28,18.645,261.03,4.1107,0.1787,0.125,0.1554,Eficiente
1165.52,True,30,Pequeno negocio,1,9,164.0,9,10,1060.18,29,40.1903,129.5022,7.1068,0.0994,0.3,0.3637,Ineficiente
1024.38,False,25,Pequeno negocio,0,9,212.0,7,12,780.29,28,36.585,113.82,4.832,0.3128,0.28,0.3027,Moderado
554.97,True,23,Departamento,11,5,113.0,2,9,499.8,30,18.499,110.994,4.9112,0.1104,0.087,0.3075,Ineficiente
459.91,True,8,Casa,14,1,203.0,4,1,413.72,28,16.4254,459.91,2.2656,0.1116,0.5,0.3347,Ineficiente
556.1,True,8,Casa,6,4,113.0,3,5,603.65,30,18.5367,139.025,4.9212,-0.0788,0.375,0.2283,Moderado
676.94,False,18,Casa,2,5,193.0,5,9,645.45,29,23.3428,135.388,3.5075,0.0488,0.2778,0.3053,Ineficiente
1178.03,False,27,Pequeno negocio,12,15,181.0,1,0,1080.71,28,42.0725,78.5353,6.5085,0.0901,0.037,0.234,Moderado
931.72,False,36,Pequeno negocio,0,13,37.0,7,11,1312.82,31,30.0555,71.6708,25.1816,-0.2903,0.1944,0.3164,Ineficiente
849.77,True,13,Casa,4,1,108.0,4,11,667.39,29,29.3024,849.77,7.8682,0.2733,0.3077,0.36,Ineficiente
660.69,False,5,Casa,14,1,184.0,5,12,614.53,29,22.7824,660.69,3.5907,0.0751,1.0,0.3014,Moderado
376.09,False,8,Departamento,5,3,112.0,6,3,318.12,28,13.4318,125.3633,3.3579,0.1822,0.75,0.2097,Eficiente
697.46,False,20,Casa,11,5,295.0,6,3,596.6,31,22.4987,139.492,2.3643,0.1691,0.3,0.2826,Moderado
648.3,False,17,Pequeno negocio,5,1,220.0,7,8,758.59,31,20.9129,648.3,2.9468,-0.1454,0.4118,0.2078,Eficiente
1037.29,True,10,Casa,4,5,166.0,6,10,1168.53,28,37.0461,207.458,6.2487,-0.1123,0.6,0.2935,Moderado
421.12,False,7,Casa,4,3,174.0,5,3,430.57,29,14.5214,140.3733,2.4202,-0.0219,0.7143,0.2185,Eficiente
709.08,False,17,Casa,13,4,269.0,5,4,743.47,28,25.3243,177.27,2.636,-0.0463,0.2941,0.3277,Ineficiente
1116.51,True,8,Casa,6,1,133.0,6,4,1066.31,30,37.217,1116.51,8.3948,0.0471,0.75,0.2979,Moderado
865.1,False,5,Casa,13,6,151.0,5,8,753.44,28,30.8964,144.1833,5.7291,0.1482,1.0,0.2829,Moderado
1179.93,True,36,Pequeno negocio,14,14,38.0,4,1,1577.03,29,40.6872,84.2807,31.0508,-0.2518,0.1111,0.4459,Ineficiente
681.14,False,22,Casa,11,4,209.0,3,6,713.32,30,22.7047,170.285,3.259,-0.0451,0.1364,0.216,Eficiente
367.91,True,9,Departamento,4,4,47.0,2,3,322.11,31,11.8681,91.9775,7.8279,0.1422,0.2222,0.2086,Eficiente
481.71,False,18,Casa,8,3,175.0,1,9,634.16,31,15.539,160.57,2.7526,-0.2404,0.0556,0.1622,Eficiente
607.65,True,12,Casa,5,2,123.0,6,9,557.02,29,20.9534,303.825,4.9402,0.0909,0.5,0.3283,Ineficiente
1238.27,False,24,Casa,8,7,225.0,7,11,1064.78,28,44.2239,176.8957,5.5034,0.1629,0.2917,0.3579,Ineficiente
548.05,True,16,Casa,10,1,126.0,3,4,642.74,30,18.2683,548.05,4.3496,-0.1473,0.1875,0.2526,Moderado
866.37,True,14,Casa,14,7,275.0,5,1,828.62,29,29.8748,123.7671,3.1504,0.0456,0.3571,0.3049,Moderado
590.61,True,8,Casa,11,1,209.0,3,3,534.2,29,20.3659,590.61,2.8259,0.1056,0.375,0.3217,Ineficiente
886.23,True,19,Pequeno negocio,6,1,185.0,9,2,826.28,31,28.5881,886.23,4.7904,0.0726,0.4737,0.3495,Ineficiente
463.59,False,4,Departamento,13,7,42.0,4,0,416.53,29,15.9859,66.2271,11.0379,0.113,1.0,0.1831,Eficiente
1541.35,True,29,Pequeno negocio,12,11,48.0,9,7,1457.56,30,51.3783,140.1227,32.1115,0.0575,0.3103,0.5032,Ineficiente
782.28,True,8,Casa,4,7,206.0,8,8,748.12,30,26.076,111.7543,3.7975,0.0457,1.0,0.2935,Moderado
504.96,False,14,Departamento,1,6,124.0,8,4,484.79,29,17.4124,84.16,4.0723,0.0416,0.5714,0.195,Eficiente
576.84,False,24,Departamento,6,4,118.0,5,3,499.74,31,18.6077,144.21,4.8885,0.1543,0.2083,0.2326,Moderado
1411.83,True,5,Casa,10,1,249.0,5,7,1540.61,29,48.6838,1411.83,5.67,-0.0836,1.0,0.3798,Ineficiente
465.93,True,4,Casa,3,5,82.0,3,1,418.12,30,15.531,93.186,5.6821,0.1143,0.75,0.2102,Eficiente
718.19,False,20,Departamento,14,4,109.0,7,10,888.62,30,23.9397,179.5475,6.5889,-0.1918,0.35,0.291,Moderado
952.45,True,18,Departamento,14,6,47.0,3,3,1199.29,31,30.7242,158.7417,20.2649,-0.2058,0.1667,0.3024,Moderado
276.15,True,12,Departamento,0,1,62.0,3,9,447.62,29,9.5224,276.15,4.454,-0.3831,0.25,0.1833,Eficiente
587.69,True,7,Casa,5,1,273.0,7,8,640.64,28,20.9889,587.69,2.1527,-0.0827,1.0,0.2753,Moderado
859.68,False,10,Pequeno negocio,3,12,125.0,0,9,997.35,30,28.656,71.64,6.8774,-0.138,0.0,0.1553,Eficiente
612.77,True,8,Casa,13,6,200.0,1,6,631.18,28,21.8846,102.1283,3.0638,-0.0292,0.125,0.2351,Moderado
923.87,False,8,Pequeno negocio,11,13,44.0,7,2,906.17,31,29.8023,71.0669,20.997,0.0195,0.875,0.296,Moderado
1070.24,True,19,Pequeno negocio,10,14,173.0,6,0,1203.57,31,34.5239,76.4457,6.1864,-0.1108,0.3158,0.2787,Moderado
1203.79,False,26,Pequeno negocio,11,13,210.0,7,0,1075.43,28,42.9925,92.5992,5.7323,0.1194,0.2692,0.3598,Ineficiente
593.46,True,17,Departamento,11,4,73.0,4,1,552.09,28,21.195,148.365,8.1296,0.0749,0.2353,0.3373,Ineficiente
648.63,False,15,Casa,11,4,130.0,0,11,786.49,30,21.621,162.1575,4.9895,-0.1753,0.0,0.2725,Moderado
467.16,True,5,Departamento,10,5,54.0,2,1,675.6,30,15.572,93.432,8.6511,-0.3085,0.4,0.2673,Moderado
515.21,True,16,Departamento,14,2,104.0,8,5,520.76,31,16.6197,257.605,4.9539,-0.0107,0.5,0.3398,Ineficiente
527.48,True,18,Departamento,8,3,89.0,6,6,622.0,28,18.8386,175.8267,5.9267,-0.152,0.3333,0.3339,Ineficiente
838.2,True,14,Casa,1,4,252.0,8,8,727.04,28,29.9357,209.55,3.3262,0.1529,0.5714,0.2731,Moderado
1864.15,True,16,Casa,6,6,170.0,0,1,1720.08,29,64.281,310.6917,10.9656,0.0838,0.0,0.2468,Moderado
703.14,True,16,Casa,10,6,265.0,3,0,766.8,28,25.1121,117.19,2.6534,-0.083,0.1875,0.2138,Eficiente
714.95,False,8,Departamento,13,6,118.0,6,10,676.86,31,23.0629,119.1583,6.0589,0.0563,0.75,0.2605,Moderado
466.18,True,12,Departamento,9,2,118.0,0,9,455.08,30,15.5393,233.09,3.9507,0.0244,0.0,0.1945,Eficiente
4587.44,True,11,Pequeno negocio,4,12,119.0,4,7,3973.39,30,152.9147,382.2867,38.5499,0.1545,0.3636,0.5812,Ineficiente
602.95,True,20,Departamento,3,4,91.0,8,1,677.62,30,20.0983,150.7375,6.6258,-0.1102,0.4,0.2562,Moderado
528.57,True,6,Departamento,12,7,86.0,1,9,377.85,30,17.619,75.51,6.1462,0.3989,0.1667,0.3382,Ineficiente
470.96,False,20,Casa,3,3,223.0,0,10,434.52,29,16.24,156.9867,2.1119,0.0839,0.0,0.2297,Moderado
695.73,True,16,Departamento,0,7,102.0,6,10,678.15,28,24.8475,99.39,6.8209,0.0259,0.375,0.2386,Moderado
487.25,False,14,Casa,9,6,205.0,2,0,450.76,31,15.7177,81.2083,2.3768,0.081,0.1429,0.1881,Eficiente
680.6,True,14,Casa,7,5,285.0,1,7,728.34,30,22.6867,136.12,2.3881,-0.0655,0.0714,0.1916,Eficiente
979.94,True,6,Casa,9,5,140.0,5,1,1001.97,28,34.9979,195.988,6.9996,-0.022,0.8333,0.2842,Moderado
709.17,False,17,Casa,6,6,180.0,6,4,828.33,28,25.3275,118.195,3.9398,-0.1439,0.3529,0.2393,Moderado
630.58,False,11,Casa,9,5,110.0,8,4,548.41,28,22.5207,126.116,5.7325,0.1498,0.7273,0.3239,Ineficiente
407.0,False,20,Departamento,5,5,53.0,1,1,419.5,31,13.129,81.4,7.6792,-0.0298,0.05,0.1567,Eficiente
677.34,True,21,Casa,6,3,272.0,7,2,683.74,28,24.1907,225.78,2.4902,-0.0094,0.3333,0.3233,Ineficiente
686.7,False,23,Casa,2,3,212.0,6,12,715.77,31,22.1516,228.9,3.2392,-0.0406,0.2609,0.2303,Moderado
860.27,False,23,Casa,10,5,94.0,6,12,892.6,31,27.7506,172.054,9.1518,-0.0362,0.2609,0.3793,Ineficiente
516.21,True,19,Departamento,8,6,90.0,2,6,579.92,28,18.4361,86.035,5.7357,-0.1099,0.1053,0.2793,Moderado
478.41,True,8,Departamento,4,5,51.0,8,5,492.49,28,17.0861,95.682,9.3806,-0.0286,1.0,0.2066,Eficiente
496.43,False,9,Casa,8,7,64.0,1,12,813.26,31,16.0139,70.9186,7.7567,-0.3896,0.1111,0.1328,Eficiente
957.36,True,23,Casa,3,5,209.0,6,6,808.78,30,31.912,191.472,4.5807,0.1837,0.2609,0.3205,Ineficiente
771.22,True,16,Pequeno negocio,11,10,180.0,1,5,803.96,31,24.8781,77.122,4.2846,-0.0407,0.0625,0.2803,Moderado
534.94,True,9,Departamento,8,5,57.0,6,0,586.9,31,17.2561,106.988,9.3849,-0.0885,0.6667,0.2295,Moderado
736.36,True,17,Departamento,9,5,78.0,4,1,637.41,28,26.2986,147.272,9.4405,0.1552,0.2353,0.3021,Moderado
579.96,True,23,Departamento,9,7,36.0,1,6,456.53,28,20.7129,82.8514,16.11,0.2704,0.0435,0.2372,Moderado
674.62,True,12,Pequeno negocio,12,5,127.0,1,4,842.95,31,21.7619,134.924,5.312,-0.1997,0.0833,0.2179,Eficiente
994.42,True,17,Pequeno negocio,12,15,94.0,4,0,833.79,28,35.515,66.2947,10.5789,0.1927,0.2353,0.2964,Moderado
455.53,True,10,Casa,4,2,77.0,3,9,559.96,31,14.6945,227.765,5.916,-0.1865,0.3,0.2592,Moderado
499.52,True,14,Departamento,6,1,111.0,4,8,490.53,31,16.1135,499.52,4.5002,0.0183,0.2857,0.251,Moderado
514.02,False,16,Casa,8,5,171.0,4,0,421.24,29,17.7248,102.804,3.006,0.2203,0.25,0.1475,Eficiente
878.37,False,23,Departamento,11,7,37.0,0,12,1031.99,29,30.2886,125.4814,23.7397,-0.1489,0.0,0.3113,Ineficiente
571.53,True,24,Casa,0,5,290.0,4,3,656.93,31,18.4365,114.306,1.9708,-0.13,0.1667,0.2482,Moderado
714.57,True,15,Casa,13,1,130.0,4,4,599.15,29,24.6403,714.57,5.4967,0.1926,0.2667,0.2994,Moderado
1046.51,False,38,Pequeno negocio,4,13,97.0,3,2,1751.62,28,37.3754,80.5008,10.7888,-0.4025,0.0789,0.2259,Eficiente
911.6,False,34,Pequeno negocio,6,9,95.0,2,10,750.87,30,30.3867,101.2889,9.5958,0.2141,0.0588,0.2502,Moderado
423.91,False,16,Casa,3,1,260.0,1,12,529.07,29,14.6176,423.91,1.6304,-0.1988,0.0625,0.1654,Eficiente
960.98,False,25,Pequeno negocio,8,7,164.0,0,12,915.51,30,32.0327,137.2829,5.8596,0.0497,0.0,0.2551,Moderado
665.69,True,22,Casa,4,4,79.0,6,1,834.78,31,21.4739,166.4225,8.4265,-0.2026,0.2727,0.3056,Ineficiente
829.07,True,5,Departamento,13,7,79.0,5,12,840.78,28,29.6096,118.4386,10.4946,-0.0139,1.0,0.3759,Ineficiente
881.45,True,31,Pequeno negocio,4,7,239.0,8,0,975.37,28,31.4804,125.9214,3.6881,-0.0963,0.2581,0.2878,Moderado
523.75,True,7,Casa,4,4,268.0,2,9,564.91,31,16.8952,130.9375,1.9543,-0.0729,0.2857,0.2219,Eficiente
469.47,False,5,Departamento,0,6,63.0,4,8,541.43,31,15.1442,78.245,7.4519,-0.1329,0.8,0.1166,Eficiente
449.17,True,7,Departamento,10,6,91.0,1,11,430.62,31,14.4894,74.8617,4.9359,0.0431,0.1429,0.2748,Moderado
1056.2,False,23,Casa,13,4,149.0,9,6,1138.0,28,37.7214,264.05,7.0886,-0.0719,0.3913,0.3554,Ineficiente
1221.81,False,16,Casa,8,6,60.0,7,4,1122.25,28,43.6361,203.635,20.3635,0.0887,0.4375,0.2938,Moderado
706.4,False,5,Casa,13,6,161.0,1,8,680.23,29,24.3586,117.7333,4.3876,0.0385,0.2,0.262,Moderado
1710.55,False,18,Departamento,6,4,51.0,8,7,1727.43,28,61.0911,427.6375,33.5402,-0.0098,0.4444,0.3598,Ineficiente
937.03,True,23,Casa,10,6,235.0,9,2,874.98,29,32.3114,156.1717,3.9874,0.0709,0.3913,0.4274,Ineficiente
875.97,True,21,Casa,12,3,76.0,6,8,865.89,30,29.199,291.99,11.5259,0.0116,0.2857,0.3595,Ineficiente
731.53,False,21,Departamento,11,3,91.0,9,8,1038.1,30,24.3843,243.8433,8.0388,-0.2953,0.4286,0.3312,Ineficiente
399.51,True,22,Casa,2,1,102.0,1,2,378.64,29,13.7762,399.51,3.9168,0.0551,0.0455,0.182,Eficiente
665.44,False,19,Casa,14,5,171.0,2,8,722.6,29,22.9462,133.088,3.8915,-0.0791,0.1053,0.2892,Moderado
437.09,True,22,Departamento,0,2,128.0,6,4,514.45,29,15.0721,218.545,3.4148,-0.1504,0.2727,0.288,Moderado
488.56,False,20,Departamento,1,6,119.0,5,6,597.83,30,16.2853,81.4267,4.1055,-0.1828,0.25,0.2013,Eficiente
751.32,True,18,Casa,3,7,262.0,7,4,862.2,28,26.8329,107.3314,2.8676,-0.1286,0.3889,0.3217,Ineficiente
1294.03,False,32,Pequeno negocio,10,11,204.0,9,8,1190.9,28,46.2154,117.6391,6.3433,0.0866,0.2812,0.3497,Ineficiente
343.02,False,23,Departamento,13,2,116.0,2,0,491.71,30,11.434,171.51,2.9571,-0.3024,0.087,0.2257,Eficiente
517.7,True,4,Casa,8,5,267.0,4,2,476.94,30,17.2567,103.54,1.939,0.0855,1.0,0.2221,Eficiente
521.0,False,9,Departamento,5,6,91.0,1,5,657.51,28,18.6071,86.8333,5.7253,-0.2076,0.1111,0.096,Eficiente
558.55,False,18,Departamento,6,4,128.0,4,8,560.51,30,18.6183,139.6375,4.3637,-0.0035,0.2222,0.2244,Eficiente
2001.81,True,18,Departamento,10,4,117.0,4,10,1569.47,29,69.0279,500.4525,17.1095,0.2755,0.2222,0.487,Ineficiente
727.33,False,22,Departamento,3,4,44.0,8,2,690.83,31,23.4623,181.8325,16.5302,0.0528,0.3636,0.2547,Moderado
441.55,False,4,Departamento,3,3,45.0,4,8,480.98,30,14.7183,147.1833,9.8122,-0.082,1.0,0.1822,Eficiente
1348.68,True,17,Pequeno negocio,4,11,122.0,8,12,1818.25,29,46.5062,122.6073,11.0548,-0.2583,0.4706,0.3083,Ineficiente
557.67,True,5,Departamento,7,7,105.0,1,8,536.41,31,17.9894,79.6671,5.3111,0.0396,0.2,0.2539,Moderado
1538.39,False,26,Pequeno negocio,11,14,191.0,9,0,1752.91,30,51.2797,109.885,8.0544,-0.1224,0.3462,0.3405,Ineficiente
583.21,False,7,Departamento,7,1,94.0,1,7,655.66,28,20.8289,583.21,6.2044,-0.1105,0.1429,0.1847,Eficiente
805.76,True,38,Pequeno negocio,1,1,124.0,5,4,609.71,30,26.8587,805.76,6.4981,0.3215,0.1316,0.3709,Ineficiente
1714.58,True,38,Pequeno negocio,3,10,163.0,4,0,1740.7,30,57.1527,171.458,10.5189,-0.015,0.1053,0.4229,Ineficiente
232.74,True,3,Casa,0,2,86.0,0,5,272.65,31,7.5077,116.37,2.7063,-0.1464,0.0,0.1621,Eficiente
723.91,True,24,Casa,5,4,180.0,5,0,757.71,28,25.8539,180.9775,4.0217,-0.0446,0.2083,0.2346,Moderado
631.61,True,14,Departamento,7,7,39.0,8,1,732.27,31,20.3745,90.23,16.1951,-0.1375,0.5714,0.2954,Moderado
449.05,True,13,Casa,3,1,63.0,5,2,470.78,29,15.4845,449.05,7.1278,-0.0462,0.3846,0.2207,Eficiente
374.46,True,11,Departamento,0,2,65.0,7,2,409.32,30,12.482,187.23,5.7609,-0.0852,0.6364,0.2049,Eficiente
507.36,False,22,Departamento,1,2,73.0,9,11,490.5,28,18.12,253.68,6.9501,0.0344,0.4091,0.2522,Moderado
1241.28,False,29,Pequeno negocio,10,15,224.0,3,3,1324.16,28,44.3314,82.752,5.5414,-0.0626,0.1034,0.2935,Moderado
440.06,False,13,Casa,6,5,140.0,0,11,361.67,31,14.1955,88.012,3.1433,0.2167,0.0,0.2515,Moderado
1099.5,True,5,Departamento,14,2,92.0,5,2,947.71,30,36.65,549.75,11.9511,0.1602,1.0,0.3045,Moderado
631.12,True,18,Casa,8,1,171.0,7,7,724.11,29,21.7628,631.12,3.6908,-0.1284,0.3889,0.3162,Ineficiente
227.87,False,7,Departamento,4,1,82.0,1,4,249.4,28,8.1382,227.87,2.7789,-0.0863,0.1429,0.1089,Eficiente
281.44,False,10,Casa,1,6,60.0,3,5,325.6,31,9.0787,46.9067,4.6907,-0.1356,0.3,0.0915,Eficiente
448.14,True,17,Departamento,11,1,67.0,3,6,441.84,28,16.005,448.14,6.6887,0.0143,0.1765,0.2885,Moderado
1570.38,False,23,Departamento,5,5,91.0,7,12,1404.23,28,56.085,314.076,17.2569,0.1183,0.3043,0.3215,Ineficiente
559.06,True,7,Departamento,8,5,91.0,7,9,578.51,28,19.9664,111.812,6.1435,-0.0336,1.0,0.3217,Ineficiente
251.27,True,3,Departamento,6,1,47.0,3,0,209.04,30,8.3757,251.27,5.3462,0.202,1.0,0.1498,Eficiente
567.32,False,12,Casa,1,4,80.0,2,12,513.51,29,19.5628,141.83,7.0915,0.1048,0.1667,0.263,Moderado
786.34,True,18,Casa,13,3,203.0,6,1,713.02,30,26.2113,262.1133,3.8736,0.1028,0.3333,0.3332,Ineficiente
528.52,True,17,Casa,1,4,276.0,2,6,437.96,28,18.8757,132.13,1.9149,0.2068,0.1176,0.1932,Eficiente
1208.2,False,19,Pequeno negocio,9,2,153.0,6,8,1168.92,30,40.2733,604.1,7.8967,0.0336,0.3158,0.2932,Moderado
1292.31,True,12,Pequeno negocio,2,13,229.0,9,7,1212.07,31,41.6874,99.4085,5.6433,0.0662,0.75,0.3356,Ineficiente
904.04,False,20,Casa,14,6,156.0,6,7,858.23,31,29.1626,150.6733,5.7951,0.0534,0.3,0.3168,Ineficiente
770.59,True,20,Casa,4,1,194.0,7,9,780.54,31,24.8577,770.59,3.9721,-0.0127,0.35,0.4088,Ineficiente
720.71,False,21,Casa,7,4,209.0,7,12,804.54,31,23.2487,180.1775,3.4484,-0.1042,0.3333,0.2722,Moderado
478.93,True,22,Departamento,1,5,76.0,4,2,417.56,31,15.4494,95.786,6.3017,0.147,0.1818,0.2719,Moderado
612.34,False,9,Casa,12,1,217.0,1,10,672.56,31,19.7529,612.34,2.8218,-0.0895,0.1111,0.2322,Moderado
1076.79,True,9,Casa,3,6,142.0,9,0,1098.23,31,34.7352,179.465,7.583,-0.0195,1.0,0.2438,Moderado
365.5,False,12,Casa,1,4,67.0,3,12,311.98,28,13.0536,91.375,5.4552,0.1715,0.25,0.2128,Eficiente
630.02,False,10,Casa,4,3,281.0,8,5,490.73,28,22.5007,210.0067,2.2421,0.2838,0.8,0.2923,Moderado
919.13,True,5,Casa,8,4,188.0,5,9,722.89,31,29.6494,229.7825,4.889,0.2715,1.0,0.2749,Moderado
548.0,False,10,Casa,4,5,133.0,6,3,497.09,29,18.8966,109.6,4.1203,0.1024,0.6,0.1419,Eficiente
491.47,True,11,Departamento,5,5,87.0,5,12,473.65,31,15.8539,98.294,5.6491,0.0376,0.4545,0.2652,Moderado
359.26,True,19,Departamento,1,6,122.0,2,6,313.17,30,11.9753,59.8767,2.9448,0.1472,0.1053,0.1076,Eficiente
524.27,True,3,Casa,10,1,109.0,1,8,576.93,29,18.0783,524.27,4.8098,-0.0913,0.3333,0.2493,Moderado
639.51,False,19,Departamento,5,6,66.0,8,2,636.42,30,21.317,106.585,9.6895,0.0049,0.4211,0.2037,Eficiente
1537.0,True,20,Departamento,13,1,78.0,9,6,1216.54,29,53.0,1537.0,19.7051,0.2634,0.45,0.5043,Ineficiente
1147.33,False,5,Departamento,6,5,89.0,5,9,1120.18,28,40.9761,229.466,12.8913,0.0242,1.0,0.2498,Moderado
1395.55,False,33,Pequeno negocio,10,8,226.0,9,7,1380.29,29,48.1224,174.4438,6.175,0.0111,0.2727,0.4427,Ineficiente
436.66,True,18,Casa,4,1,105.0,2,2,439.56,30,14.5553,436.66,4.1587,-0.0066,0.1111,0.2351,Moderado
954.83,True,7,Pequeno negocio,1,11,119.0,5,11,779.81,30,31.8277,86.8027,8.0238,0.2244,0.7143,0.3456,Ineficiente
528.95,False,19,Departamento,9,4,54.0,1,3,507.16,29,18.2397,132.2375,9.7954,0.043,0.0526,0.2474,Moderado
609.06,True,20,Departamento,9,5,80.0,5,1,693.07,28,21.7521,121.812,7.6132,-0.1212,0.25,0.2928,Moderado
867.19,True,11,Casa,14,3,76.0,8,8,923.08,28,30.9711,289.0633,11.4104,-0.0605,0.7273,0.4508,Ineficiente
804.46,True,14,Casa,11,2,286.0,2,7,783.96,28,28.7307,402.23,2.8128,0.0261,0.1429,0.3211,Ineficiente
1920.11,True,16,Casa,9,5,132.0,4,6,2317.15,30,64.0037,384.022,14.5463,-0.1713,0.25,0.3737,Ineficiente
440.13,False,7,Pequeno negocio,0,2,189.0,5,5,445.44,29,15.1769,220.065,2.3287,-0.0119,0.7143,0.1683,Eficiente
570.94,True,4,Departamento,12,6,66.0,4,0,622.3,30,19.0313,95.1567,8.6506,-0.0825,1.0,0.3315,Ineficiente
943.05,False,18,Casa,2,5,194.0,9,8,1186.06,30,31.435,188.61,4.8611,-0.2049,0.5,0.2609,Moderado
592.47,False,8,Departamento,10,7,74.0,4,2,567.31,31,19.1119,84.6386,8.0064,0.0443,0.5,0.209,Eficiente
409.56,False,9,Casa,10,1,130.0,2,7,368.13,28,14.6271,409.56,3.1505,0.1125,0.2222,0.1585,Eficiente
633.25,False,5,Casa,12,5,163.0,3,11,541.74,31,20.4274,126.65,3.885,0.1689,0.6,0.2678,Moderado
347.15,True,13,Departamento,4,4,41.0,3,5,347.71,31,11.1984,86.7875,8.4671,-0.0016,0.2308,0.1842,Eficiente
593.74,True,15,Departamento,7,7,101.0,3,7,632.53,29,20.4738,84.82,5.8786,-0.0613,0.2,0.1984,Eficiente
646.9,True,22,Departamento,0,3,88.0,8,8,667.73,30,21.5633,215.6333,7.3511,-0.0312,0.3636,0.2815,Moderado
603.63,False,13,Departamento,5,7,97.0,5,7,481.24,31,19.4719,86.2329,6.223,0.2543,0.3846,0.2874,Moderado
489.84,False,11,Departamento,13,2,125.0,3,6,566.79,28,17.4943,244.92,3.9187,-0.1358,0.2727,0.2645,Moderado
397.36,True,9,Pequeno negocio,3,2,192.0,1,5,401.28,31,12.8181,198.68,2.0696,-0.0098,0.1111,0.2086,Eficiente
775.36,False,9,Casa,14,4,128.0,9,2,868.94,30,25.8453,193.84,6.0575,-0.1077,1.0,0.3252,Ineficiente
334.57,True,3,Departamento,0,7,88.0,1,8,292.79,30,11.1523,47.7957,3.8019,0.1427,0.3333,0.0997,Eficiente
414.77,False,3,Departamento,5,2,55.0,3,8,450.37,29,14.3024,207.385,7.5413,-0.079,1.0,0.1371,Eficiente
637.91,True,21,Casa,5,2,286.0,6,5,843.51,31,20.5777,318.955,2.2305,-0.2437,0.2857,0.2822,Moderado
629.77,True,18,Casa,14,4,243.0,0,0,676.2,31,20.3152,157.4425,2.5916,-0.0687,0.0,0.2222,Eficiente
489.93,True,6,Casa,8,4,161.0,3,0,476.52,31,15.8042,122.4825,3.043,0.0281,0.5,0.2252,Eficiente
920.0,False,7,Casa,12,2,282.0,7,10,813.62,31,29.6774,460.0,3.2624,0.1307,1.0,0.3013,Moderado
477.92,False,21,Departamento,12,5,82.0,0,1,411.74,30,15.9307,95.584,5.8283,0.1607,0.0,0.2771,Moderado
1037.73,True,17,Casa,8,3,113.0,2,11,1197.7,30,34.591,345.91,9.1835,-0.1336,0.1176,0.2541,Moderado
383.42,True,13,Departamento,10,2,35.0,0,0,410.05,29,13.2214,191.71,10.9549,-0.0649,0.0,0.1525,Eficiente
897.64,True,11,Casa,11,4,272.0,6,1,911.89,28,32.0586,224.41,3.3001,-0.0156,0.5455,0.3368,Ineficiente
586.71,True,11,Casa,7,5,273.0,0,2,597.12,28,20.9539,117.342,2.1491,-0.0174,0.0,0.2062,Eficiente
407.36,False,20,Casa,14,1,263.0,0,3,536.79,29,14.0469,407.36,1.5489,-0.2411,0.0,0.2554,Moderado
1640.3,True,7,Casa,6,7,170.0,4,4,1673.7,30,54.6767,234.3286,9.6488,-0.02,0.5714,0.261,Moderado
972.87,True,14,Pequeno negocio,10,13,211.0,7,1,1100.96,30,32.429,74.8362,4.6108,-0.1163,0.5,0.3721,Ineficiente
936.25,True,8,Casa,5,2,244.0,8,1,852.86,29,32.2845,468.125,3.8371,0.0978,1.0,0.3183,Ineficiente
740.26,False,8,Casa,5,6,237.0,2,10,593.56,29,25.5262,123.3767,3.1235,0.2472,0.25,0.2029,Eficiente
792.18,True,11,Casa,5,6,204.0,5,12,729.68,29,27.3166,132.03,3.8832,0.0857,0.4545,0.294,Moderado
2524.73,True,20,Casa,2,7,124.0,8,0,2691.74,31,81.4429,360.6757,20.3607,-0.062,0.4,0.3699,Ineficiente
550.31,True,3,Departamento,12,6,51.0,3,8,561.76,31,17.7519,91.7183,10.7904,-0.0204,1.0,0.2439,Moderado
366.75,False,6,Departamento,6,2,73.0,6,7,295.58,29,12.6466,183.375,5.024,0.2408,1.0,0.2103,Eficiente
509.13,False,11,Casa,10,2,272.0,0,8,678.69,30,16.971,254.565,1.8718,-0.2498,0.0,0.1865,Eficiente
177.72,True,6,Departamento,2,2,58.0,0,5,172.52,31,5.7329,88.86,3.0641,0.0301,0.0,0.1404,Eficiente
568.18,True,11,Departamento,10,7,127.0,6,2,512.25,29,19.5924,81.1686,4.4739,0.1092,0.5455,0.2279,Eficiente
646.77,False,30,Pequeno negocio,0,4,127.0,3,9,546.38,29,22.3024,161.6925,5.0927,0.1837,0.1,0.2665,Moderado
664.2,True,16,Departamento,9,3,124.0,7,8,934.91,30,22.14,221.4,5.3565,-0.2896,0.4375,0.2157,Eficiente
717.09,True,10,Casa,6,7,109.0,7,8,823.63,30,23.903,102.4414,6.5788,-0.1294,0.7,0.2141,Eficiente
408.68,True,14,Departamento,1,2,98.0,4,1,438.3,31,13.1832,204.34,4.1702,-0.0676,0.2857,0.2076,Eficiente
1390.53,True,7,Pequeno negocio,4,6,150.0,7,7,1443.87,28,49.6618,231.755,9.2702,-0.0369,1.0,0.2943,Moderado
586.67,False,13,Departamento,0,3,97.0,8,12,640.49,31,18.9248,195.5567,6.0481,-0.084,0.6154,0.2473,Moderado
789.35,True,14,Pequeno negocio,1,8,184.0,3,6,830.07,28,28.1911,98.6688,4.2899,-0.0491,0.2143,0.211,Eficiente
974.14,True,9,Pequeno negocio,12,15,177.0,0,11,1004.02,29,33.591,64.9427,5.5036,-0.0298,0.0,0.3398,Ineficiente
1267.18,True,22,Casa,13,6,182.0,9,10,1289.48,29,43.6959,211.1967,6.9625,-0.0173,0.4091,0.3988,Ineficiente
565.02,True,15,Departamento,12,2,81.0,9,4,583.13,30,18.834,282.51,6.9756,-0.0311,0.6,0.363,Ineficiente
275.86,False,5,Departamento,1,1,35.0,5,6,255.96,30,9.1953,275.86,7.8817,0.0777,1.0,0.2073,Eficiente
364.4,True,22,Departamento,8,5,39.0,0,3,310.07,28,13.0143,72.88,9.3436,0.1752,0.0,0.2684,Moderado
811.87,False,18,Departamento,9,4,39.0,7,5,652.06,31,26.1894,202.9675,20.8172,0.2451,0.3889,0.3508,Ineficiente
1053.01,False,39,Pequeno negocio,5,7,51.0,9,2,1082.15,31,33.9681,150.43,20.6473,-0.0269,0.2308,0.3531,Ineficiente
452.06,True,16,Departamento,8,4,102.0,3,0,384.66,28,16.145,113.015,4.432,0.1752,0.1875,0.2804,Moderado
694.0,False,23,Departamento,4,6,91.0,7,9,673.6,30,23.1333,115.6667,7.6264,0.0303,0.3043,0.2298,Moderado
601.69,True,5,Casa,14,5,79.0,5,3,722.45,31,19.4094,120.338,7.6163,-0.1672,1.0,0.2871,Moderado
723.33,True,3,Casa,3,6,245.0,3,11,821.85,28,25.8332,120.555,2.9524,-0.1199,1.0,0.2052,Eficiente
902.85,False,7,Pequeno negocio,3,5,159.0,7,4,787.39,29,31.1328,180.57,5.6783,0.1466,1.0,0.2071,Eficiente
1438.33,True,9,Departamento,11,4,81.0,5,8,1281.15,29,49.5976,359.5825,17.7572,0.1227,0.5556,0.3098,Ineficiente
1009.28,False,21,Casa,3,3,100.0,6,7,853.78,31,32.5574,336.4267,10.0928,0.1821,0.2857,0.3093,Ineficiente
705.43,False,15,Pequeno negocio,13,9,120.0,2,3,680.75,30,23.5143,78.3811,5.8786,0.0363,0.1333,0.2667,Moderado
958.31,False,30,Pequeno negocio,9,11,99.0,2,8,1173.21,28,34.2254,87.1191,9.6799,-0.1832,0.0667,0.3116,Ineficiente
1651.8,True,19,Departamento,13,5,83.0,6,5,1297.13,30,55.06,330.36,19.9012,0.2734,0.3158,0.4258,Ineficiente
752.48,False,23,Casa,8,4,232.0,5,12,746.65,30,25.0827,188.12,3.2434,0.0078,0.2174,0.2568,Moderado
466.85,False,16,Departamento,14,3,52.0,3,4,499.32,30,15.5617,155.6167,8.9779,-0.065,0.1875,0.2821,Moderado
680.49,True,5,Casa,12,1,298.0,5,3,825.55,31,21.9513,680.49,2.2835,-0.1757,1.0,0.2637,Moderado
551.74,True,7,Casa,12,3,222.0,3,0,627.82,28,19.705,183.9133,2.4853,-0.1212,0.4286,0.2184,Eficiente
510.68,False,22,Departamento,2,7,50.0,4,7,466.46,29,17.6097,72.9543,10.2136,0.0948,0.1818,0.2252,Eficiente
724.8,True,7,Pequeno negocio,12,1,223.0,3,6,736.49,28,25.8857,724.8,3.2502,-0.0159,0.4286,0.2699,Moderado
778.89,False,23,Casa,4,6,123.0,5,9,1086.43,31,25.1255,129.815,6.3324,-0.2831,0.2174,0.2048,Eficiente
1310.29,True,31,Pequeno negocio,12,12,236.0,5,2,1455.64,31,42.2674,109.1908,5.5521,-0.0999,0.1613,0.3665,Ineficiente
681.68,False,25,Pequeno negocio,0,8,237.0,3,4,788.51,31,21.9897,85.21,2.8763,-0.1355,0.12,0.2124,Eficiente
355.65,True,5,Casa,0,2,237.0,5,3,397.37,29,12.2638,177.825,1.5006,-0.105,1.0,0.1399,Eficiente
754.67,True,7,Casa,10,6,125.0,1,7,739.08,29,26.0231,125.7783,6.0374,0.0211,0.1429,0.2459,Moderado
467.8,False,19,Departamento,0,1,58.0,7,3,631.7,29,16.131,467.8,8.0655,-0.2595,0.3684,0.2379,Moderado
395.38,True,11,Departamento,4,2,117.0,0,5,391.65,28,14.1207,197.69,3.3793,0.0095,0.0,0.1922,Eficiente
392.12,False,11,Casa,6,1,287.0,2,12,288.75,31,12.649,392.12,1.3663,0.358,0.1818,0.2468,Moderado
392.13,True,4,Departamento,3,4,70.0,4,5,442.23,28,14.0046,98.0325,5.6019,-0.1133,1.0,0.2077,Eficiente
575.66,True,13,Departamento,11,1,109.0,4,12,482.25,30,19.1887,575.66,5.2813,0.1937,0.3077,0.3331,Ineficiente
405.06,False,3,Departamento,9,3,100.0,3,0,441.17,28,14.4664,135.02,4.0506,-0.0819,1.0,0.1974,Eficiente
513.85,True,6,Departamento,9,1,63.0,6,5,640.34,28,18.3518,513.85,8.1563,-0.1975,1.0,0.2915,Moderado
469.72,True,23,Casa,3,1,68.0,7,0,738.7,30,15.6573,469.72,6.9076,-0.3641,0.3043,0.2455,Moderado
928.96,True,19,Casa,0,4,154.0,5,7,800.92,28,33.1771,232.24,6.0322,0.1599,0.2632,0.2696,Moderado
628.38,True,24,Casa,0,3,295.0,0,3,601.52,28,22.4421,209.46,2.1301,0.0447,0.0,0.1692,Eficiente
702.82,False,9,Pequeno negocio,3,2,218.0,9,2,1163.46,28,25.1007,351.41,3.2239,-0.3959,1.0,0.1826,Eficiente
1068.61,True,35,Pequeno negocio,3,7,133.0,3,11,1065.48,29,36.8486,152.6586,8.0347,0.0029,0.0857,0.3405,Ineficiente
522.55,True,11,Departamento,9,3,49.0,6,8,682.35,28,18.6625,174.1833,10.6643,-0.2342,0.5455,0.2709,Moderado
657.16,True,8,Casa,12,1,65.0,8,2,493.97,28,23.47,657.16,10.1102,0.3304,1.0,0.4009,Ineficiente
509.96,True,18,Departamento,4,4,68.0,6,9,512.1,28,18.2129,127.49,7.4994,-0.0042,0.3333,0.2873,Moderado
618.1,False,16,Casa,8,6,179.0,1,0,658.3,31,19.9387,103.0167,3.4531,-0.0611,0.0625,0.1922,Eficiente
570.39,True,12,Casa,13,1,204.0,2,6,608.74,31,18.3997,570.39,2.796,-0.063,0.1667,0.2933,Moderado
753.68,True,13,Casa,7,2,156.0,9,8,716.28,29,25.989,376.84,4.8313,0.0522,0.6923,0.3681,Ineficiente
726.64,True,28,Pequeno negocio,3,6,71.0,7,1,773.62,30,24.2213,121.1067,10.2344,-0.0607,0.25,0.2877,Moderado
2810.82,True,13,Casa,7,4,120.0,6,12,3381.87,30,93.694,702.705,23.4235,-0.1689,0.4615,0.4729,Ineficiente
341.35,False,24,Departamento,0,2,91.0,4,1,317.02,28,12.1911,170.675,3.7511,0.0767,0.1667,0.1093,Eficiente
927.35,False,33,Pequeno negocio,14,6,143.0,9,0,1077.6,30,30.9117,154.5583,6.485,-0.1394,0.2727,0.3331,Ineficiente
1627.04,True,14,Departamento,13,3,53.0,7,6,1433.5,28,58.1086,542.3467,30.6989,0.135,0.5,0.4464,Ineficiente
1071.56,True,23,Casa,0,5,101.0,7,9,901.21,29,36.9503,214.312,10.6095,0.189,0.3043,0.357,Ineficiente
1049.21,False,17,Pequeno negocio,3,7,177.0,9,7,1111.16,30,34.9737,149.8871,5.9277,-0.0558,0.5294,0.2601,Moderado
412.41,True,20,Departamento,2,2,35.0,9,1,554.24,31,13.3035,206.205,11.7831,-0.2559,0.45,0.2356,Moderado
437.82,True,3,Departamento,13,6,36.0,3,1,459.43,29,15.0972,72.97,12.1617,-0.047,1.0,0.2585,Moderado
517.67,False,21,Departamento,12,5,74.0,6,1,521.31,28,18.4882,103.534,6.9955,-0.007,0.2857,0.2554,Moderado
1098.53,False,7,Pequeno negocio,5,12,173.0,2,12,1398.4,30,36.6177,91.5442,6.3499,-0.2144,0.2857,0.2422,Moderado
506.61,True,3,Departamento,8,6,61.0,2,12,735.75,30,16.887,84.435,8.3051,-0.3114,0.6667,0.2368,Moderado
431.62,True,10,Departamento,9,5,106.0,1,1,621.82,28,15.415,86.324,4.0719,-0.3059,0.1,0.1866,Eficiente
856.08,False,12,Departamento,14,6,89.0,8,9,730.09,28,30.5743,142.68,9.6189,0.1726,0.6667,0.3167,Ineficiente
749.82,False,5,Casa,12,6,201.0,3,10,669.68,29,25.8559,124.97,3.7304,0.1197,0.6,0.2085,Eficiente
530.38,True,16,Departamento,10,3,121.0,2,7,665.8,28,18.9421,176.7933,4.3833,-0.2034,0.125,0.2468,Moderado
897.21,True,23,Casa,6,7,175.0,7,2,775.84,31,28.9423,128.1729,5.1269,0.1564,0.3043,0.3429,Ineficiente
644.74,False,17,Casa,10,1,216.0,5,2,627.21,31,20.7981,644.74,2.9849,0.0279,0.2941,0.2832,Moderado
584.0,True,24,Casa,9,3,151.0,2,9,554.38,31,18.8387,194.6667,3.8675,0.0534,0.0833,0.325,Ineficiente
607.11,False,22,Casa,8,5,75.0,3,7,1427.03,28,21.6825,121.422,8.0948,-0.5746,0.1364,0.1961,Eficiente
550.25,False,20,Casa,3,4,66.0,4,2,621.86,29,18.9741,137.5625,8.3371,-0.1152,0.2,0.2131,Eficiente
380.06,True,6,Departamento,0,2,102.0,6,0,327.53,29,13.1055,190.03,3.7261,0.1604,1.0,0.1762,Eficiente
459.4,False,17,Casa,7,2,212.0,0,5,698.43,29,15.8414,229.7,2.167,-0.3422,0.0,0.1135,Eficiente
671.73,True,4,Casa,13,6,158.0,4,5,539.79,28,23.9904,111.955,4.2515,0.2444,1.0,0.2752,Moderado
2967.24,False,31,Pequeno negocio,14,10,140.0,0,12,2695.31,28,105.9729,296.724,21.1946,0.1009,0.0,0.4668,Ineficiente
1166.86,True,5,Pequeno negocio,7,3,218.0,5,9,1214.65,30,38.8953,388.9533,5.3526,-0.0393,1.0,0.3028,Moderado
715.68,True,5,Departamento,14,4,70.0,1,5,848.97,30,23.856,178.92,10.224,-0.157,0.2,0.3112,Ineficiente
596.72,False,14,Casa,0,6,200.0,2,7,535.44,31,19.249,99.4533,2.9836,0.1144,0.1429,0.1948,Eficiente
1106.25,False,5,Casa,12,2,150.0,3,6,1062.06,29,38.1466,553.125,7.375,0.0416,0.6,0.232,Moderado
1482.8,True,14,Casa,3,7,294.0,9,8,1567.61,28,52.9571,211.8286,5.0435,-0.0541,0.6429,0.3153,Ineficiente
389.8,True,12,Casa,5,1,233.0,3,7,360.97,31,12.5742,389.8,1.673,0.0799,0.25,0.2457,Moderado
712.02,True,35,Pequeno negocio,5,7,99.0,8,1,857.38,30,23.734,101.7171,7.1921,-0.1695,0.2286,0.2746,Moderado
344.71,False,8,Departamento,3,3,124.0,2,6,380.87,31,11.1197,114.9033,2.7799,-0.0949,0.25,0.1128,Eficiente
778.86,False,19,Casa,4,7,224.0,3,9,825.98,31,25.1245,111.2657,3.4771,-0.057,0.1579,0.2315,Moderado
1353.09,True,8,Pequeno negocio,8,13,183.0,5,11,1496.7,28,48.3246,104.0838,7.3939,-0.096,0.625,0.3347,Ineficiente
619.75,True,19,Casa,0,5,163.0,1,12,614.6,31,19.9919,123.95,3.8021,0.0084,0.0526,0.2441,Moderado
536.89,False,24,Casa,3,2,257.0,0,8,553.45,30,17.8963,268.445,2.0891,-0.0299,0.0,0.1868,Eficiente
483.09,False,7,Casa,4,2,68.0,3,11,444.4,31,15.5835,241.545,7.1043,0.0871,0.4286,0.2454,Moderado
519.6,False,3,Casa,1,3,219.0,3,0,494.18,30,17.32,173.2,2.3726,0.0514,1.0,0.0619,Eficiente
1057.16,False,16,Pequeno negocio,13,10,241.0,1,1,911.72,28,37.7557,105.716,4.3866,0.1595,0.0625,0.2862,Moderado
441.89,True,5,Casa,6,2,61.0,5,2,586.99,28,15.7818,220.945,7.2441,-0.2472,1.0,0.2209,Eficiente
809.13,True,12,Departamento,8,5,123.0,6,1,698.24,29,27.901,161.826,6.5783,0.1588,0.5,0.3,Moderado
600.32,True,14,Casa,8,4,60.0,2,8,655.66,28,21.44,150.08,10.0053,-0.0844,0.1429,0.2651,Moderado
1400.96,True,36,Pequeno negocio,4,14,235.0,1,6,1593.87,30,46.6987,100.0686,5.9615,-0.121,0.0278,0.3136,Ineficiente
382.87,False,3,Departamento,4,3,98.0,3,7,436.73,31,12.3506,127.6233,3.9068,-0.1233,1.0,0.0689,Eficiente
301.21,False,15,Departamento,1,2,104.0,4,6,351.4,30,10.0403,150.605,2.8962,-0.1428,0.2667,0.137,Eficiente
710.72,False,20,Casa,12,7,206.0,1,6,795.25,29,24.5076,101.5314,3.4501,-0.1063,0.05,0.2617,Moderado
5000.0,True,35,Pequeno negocio,11,11,84.0,6,11,4782.94,31,161.2903,454.5455,59.5238,0.0454,0.1714,0.6523,Ineficiente
513.29,False,11,Departamento,9,2,56.0,8,2,422.23,29,17.6997,256.645,9.1659,0.2157,0.7273,0.3044,Moderado
681.72,False,10,Casa,10,6,113.0,4,4,647.94,31,21.991,113.62,6.0329,0.0521,0.4,0.2442,Moderado
719.99,True,31,Pequeno negocio,12,3,106.0,4,1,826.75,29,24.8272,239.9967,6.7924,-0.1291,0.129,0.3905,Ineficiente
521.64,True,13,Casa,0,1,81.0,8,6,660.17,30,17.388,521.64,6.44,-0.2098,0.6154,0.2384,Moderado
531.25,False,6,Casa,10,6,94.0,3,4,569.01,28,18.9732,88.5417,5.6516,-0.0664,0.5,0.1893,Eficiente
470.81,True,14,Departamento,14,5,120.0,2,2,484.6,29,16.2348,94.162,3.9234,-0.0285,0.1429,0.261,Moderado
565.48,False,4,Casa,12,2,73.0,4,7,643.4,29,19.4993,282.74,7.7463,-0.1211,1.0,0.1818,Eficiente
506.76,True,5,Departamento,3,4,55.0,5,12,525.03,30,16.892,126.69,9.2138,-0.0348,1.0,0.2517,Moderado
733.78,True,14,Casa,8,2,67.0,9,9,770.61,31,23.6703,366.89,10.9519,-0.0478,0.6429,0.3736,Ineficiente
660.58,False,22,Casa,3,2,186.0,9,1,547.77,28,23.5921,330.29,3.5515,0.2059,0.4091,0.3333,Ineficiente
707.72,True,18,Casa,1,1,296.0,8,4,936.98,29,24.4041,707.72,2.3909,-0.2447,0.4444,0.2664,Moderado
585.12,True,10,Casa,4,2,221.0,3,11,582.51,29,20.1766,292.56,2.6476,0.0045,0.3,0.218,Eficiente
1037.12,True,35,Pequeno negocio,5,6,191.0,7,2,1072.9,30,34.5707,172.8533,5.4299,-0.0333,0.2,0.3344,Ineficiente
711.13,True,13,Departamento,14,6,93.0,4,11,671.79,28,25.3975,118.5217,7.6466,0.0586,0.3077,0.3344,Ineficiente
2303.94,True,3,Departamento,7,4,77.0,3,11,2167.67,30,76.798,575.985,29.9213,0.0629,1.0,0.4523,Ineficiente
679.47,False,17,Casa,12,1,98.0,9,0,569.96,30,22.649,679.47,6.9334,0.1921,0.5294,0.3044,Moderado
571.06,True,5,Departamento,14,4,55.0,5,12,578.53,30,19.0353,142.765,10.3829,-0.0129,1.0,0.3642,Ineficiente
848.61,True,18,Casa,9,6,106.0,4,10,911.18,31,27.3745,141.435,8.0058,-0.0687,0.2222,0.3311,Ineficiente
700.82,True,11,Casa,7,6,110.0,9,6,667.8,30,23.3607,116.8033,6.3711,0.0494,0.8182,0.3544,Ineficiente
558.63,False,11,Departamento,7,6,62.0,8,4,799.44,31,18.0203,93.105,9.0102,-0.3012,0.7273,0.199,Eficiente
386.7,True,12,Departamento,11,3,82.0,2,6,386.54,28,13.8107,128.9,4.7159,0.0004,0.1667,0.2198,Eficiente
349.24,False,5,Departamento,4,5,50.0,5,2,335.46,29,12.0428,69.848,6.9848,0.0411,1.0,0.2219,Eficiente
1048.36,False,19,Pequeno negocio,6,15,117.0,4,10,1038.43,30,34.9453,69.8907,8.9603,0.0096,0.2105,0.2834,Moderado
473.04,True,12,Pequeno negocio,5,7,58.0,2,5,510.28,28,16.8943,67.5771,8.1559,-0.073,0.1667,0.2713,Moderado
591.94,True,21,Casa,3,4,226.0,2,5,568.23,30,19.7313,147.985,2.6192,0.0417,0.0952,0.2972,Moderado
1032.04,False,6,Casa,4,1,189.0,6,12,1003.72,28,36.8586,1032.04,5.4605,0.0282,1.0,0.263,Moderado
416.33,True,5,Casa,1,1,246.0,3,0,383.43,30,13.8777,416.33,1.6924,0.0858,0.6,0.193,Eficiente
838.32,False,8,Departamento,12,6,55.0,6,5,783.38,31,27.0426,139.72,15.2422,0.0701,0.75,0.3069,Ineficiente
748.78,False,8,Pequeno negocio,13,2,154.0,4,7,724.78,28,26.7421,374.39,4.8622,0.0331,0.5,0.27,Moderado
2289.63,False,17,Pequeno negocio,10,13,94.0,9,3,2262.55,28,81.7725,176.1254,24.3578,0.012,0.5294,0.4225,Ineficiente
614.7,True,12,Casa,11,5,229.0,1,2,658.93,30,20.49,122.94,2.6843,-0.0671,0.0833,0.2821,Moderado
1162.86,True,23,Pequeno negocio,6,13,200.0,5,6,1084.22,29,40.0986,89.4508,5.8143,0.0725,0.2174,0.3034,Moderado
678.91,True,14,Departamento,7,7,45.0,3,2,526.22,31,21.9003,96.9871,15.0869,0.2902,0.2143,0.3419,Ineficiente
1167.31,True,39,Pequeno negocio,14,3,204.0,7,5,1017.07,28,41.6896,389.1033,5.7221,0.1477,0.1795,0.4706,Ineficiente
355.39,False,3,Departamento,0,6,109.0,3,1,380.74,31,11.4642,59.2317,3.2605,-0.0666,1.0,0.0803,Eficiente
458.92,True,17,Casa,2,3,139.0,3,0,545.36,31,14.8039,152.9733,3.3016,-0.1585,0.1765,0.1739,Eficiente
987.49,False,23,Casa,12,7,188.0,9,9,940.67,30,32.9163,141.07,5.2526,0.0498,0.3913,0.3171,Ineficiente
982.89,False,30,Pequeno negocio,1,9,228.0,6,2,863.53,29,33.8928,109.21,4.3109,0.1382,0.2,0.3034,Moderado
693.22,True,23,Casa,11,2,292.0,0,0,725.27,30,23.1073,346.61,2.374,-0.0442,0.0,0.2644,Moderado
1011.43,False,23,Casa,5,7,201.0,7,0,1041.5,29,34.8769,144.49,5.032,-0.0289,0.3043,0.2096,Eficiente
667.75,False,20,Casa,10,5,191.0,5,7,711.35,29,23.0259,133.55,3.4961,-0.0613,0.25,0.2968,Moderado
812.95,True,15,Casa,14,1,159.0,9,6,617.81,30,27.0983,812.95,5.1129,0.3159,0.6,0.3952,Ineficiente
743.36,False,21,Pequeno negocio,8,1,194.0,4,7,725.57,31,23.9794,743.36,3.8318,0.0245,0.1905,0.2688,Moderado
548.53,True,15,Casa,0,2,236.0,2,8,493.12,30,18.2843,274.265,2.3243,0.1124,0.1333,0.2242,Eficiente
1184.02,False,3,Casa,7,5,190.0,1,8,1406.58,31,38.1942,236.804,6.2317,-0.1582,0.3333,0.1157,Eficiente
321.88,False,9,Departamento,1,4,101.0,0,9,337.15,30,10.7293,80.47,3.1869,-0.0453,0.0,0.1398,Eficiente
737.96,False,11,Departamento,14,1,64.0,7,11,559.64,31,23.8052,737.96,11.5306,0.3186,0.6364,0.3859,Ineficiente
1064.82,True,14,Casa,5,6,93.0,9,2,1074.84,28,38.0293,177.47,11.4497,-0.0093,0.6429,0.275,Moderado
739.5,True,8,Casa,14,5,289.0,6,1,668.22,28,26.4107,147.9,2.5588,0.1067,0.75,0.3912,Ineficiente
912.05,False,12,Casa,14,7,229.0,6,10,1113.74,28,32.5732,130.2929,3.9828,-0.1811,0.5,0.2717,Moderado
437.86,False,18,Casa,4,5,200.0,0,0,436.89,29,15.0986,87.572,2.1893,0.0022,0.0,0.0596,Eficiente
631.08,True,23,Casa,5,6,199.0,0,5,904.05,29,21.7614,105.18,3.1713,-0.3019,0.0,0.1999,Eficiente
698.92,False,21,Casa,13,7,198.0,4,7,757.24,30,23.2973,99.8457,3.5299,-0.077,0.1905,0.2574,Moderado
454.94,True,4,Departamento,10,7,98.0,4,0,456.84,31,14.6755,64.9914,4.6422,-0.0042,1.0,0.2355,Moderado
1223.92,False,12,Pequeno negocio,7,14,187.0,4,12,1063.38,28,43.7114,87.4229,6.545,0.151,0.3333,0.2574,Moderado
1289.39,True,30,Pequeno negocio,12,8,115.0,9,12,1323.35,28,46.0496,161.1738,11.2121,-0.0257,0.3,0.4566,Ineficiente
633.17,True,14,Casa,3,3,120.0,3,10,641.41,31,20.4248,211.0567,5.2764,-0.0128,0.2143,0.2767,Moderado
972.93,True,20,Casa,10,5,216.0,9,9,1133.58,29,33.5493,194.586,4.5043,-0.1417,0.45,0.3666,Ineficiente
824.64,True,5,Pequeno negocio,5,5,207.0,2,10,845.04,30,27.488,164.928,3.9838,-0.0241,0.4,0.207,Eficiente
387.97,False,14,Departamento,1,1,94.0,3,7,349.25,28,13.8561,387.97,4.1273,0.1109,0.2143,0.1844,Eficiente
405.74,False,22,Departamento,5,3,116.0,2,9,667.93,31,13.0884,135.2467,3.4978,-0.3925,0.0909,0.1601,Eficiente
542.9,False,15,Casa,2,7,136.0,7,0,481.45,29,18.7207,77.5571,3.9919,0.1276,0.4667,0.2107,Eficiente
750.5,True,15,Casa,14,3,218.0,3,2,795.26,31,24.2097,250.1667,3.4427,-0.0563,0.2,0.2654,Moderado
458.36,False,23,Departamento,3,7,100.0,4,0,471.21,28,16.37,65.48,4.5836,-0.0273,0.1739,0.1629,Eficiente
358.81,False,3,Departamento,13,6,98.0,1,1,384.14,30,11.9603,59.8017,3.6613,-0.0659,0.3333,0.1722,Eficiente
541.34,False,11,Casa,11,3,198.0,3,7,599.13,31,17.4626,180.4467,2.734,-0.0965,0.2727,0.2349,Moderado
876.63,False,6,Pequeno negocio,5,15,219.0,1,9,1074.21,28,31.3082,58.442,4.0029,-0.1839,0.1667,0.1936,Eficiente
631.07,True,3,Departamento,12,6,41.0,3,11,730.58,31,20.3571,105.1783,15.392,-0.1362,1.0,0.2624,Moderado
485.86,False,13,Departamento,0,6,112.0,8,2,583.85,31,15.6729,80.9767,4.338,-0.1678,0.6154,0.1148,Eficiente
634.37,True,23,Casa,2,5,88.0,2,8,581.88,29,21.8748,126.874,7.2088,0.0902,0.087,0.3183,Ineficiente
716.07,False,20,Departamento,12,7,44.0,9,9,586.9,31,23.099,102.2957,16.2743,0.2201,0.45,0.33,Ineficiente
212.6,True,3,Departamento,5,1,93.0,3,0,226.66,31,6.8581,212.6,2.286,-0.062,1.0,0.1448,Eficiente
721.99,True,22,Casa,2,3,230.0,8,4,790.09,28,25.7854,240.6633,3.1391,-0.0862,0.3636,0.2993,Moderado
478.88,True,20,Departamento,2,5,102.0,2,8,489.44,28,17.1029,95.776,4.6949,-0.0216,0.1,0.2343,Moderado
625.2,False,22,Departamento,12,1,58.0,8,1,754.83,28,22.3286,625.2,10.7793,-0.1717,0.3636,0.3135,Ineficiente
604.07,False,21,Pequeno negocio,7,2,144.0,1,4,573.73,29,20.83,302.035,4.1949,0.0529,0.0476,0.1805,Eficiente
720.91,True,22,Casa,6,5,194.0,3,5,736.39,30,24.0303,144.182,3.716,-0.021,0.1364,0.2487,Moderado
497.59,False,7,Pequeno negocio,5,7,80.0,3,1,736.72,28,17.7711,71.0843,6.2199,-0.3246,0.4286,0.1273,Eficiente
185.09,True,3,Departamento,1,2,84.0,1,0,170.94,29,6.3824,92.545,2.2035,0.0828,0.3333,0.1487,Eficiente
790.94,False,10,Casa,14,1,228.0,9,10,991.48,29,27.2738,790.94,3.469,-0.2023,0.9,0.3088,Ineficiente
493.78,False,20,Casa,3,5,139.0,2,1,512.36,30,16.4593,98.756,3.5524,-0.0363,0.1,0.1469,Eficiente
844.42,False,22,Casa,5,7,243.0,4,7,899.14,29,29.1179,120.6314,3.475,-0.0609,0.1818,0.2288,Moderado
549.36,True,16,Casa,12,1,152.0,0,5,498.54,29,18.9434,549.36,3.6142,0.1019,0.0,0.2785,Moderado
419.34,False,3,Departamento,0,3,35.0,3,9,454.93,30,13.978,139.78,11.9811,-0.0782,1.0,0.0922,Eficiente
2302.28,False,22,Departamento,8,5,50.0,1,11,1911.31,30,76.7427,460.456,46.0456,0.2046,0.0455,0.4242,Ineficiente
706.59,True,8,Casa,7,4,208.0,2,2,606.74,31,22.7932,176.6475,3.3971,0.1646,0.25,0.2013,Eficiente
1390.21,False,15,Pequeno negocio,10,10,30.0,9,12,1408.37,31,44.8455,139.021,46.3403,-0.0129,0.6,0.4313,Ineficiente
935.67,True,9,Casa,13,5,283.0,8,1,716.43,31,30.1829,187.134,3.3063,0.306,0.8889,0.327,Ineficiente
381.59,True,15,Departamento,1,7,63.0,1,11,407.45,31,12.3094,54.5129,6.057,-0.0635,0.0667,0.2658,Moderado
1068.4,False,10,Pequeno negocio,5,13,87.0,6,6,1210.83,29,36.8414,82.1846,12.2805,-0.1176,0.6,0.2461,Moderado
992.41,False,5,Pequeno negocio,5,13,136.0,5,0,780.79,30,33.0803,76.3392,7.2971,0.271,1.0,0.156,Eficiente
601.13,True,5,Departamento,12,3,59.0,5,6,536.84,30,20.0377,200.3767,10.1886,0.1198,1.0,0.3038,Moderado
343.14,False,24,Departamento,6,2,96.0,2,11,302.7,30,11.438,171.57,3.5744,0.1336,0.0833,0.234,Moderado
491.89,False,22,Casa,6,1,101.0,3,7,441.78,31,15.8674,491.89,4.8702,0.1134,0.1364,0.2407,Moderado
378.89,True,6,Casa,4,1,283.0,2,1,338.99,31,12.2223,378.89,1.3388,0.1177,0.3333,0.2462,Moderado
842.78,True,18,Casa,8,6,275.0,5,9,813.57,29,29.0614,140.4633,3.0647,0.0359,0.2778,0.3801,Ineficiente
1049.73,True,10,Casa,9,1,258.0,6,10,1193.86,28,37.4904,1049.73,4.0687,-0.1207,0.6,0.3457,Ineficiente
520.2,False,9,Casa,7,4,127.0,1,8,671.29,30,17.34,130.05,4.0961,-0.2251,0.1111,0.2139,Eficiente
644.84,True,10,Casa,9,5,225.0,0,5,694.59,30,21.4947,128.968,2.866,-0.0716,0.0,0.2044,Eficiente
1160.68,True,29,Pequeno negocio,13,15,162.0,1,8,1119.18,30,38.6893,77.3787,7.1647,0.0371,0.0345,0.3265,Ineficiente
543.37,False,10,Pequeno negocio,12,1,70.0,2,4,465.95,28,19.4061,543.37,7.7624,0.1662,0.2,0.2824,Moderado
736.14,False,6,Pequeno negocio,8,2,201.0,5,2,788.27,28,26.2907,368.07,3.6624,-0.0661,0.8333,0.1868,Eficiente
593.33,True,10,Departamento,14,4,106.0,2,11,805.72,30,19.7777,148.3325,5.5975,-0.2636,0.2,0.3095,Ineficiente
658.31,False,10,Casa,5,1,290.0,8,5,544.38,30,21.9437,658.31,2.27,0.2093,0.8,0.2782,Moderado
1302.28,True,12,Casa,0,1,99.0,6,9,1099.22,30,43.4093,1302.28,13.1543,0.1847,0.5,0.3363,Ineficiente
524.79,True,9,Departamento,11,7,65.0,1,7,556.53,30,17.493,74.97,8.0737,-0.057,0.1111,0.2697,Moderado
755.94,True,17,Departamento,11,7,81.0,9,11,720.26,31,24.3852,107.9914,9.3326,0.0495,0.5294,0.4394,Ineficiente
566.08,False,23,Casa,0,6,185.0,7,6,603.78,29,19.52,94.3467,3.0599,-0.0624,0.3043,0.2009,Eficiente
585.84,True,17,Departamento,4,3,74.0,8,3,706.64,30,19.528,195.28,7.9168,-0.1709,0.4706,0.2816,Moderado
675.39,False,7,Departamento,4,7,57.0,6,3,690.01,31,21.7868,96.4843,11.8489,-0.0212,0.8571,0.1684,Eficiente
901.7,False,24,Casa,7,2,153.0,6,6,1183.43,31,29.0871,450.85,5.8935,-0.2381,0.25,0.2989,Moderado
524.37,True,11,Casa,4,2,108.0,4,12,509.87,28,18.7275,262.185,4.8553,0.0284,0.3636,0.2277,Eficiente
624.78,False,9,Casa,11,6,65.0,6,2,593.85,28,22.3136,104.13,9.612,0.0521,0.6667,0.2537,Moderado
624.03,False,18,Departamento,8,3,97.0,7,1,715.27,31,20.13,208.01,6.4333,-0.1276,0.3889,0.2105,Eficiente
1604.46,True,28,Pequeno negocio,13,15,97.0,9,3,1417.69,30,53.482,106.964,16.5408,0.1317,0.3214,0.4435,Ineficiente
689.94,True,10,Departamento,12,5,65.0,5,12,878.45,30,22.998,137.988,10.6145,-0.2146,0.5,0.2545,Moderado
499.49,True,7,Departamento,4,2,128.0,7,7,603.31,28,17.8389,249.745,3.9023,-0.1721,1.0,0.2054,Eficiente
996.08,True,5,Pequeno negocio,8,11,210.0,5,10,895.67,28,35.5743,90.5527,4.7432,0.1121,1.0,0.2496,Moderado
726.92,False,13,Casa,9,2,278.0,6,7,685.35,30,24.2307,363.46,2.6148,0.0607,0.4615,0.2507,Moderado
592.83,True,18,Departamento,6,7,104.0,7,7,645.42,28,21.1725,84.69,5.7003,-0.0815,0.3889,0.3043,Moderado
501.32,True,12,Departamento,14,2,86.0,1,8,493.55,31,16.1716,250.66,5.8293,0.0157,0.0833,0.2643,Moderado
286.77,False,3,Departamento,0,3,93.0,3,1,311.54,31,9.2506,95.59,3.0835,-0.0795,1.0,0.039,Eficiente
640.77,False,10,Casa,13,2,125.0,9,8,701.26,31,20.67,320.385,5.1262,-0.0863,0.9,0.2818,Moderado
1123.85,True,37,Pequeno negocio,14,6,218.0,3,7,1081.66,28,40.1375,187.3083,5.1553,0.039,0.0811,0.4182,Ineficiente
1022.16,True,38,Pequeno negocio,5,5,61.0,8,10,1061.17,29,35.2469,204.432,16.7567,-0.0368,0.2105,0.3601,Ineficiente
1441.71,False,11,Casa,4,2,251.0,8,1,1543.38,28,51.4896,720.855,5.7439,-0.0659,0.7273,0.2542,Moderado
326.06,False,18,Casa,0,4,76.0,2,6,346.44,30,10.8687,81.515,4.2903,-0.0588,0.1111,0.187,Eficiente
1476.79,False,5,Casa,1,5,171.0,5,12,1086.31,30,49.2263,295.358,8.6362,0.3595,1.0,0.2572,Moderado
621.35,False,7,Departamento,3,7,95.0,5,10,563.31,28,22.1911,88.7643,6.5405,0.103,0.7143,0.2322,Moderado
580.66,True,18,Departamento,12,6,94.0,1,3,632.6,31,18.731,96.7767,6.1772,-0.0821,0.0556,0.2276,Eficiente
815.33,False,3,Casa,11,7,258.0,1,9,962.22,30,27.1777,116.4757,3.1602,-0.1527,0.3333,0.2489,Moderado
1566.48,False,26,Pequeno negocio,13,14,201.0,5,5,1591.46,29,54.0166,111.8914,7.7934,-0.0157,0.1923,0.2702,Moderado
931.86,False,24,Casa,4,6,250.0,5,10,1256.8,31,30.06,155.31,3.7274,-0.2585,0.2083,0.1583,Eficiente
343.35,False,4,Departamento,4,3,95.0,4,8,287.07,29,11.8397,114.45,3.6142,0.196,1.0,0.1916,Eficiente
687.39,False,15,Casa,12,7,83.0,5,6,765.21,30,22.913,98.1986,8.2818,-0.1017,0.3333,0.2536,Moderado
403.13,True,10,Departamento,8,7,125.0,3,0,409.49,31,13.0042,57.59,3.225,-0.0155,0.3,0.2136,Eficiente
602.86,True,17,Departamento,0,4,120.0,3,9,528.66,31,19.4471,150.715,5.0238,0.1404,0.1765,0.2169,Eficiente
632.46,True,22,Casa,11,1,76.0,5,7,514.09,30,21.082,632.46,8.3218,0.2303,0.2273,0.4006,Ineficiente
744.95,False,4,Casa,1,1,85.0,2,6,825.73,29,25.6879,744.95,8.7641,-0.0978,0.5,0.1083,Eficiente
1180.35,True,28,Pequeno negocio,0,11,194.0,7,9,1072.54,29,40.7017,107.3045,6.0843,0.1005,0.25,0.3702,Ineficiente
411.59,False,7,Departamento,13,5,108.0,1,11,316.42,31,13.2771,82.318,3.811,0.3008,0.1429,0.3182,Ineficiente
1257.4,True,11,Pequeno negocio,14,9,121.0,8,2,1648.55,30,41.9133,139.7111,10.3917,-0.2373,0.7273,0.2797,Moderado
715.63,True,12,Departamento,10,7,113.0,2,11,806.88,30,23.8543,102.2329,6.333,-0.1131,0.1667,0.3051,Ineficiente
437.46,True,14,Departamento,4,4,111.0,1,2,418.79,29,15.0848,109.365,3.9411,0.0446,0.0714,0.2606,Moderado
692.73,False,19,Casa,2,5,142.0,9,8,796.7,30,23.091,138.546,4.8784,-0.1305,0.4737,0.2542,Moderado
452.55,True,16,Departamento,7,6,46.0,3,6,493.44,28,16.1625,75.425,9.838,-0.0829,0.1875,0.2358,Moderado
878.57,False,10,Casa,7,7,272.0,6,9,808.42,30,29.2857,125.51,3.23,0.0868,0.6,0.2234,Eficiente
475.95,True,17,Casa,0,5,95.0,3,6,393.91,28,16.9982,95.19,5.01,0.2083,0.1765,0.2378,Moderado
743.23,True,16,Casa,9,4,95.0,9,7,625.37,30,24.7743,185.8075,7.8235,0.1885,0.5625,0.3856,Ineficiente
310.71,True,4,Casa,0,1,186.0,1,5,352.14,30,10.357,310.71,1.6705,-0.1177,0.25,0.1014,Eficiente
743.73,True,14,Pequeno negocio,7,3,242.0,4,8,764.71,31,23.9913,247.91,3.0733,-0.0274,0.2857,0.313,Ineficiente
823.36,False,34,Pequeno negocio,1,14,108.0,0,3,983.82,28,29.4057,58.8114,7.6237,-0.1631,0.0,0.1858,Eficiente
443.35,True,6,Departamento,0,3,77.0,5,3,355.81,31,14.3016,147.7833,5.7578,0.246,0.8333,0.1258,Eficiente
695.94,True,14,Casa,4,4,139.0,7,5,654.03,31,22.4497,173.985,5.0068,0.0641,0.5,0.2981,Moderado
697.62,True,6,Pequeno negocio,8,3,155.0,4,2,710.44,31,22.5039,232.54,4.5008,-0.018,0.6667,0.173,Eficiente
646.04,False,19,Departamento,13,5,70.0,8,4,645.83,29,22.2772,129.208,9.2291,0.0003,0.4211,0.2905,Moderado
436.59,True,12,Casa,0,2,166.0,7,1,447.58,31,14.0835,218.295,2.6301,-0.0246,0.5833,0.2503,Moderado
896.34,False,19,Departamento,7,4,61.0,9,3,974.36,28,32.0121,224.085,14.6941,-0.0801,0.4737,0.2972,Moderado
643.06,False,9,Departamento,11,3,118.0,9,5,670.4,29,22.1745,214.3533,5.4497,-0.0408,1.0,0.2481,Moderado
696.99,False,16,Casa,4,3,225.0,9,6,760.56,31,22.4835,232.33,3.0977,-0.0836,0.5625,0.2691,Moderado
638.94,False,24,Departamento,12,3,79.0,4,8,594.05,30,21.298,212.98,8.0878,0.0756,0.1667,0.2877,Moderado
1334.35,False,15,Departamento,6,1,38.0,9,5,1617.07,31,43.0435,1334.35,35.1145,-0.1748,0.6,0.4023,Ineficiente
503.6,False,17,Casa,0,2,88.0,6,8,483.67,30,16.7867,251.8,5.7227,0.0412,0.3529,0.1813,Eficiente
542.49,False,11,Casa,3,6,105.0,0,5,738.24,30,18.083,90.415,5.1666,-0.2652,0.0,0.0966,Eficiente
239.11,False,17,Departamento,6,1,37.0,0,5,217.82,30,7.9703,239.11,6.4624,0.0977,0.0,0.1857,Eficiente
1107.15,True,21,Departamento,9,4,54.0,3,0,1315.99,30,36.905,276.7875,20.5028,-0.1587,0.1429,0.3533,Ineficiente
980.8,False,36,Pequeno negocio,2,15,108.0,5,10,1071.87,29,33.8207,65.3867,9.0815,-0.085,0.1389,0.2859,Moderado
2058.4,False,27,Pequeno negocio,7,9,60.0,0,9,2156.04,30,68.6133,228.7111,34.3067,-0.0453,0.0,0.3559,Ineficiente
563.86,True,9,Departamento,11,5,125.0,5,0,603.34,29,19.4434,112.772,4.5109,-0.0654,0.5556,0.2559,Moderado
1152.43,False,21,Departamento,5,4,74.0,6,0,836.99,28,41.1582,288.1075,15.5734,0.3769,0.2857,0.3424,Ineficiente
547.7,True,10,Departamento,2,6,51.0,6,9,626.58,28,19.5607,91.2833,10.7392,-0.1259,0.6,0.1813,Eficiente
543.13,True,22,Departamento,10,2,96.0,9,2,558.11,30,18.1043,271.565,5.6576,-0.0268,0.4091,0.2874,Moderado
570.75,False,3,Casa,9,4,299.0,3,11,702.86,30,19.025,142.6875,1.9089,-0.188,1.0,0.1589,Eficiente
516.96,True,22,Departamento,5,2,46.0,0,10,405.04,28,18.4629,258.48,11.2383,0.2763,0.0,0.3202,Ineficiente
592.73,True,7,Departamento,12,4,59.0,7,5,608.61,29,20.439,148.1825,10.0463,-0.0261,1.0,0.3255,Ineficiente
555.12,False,7,Departamento,12,1,59.0,5,12,684.75,31,17.9071,555.12,9.4088,-0.1893,0.7143,0.3116,Ineficiente
768.33,True,36,Pequeno negocio,1,5,233.0,6,6,625.2,31,24.7848,153.666,3.2976,0.2289,0.1667,0.3427,Ineficiente
1073.23,True,14,Departamento,8,5,101.0,5,12,980.15,29,37.0079,214.646,10.626,0.095,0.3571,0.3879,Ineficiente
597.04,True,6,Casa,9,6,62.0,4,0,599.86,30,19.9013,99.5067,9.6297,-0.0047,0.6667,0.2546,Moderado
340.84,False,14,Casa,3,2,252.0,1,7,341.67,30,11.3613,170.42,1.3525,-0.0024,0.0714,0.1714,Eficiente
583.01,True,20,Casa,2,2,161.0,5,10,579.16,30,19.4337,291.505,3.6212,0.0066,0.25,0.2191,Eficiente
525.55,False,13,Casa,2,3,192.0,8,3,452.18,28,18.7696,175.1833,2.7372,0.1623,0.6154,0.2581,Moderado
378.37,True,15,Departamento,4,2,107.0,1,10,318.13,29,13.0472,189.185,3.5362,0.1894,0.0667,0.248,Moderado
656.78,True,21,Casa,3,7,138.0,3,10,1059.8,29,22.6476,93.8257,4.7593,-0.3803,0.1429,0.28,Moderado
760.76,True,6,Casa,10,5,256.0,6,10,839.4,31,24.5406,152.152,2.9717,-0.0937,1.0,0.3434,Ineficiente
734.88,True,10,Casa,13,3,199.0,4,8,730.56,28,26.2457,244.96,3.6929,0.0059,0.4,0.325,Ineficiente
335.32,False,22,Departamento,6,4,37.0,1,1,378.88,30,11.1773,83.83,9.0627,-0.115,0.0455,0.1429,Eficiente
597.74,False,6,Departamento,12,4,116.0,6,12,688.19,29,20.6117,149.435,5.1529,-0.1314,1.0,0.3016,Moderado
665.33,True,8,Casa,7,4,249.0,1,11,619.02,29,22.9424,166.3325,2.672,0.0748,0.125,0.221,Eficiente
633.63,True,9,Casa,14,3,117.0,2,7,514.72,30,21.121,211.21,5.4156,0.231,0.2222,0.3263,Ineficiente
658.44,True,21,Casa,5,7,208.0,4,5,657.48,28,23.5157,94.0629,3.1656,0.0015,0.1905,0.1955,Eficiente
722.98,False,6,Casa,11,3,258.0,3,6,762.16,30,24.0993,240.9933,2.8022,-0.0514,0.5,0.231,Moderado
521.48,False,11,Casa,12,3,87.0,4,12,641.26,29,17.9821,173.8267,5.994,-0.1868,0.3636,0.283,Moderado
576.93,False,11,Casa,13,1,156.0,7,0,471.57,29,19.8941,576.93,3.6983,0.2234,0.6364,0.3132,Ineficiente
1038.53,False,4,Casa,5,4,222.0,4,6,982.32,28,37.0904,259.6325,4.6781,0.0572,1.0,0.194,Eficiente
912.02,False,18,Pequeno negocio,5,12,158.0,4,2,879.08,28,32.5721,76.0017,5.7723,0.0375,0.2222,0.1916,Eficiente
1358.35,True,11,Departamento,0,7,73.0,7,10,1312.24,28,48.5125,194.05,18.6075,0.0351,0.6364,0.3384,Ineficiente
1910.26,True,21,Pequeno negocio,9,1,41.0,6,8,1661.61,30,63.6753,1910.26,46.5917,0.1496,0.2857,0.5807,Ineficiente
682.83,False,24,Casa,8,1,179.0,6,11,720.55,29,23.5459,682.83,3.8147,-0.0523,0.25,0.246,Moderado
1064.73,True,12,Casa,5,6,280.0,4,12,970.16,28,38.0261,177.455,3.8026,0.0975,0.3333,0.2966,Moderado
1149.03,True,15,Pequeno negocio,3,12,224.0,5,1,1205.22,31,37.0655,95.7525,5.1296,-0.0466,0.3333,0.2534,Moderado
760.53,False,16,Casa,12,7,103.0,2,6,846.98,31,24.5332,108.6471,7.3838,-0.1021,0.125,0.214,Eficiente
1569.12,True,19,Departamento,14,4,69.0,4,12,1812.16,30,52.304,392.28,22.7409,-0.1341,0.2105,0.4669,Ineficiente
2996.78,True,5,Pequeno negocio,14,8,30.0,1,0,3538.28,30,99.8927,374.5975,99.8927,-0.153,0.2,0.4859,Ineficiente
488.16,False,15,Departamento,6,7,90.0,0,11,651.72,30,16.272,69.7371,5.424,-0.251,0.0,0.1704,Eficiente
577.2,True,5,Casa,11,5,144.0,5,5,465.17,31,18.6194,115.44,4.0083,0.2408,1.0,0.2791,Moderado
557.11,False,19,Departamento,12,6,60.0,8,6,477.96,31,17.9713,92.8517,9.2852,0.1656,0.4211,0.3294,Ineficiente
538.43,True,24,Casa,11,1,74.0,2,1,563.84,31,17.3687,538.43,7.2761,-0.0451,0.0833,0.2868,Moderado
612.32,False,11,Casa,5,4,194.0,4,4,613.95,29,21.1145,153.08,3.1563,-0.0027,0.3636,0.1545,Eficiente
775.22,False,5,Casa,13,4,77.0,5,12,764.32,29,26.7317,193.805,10.0678,0.0143,1.0,0.2691,Moderado
1177.43,True,34,Pequeno negocio,9,9,187.0,5,12,1077.6,28,42.0511,130.8256,6.2964,0.0926,0.1471,0.3807,Ineficiente
305.06,False,17,Departamento,1,6,50.0,0,1,265.48,30,10.1687,50.8433,6.1012,0.1491,0.0,0.118,Eficiente
786.95,False,17,Casa,2,2,97.0,5,7,721.35,29,27.1362,393.475,8.1129,0.0909,0.2941,0.2658,Moderado
710.58,False,22,Casa,7,1,95.0,8,1,847.24,30,23.686,710.58,7.4798,-0.1613,0.3636,0.2225,Eficiente
594.82,True,11,Departamento,14,2,75.0,2,12,626.73,30,19.8273,297.41,7.9309,-0.0509,0.1818,0.3275,Ineficiente
1659.11,False,29,Pequeno negocio,10,6,66.0,9,5,1772.97,30,55.3037,276.5183,25.138,-0.0642,0.3103,0.4795,Ineficiente
683.84,False,9,Casa,9,1,194.0,7,3,1435.44,28,24.4229,683.84,3.5249,-0.5236,0.7778,0.2333,Moderado
599.85,False,14,Casa,9,5,107.0,0,7,588.08,30,19.995,119.97,5.6061,0.02,0.0,0.209,Eficiente
763.31,False,5,Pequeno negocio,13,1,241.0,5,2,1234.46,28,27.2611,763.31,3.1673,-0.3817,1.0,0.286,Moderado
1672.59,True,34,Pequeno negocio,8,15,216.0,6,9,1356.09,31,53.9545,111.506,7.7435,0.2334,0.1765,0.3609,Ineficiente
772.36,False,6,Pequeno negocio,6,12,44.0,2,4,991.95,28,27.5843,64.3633,17.5536,-0.2214,0.3333,0.2219,Eficiente
734.19,False,21,Casa,5,1,229.0,7,4,743.58,29,25.3169,734.19,3.2061,-0.0126,0.3333,0.2426,Moderado
681.64,True,15,Casa,7,2,67.0,8,9,571.17,29,23.5048,340.82,10.1737,0.1934,0.5333,0.3659,Ineficiente
630.46,False,16,Casa,3,5,67.0,6,11,737.37,31,20.3374,126.092,9.4099,-0.145,0.375,0.1803,Eficiente
919.8,True,16,Casa,14,1,143.0,9,2,885.14,28,32.85,919.8,6.4322,0.0392,0.5625,0.3559,Ineficiente
1386.97,False,21,Pequeno negocio,13,9,48.0,8,7,1646.58,30,46.2323,154.1078,28.8952,-0.1577,0.381,0.3653,Ineficiente
971.26,False,24,Casa,5,5,157.0,3,3,1010.01,31,31.331,194.252,6.1864,-0.0384,0.125,0.2328,Moderado
255.38,False,11,Departamento,11,2,60.0,1,0,286.72,31,8.2381,127.69,4.2563,-0.1093,0.0909,0.1657,Eficiente
841.07,False,5,Pequeno negocio,11,7,234.0,5,3,771.07,29,29.0024,120.1529,3.5943,0.0908,1.0,0.2809,Moderado
1071.93,False,35,Pequeno negocio,9,10,88.0,9,0,1026.75,29,36.9631,107.193,12.181,0.044,0.2571,0.2748,Moderado
689.21,True,13,Departamento,1,6,82.0,2,10,644.37,28,24.6146,114.8683,8.405,0.0696,0.1538,0.2248,Eficiente
1855.57,False,19,Pequeno negocio,1,1,194.0,5,6,1842.16,29,63.9852,1855.57,9.5648,0.0073,0.2632,0.2876,Moderado
863.29,True,22,Casa,10,3,191.0,5,7,963.07,29,29.7686,287.7633,4.5198,-0.1036,0.2273,0.3352,Ineficiente
638.01,False,19,Casa,1,7,183.0,3,5,589.74,31,20.581,91.1443,3.4864,0.0818,0.1579,0.2567,Moderado
614.78,True,18,Casa,12,3,126.0,5,3,589.05,31,19.8316,204.9267,4.8792,0.0437,0.2778,0.3642,Ineficiente
607.09,False,10,Pequeno negocio,6,5,69.0,5,5,749.39,31,19.5835,121.418,8.7984,-0.1899,0.5,0.1538,Eficiente
746.26,True,37,Pequeno negocio,12,2,57.0,9,1,664.88,29,25.7331,373.13,13.0923,0.1224,0.2432,0.4334,Ineficiente
417.41,False,12,Casa,1,4,94.0,3,0,377.47,30,13.9137,104.3525,4.4405,0.1058,0.25,0.1121,Eficiente
364.51,False,15,Casa,5,3,83.0,1,2,318.71,30,12.1503,121.5033,4.3917,0.1437,0.0667,0.2179,Eficiente
445.98,False,7,Casa,2,6,76.0,4,0,419.1,29,15.3786,74.33,5.8682,0.0641,0.5714,0.1562,Eficiente
513.69,True,14,Casa,7,1,144.0,1,7,595.44,28,18.3461,513.69,3.5673,-0.1373,0.0714,0.201,Eficiente
745.11,False,28,Pequeno negocio,1,11,249.0,1,0,742.31,29,25.6934,67.7373,2.9924,0.0038,0.0357,0.175,Eficiente
570.81,False,14,Casa,4,3,97.0,6,5,717.3,30,19.027,190.27,5.8846,-0.2042,0.4286,0.2024,Eficiente
702.09,True,17,Departamento,4,7,97.0,8,9,641.8,28,25.0746,100.2986,7.238,0.0939,0.4706,0.3271,Ineficiente
419.97,False,5,Departamento,7,6,35.0,1,7,353.2,28,14.9989,69.995,11.9991,0.189,0.2,0.1868,Eficiente
459.45,False,13,Casa,0,7,194.0,3,7,351.08,28,16.4089,65.6357,2.3683,0.3087,0.2308,0.2099,Eficiente
435.57,True,23,Casa,4,1,195.0,1,3,464.04,31,14.0506,435.57,2.2337,-0.0614,0.0435,0.2531,Moderado
1971.53,True,17,Pequeno negocio,10,3,152.0,4,1,2704.83,31,63.5977,657.1767,12.9706,-0.2711,0.2353,0.3639,Ineficiente
730.28,False,13,Departamento,6,7,44.0,5,2,828.96,28,26.0814,104.3257,16.5973,-0.119,0.3846,0.1956,Eficiente
827.94,True,16,Casa,8,3,143.0,9,5,938.11,29,28.5497,275.98,5.7898,-0.1174,0.5625,0.3274,Ineficiente
973.52,False,16,Casa,12,6,237.0,8,11,1073.79,31,31.4039,162.2533,4.1077,-0.0934,0.5,0.3116,Ineficiente
1392.19,False,36,Pequeno negocio,7,12,223.0,9,12,1104.88,29,48.0066,116.0158,6.243,0.26,0.25,0.3826,Ineficiente
1650.26,True,30,Pequeno negocio,13,6,121.0,4,1,1600.18,28,58.9379,275.0433,13.6385,0.0313,0.1333,0.3655,Ineficiente
787.46,False,5,Pequeno negocio,14,8,213.0,5,0,649.87,30,26.2487,98.4325,3.697,0.2117,1.0,0.2647,Moderado
373.45,True,14,Departamento,7,1,47.0,2,6,328.09,30,12.4483,373.45,7.9457,0.1383,0.1429,0.3108,Ineficiente
523.75,True,10,Pequeno negocio,7,6,58.0,0,2,466.3,30,17.4583,87.2917,9.0302,0.1232,0.0,0.2276,Eficiente
624.6,True,24,Casa,4,1,152.0,9,1,578.25,29,21.5379,624.6,4.1092,0.0802,0.375,0.2905,Moderado
566.89,False,6,Departamento,13,1,92.0,6,5,610.22,31,18.2868,566.89,6.1618,-0.071,1.0,0.2323,Moderado
650.59,True,10,Casa,11,2,198.0,1,12,601.3,28,23.2354,325.295,3.2858,0.082,0.1,0.3253,Ineficiente
392.25,True,21,Departamento,2,7,57.0,1,3,297.27,29,13.5259,56.0357,6.8816,0.3195,0.0476,0.2043,Eficiente
939.36,True,14,Pequeno negocio,9,8,39.0,9,1,925.27,31,30.3019,117.42,24.0862,0.0152,0.6429,0.3426,Ineficiente
740.42,False,16,Pequeno negocio,3,12,85.0,4,2,701.6,29,25.5317,61.7017,8.7108,0.0553,0.25,0.1792,Eficiente
620.29,True,6,Departamento,14,5,74.0,6,8,715.82,28,22.1532,124.058,8.3823,-0.1335,1.0,0.2653,Moderado
952.56,True,14,Departamento,4,4,92.0,9,12,996.53,30,31.752,238.14,10.3539,-0.0441,0.6429,0.3586,Ineficiente
865.11,True,5,Pequeno negocio,1,13,115.0,5,12,924.04,30,28.837,66.5469,7.5227,-0.0638,1.0,0.223,Eficiente
1010.65,False,35,Pequeno negocio,14,11,131.0,0,9,803.8,30,33.6883,91.8773,7.7149,0.2573,0.0,0.2942,Moderado
680.16,False,24,Departamento,9,4,122.0,6,6,696.36,29,23.4538,170.04,5.5751,-0.0233,0.25,0.2857,Moderado
2208.79,False,4,Casa,13,7,184.0,1,9,2131.39,31,71.2513,315.5414,12.0043,0.0363,0.25,0.3206,Ineficiente
639.29,False,22,Casa,13,7,122.0,6,0,513.61,30,21.3097,91.3271,5.2401,0.2447,0.2727,0.3537,Ineficiente
1370.24,False,21,Pequeno negocio,6,11,151.0,5,12,1233.72,30,45.6747,124.5673,9.0744,0.1107,0.2381,0.3143,Ineficiente
552.11,False,18,Departamento,6,6,120.0,4,10,538.33,30,18.4037,92.0183,4.6009,0.0256,0.2222,0.1612,Eficiente
643.73,False,24,Departamento,12,6,101.0,4,2,616.6,31,20.7655,107.2883,6.3736,0.044,0.1667,0.3172,Ineficiente
686.03,True,10,Departamento,5,5,94.0,9,3,670.71,30,22.8677,137.206,7.2982,0.0228,0.9,0.3037,Moderado
609.1,False,6,Casa,3,6,251.0,3,11,522.27,31,19.6484,101.5167,2.4267,0.1663,0.5,0.1626,Eficiente
674.54,False,4,Casa,8,1,230.0,4,7,718.11,29,23.26,674.54,2.9328,-0.0607,1.0,0.304,Moderado
1366.32,False,33,Pequeno negocio,8,8,129.0,8,12,1410.42,28,48.7971,170.79,10.5916,-0.0313,0.2424,0.3675,Ineficiente
916.55,True,23,Casa,12,4,129.0,9,5,986.68,30,30.5517,229.1375,7.105,-0.0711,0.3913,0.4363,Ineficiente
321.52,True,13,Departamento,2,1,46.0,8,7,274.84,29,11.0869,321.52,6.9896,0.1698,0.6154,0.286,Moderado
385.25,False,12,Departamento,7,3,38.0,6,0,324.87,31,12.4274,128.4167,10.1382,0.1859,0.5,0.2674,Moderado
2406.58,True,39,Pequeno negocio,8,13,136.0,9,11,2374.01,28,85.9493,185.1215,17.6954,0.0137,0.2308,0.4955,Ineficiente
989.79,True,17,Casa,14,7,73.0,7,10,950.04,31,31.9287,141.3986,13.5588,0.0418,0.4118,0.3956,Ineficiente
405.77,True,7,Departamento,3,5,71.0,1,10,325.68,31,13.0894,81.154,5.7151,0.2459,0.1429,0.2052,Eficiente
508.76,True,18,Casa,9,1,111.0,0,9,463.05,31,16.4116,508.76,4.5834,0.0987,0.0,0.2466,Moderado
1371.31,True,21,Casa,8,5,251.0,6,4,1544.58,29,47.2866,274.262,5.4634,-0.1122,0.2857,0.3035,Moderado
1030.09,False,20,Casa,14,6,111.0,5,0,1141.36,31,33.2287,171.6817,9.2801,-0.0975,0.25,0.2241,Eficiente
627.9,True,14,Casa,6,3,63.0,8,4,600.61,30,20.93,209.3,9.9667,0.0454,0.5714,0.3296,Ineficiente
691.68,True,39,Pequeno negocio,2,2,148.0,5,8,568.03,28,24.7029,345.84,4.6735,0.2177,0.1282,0.3824,Ineficiente
2107.31,False,34,Pequeno negocio,8,15,132.0,2,8,1941.79,29,72.6659,140.4873,15.9645,0.0852,0.0588,0.4075,Ineficiente
895.45,False,18,Casa,12,7,154.0,8,11,969.74,30,29.8483,127.9214,5.8146,-0.0766,0.4444,0.3098,Ineficiente
948.65,False,28,Pequeno negocio,2,8,96.0,4,7,800.79,31,30.6016,118.5812,9.8818,0.1846,0.1429,0.2123,Eficiente
497.55,False,7,Departamento,10,4,111.0,7,4,535.17,29,17.1569,124.3875,4.4824,-0.0703,1.0,0.1869,Eficiente
391.88,True,10,Departamento,7,6,53.0,0,5,391.72,29,13.5131,65.3133,7.394,0.0004,0.0,0.2192,Eficiente
878.19,True,15,Pequeno negocio,11,5,32.0,0,12,640.64,30,29.273,175.638,27.4434,0.3708,0.0,0.3449,Ineficiente
305.35,True,12,Departamento,4,4,62.0,1,0,327.54,28,10.9054,76.3375,4.925,-0.0677,0.0833,0.1214,Eficiente
678.69,True,8,Casa,12,3,218.0,8,8,662.7,31,21.8932,226.23,3.1133,0.0241,1.0,0.3914,Ineficiente
342.81,False,24,Casa,2,3,122.0,1,0,324.52,29,11.821,114.27,2.8099,0.0564,0.0417,0.1181,Eficiente
560.36,True,22,Departamento,7,5,77.0,7,6,679.97,30,18.6787,112.072,7.2774,-0.1759,0.3182,0.3524,Ineficiente
932.36,True,35,Pequeno negocio,7,1,115.0,7,1,806.0,29,32.1503,932.36,8.1075,0.1568,0.2,0.3791,Ineficiente
561.24,True,12,Departamento,4,6,117.0,8,2,554.73,29,19.3531,93.54,4.7969,0.0117,0.6667,0.2373,Moderado
784.89,True,15,Casa,2,6,250.0,6,5,739.87,29,27.0652,130.815,3.1396,0.0608,0.4,0.2562,Moderado
564.4,False,23,Casa,14,1,132.0,0,4,564.1,31,18.2065,564.4,4.2758,0.0005,0.0,0.2616,Moderado
669.34,False,24,Pequeno negocio,6,12,169.0,0,0,802.6,29,23.0807,55.7783,3.9606,-0.166,0.0,0.1809,Eficiente
567.74,False,21,Casa,13,4,202.0,0,10,504.88,31,18.3142,141.935,2.8106,0.1245,0.0,0.2778,Moderado
378.31,True,21,Departamento,4,3,51.0,5,1,315.3,28,13.5111,126.1033,7.4178,0.1998,0.2381,0.2972,Moderado
1722.97,True,20,Departamento,9,4,96.0,4,9,2049.18,29,59.4128,430.7425,17.9476,-0.1592,0.2,0.3387,Ineficiente
567.71,False,16,Casa,8,4,140.0,0,12,556.46,28,20.2754,141.9275,4.0551,0.0202,0.0,0.1843,Eficiente
419.37,True,10,Casa,6,2,83.0,0,3,359.99,29,14.461,209.685,5.0527,0.1649,0.0,0.2406,Moderado
499.3,True,10,Casa,7,5,70.0,2,5,517.02,31,16.1065,99.86,7.1329,-0.0343,0.2,0.192,Eficiente
564.84,False,20,Casa,3,5,167.0,4,8,569.17,30,18.828,112.968,3.3823,-0.0076,0.2,0.203,Eficiente
663.18,True,12,Departamento,2,3,62.0,9,12,626.44,28,23.685,221.06,10.6965,0.0586,0.75,0.2696,Moderado
3996.4,True,36,Pequeno negocio,10,11,44.0,8,4,4147.26,30,133.2133,363.3091,90.8273,-0.0364,0.2222,0.6925,Ineficiente
524.67,False,7,Casa,4,5,202.0,4,2,494.82,29,18.0921,104.934,2.5974,0.0603,0.5714,0.104,Eficiente
297.95,False,16,Departamento,7,4,49.0,2,1,325.57,28,10.6411,74.4875,6.0806,-0.0848,0.125,0.1456,Eficiente
1010.17,True,24,Casa,8,4,211.0,7,4,966.35,28,36.0775,252.5425,4.7875,0.0453,0.2917,0.3138,Ineficiente
748.36,False,11,Casa,14,7,104.0,9,10,776.36,29,25.8055,106.9086,7.1958,-0.0361,0.8182,0.3374,Ineficiente
695.11,True,17,Departamento,12,7,52.0,3,8,673.89,28,24.8254,99.3014,13.3675,0.0315,0.1765,0.3396,Ineficiente
736.39,False,9,Departamento,2,3,57.0,4,2,681.74,30,24.5463,245.4633,12.9191,0.0802,0.4444,0.2261,Eficiente
438.22,True,11,Departamento,0,6,70.0,1,12,487.44,30,14.6073,73.0367,6.2603,-0.101,0.0909,0.1986,Eficiente
876.3,False,11,Casa,14,6,284.0,1,8,955.55,31,28.2677,146.05,3.0856,-0.0829,0.0909,0.219,Eficiente
465.35,False,10,Departamento,1,1,117.0,8,9,460.58,31,15.0113,465.35,3.9774,0.0104,0.8,0.2224,Eficiente
543.16,True,21,Casa,10,5,80.0,2,0,660.16,31,17.5213,108.632,6.7895,-0.1772,0.0952,0.2673,Moderado
1031.57,True,27,Pequeno negocio,11,2,226.0,1,11,1116.07,29,35.5714,515.785,4.5645,-0.0757,0.037,0.3878,Ineficiente
1097.06,True,8,Departamento,12,1,60.0,3,0,1291.63,29,37.8297,1097.06,18.2843,-0.1506,0.375,0.3239,Ineficiente
1075.82,True,37,Pequeno negocio,5,4,163.0,3,0,1084.3,30,35.8607,268.955,6.6001,-0.0078,0.0811,0.3476,Ineficiente
684.83,True,3,Casa,5,6,279.0,2,8,622.01,29,23.6148,114.1383,2.4546,0.101,0.6667,0.2191,Eficiente
563.14,True,19,Departamento,3,7,95.0,7,3,491.57,31,18.1658,80.4486,5.9278,0.1456,0.3684,0.2374,Moderado
498.81,False,18,Departamento,2,7,109.0,5,12,412.88,31,16.0906,71.2586,4.5762,0.2081,0.2778,0.2016,Eficiente
723.14,False,21,Casa,3,5,70.0,5,11,702.58,30,24.1047,144.628,10.3306,0.0293,0.2381,0.2469,Moderado
496.05,True,15,Departamento,3,1,77.0,9,7,598.12,29,17.1052,496.05,6.4422,-0.1707,0.6,0.2806,Moderado
733.85,True,23,Departamento,14,1,111.0,9,6,890.85,31,23.6726,733.85,6.6113,-0.1762,0.3913,0.4061,Ineficiente
869.33,True,34,Pequeno negocio,7,10,129.0,2,2,816.37,30,28.9777,86.933,6.739,0.0649,0.0588,0.3628,Ineficiente
671.6,True,11,Casa,7,6,171.0,9,2,708.09,28,23.9857,111.9333,3.9275,-0.0515,0.8182,0.2875,Moderado
1195.68,True,10,Pequeno negocio,9,14,223.0,6,0,1368.91,28,42.7029,85.4057,5.3618,-0.1265,0.6,0.3106,Ineficiente
302.83,True,19,Casa,2,1,161.0,1,2,265.29,28,10.8154,302.83,1.8809,0.1415,0.0526,0.2182,Eficiente
472.6,True,7,Departamento,14,2,62.0,3,5,381.61,28,16.8786,236.3,7.6226,0.2384,0.4286,0.3299,Ineficiente
461.43,True,10,Departamento,6,7,80.0,2,9,430.75,29,15.9114,65.9186,5.7679,0.0712,0.2,0.2061,Eficiente
915.51,True,5,Casa,7,6,73.0,5,0,804.49,30,30.517,152.585,12.5412,0.138,1.0,0.2766,Moderado
896.56,False,20,Pequeno negocio,3,10,107.0,6,2,963.03,30,29.8853,89.656,8.3791,-0.069,0.3,0.2689,Moderado
991.28,False,22,Pequeno negocio,4,12,30.0,7,4,1054.61,29,34.1821,82.6067,33.0427,-0.0601,0.3182,0.261,Moderado
362.19,True,12,Pequeno negocio,2,1,58.0,1,6,660.36,29,12.4893,362.19,6.2447,-0.4515,0.0833,0.1406,Eficiente
1025.26,False,23,Pequeno negocio,7,10,227.0,5,5,879.87,30,34.1753,102.526,4.5166,0.1652,0.2174,0.2643,Moderado
595.39,False,15,Departamento,14,4,60.0,5,2,536.06,31,19.2061,148.8475,9.9232,0.1107,0.3333,0.3068,Ineficiente
1234.9,True,13,Departamento,0,6,107.0,6,9,1229.34,30,41.1633,205.8167,11.5411,0.0045,0.4615,0.261,Moderado
756.41,False,8,Pequeno negocio,6,13,206.0,3,2,631.34,28,27.0146,58.1854,3.6719,0.1981,0.375,0.1712,Eficiente
306.19,True,4,Casa,5,1,223.0,0,1,286.2,29,10.5583,306.19,1.373,0.0698,0.0,0.1428,Eficiente
1181.4,True,27,Pequeno negocio,10,10,149.0,8,5,1164.98,31,38.1097,118.14,7.9289,0.0141,0.2963,0.3572,Ineficiente
587.46,False,21,Departamento,11,2,38.0,4,12,499.27,31,18.9503,293.73,15.4595,0.1766,0.1905,0.2762,Moderado
466.81,True,7,Departamento,13,1,85.0,7,1,499.42,29,16.0969,466.81,5.4919,-0.0653,1.0,0.2969,Moderado
526.04,True,11,Casa,3,5,145.0,4,1,563.11,29,18.1393,105.208,3.6279,-0.0658,0.3636,0.2285,Moderado
640.05,False,4,Casa,3,7,86.0,2,8,681.77,31,20.6468,91.4357,7.4424,-0.0612,0.5,0.0968,Eficiente
1468.49,True,5,Casa,7,1,163.0,4,8,1767.55,31,47.3706,1468.49,9.0091,-0.1692,0.8,0.3516,Ineficiente
336.81,False,21,Casa,1,3,203.0,0,2,263.85,29,11.6141,112.27,1.6592,0.2765,0.0,0.2186,Eficiente
668.48,True,5,Casa,7,5,246.0,5,8,776.37,28,23.8743,133.696,2.7174,-0.139,1.0,0.2291,Moderado
1081.6,False,10,Casa,3,3,127.0,9,9,1122.6,30,36.0533,360.5333,8.5165,-0.0365,0.9,0.2835,Moderado
578.87,True,24,Casa,4,1,282.0,2,8,550.05,30,19.2957,578.87,2.0527,0.0524,0.0833,0.2967,Moderado
352.33,True,10,Departamento,10,2,95.0,1,6,325.18,30,11.7443,176.165,3.7087,0.0835,0.1,0.2132,Eficiente
484.95,True,18,Casa,2,1,199.0,1,5,442.85,31,15.6435,484.95,2.4369,0.0951,0.0556,0.2291,Moderado
470.23,False,36,Pequeno negocio,5,3,231.0,1,4,606.28,29,16.2148,156.7433,2.0356,-0.2244,0.0278,0.1512,Eficiente
1788.15,False,22,Casa,10,4,226.0,3,0,2214.39,31,57.6823,447.0375,7.9122,-0.1925,0.1364,0.2872,Moderado
658.33,True,23,Departamento,7,7,103.0,2,7,619.96,31,21.2365,94.0471,6.3916,0.0619,0.087,0.3549,Ineficiente
999.36,False,23,Casa,12,5,283.0,7,10,808.8,28,35.6914,199.872,3.5313,0.2356,0.3043,0.441,Ineficiente
313.78,False,16,Departamento,0,3,95.0,3,5,255.4,30,10.4593,104.5933,3.3029,0.2286,0.1875,0.1093,Eficiente
446.67,False,24,Departamento,6,7,43.0,3,9,380.23,28,15.9525,63.81,10.3877,0.1747,0.125,0.2078,Eficiente
1066.22,False,18,Departamento,0,2,115.0,1,1,1094.15,28,38.0793,533.11,9.2715,-0.0255,0.0556,0.2086,Eficiente
519.15,True,11,Casa,0,2,183.0,5,1,554.17,28,18.5411,259.575,2.8369,-0.0632,0.4545,0.1888,Eficiente
510.98,True,22,Departamento,6,6,72.0,3,4,618.38,31,16.4832,85.1633,7.0969,-0.1737,0.1364,0.2708,Moderado
603.37,True,9,Casa,3,4,154.0,7,4,556.89,31,19.4635,150.8425,3.918,0.0835,0.7778,0.2609,Moderado
318.7,True,21,Departamento,2,3,115.0,0,6,281.38,29,10.9897,106.2333,2.7713,0.1326,0.0,0.1839,Eficiente
974.85,True,23,Casa,14,5,134.0,6,0,936.8,31,31.4468,194.97,7.275,0.0406,0.2609,0.4132,Ineficiente
654.4,True,12,Departamento,11,7,52.0,8,1,560.73,30,21.8133,93.4857,12.5846,0.1671,0.6667,0.2736,Moderado
638.76,False,8,Casa,6,2,156.0,7,9,577.1,28,22.8129,319.38,4.0946,0.1068,0.875,0.2404,Moderado
887.04,True,6,Departamento,14,7,53.0,2,9,829.16,29,30.5876,126.72,16.7366,0.0698,0.3333,0.3178,Ineficiente
716.98,True,14,Casa,1,7,233.0,6,10,716.72,30,23.8993,102.4257,3.0772,0.0004,0.4286,0.2274,Eficiente
1015.38,False,17,Casa,13,6,172.0,8,4,1346.46,30,33.846,169.23,5.9034,-0.2459,0.4706,0.2841,Moderado
772.23,True,15,Casa,13,2,191.0,5,8,769.47,30,25.741,386.115,4.0431,0.0036,0.3333,0.3568,Ineficiente
549.22,True,17,Casa,6,1,171.0,6,2,684.02,30,18.3073,549.22,3.2118,-0.1971,0.3529,0.2745,Moderado
459.93,False,3,Departamento,10,1,101.0,3,11,459.68,30,15.331,459.93,4.5538,0.0005,1.0,0.2548,Moderado
733.57,True,28,Pequeno negocio,4,10,44.0,4,0,1210.94,31,23.6635,73.357,16.672,-0.3942,0.1429,0.3139,Ineficiente
482.77,True,8,Departamento,14,3,121.0,1,7,500.24,30,16.0923,160.9233,3.9898,-0.0349,0.125,0.2744,Moderado
720.49,False,22,Casa,7,7,297.0,9,1,662.65,29,24.8445,102.9271,2.4259,0.0873,0.4091,0.2661,Moderado
487.03,False,14,Casa,3,1,179.0,3,10,636.33,28,17.3939,487.03,2.7208,-0.2346,0.2143,0.1787,Eficiente
813.19,False,8,Pequeno negocio,1,15,196.0,3,3,752.04,28,29.0425,54.2127,4.1489,0.0813,0.375,0.1017,Eficiente
550.41,True,17,Casa,10,2,200.0,6,0,630.6,29,18.9797,275.205,2.752,-0.1272,0.3529,0.3027,Moderado
761.49,False,12,Casa,14,7,155.0,1,4,726.88,29,26.2583,108.7843,4.9128,0.0476,0.0833,0.2192,Eficiente
769.08,True,12,Pequeno negocio,10,1,169.0,3,11,790.79,28,27.4671,769.08,4.5508,-0.0275,0.25,0.3827,Ineficiente
660.55,True,14,Casa,10,3,265.0,5,1,680.3,30,22.0183,220.1833,2.4926,-0.029,0.3571,0.2525,Moderado
758.24,False,18,Casa,11,7,211.0,7,3,640.15,29,26.1462,108.32,3.5936,0.1845,0.3889,0.2979,Moderado
1837.1,True,23,Casa,4,7,210.0,1,7,1661.52,29,63.3483,262.4429,8.7481,0.1057,0.0435,0.3713,Ineficiente
1071.47,False,11,Departamento,5,7,87.0,8,11,1488.65,30,35.7157,153.0671,12.3157,-0.2802,0.7273,0.2666,Moderado
649.18,False,6,Casa,11,5,296.0,2,2,742.96,31,20.9413,129.836,2.1932,-0.1262,0.3333,0.1923,Eficiente
673.53,True,22,Departamento,9,2,111.0,9,4,730.41,30,22.451,336.765,6.0678,-0.0779,0.4091,0.3734,Ineficiente
708.73,True,11,Casa,3,1,231.0,9,12,589.19,31,22.8623,708.73,3.0681,0.2029,0.8182,0.3238,Ineficiente
886.98,False,6,Casa,0,3,240.0,6,9,947.35,30,29.566,295.66,3.6958,-0.0637,1.0,0.2593,Moderado
878.16,False,14,Casa,11,4,233.0,8,7,1050.71,31,28.3277,219.54,3.7689,-0.1642,0.5714,0.2276,Eficiente
3625.59,True,13,Pequeno negocio,12,12,218.0,1,4,3822.13,29,125.0203,302.1325,16.6311,-0.0514,0.0769,0.4329,Ineficiente
454.92,False,24,Casa,6,1,78.0,4,10,495.31,28,16.2471,454.92,5.8323,-0.0815,0.1667,0.2509,Moderado
387.28,True,20,Departamento,12,5,46.0,1,12,423.86,28,13.8314,77.456,8.4191,-0.0863,0.05,0.3375,Ineficiente
555.14,False,12,Casa,12,3,126.0,4,5,551.47,28,19.8264,185.0467,4.4059,0.0067,0.3333,0.234,Moderado
1176.48,True,14,Casa,10,1,273.0,5,12,1059.21,29,40.5683,1176.48,4.3095,0.1107,0.3571,0.3602,Ineficiente
575.01,False,11,Casa,14,7,200.0,5,2,529.81,29,19.8279,82.1443,2.875,0.0853,0.4545,0.2537,Moderado
455.95,False,13,Departamento,14,3,60.0,0,10,369.93,30,15.1983,151.9833,7.5992,0.2325,0.0,0.2774,Moderado
459.28,True,23,Departamento,4,2,71.0,0,5,429.49,31,14.8155,229.64,6.4687,0.0694,0.0,0.2116,Eficiente
1223.75,False,31,Pequeno negocio,13,4,151.0,9,2,1127.11,28,43.7054,305.9375,8.1043,0.0857,0.2903,0.3556,Ineficiente
920.62,False,16,Pequeno negocio,8,10,162.0,2,5,891.41,31,29.6974,92.062,5.6828,0.0328,0.125,0.2226,Eficiente
570.43,True,24,Departamento,5,6,51.0,4,5,627.78,30,19.0143,95.0717,11.1849,-0.0914,0.1667,0.2288,Moderado
378.85,True,6,Departamento,3,1,109.0,5,8,411.39,28,13.5304,378.85,3.4757,-0.0791,0.8333,0.2384,Moderado
828.5,False,22,Departamento,10,5,72.0,1,10,984.17,31,26.7258,165.7,11.5069,-0.1582,0.0455,0.2491,Moderado
440.53,True,6,Departamento,12,5,57.0,3,11,598.49,29,15.1907,88.106,7.7286,-0.2639,0.5,0.2452,Moderado
593.2,True,8,Casa,3,7,205.0,6,1,547.65,30,19.7733,84.7429,2.8937,0.0832,0.75,0.2598,Moderado
584.36,True,10,Pequeno negocio,7,8,127.0,2,3,561.91,31,18.8503,73.045,4.6013,0.04,0.2,0.2522,Moderado
1063.74,True,18,Pequeno negocio,13,8,75.0,7,10,1294.82,28,37.9907,132.9675,14.1832,-0.1785,0.3889,0.3439,Ineficiente
798.78,False,13,Casa,14,5,268.0,6,1,763.14,28,28.5279,159.756,2.9805,0.0467,0.4615,0.264,Moderado
1304.73,True,22,Pequeno negocio,6,14,212.0,9,3,1251.61,28,46.5975,93.195,6.1544,0.0424,0.4091,0.3453,Ineficiente
5000.0,True,39,Pequeno negocio,13,12,96.0,5,9,4532.65,30,166.6667,416.6667,52.0833,0.1031,0.1282,0.7388,Ineficiente
1097.15,False,7,Casa,12,7,212.0,7,6,1164.29,31,35.3919,156.7357,5.1752,-0.0577,1.0,0.2826,Moderado
841.66,True,38,Pequeno negocio,4,1,226.0,3,0,940.97,30,28.0553,841.66,3.7242,-0.1055,0.0789,0.3175,Ineficiente
659.51,True,4,Casa,6,7,238.0,4,1,730.52,30,21.9837,94.2157,2.7711,-0.0972,1.0,0.2003,Eficiente
1002.64,True,23,Casa,1,5,208.0,9,10,895.73,28,35.8086,200.528,4.8204,0.1194,0.3913,0.3635,Ineficiente
770.84,False,12,Casa,0,7,105.0,8,4,681.21,29,26.5807,110.12,7.3413,0.1316,0.6667,0.1541,Eficiente
667.95,False,19,Departamento,9,6,96.0,7,9,765.78,29,23.0328,111.325,6.9578,-0.1278,0.3684,0.3213,Ineficiente
372.85,True,7,Casa,0,2,214.0,4,8,371.75,29,12.8569,186.425,1.7423,0.003,0.5714,0.1995,Eficiente
1202.96,False,28,Pequeno negocio,4,9,233.0,5,10,1274.97,31,38.8052,133.6622,5.1629,-0.0565,0.1786,0.2429,Moderado
636.38,True,5,Casa,2,7,121.0,5,7,694.87,29,21.9441,90.9114,5.2593,-0.0842,1.0,0.1626,Eficiente
343.44,False,7,Casa,3,3,87.0,2,1,323.85,28,12.2657,114.48,3.9476,0.0605,0.2857,0.1236,Eficiente
419.38,True,18,Departamento,3,7,61.0,2,1,410.56,29,14.4614,59.9114,6.8751,0.0215,0.1111,0.1941,Eficiente
584.8,True,10,Casa,8,3,91.0,6,2,912.0,30,19.4933,194.9333,6.4264,-0.3588,0.6,0.2278,Eficiente
523.26,False,24,Departamento,11,3,54.0,6,2,507.08,29,18.0434,174.42,9.69,0.0319,0.25,0.2855,Moderado
812.28,True,24,Casa,8,6,164.0,6,7,666.42,31,26.2026,135.38,4.9529,0.2189,0.25,0.3805,Ineficiente
1397.42,True,36,Pequeno negocio,11,12,153.0,6,5,1392.71,31,45.0781,116.4517,9.1335,0.0034,0.1667,0.3904,Ineficiente
563.26,False,17,Departamento,8,5,65.0,5,4,464.94,29,19.4228,112.652,8.6655,0.2115,0.2941,0.1799,Eficiente
914.56,True,20,Casa,10,3,290.0,5,7,875.51,31,29.5019,304.8533,3.1537,0.0446,0.25,0.3452,Ineficiente
3326.75,False,9,Casa,4,5,168.0,6,10,2563.69,29,114.7155,665.35,19.8021,0.2976,0.6667,0.4241,Ineficiente
546.75,True,21,Casa,4,4,72.0,3,4,420.57,31,17.6371,136.6875,7.5938,0.3,0.1429,0.2788,Moderado
1012.57,True,13,Pequeno negocio,2,15,147.0,1,5,779.0,30,33.7523,67.5047,6.8882,0.2998,0.0769,0.2227,Eficiente
470.09,False,10,Departamento,7,4,107.0,6,11,426.44,28,16.7889,117.5225,4.3934,0.1024,0.6,0.2479,Moderado
366.38,True,5,Casa,2,1,145.0,3,5,353.57,29,12.6338,366.38,2.5268,0.0362,0.6,0.2382,Moderado
650.37,True,12,Casa,9,6,84.0,7,1,799.19,30,21.679,108.395,7.7425,-0.1862,0.5833,0.2533,Moderado
1430.71,True,32,Pequeno negocio,10,12,66.0,8,2,1797.83,29,49.3348,119.2258,21.6774,-0.2042,0.25,0.3844,Ineficiente
822.83,False,14,Casa,13,7,208.0,3,3,680.41,31,26.5429,117.5471,3.9559,0.2093,0.2143,0.2695,Moderado
301.01,False,8,Departamento,7,1,48.0,1,7,345.0,29,10.3797,301.01,6.271,-0.1275,0.125,0.1972,Eficiente
445.82,False,9,Departamento,14,7,56.0,0,5,362.45,31,14.3813,63.6886,7.9611,0.23,0.0,0.1968,Eficiente
685.54,False,22,Casa,7,3,184.0,5,4,771.31,31,22.1142,228.5133,3.7258,-0.1112,0.2273,0.2455,Moderado
764.01,False,21,Departamento,10,6,94.0,8,10,1106.77,28,27.2861,127.335,8.1278,-0.3097,0.381,0.2563,Moderado
841.15,False,19,Casa,14,5,104.0,8,5,965.33,30,28.0383,168.23,8.088,-0.1286,0.4211,0.3608,Ineficiente
971.21,True,10,Casa,7,7,134.0,8,6,1231.96,30,32.3737,138.7443,7.2478,-0.2117,0.8,0.2561,Moderado
855.3,True,15,Pequeno negocio,13,9,140.0,0,3,702.21,28,30.5464,95.0333,6.1093,0.218,0.0,0.263,Moderado
790.63,False,9,Departamento,8,5,68.0,0,6,824.34,30,26.3543,158.126,11.6269,-0.0409,0.0,0.1654,Eficiente
1444.0,False,18,Pequeno negocio,0,12,191.0,9,7,1512.92,29,49.7931,120.3333,7.5602,-0.0456,0.5,0.2636,Moderado
821.76,False,14,Departamento,7,2,125.0,6,11,892.14,31,26.5084,410.88,6.5741,-0.0789,0.4286,0.2224,Eficiente
1060.02,True,21,Casa,11,6,205.0,8,10,1063.56,31,34.1942,176.67,5.1708,-0.0033,0.381,0.4363,Ineficiente
502.86,False,20,Departamento,9,2,74.0,9,0,482.19,28,17.9593,251.43,6.7954,0.0429,0.45,0.2697,Moderado
419.89,True,7,Departamento,3,6,114.0,7,0,458.71,31,13.5448,69.9817,3.6832,-0.0846,1.0,0.1849,Eficiente
433.52,True,23,Casa,4,1,93.0,4,10,573.45,31,13.9845,433.52,4.6615,-0.244,0.1739,0.2754,Moderado
612.06,False,4,Casa,10,2,294.0,4,3,801.17,29,21.1055,306.03,2.0818,-0.236,1.0,0.2051,Eficiente
458.27,True,4,Departamento,11,4,125.0,4,0,534.29,31,14.7829,114.5675,3.6662,-0.1423,1.0,0.1949,Eficiente
491.35,False,21,Departamento,2,2,85.0,8,8,632.88,30,16.3783,245.675,5.7806,-0.2236,0.381,0.2696,Moderado
882.81,True,9,Casa,6,1,214.0,8,12,739.42,30,29.427,882.81,4.1253,0.1939,0.8889,0.3664,Ineficiente
699.48,False,32,Pequeno negocio,2,6,163.0,1,9,751.67,28,24.9814,116.58,4.2913,-0.0694,0.0312,0.181,Eficiente
516.4,True,4,Casa,4,3,176.0,4,1,697.91,29,17.8069,172.1333,2.9341,-0.2601,1.0,0.1151,Eficiente
1794.16,False,8,Casa,14,4,89.0,6,3,1688.58,28,64.0771,448.54,20.1591,0.0625,0.75,0.3331,Ineficiente
460.58,True,21,Casa,0,1,207.0,7,3,519.58,29,15.8821,460.58,2.225,-0.1136,0.3333,0.1876,Eficiente
644.22,True,16,Pequeno negocio,8,2,186.0,3,3,560.54,31,20.7813,322.11,3.4635,0.1493,0.1875,0.2299,Moderado
544.98,True,14,Casa,6,5,213.0,4,8,608.18,28,19.4636,108.996,2.5586,-0.1039,0.2857,0.2189,Eficiente
1670.85,True,18,Departamento,5,3,72.0,8,9,1781.16,30,55.695,556.95,23.2062,-0.0619,0.4444,0.4527,Ineficiente
632.95,True,10,Casa,13,6,90.0,1,3,473.55,31,20.4177,105.4917,7.0328,0.3366,0.1,0.3365,Ineficiente
634.38,True,6,Departamento,13,6,125.0,5,7,625.29,28,22.6564,105.73,5.075,0.0145,0.8333,0.3054,Ineficiente
512.65,False,21,Departamento,0,1,67.0,9,6,511.29,28,18.3089,512.65,7.6515,0.0027,0.4286,0.2238,Eficiente
1004.99,True,16,Casa,4,7,273.0,7,5,986.51,29,34.6548,143.57,3.6813,0.0187,0.4375,0.3234,Ineficiente
1901.34,False,7,Pequeno negocio,3,15,64.0,1,2,2102.19,29,65.5634,126.756,29.7084,-0.0955,0.1429,0.2245,Eficiente
505.5,False,18,Casa,0,6,281.0,1,0,384.85,29,17.431,84.25,1.7989,0.3135,0.0556,0.1538,Eficiente
807.94,False,19,Casa,7,4,232.0,5,12,932.46,28,28.855,201.985,3.4825,-0.1335,0.2632,0.274,Moderado
446.19,True,16,Departamento,5,1,129.0,2,8,375.24,31,14.3932,446.19,3.4588,0.1891,0.125,0.3044,Moderado
1576.56,True,17,Departamento,5,7,82.0,8,10,1666.92,28,56.3057,225.2229,19.2263,-0.0542,0.4706,0.3617,Ineficiente
2074.88,True,12,Casa,10,4,242.0,8,3,2226.89,28,74.1029,518.72,8.5739,-0.0683,0.6667,0.4023,Ineficiente
821.73,True,23,Departamento,14,1,128.0,9,2,904.35,28,29.3475,821.73,6.4198,-0.0914,0.3913,0.4221,Ineficiente
738.08,True,20,Casa,9,2,260.0,3,7,1062.07,30,24.6027,369.04,2.8388,-0.3051,0.15,0.2502,Moderado
456.95,False,8,Departamento,9,2,120.0,2,9,486.75,28,16.3196,228.475,3.8079,-0.0612,0.25,0.251,Moderado
623.39,False,23,Departamento,7,3,126.0,5,9,554.85,31,20.1094,207.7967,4.9475,0.1235,0.2174,0.2509,Moderado
1014.49,False,33,Pequeno negocio,6,1,185.0,1,7,1021.32,29,34.9824,1014.49,5.4837,-0.0067,0.0303,0.2934,Moderado
1278.61,False,18,Departamento,7,3,66.0,7,6,1545.16,31,41.2455,426.2033,19.3729,-0.1725,0.3889,0.3102,Ineficiente
647.07,True,23,Departamento,3,7,50.0,8,7,592.62,28,23.1096,92.4386,12.9414,0.0919,0.3478,0.3162,Ineficiente
372.39,False,12,Departamento,7,7,39.0,1,3,378.75,31,12.0126,53.1986,9.5485,-0.0168,0.0833,0.1221,Eficiente
433.78,True,7,Casa,5,5,132.0,1,2,452.65,28,15.4921,86.756,3.2862,-0.0417,0.1429,0.1871,Eficiente
1126.49,False,24,Casa,5,5,292.0,3,2,1481.57,30,37.5497,225.298,3.8578,-0.2397,0.125,0.1729,Eficiente
863.48,True,22,Pequeno negocio,13,6,67.0,8,4,954.39,28,30.8386,143.9133,12.8878,-0.0953,0.3636,0.3968,Ineficiente
455.3,False,12,Casa,1,2,238.0,3,9,463.96,29,15.7,227.65,1.913,-0.0187,0.25,0.2266,Eficiente
738.65,False,24,Departamento,12,4,65.0,7,11,754.75,30,24.6217,184.6625,11.3638,-0.0213,0.2917,0.3637,Ineficiente
550.23,False,5,Casa,2,5,149.0,5,11,488.36,28,19.6511,110.046,3.6928,0.1267,1.0,0.1772,Eficiente
1320.14,True,19,Pequeno negocio,5,6,240.0,4,5,1863.65,31,42.5852,220.0233,5.5006,-0.2916,0.2105,0.3318,Ineficiente
809.07,False,7,Casa,10,7,114.0,1,12,934.06,31,26.099,115.5814,7.0971,-0.1338,0.1429,0.1773,Eficiente
1245.89,True,24,Pequeno negocio,13,12,157.0,9,12,1313.43,30,41.5297,103.8242,7.9356,-0.0514,0.375,0.4189,Ineficiente
343.48,False,10,Departamento,12,1,112.0,3,10,322.34,28,12.2671,343.48,3.0668,0.0656,0.3,0.2814,Moderado
675.8,True,15,Casa,10,3,200.0,5,0,670.33,30,22.5267,225.2667,3.379,0.0082,0.3333,0.2907,Moderado
632.81,True,6,Departamento,5,6,38.0,6,7,653.41,29,21.821,105.4683,16.6529,-0.0315,1.0,0.2861,Moderado
564.62,True,14,Departamento,5,3,63.0,8,3,491.01,30,18.8207,188.2067,8.9622,0.1499,0.5714,0.2659,Moderado
806.47,True,20,Casa,4,2,165.0,8,11,518.14,28,28.8025,403.235,4.8877,0.5565,0.4,0.3427,Ineficiente
1863.72,True,6,Casa,12,7,281.0,3,2,1921.56,30,62.124,266.2457,6.6325,-0.0301,0.5,0.3171,Ineficiente
415.64,True,3,Departamento,9,2,39.0,3,5,341.46,29,14.3324,207.82,10.6574,0.2172,1.0,0.2426,Moderado
298.44,False,19,Departamento,0,2,122.0,3,3,235.17,30,9.948,149.22,2.4462,0.269,0.1579,0.1701,Eficiente
1470.33,False,11,Casa,0,7,179.0,5,11,1619.19,29,50.701,210.0471,8.2141,-0.0919,0.4545,0.2643,Moderado
660.65,True,14,Pequeno negocio,1,10,88.0,3,7,643.79,29,22.781,66.065,7.5074,0.0262,0.2143,0.2021,Eficiente
532.78,False,22,Casa,8,1,86.0,8,5,753.43,29,18.3717,532.78,6.1951,-0.2929,0.3636,0.2596,Moderado
2131.04,False,12,Casa,14,4,208.0,7,10,2244.93,31,68.7432,532.76,10.2454,-0.0507,0.5833,0.4166,Ineficiente
588.76,True,5,Departamento,7,6,117.0,5,7,538.38,29,20.3021,98.1267,5.0321,0.0936,1.0,0.1886,Eficiente
477.58,True,9,Casa,3,6,146.0,2,7,503.57,30,15.9193,79.5967,3.2711,-0.0516,0.2222,0.2223,Eficiente
489.79,False,15,Casa,6,1,181.0,9,2,478.39,30,16.3263,489.79,2.706,0.0238,0.6,0.1843,Eficiente
531.02,True,9,Departamento,10,2,81.0,2,4,494.13,30,17.7007,265.51,6.5558,0.0747,0.2222,0.2232,Eficiente
1888.56,False,23,Casa,0,5,160.0,6,6,1811.04,31,60.9213,377.712,11.8035,0.0428,0.2609,0.3557,Ineficiente
533.95,False,16,Casa,9,5,288.0,1,5,514.49,28,19.0696,106.79,1.854,0.0378,0.0625,0.2168,Eficiente
584.01,True,4,Departamento,14,5,38.0,4,4,560.86,30,19.467,116.802,15.3687,0.0413,1.0,0.323,Ineficiente
576.87,True,10,Departamento,14,3,56.0,7,12,546.6,31,18.6087,192.29,10.3012,0.0554,0.7,0.3389,Ineficiente
702.45,False,13,Pequeno negocio,2,6,48.0,7,4,684.12,31,22.6597,117.075,14.6344,0.0268,0.5385,0.1958,Eficiente
344.91,True,6,Departamento,14,1,73.0,2,7,384.3,29,11.8934,344.91,4.7248,-0.1025,0.3333,0.2561,Moderado
351.21,True,3,Departamento,1,6,93.0,3,7,425.19,28,12.5432,58.535,3.7765,-0.174,1.0,0.1709,Eficiente
424.67,True,5,Casa,7,7,68.0,1,2,423.33,29,14.6438,60.6671,6.2451,0.0032,0.2,0.2129,Eficiente
610.96,False,18,Departamento,5,5,87.0,7,11,677.09,29,21.0676,122.192,7.0225,-0.0977,0.3889,0.2757,Moderado
503.21,False,8,Casa,10,4,228.0,4,2,414.58,29,17.3521,125.8025,2.2071,0.2138,0.5,0.2192,Eficiente
725.49,False,12,Casa,11,3,261.0,1,10,968.78,28,25.9104,241.83,2.7797,-0.2511,0.0833,0.2198,Eficiente
721.72,True,25,Pequeno negocio,9,2,102.0,9,7,780.2,31,23.2813,360.86,7.0757,-0.075,0.36,0.3699,Ineficiente
666.29,True,23,Departamento,11,2,126.0,7,4,601.62,30,22.2097,333.145,5.288,0.1075,0.3043,0.346,Ineficiente
411.07,False,24,Departamento,14,2,93.0,1,3,517.79,29,14.1748,205.535,4.4201,-0.2061,0.0417,0.1792,Eficiente
734.03,True,18,Casa,7,5,260.0,3,9,827.48,31,23.6784,146.806,2.8232,-0.1129,0.1667,0.2601,Moderado
588.31,False,10,Casa,8,4,77.0,7,5,622.08,31,18.9777,147.0775,7.6404,-0.0543,0.7,0.2926,Moderado
481.15,True,16,Departamento,8,4,84.0,1,7,379.87,28,17.1839,120.2875,5.728,0.2666,0.0625,0.2637,Moderado
495.16,True,11,Departamento,4,4,42.0,4,4,530.54,28,17.6843,123.79,11.7895,-0.0667,0.3636,0.2141,Eficiente
301.47,True,23,Departamento,6,1,43.0,1,4,282.63,30,10.049,301.47,7.0109,0.0667,0.0435,0.241,Moderado
608.91,False,16,Casa,8,7,291.0,0,3,626.87,31,19.6423,86.9871,2.0925,-0.0287,0.0,0.1569,Eficiente
558.3,False,5,Casa,0,7,221.0,2,11,596.94,31,18.0097,79.7571,2.5262,-0.0647,0.4,0.1222,Eficiente
362.72,False,5,Departamento,5,2,73.0,5,11,302.85,31,11.7006,181.36,4.9688,0.1977,1.0,0.1839,Eficiente
444.27,False,20,Departamento,4,3,103.0,5,2,531.64,28,15.8668,148.09,4.3133,-0.1643,0.25,0.187,Eficiente
481.94,False,19,Casa,9,5,67.0,3,1,477.6,28,17.2121,96.388,7.1931,0.0091,0.1579,0.2344,Moderado
567.2,True,19,Casa,5,1,176.0,2,10,553.53,29,19.5586,567.2,3.2227,0.0247,0.1053,0.2502,Moderado
491.17,False,10,Casa,2,1,101.0,8,4,412.44,30,16.3723,491.17,4.8631,0.1909,0.8,0.2509,Moderado
1727.78,False,17,Casa,8,7,226.0,6,2,1784.46,28,61.7064,246.8257,7.645,-0.0318,0.3529,0.3094,Ineficiente
449.62,True,8,Departamento,6,2,75.0,8,2,573.78,28,16.0579,224.81,5.9949,-0.2164,1.0,0.1978,Eficiente
863.93,True,17,Casa,9,5,133.0,9,11,1067.45,29,29.7907,172.786,6.4957,-0.1907,0.5294,0.3873,Ineficiente
572.75,False,10,Departamento,11,7,38.0,6,3,670.17,30,19.0917,81.8214,15.0724,-0.1454,0.6,0.2463,Moderado
492.24,True,5,Departamento,14,6,68.0,0,9,436.41,31,15.8787,82.04,7.2388,0.1279,0.0,0.2397,Moderado
1168.34,False,21,Pequeno negocio,9,12,108.0,9,5,1242.3,31,37.6884,97.3617,10.818,-0.0595,0.4286,0.311,Ineficiente
1068.25,True,35,Pequeno negocio,7,11,111.0,1,6,984.18,29,36.8362,97.1136,9.6239,0.0854,0.0286,0.3679,Ineficiente
712.52,True,20,Casa,4,6,125.0,7,4,566.77,29,24.5697,118.7533,5.7002,0.2572,0.35,0.3125,Ineficiente
473.96,True,16,Casa,10,3,200.0,2,1,426.47,31,15.289,157.9867,2.3698,0.1114,0.125,0.2384,Moderado
1590.57,True,17,Casa,6,7,249.0,7,1,1409.14,28,56.8061,227.2243,6.3878,0.1288,0.4118,0.349,Ineficiente
619.13,False,19,Departamento,14,5,100.0,8,2,593.14,31,19.9719,123.826,6.1913,0.0438,0.4211,0.284,Moderado
2762.8,False,15,Casa,10,1,246.0,7,3,3224.65,28,98.6714,2762.8,11.2309,-0.1432,0.4667,0.4708,Ineficiente
349.07,False,22,Casa,4,2,65.0,2,2,267.26,29,12.0369,174.535,5.3703,0.3061,0.0909,0.197,Eficiente
1175.0,True,19,Casa,14,6,296.0,6,3,1302.15,28,41.9643,195.8333,3.9696,-0.0976,0.3158,0.4151,Ineficiente
697.56,True,14,Casa,6,5,117.0,1,9,612.64,29,24.0538,139.512,5.9621,0.1386,0.0714,0.2372,Moderado
606.57,True,15,Departamento,9,6,46.0,8,0,529.93,28,21.6632,101.095,13.1863,0.1446,0.5333,0.357,Ineficiente
506.06,True,24,Departamento,10,2,39.0,1,8,631.84,30,16.8687,253.03,12.9759,-0.1991,0.0417,0.1969,Eficiente
543.0,False,14,Departamento,9,2,96.0,8,6,699.69,29,18.7241,271.5,5.6562,-0.2239,0.5714,0.2466,Moderado
955.59,False,21,Pequeno negocio,8,10,228.0,1,2,883.14,30,31.853,95.559,4.1912,0.082,0.0476,0.2336,Moderado
621.79,True,21,Casa,10,5,111.0,2,3,730.81,30,20.7263,124.358,5.6017,-0.1492,0.0952,0.2954,Moderado
517.58,False,3,Casa,13,1,109.0,3,4,427.41,30,17.2527,517.58,4.7484,0.211,1.0,0.26,Moderado
839.17,True,8,Casa,2,6,165.0,8,3,917.97,30,27.9723,139.8617,5.0859,-0.0858,1.0,0.147,Eficiente
404.38,False,10,Departamento,8,2,40.0,7,4,344.9,29,13.9441,202.19,10.1095,0.1725,0.7,0.2884,Moderado
545.23,True,3,Departamento,9,4,38.0,3,5,468.62,30,18.1743,136.3075,14.3482,0.1635,1.0,0.2251,Eficiente
1437.84,False,7,Casa,13,2,66.0,3,8,1376.05,31,46.3819,718.92,21.7855,0.0449,0.4286,0.3029,Moderado
979.63,False,13,Pequeno negocio,8,8,205.0,6,8,990.51,28,34.9868,122.4538,4.7787,-0.011,0.4615,0.2103,Eficiente
731.83,False,15,Casa,2,6,206.0,4,4,679.12,28,26.1368,121.9717,3.5526,0.0776,0.2667,0.2059,Eficiente
606.9,False,22,Casa,11,2,252.0,2,3,622.44,31,19.5774,303.45,2.4083,-0.025,0.0909,0.2559,Moderado
576.33,False,9,Departamento,12,4,113.0,6,9,601.54,30,19.211,144.0825,5.1003,-0.0419,0.6667,0.2513,Moderado
951.44,True,10,Pequeno negocio,12,14,127.0,4,9,1172.08,30,31.7147,67.96,7.4917,-0.1882,0.4,0.268,Moderado
455.03,True,18,Departamento,3,2,89.0,9,9,403.49,28,16.2511,227.515,5.1127,0.1277,0.5,0.322,Ineficiente
637.63,True,11,Pequeno negocio,2,6,249.0,0,8,679.98,29,21.9872,106.2717,2.5608,-0.0623,0.0,0.1277,Eficiente
621.52,False,23,Casa,0,4,153.0,7,3,570.25,30,20.7173,155.38,4.0622,0.0899,0.3043,0.3149,Ineficiente
893.8,False,14,Departamento,6,5,44.0,7,8,830.68,31,28.8323,178.76,20.3136,0.076,0.5,0.2904,Moderado
1073.68,False,11,Pequeno negocio,1,15,193.0,8,4,1351.1,28,38.3457,71.5787,5.5631,-0.2053,0.7273,0.2463,Moderado
561.02,True,21,Departamento,11,2,77.0,7,6,529.27,30,18.7007,280.51,7.286,0.06,0.3333,0.379,Ineficiente
791.82,True,12,Casa,8,3,191.0,9,7,716.42,28,28.2793,263.94,4.1457,0.1052,0.75,0.3336,Ineficiente
784.26,True,18,Pequeno negocio,4,12,101.0,3,10,781.05,31,25.2987,65.355,7.765,0.0041,0.1667,0.2498,Moderado
682.59,True,24,Casa,4,7,134.0,3,11,641.24,28,24.3782,97.5129,5.094,0.0645,0.125,0.3273,Ineficiente
488.69,True,5,Casa,6,2,284.0,5,5,463.98,30,16.2897,244.345,1.7207,0.0533,1.0,0.2402,Moderado
635.22,True,12,Pequeno negocio,2,12,50.0,0,1,505.15,31,20.491,52.935,12.7044,0.2575,0.0,0.2347,Moderado
739.42,False,24,Pequeno negocio,6,2,160.0,8,0,729.61,29,25.4972,369.71,4.6214,0.0134,0.3333,0.2631,Moderado
799.84,True,19,Pequeno negocio,9,2,74.0,7,4,694.81,28,28.5657,399.92,10.8086,0.1512,0.3684,0.4166,Ineficiente
672.87,True,7,Pequeno negocio,6,3,159.0,5,5,861.02,30,22.429,224.29,4.2319,-0.2185,0.7143,0.2497,Moderado
563.05,False,7,Casa,7,2,208.0,1,7,586.9,29,19.4155,281.525,2.707,-0.0406,0.1429,0.1468,Eficiente
997.95,False,21,Pequeno negocio,12,7,135.0,6,4,917.06,30,33.265,142.5643,7.3922,0.0882,0.2857,0.3474,Ineficiente
879.05,True,18,Casa,5,1,124.0,4,4,911.48,29,30.3121,879.05,7.0891,-0.0356,0.2222,0.3139,Ineficiente
438.24,False,22,Departamento,1,1,97.0,0,9,405.79,29,15.1117,438.24,4.5179,0.08,0.0,0.1659,Eficiente
536.34,True,4,Casa,8,6,107.0,4,3,495.04,28,19.155,89.39,5.0125,0.0834,1.0,0.2244,Eficiente
713.81,False,22,Pequeno negocio,2,6,85.0,8,0,662.91,29,24.6141,118.9683,8.3978,0.0768,0.3636,0.2025,Eficiente
601.83,False,8,Departamento,12,4,51.0,5,5,691.9,31,19.4139,150.4575,11.8006,-0.1302,0.625,0.2124,Eficiente
543.5,True,25,Pequeno negocio,2,1,246.0,1,8,507.87,31,17.5323,543.5,2.2093,0.0702,0.04,0.285,Moderado
536.09,True,3,Casa,10,5,214.0,3,2,597.38,28,19.1461,107.218,2.5051,-0.1026,1.0,0.2676,Moderado
659.03,True,23,Casa,6,5,93.0,5,0,697.07,28,23.5368,131.806,7.0863,-0.0546,0.2174,0.2845,Moderado
1113.62,True,18,Casa,7,7,255.0,5,7,882.6,31,35.9232,159.0886,4.3671,0.2617,0.2778,0.335,Ineficiente
3295.55,True,22,Casa,13,5,193.0,5,2,2902.0,31,106.3081,659.11,17.0754,0.1356,0.2273,0.5048,Ineficiente
480.24,False,3,Departamento,12,3,56.0,2,11,475.06,28,17.1514,160.08,8.5757,0.0109,0.6667,0.2341,Moderado
638.06,True,9,Casa,2,2,239.0,7,4,642.84,29,22.0021,319.03,2.6697,-0.0074,0.7778,0.2567,Moderado
671.65,True,12,Departamento,12,6,96.0,0,11,595.6,29,23.1603,111.9417,6.9964,0.1277,0.0,0.2622,Moderado
664.01,True,19,Casa,4,3,162.0,9,1,562.89,31,21.4197,221.3367,4.0988,0.1796,0.4737,0.296,Moderado
969.92,False,17,Casa,5,4,176.0,4,6,909.37,31,31.2877,242.48,5.5109,0.0666,0.2353,0.2545,Moderado
754.72,True,12,Departamento,12,6,78.0,8,5,643.1,31,24.3458,125.7867,9.6759,0.1736,0.6667,0.3239,Ineficiente
769.11,False,9,Casa,2,2,196.0,0,3,772.06,28,27.4682,384.555,3.924,-0.0038,0.0,0.1908,Eficiente
540.29,True,10,Casa,6,2,108.0,6,4,498.05,30,18.0097,270.145,5.0027,0.0848,0.6,0.3625,Ineficiente
1035.57,True,11,Casa,1,1,212.0,9,4,1132.41,31,33.4055,1035.57,4.8848,-0.0855,0.8182,0.3454,Ineficiente
589.06,False,18,Casa,8,1,160.0,9,0,584.65,29,20.3124,589.06,3.6816,0.0075,0.5,0.242,Moderado
482.87,False,22,Departamento,9,5,56.0,4,2,645.36,29,16.6507,96.574,8.6227,-0.2518,0.1818,0.2326,Moderado
537.67,False,13,Casa,8,4,174.0,3,3,594.45,29,18.5403,134.4175,3.0901,-0.0955,0.2308,0.2087,Eficiente
1464.33,False,22,Casa,14,3,284.0,8,7,1590.42,29,50.4941,488.11,5.1561,-0.0793,0.3636,0.3575,Ineficiente
391.75,False,9,Departamento,10,2,111.0,6,3,396.7,29,13.5086,195.875,3.5293,-0.0125,0.6667,0.1976,Eficiente
519.02,False,21,Departamento,0,5,114.0,9,1,551.5,28,18.5364,103.804,4.5528,-0.0589,0.4286,0.1707,Eficiente
229.02,True,3,Departamento,3,1,76.0,2,8,321.82,31,7.3877,229.02,3.0134,-0.2884,0.6667,0.1432,Eficiente
792.79,True,19,Casa,7,5,205.0,4,4,676.65,28,28.3139,158.558,3.8673,0.1716,0.2105,0.255,Moderado
2311.52,False,28,Pequeno negocio,6,1,195.0,3,0,2285.46,28,82.5543,2311.52,11.8539,0.0114,0.1071,0.3918,Ineficiente
289.59,False,9,Casa,2,4,194.0,4,2,265.59,31,9.3416,72.3975,1.4927,0.0904,0.4444,0.1586,Eficiente
1127.61,True,17,Casa,7,4,68.0,8,7,1035.01,28,40.2718,281.9025,16.5825,0.0895,0.4706,0.3412,Ineficiente
818.47,True,10,Pequeno negocio,7,2,185.0,8,2,938.43,28,29.2311,409.235,4.4242,-0.1278,0.8,0.3202,Ineficiente
417.28,False,21,Departamento,6,1,103.0,5,12,435.01,30,13.9093,417.28,4.0513,-0.0408,0.2381,0.2253,Eficiente
564.27,False,13,Departamento,12,5,69.0,0,8,543.69,29,19.4576,112.854,8.1778,0.0379,0.0,0.2511,Moderado
800.01,True,38,Pequeno negocio,5,3,181.0,4,3,750.35,30,26.667,266.67,4.4199,0.0662,0.1053,0.3473,Ineficiente
1001.66,True,23,Casa,11,4,272.0,4,12,858.92,29,34.54,250.415,3.6826,0.1662,0.1739,0.3832,Ineficiente
1185.38,True,7,Pequeno negocio,10,15,166.0,7,9,995.5,28,42.335,79.0253,7.1408,0.1907,1.0,0.3438,Ineficiente
474.25,False,7,Departamento,14,7,65.0,2,8,387.34,29,16.3534,67.75,7.2962,0.2244,0.2857,0.2531,Moderado
654.81,True,24,Casa,9,3,124.0,5,0,667.44,29,22.5797,218.27,5.2807,-0.0189,0.2083,0.3267,Ineficiente
437.1,False,7,Casa,7,1,94.0,7,3,586.66,29,15.0724,437.1,4.65,-0.2549,1.0,0.1615,Eficiente
579.72,False,20,Casa,0,6,148.0,5,7,510.12,30,19.324,96.62,3.917,0.1364,0.25,0.2048,Eficiente
1188.52,False,13,Pequeno negocio,9,14,233.0,8,5,1129.84,28,42.4471,84.8943,5.1009,0.0519,0.6154,0.2772,Moderado
618.21,False,14,Casa,7,4,229.0,2,11,734.76,30,20.607,154.5525,2.6996,-0.1586,0.1429,0.2091,Eficiente
728.53,True,16,Casa,13,1,121.0,6,8,839.78,28,26.0189,728.53,6.0209,-0.1325,0.375,0.3536,Ineficiente
500.37,False,11,Departamento,8,7,125.0,4,1,531.27,30,16.679,71.4814,4.003,-0.0582,0.3636,0.2102,Eficiente
420.57,False,11,Departamento,10,2,84.0,4,11,430.59,30,14.019,210.285,5.0068,-0.0233,0.3636,0.1943,Eficiente
691.0,True,14,Casa,13,2,203.0,4,12,783.35,28,24.6786,345.5,3.4039,-0.1179,0.2857,0.329,Ineficiente
1242.58,True,23,Pequeno negocio,14,7,173.0,5,9,1121.17,30,41.4193,177.5114,7.1825,0.1083,0.2174,0.4115,Ineficiente
544.88,False,13,Departamento,3,3,83.0,5,9,498.08,31,17.5768,181.6267,6.5648,0.094,0.3846,0.1845,Eficiente
797.37,False,31,Pequeno negocio,3,3,229.0,5,1,780.46,31,25.7216,265.79,3.482,0.0217,0.1613,0.1851,Eficiente
836.82,True,18,Casa,11,5,180.0,9,9,996.47,31,26.9942,167.364,4.649,-0.1602,0.5,0.3952,Ineficiente
709.73,True,23,Casa,2,2,247.0,6,7,674.59,30,23.6577,354.865,2.8734,0.0521,0.2609,0.2818,Moderado
656.19,False,21,Departamento,12,7,105.0,5,1,686.4,31,21.1674,93.7414,6.2494,-0.044,0.2381,0.2283,Eficiente
511.11,True,11,Casa,2,2,140.0,9,2,712.83,29,17.6245,255.555,3.6508,-0.283,0.8182,0.2308,Moderado
1230.65,False,21,Departamento,5,7,76.0,2,7,1137.42,29,42.4362,175.8071,16.1928,0.082,0.0952,0.2416,Moderado
626.22,True,12,Casa,12,6,255.0,2,4,722.17,28,22.365,104.37,2.4558,-0.1329,0.1667,0.2329,Moderado
358.53,True,5,Departamento,2,2,106.0,1,7,386.7,29,12.3631,179.265,3.3824,-0.0728,0.2,0.1594,Eficiente
1732.36,True,15,Pequeno negocio,0,3,183.0,2,12,1798.48,30,57.7453,577.4533,9.4664,-0.0368,0.1333,0.2943,Moderado
869.98,True,29,Pequeno negocio,11,10,61.0,0,8,1161.16,31,28.0639,86.998,14.262,-0.2508,0.0,0.3569,Ineficiente
1233.37,True,27,Pequeno negocio,12,15,210.0,1,11,1159.48,29,42.53,82.2247,5.8732,0.0637,0.037,0.3823,Ineficiente
1612.49,False,19,Pequeno negocio,11,14,227.0,6,0,1607.24,30,53.7497,115.1779,7.1035,0.0033,0.3158,0.2763,Moderado
534.59,True,6,Casa,6,4,240.0,6,3,524.07,31,17.2448,133.6475,2.2275,0.0201,1.0,0.2835,Moderado
825.73,False,6,Casa,11,7,153.0,6,11,917.73,28,29.4904,117.9614,5.3969,-0.1002,1.0,0.2552,Moderado
1590.66,True,35,Pequeno negocio,10,14,144.0,9,9,1525.66,28,56.8093,113.6186,11.0462,0.0426,0.2571,0.5216,Ineficiente
1553.69,True,17,Pequeno negocio,5,11,41.0,8,4,1480.8,30,51.7897,141.2445,37.8949,0.0492,0.4706,0.3484,Ineficiente
746.22,False,13,Pequeno negocio,11,4,199.0,3,4,748.59,30,24.874,186.555,3.7498,-0.0032,0.2308,0.2131,Eficiente
449.28,True,17,Departamento,2,3,125.0,1,9,415.32,28,16.0457,149.76,3.5942,0.0818,0.0588,0.1702,Eficiente
916.14,False,13,Casa,6,1,259.0,4,0,927.31,30,30.538,916.14,3.5372,-0.012,0.3077,0.2102,Eficiente
1076.21,True,20,Pequeno negocio,12,11,53.0,9,1,1425.33,29,37.1107,97.8373,20.3058,-0.2449,0.45,0.4883,Ineficiente
2355.61,False,23,Pequeno negocio,2,6,235.0,9,11,2548.09,29,81.2279,392.6017,10.0239,-0.0755,0.3913,0.3645,Ineficiente
501.31,True,4,Departamento,6,5,89.0,2,9,534.95,29,17.2866,100.262,5.6327,-0.0629,0.5,0.2351,Moderado
815.18,True,12,Pequeno negocio,9,3,211.0,1,10,776.97,29,28.1097,271.7267,3.8634,0.0492,0.0833,0.2629,Moderado
754.4,False,17,Departamento,8,7,81.0,7,6,817.95,30,25.1467,107.7714,9.3136,-0.0777,0.4118,0.259,Moderado
1446.87,True,24,Pequeno negocio,14,13,170.0,8,3,1513.34,28,51.6739,111.2977,8.511,-0.0439,0.3333,0.4144,Ineficiente
976.53,False,24,Casa,9,5,181.0,9,5,911.56,31,31.501,195.306,5.3952,0.0713,0.375,0.3577,Ineficiente
725.87,True,38,Pequeno negocio,0,1,45.0,9,10,656.77,29,25.03,725.87,16.1304,0.1052,0.2368,0.3896,Ineficiente
1146.5,True,23,Casa,14,7,212.0,2,3,1082.31,31,36.9839,163.7857,5.408,0.0593,0.087,0.3834,Ineficiente
539.47,True,4,Casa,3,3,247.0,4,0,519.98,28,19.2668,179.8233,2.1841,0.0375,1.0,0.1589,Eficiente
1908.56,True,19,Casa,8,3,180.0,6,6,1819.29,29,65.8124,636.1867,10.6031,0.0491,0.3158,0.402,Ineficiente
516.96,False,24,Departamento,13,6,98.0,3,7,386.93,29,17.8262,86.16,5.2751,0.3361,0.125,0.2924,Moderado
468.76,True,6,Casa,9,4,195.0,0,5,442.97,28,16.7414,117.19,2.4039,0.0582,0.0,0.2273,Eficiente
1079.96,False,23,Pequeno negocio,1,10,86.0,6,12,1116.64,28,38.57,107.996,12.5577,-0.0328,0.2609,0.2826,Moderado
